2026-09-12 18:18:15.776 INFO   Freerouting v2.1.0 (build-date: 2025-04-12)
2026-09-12 18:18:15.819 WARN   No default constructor found for field: currentLocale
2026-09-12 18:18:15.830 INFO   Settings were loaded from freerouting.json
2026-09-12 18:18:15.837 WARN   Couldn't get screen resolution. If you are running in a headless environment, disable the GUI by setting gui.enabled to false.
2026-09-12 18:18:17.204 INFO   [FD43DB\D4C6ED] Job 'FD43DB\D4C6ED' started at 2026-09-12T18:18:17.204025688Z
2026-09-12 18:18:17.272 INFO   New version available: v2.4.1
2026-09-12 18:18:18.776 INFO   [FD43DB\D4C6ED] Auto-router pass #1 on board '80c2b536b52d99bc89ab2456395d1749' was completed in 1.38 seconds with the score of 931.13 (17 unrouted), using 0.86 CPU seconds and 312 MB memory.
2026-09-12 18:18:19.308 INFO   [FD43DB\D4C6ED] Auto-router pass #2 on board '80c2b536b52d99bc89ab2456395d1749' was completed in 0.52 seconds with the score of 931.13 (17 unrouted), using 2.67 CPU seconds and 853 MB memory.
2026-09-12 18:18:19.780 INFO   [FD43DB\D4C6ED] Auto-router pass #3 on board '80c2b536b52d99bc89ab2456395d1749' was completed in 0.47 seconds with the score of 931.13 (17 unrouted), using 2.67 CPU seconds and 853 MB memory.
2026-09-12 18:18:21.070 INFO   [FD43DB\D4C6ED] Auto-router pass #4 on board '80c2b536b52d99bc89ab2456395d1749' was completed in 1.28 seconds with the score of 931.13 (17 unrouted), using 5.46 CPU seconds and 1423 MB memory.
2026-09-12 18:18:21.623 INFO   [FD43DB\D4C6ED] Auto-router pass #5 on board '80c2b536b52d99bc89ab2456395d1749' was completed in 0.55 seconds with the score of 931.13 (17 unrouted), using 9.18 CPU seconds and 2109 MB memory.
2026-09-12 18:18:22.058 INFO   [FD43DB\D4C6ED] Auto-router pass #6 on board '80c2b536b52d99bc89ab2456395d1749' was completed in 0.43 seconds with the score of 931.13 (17 unrouted), using 9.18 CPU seconds and 2109 MB memory.
2026-09-12 18:18:22.511 INFO   [FD43DB\D4C6ED] Auto-router pass #7 on board '80c2b536b52d99bc89ab2456395d1749' was completed in 0.45 seconds with the score of 931.13 (17 unrouted), using 13.89 CPU seconds and 2836 MB memory.
2026-09-12 18:18:22.965 INFO   [FD43DB\D4C6ED] Auto-router pass #8 on board '80c2b536b52d99bc89ab2456395d1749' was completed in 0.45 seconds with the score of 931.13 (17 unrouted), using 13.89 CPU seconds and 2836 MB memory.
2026-09-12 18:18:23.396 INFO   [FD43DB\D4C6ED] Auto-router pass #9 on board '80c2b536b52d99bc89ab2456395d1749' was completed in 0.42 seconds with the score of 931.13 (17 unrouted), using 19.58 CPU seconds and 3659 MB memory.
2026-09-12 18:18:23.812 INFO   [FD43DB\D4C6ED] Auto-router pass #10 on board '80c2b536b52d99bc89ab2456395d1749' was completed in 0.41 seconds with the score of 931.13 (17 unrouted), using 19.58 CPU seconds and 3659 MB memory.
2026-09-12 18:18:24.235 INFO   [FD43DB\D4C6ED] Auto-router pass #11 on board '80c2b536b52d99bc89ab2456395d1749' was completed in 0.42 seconds with the score of 931.13 (17 unrouted), using 26.27 CPU seconds and 4530 MB memory.
2026-09-12 18:18:24.701 INFO   [FD43DB\D4C6ED] Auto-router pass #12 on board '80c2b536b52d99bc89ab2456395d1749' was completed in 0.46 seconds with the score of 931.13 (17 unrouted), using 26.27 CPU seconds and 4530 MB memory.
2026-09-12 18:18:25.129 INFO   [FD43DB\D4C6ED] Auto-router pass #13 on board '80c2b536b52d99bc89ab2456395d1749' was completed in 0.42 seconds with the score of 931.13 (17 unrouted), using 26.27 CPU seconds and 4530 MB memory.
2026-09-12 18:18:25.558 INFO   [FD43DB\D4C6ED] Auto-router pass #14 on board '80c2b536b52d99bc89ab2456395d1749' was completed in 0.42 seconds with the score of 931.13 (17 unrouted), using 33.94 CPU seconds and 5355 MB memory.
2026-09-12 18:18:25.984 INFO   [FD43DB\D4C6ED] Auto-router pass #15 on board '80c2b536b52d99bc89ab2456395d1749' was completed in 0.42 seconds with the score of 931.13 (17 unrouted), using 33.94 CPU seconds and 5355 MB memory.
2026-09-12 18:18:26.431 INFO   [FD43DB\D4C6ED] Auto-router pass #16 on board '80c2b536b52d99bc89ab2456395d1749' was completed in 0.44 seconds with the score of 931.13 (17 unrouted), using 42.61 CPU seconds and 6210 MB memory.
2026-09-12 18:18:26.813 INFO   [FD43DB\D4C6ED] Auto-router pass #17 on board '80c2b536b52d99bc89ab2456395d1749' was completed in 0.38 seconds with the score of 931.13 (17 unrouted), using 42.61 CPU seconds and 6210 MB memory.
2026-09-12 18:18:27.203 INFO   [FD43DB\D4C6ED] Auto-router pass #18 on board '80c2b536b52d99bc89ab2456395d1749' was completed in 0.39 seconds with the score of 931.13 (17 unrouted), using 42.61 CPU seconds and 6210 MB memory.
2026-09-12 18:18:27.596 INFO   [FD43DB\D4C6ED] Auto-router pass #19 on board '80c2b536b52d99bc89ab2456395d1749' was completed in 0.39 seconds with the score of 931.13 (17 unrouted), using 52.27 CPU seconds and 7123 MB memory.
2026-09-12 18:18:28.016 INFO   [FD43DB\D4C6ED] Auto-router pass #20 on board '80c2b536b52d99bc89ab2456395d1749' was completed in 0.41 seconds with the score of 931.13 (17 unrouted), using 52.27 CPU seconds and 7123 MB memory.
2026-09-12 18:18:28.430 INFO   [FD43DB\D4C6ED] Auto-router pass #21 on board '80c2b536b52d99bc89ab2456395d1749' was completed in 0.41 seconds with the score of 931.13 (17 unrouted), using 62.93 CPU seconds and 8027 MB memory.
2026-09-12 18:18:28.839 INFO   [FD43DB\D4C6ED] Auto-router pass #22 on board '80c2b536b52d99bc89ab2456395d1749' was completed in 0.40 seconds with the score of 931.13 (17 unrouted), using 62.93 CPU seconds and 8027 MB memory.
2026-09-12 18:18:29.144 INFO   [FD43DB\D4C6ED] Auto-router pass #23 on board '80c2b536b52d99bc89ab2456395d1749' was completed in 0.30 seconds with the score of 931.13 (17 unrouted), using 62.93 CPU seconds and 8027 MB memory.
2026-09-12 18:18:29.495 INFO   [FD43DB\D4C6ED] Auto-router pass #24 on board '80c2b536b52d99bc89ab2456395d1749' was completed in 0.35 seconds with the score of 931.13 (17 unrouted), using 74.58 CPU seconds and 9025 MB memory.
2026-09-12 18:18:29.865 INFO   [FD43DB\D4C6ED] Auto-router pass #25 on board '80c2b536b52d99bc89ab2456395d1749' was completed in 0.36 seconds with the score of 931.13 (17 unrouted), using 74.58 CPU seconds and 9025 MB memory.
2026-09-12 18:18:30.247 INFO   [FD43DB\D4C6ED] Auto-router pass #26 on board '80c2b536b52d99bc89ab2456395d1749' was completed in 0.38 seconds with the score of 931.13 (17 unrouted), using 87.22 CPU seconds and 10013 MB memory.
2026-09-12 18:18:30.636 INFO   [FD43DB\D4C6ED] Auto-router pass #27 on board '80c2b536b52d99bc89ab2456395d1749' was completed in 0.38 seconds with the score of 931.13 (17 unrouted), using 87.22 CPU seconds and 10013 MB memory.
2026-09-12 18:18:31.060 INFO   [FD43DB\D4C6ED] Auto-router pass #28 on board '80c2b536b52d99bc89ab2456395d1749' was completed in 0.42 seconds with the score of 931.13 (17 unrouted), using 87.22 CPU seconds and 10013 MB memory.
2026-09-12 18:18:31.446 INFO   [FD43DB\D4C6ED] Auto-router pass #29 on board '80c2b536b52d99bc89ab2456395d1749' was completed in 0.38 seconds with the score of 931.13 (17 unrouted), using 100.85 CPU seconds and 10924 MB memory.
2026-09-12 18:18:31.874 INFO   [FD43DB\D4C6ED] Auto-router pass #30 on board '80c2b536b52d99bc89ab2456395d1749' was completed in 0.42 seconds with the score of 931.13 (17 unrouted), using 100.85 CPU seconds and 10924 MB memory.
2026-09-12 18:18:32.306 INFO   [FD43DB\D4C6ED] Auto-router pass #31 on board '80c2b536b52d99bc89ab2456395d1749' was completed in 0.42 seconds with the score of 931.13 (17 unrouted), using 115.48 CPU seconds and 11793 MB memory.
2026-09-12 18:18:32.755 INFO   [FD43DB\D4C6ED] Auto-router pass #32 on board '80c2b536b52d99bc89ab2456395d1749' was completed in 0.44 seconds with the score of 931.13 (17 unrouted), using 115.48 CPU seconds and 11793 MB memory.
2026-09-12 18:18:33.196 INFO   [FD43DB\D4C6ED] Auto-router pass #33 on board '80c2b536b52d99bc89ab2456395d1749' was completed in 0.43 seconds with the score of 931.13 (17 unrouted), using 115.48 CPU seconds and 11793 MB memory.
2026-09-12 18:18:33.625 INFO   [FD43DB\D4C6ED] Auto-router pass #34 on board '80c2b536b52d99bc89ab2456395d1749' was completed in 0.42 seconds with the score of 931.13 (17 unrouted), using 131.10 CPU seconds and 12622 MB memory.
2026-09-12 18:18:34.058 INFO   [FD43DB\D4C6ED] Auto-router pass #35 on board '80c2b536b52d99bc89ab2456395d1749' was completed in 0.43 seconds with the score of 931.13 (17 unrouted), using 131.10 CPU seconds and 12622 MB memory.
2026-09-12 18:18:34.463 INFO   [FD43DB\D4C6ED] Auto-router pass #36 on board '80c2b536b52d99bc89ab2456395d1749' was completed in 0.40 seconds with the score of 931.13 (17 unrouted), using 147.71 CPU seconds and 13484 MB memory.
2026-09-12 18:18:34.861 INFO   [FD43DB\D4C6ED] Auto-router pass #37 on board '80c2b536b52d99bc89ab2456395d1749' was completed in 0.39 seconds with the score of 931.13 (17 unrouted), using 147.71 CPU seconds and 13484 MB memory.
2026-09-12 18:18:35.256 INFO   [FD43DB\D4C6ED] Auto-router pass #38 on board '80c2b536b52d99bc89ab2456395d1749' was completed in 0.39 seconds with the score of 931.13 (17 unrouted), using 165.31 CPU seconds and 14400 MB memory.
2026-09-12 18:18:35.658 INFO   [FD43DB\D4C6ED] Auto-router pass #39 on board '80c2b536b52d99bc89ab2456395d1749' was completed in 0.40 seconds with the score of 931.13 (17 unrouted), using 165.31 CPU seconds and 14400 MB memory.
2026-09-12 18:18:36.188 INFO   [FD43DB\D4C6ED] Auto-router pass #40 on board '80c2b536b52d99bc89ab2456395d1749' was completed in 0.53 seconds with the score of 931.13 (17 unrouted), using 165.31 CPU seconds and 14400 MB memory.
2026-09-12 18:18:36.602 INFO   [FD43DB\D4C6ED] Auto-router pass #41 on board '80c2b536b52d99bc89ab2456395d1749' was completed in 0.41 seconds with the score of 931.13 (17 unrouted), using 183.90 CPU seconds and 15197 MB memory.
2026-09-12 18:18:37.010 INFO   [FD43DB\D4C6ED] Auto-router pass #42 on board '80c2b536b52d99bc89ab2456395d1749' was completed in 0.40 seconds with the score of 931.13 (17 unrouted), using 183.90 CPU seconds and 15197 MB memory.
2026-09-12 18:18:37.420 INFO   [FD43DB\D4C6ED] Auto-router pass #43 on board '80c2b536b52d99bc89ab2456395d1749' was completed in 0.41 seconds with the score of 931.13 (17 unrouted), using 203.49 CPU seconds and 16083 MB memory.
2026-09-12 18:18:37.866 INFO   [FD43DB\D4C6ED] Auto-router pass #44 on board '80c2b536b52d99bc89ab2456395d1749' was completed in 0.44 seconds with the score of 931.13 (17 unrouted), using 203.49 CPU seconds and 16083 MB memory.
2026-09-12 18:18:38.293 INFO   [FD43DB\D4C6ED] Auto-router pass #45 on board '80c2b536b52d99bc89ab2456395d1749' was completed in 0.42 seconds with the score of 931.13 (17 unrouted), using 224.07 CPU seconds and 16937 MB memory.
2026-09-12 18:18:38.712 INFO   [FD43DB\D4C6ED] Auto-router pass #46 on board '80c2b536b52d99bc89ab2456395d1749' was completed in 0.41 seconds with the score of 931.13 (17 unrouted), using 224.07 CPU seconds and 16937 MB memory.
2026-09-12 18:18:39.134 INFO   [FD43DB\D4C6ED] Auto-router pass #47 on board '80c2b536b52d99bc89ab2456395d1749' was completed in 0.42 seconds with the score of 931.13 (17 unrouted), using 224.07 CPU seconds and 16937 MB memory.
2026-09-12 18:18:39.574 INFO   [FD43DB\D4C6ED] Auto-router pass #48 on board '80c2b536b52d99bc89ab2456395d1749' was completed in 0.43 seconds with the score of 931.13 (17 unrouted), using 245.65 CPU seconds and 17796 MB memory.
2026-09-12 18:18:39.974 INFO   [FD43DB\D4C6ED] Auto-router pass #49 on board '80c2b536b52d99bc89ab2456395d1749' was completed in 0.40 seconds with the score of 931.13 (17 unrouted), using 245.65 CPU seconds and 17796 MB memory.
2026-09-12 18:18:40.384 INFO   [FD43DB\D4C6ED] Auto-router pass #50 on board '80c2b536b52d99bc89ab2456395d1749' was completed in 0.41 seconds with the score of 931.13 (17 unrouted), using 268.22 CPU seconds and 18690 MB memory.
2026-09-12 18:18:40.790 INFO   [FD43DB\D4C6ED] Auto-router pass #51 on board '80c2b536b52d99bc89ab2456395d1749' was completed in 0.40 seconds with the score of 931.13 (17 unrouted), using 268.22 CPU seconds and 18690 MB memory.
2026-09-12 18:18:41.184 INFO   [FD43DB\D4C6ED] Auto-router pass #52 on board '80c2b536b52d99bc89ab2456395d1749' was completed in 0.39 seconds with the score of 931.13 (17 unrouted), using 268.22 CPU seconds and 18690 MB memory.
2026-09-12 18:18:41.567 INFO   [FD43DB\D4C6ED] Auto-router pass #53 on board '80c2b536b52d99bc89ab2456395d1749' was completed in 0.38 seconds with the score of 931.13 (17 unrouted), using 291.78 CPU seconds and 19601 MB memory.
2026-09-12 18:18:41.985 INFO   [FD43DB\D4C6ED] Auto-router pass #54 on board '80c2b536b52d99bc89ab2456395d1749' was completed in 0.41 seconds with the score of 931.13 (17 unrouted), using 291.78 CPU seconds and 19601 MB memory.
2026-09-12 18:18:42.412 INFO   [FD43DB\D4C6ED] Auto-router pass #55 on board '80c2b536b52d99bc89ab2456395d1749' was completed in 0.42 seconds with the score of 931.13 (17 unrouted), using 316.34 CPU seconds and 20492 MB memory.
2026-09-12 18:18:42.847 INFO   [FD43DB\D4C6ED] Auto-router pass #56 on board '80c2b536b52d99bc89ab2456395d1749' was completed in 0.43 seconds with the score of 931.13 (17 unrouted), using 316.34 CPU seconds and 20492 MB memory.
2026-09-12 18:18:43.266 INFO   [FD43DB\D4C6ED] Auto-router pass #57 on board '80c2b536b52d99bc89ab2456395d1749' was completed in 0.41 seconds with the score of 931.13 (17 unrouted), using 341.89 CPU seconds and 21353 MB memory.
2026-09-12 18:18:43.684 INFO   [FD43DB\D4C6ED] Auto-router pass #58 on board '80c2b536b52d99bc89ab2456395d1749' was completed in 0.41 seconds with the score of 931.13 (17 unrouted), using 341.89 CPU seconds and 21353 MB memory.
2026-09-12 18:18:44.171 INFO   [FD43DB\D4C6ED] Auto-router pass #59 on board '80c2b536b52d99bc89ab2456395d1749' was completed in 0.48 seconds with the score of 931.13 (17 unrouted), using 341.89 CPU seconds and 21353 MB memory.
2026-09-12 18:18:44.621 INFO   [FD43DB\D4C6ED] Auto-router pass #60 on board '80c2b536b52d99bc89ab2456395d1749' was completed in 0.44 seconds with the score of 931.13 (17 unrouted), using 368.43 CPU seconds and 22159 MB memory.
2026-09-12 18:18:45.046 INFO   [FD43DB\D4C6ED] Auto-router pass #61 on board '80c2b536b52d99bc89ab2456395d1749' was completed in 0.42 seconds with the score of 931.13 (17 unrouted), using 368.43 CPU seconds and 22159 MB memory.
2026-09-12 18:18:45.464 INFO   [FD43DB\D4C6ED] Auto-router pass #62 on board '80c2b536b52d99bc89ab2456395d1749' was completed in 0.41 seconds with the score of 931.13 (17 unrouted), using 395.97 CPU seconds and 23005 MB memory.
2026-09-12 18:18:45.896 INFO   [FD43DB\D4C6ED] Auto-router pass #63 on board '80c2b536b52d99bc89ab2456395d1749' was completed in 0.42 seconds with the score of 931.13 (17 unrouted), using 395.97 CPU seconds and 23005 MB memory.
2026-09-12 18:18:46.357 INFO   [FD43DB\D4C6ED] Auto-router pass #64 on board '80c2b536b52d99bc89ab2456395d1749' was completed in 0.45 seconds with the score of 931.13 (17 unrouted), using 424.50 CPU seconds and 23852 MB memory.
2026-09-12 18:18:46.783 INFO   [FD43DB\D4C6ED] Auto-router pass #65 on board '80c2b536b52d99bc89ab2456395d1749' was completed in 0.42 seconds with the score of 931.13 (17 unrouted), using 424.50 CPU seconds and 23852 MB memory.
2026-09-12 18:18:47.186 INFO   [FD43DB\D4C6ED] Auto-router pass #66 on board '80c2b536b52d99bc89ab2456395d1749' was completed in 0.40 seconds with the score of 931.13 (17 unrouted), using 424.50 CPU seconds and 23852 MB memory.
2026-09-12 18:18:47.616 INFO   [FD43DB\D4C6ED] Auto-router pass #67 on board '80c2b536b52d99bc89ab2456395d1749' was completed in 0.43 seconds with the score of 931.13 (17 unrouted), using 454.03 CPU seconds and 24718 MB memory.
2026-09-12 18:18:48.054 INFO   [FD43DB\D4C6ED] Auto-router pass #68 on board '80c2b536b52d99bc89ab2456395d1749' was completed in 0.43 seconds with the score of 931.13 (17 unrouted), using 454.03 CPU seconds and 24718 MB memory.
2026-09-12 18:18:48.472 INFO   [FD43DB\D4C6ED] Auto-router pass #69 on board '80c2b536b52d99bc89ab2456395d1749' was completed in 0.41 seconds with the score of 931.13 (17 unrouted), using 484.55 CPU seconds and 25582 MB memory.
2026-09-12 18:18:48.887 INFO   [FD43DB\D4C6ED] Auto-router pass #70 on board '80c2b536b52d99bc89ab2456395d1749' was completed in 0.41 seconds with the score of 931.13 (17 unrouted), using 484.55 CPU seconds and 25582 MB memory.
2026-09-12 18:18:49.308 INFO   [FD43DB\D4C6ED] Auto-router pass #71 on board '80c2b536b52d99bc89ab2456395d1749' was completed in 0.42 seconds with the score of 931.13 (17 unrouted), using 516.06 CPU seconds and 26434 MB memory.
2026-09-12 18:18:49.720 INFO   [FD43DB\D4C6ED] Auto-router pass #72 on board '80c2b536b52d99bc89ab2456395d1749' was completed in 0.41 seconds with the score of 931.13 (17 unrouted), using 516.06 CPU seconds and 26434 MB memory.
2026-09-12 18:18:50.117 INFO   [FD43DB\D4C6ED] Auto-router pass #73 on board '80c2b536b52d99bc89ab2456395d1749' was completed in 0.39 seconds with the score of 931.13 (17 unrouted), using 516.06 CPU seconds and 26434 MB memory.
2026-09-12 18:18:50.528 INFO   [FD43DB\D4C6ED] Auto-router pass #74 on board '80c2b536b52d99bc89ab2456395d1749' was completed in 0.41 seconds with the score of 931.13 (17 unrouted), using 548.57 CPU seconds and 27346 MB memory.
2026-09-12 18:18:50.940 INFO   [FD43DB\D4C6ED] Auto-router pass #75 on board '80c2b536b52d99bc89ab2456395d1749' was completed in 0.41 seconds with the score of 931.13 (17 unrouted), using 548.57 CPU seconds and 27346 MB memory.
2026-09-12 18:18:51.348 INFO   [FD43DB\D4C6ED] Auto-router pass #76 on board '80c2b536b52d99bc89ab2456395d1749' was completed in 0.40 seconds with the score of 931.13 (17 unrouted), using 582.06 CPU seconds and 28237 MB memory.
2026-09-12 18:18:51.744 INFO   [FD43DB\D4C6ED] Auto-router pass #77 on board '80c2b536b52d99bc89ab2456395d1749' was completed in 0.39 seconds with the score of 931.13 (17 unrouted), using 582.06 CPU seconds and 28237 MB memory.
2026-09-12 18:18:52.166 INFO   [FD43DB\D4C6ED] Auto-router pass #78 on board '80c2b536b52d99bc89ab2456395d1749' was completed in 0.42 seconds with the score of 931.13 (17 unrouted), using 582.06 CPU seconds and 28237 MB memory.
2026-09-12 18:18:52.587 INFO   [FD43DB\D4C6ED] Auto-router pass #79 on board '80c2b536b52d99bc89ab2456395d1749' was completed in 0.41 seconds with the score of 931.13 (17 unrouted), using 616.55 CPU seconds and 29130 MB memory.
2026-09-12 18:18:53.013 INFO   [FD43DB\D4C6ED] Auto-router pass #80 on board '80c2b536b52d99bc89ab2456395d1749' was completed in 0.42 seconds with the score of 931.13 (17 unrouted), using 616.55 CPU seconds and 29130 MB memory.
2026-09-12 18:18:53.420 INFO   [FD43DB\D4C6ED] Auto-router pass #81 on board '80c2b536b52d99bc89ab2456395d1749' was completed in 0.40 seconds with the score of 931.13 (17 unrouted), using 652.03 CPU seconds and 30010 MB memory.
2026-09-12 18:18:53.835 INFO   [FD43DB\D4C6ED] Auto-router pass #82 on board '80c2b536b52d99bc89ab2456395d1749' was completed in 0.41 seconds with the score of 931.13 (17 unrouted), using 652.03 CPU seconds and 30010 MB memory.
2026-09-12 18:18:54.260 INFO   [FD43DB\D4C6ED] Auto-router pass #83 on board '80c2b536b52d99bc89ab2456395d1749' was completed in 0.42 seconds with the score of 931.13 (17 unrouted), using 688.50 CPU seconds and 30873 MB memory.
2026-09-12 18:18:54.700 INFO   [FD43DB\D4C6ED] Auto-router pass #84 on board '80c2b536b52d99bc89ab2456395d1749' was completed in 0.43 seconds with the score of 931.13 (17 unrouted), using 688.50 CPU seconds and 30873 MB memory.
2026-09-12 18:18:55.114 INFO   [FD43DB\D4C6ED] Auto-router pass #85 on board '80c2b536b52d99bc89ab2456395d1749' was completed in 0.41 seconds with the score of 931.13 (17 unrouted), using 688.50 CPU seconds and 30873 MB memory.
2026-09-12 18:18:55.529 INFO   [FD43DB\D4C6ED] Auto-router pass #86 on board '80c2b536b52d99bc89ab2456395d1749' was completed in 0.41 seconds with the score of 931.13 (17 unrouted), using 725.96 CPU seconds and 31741 MB memory.
2026-09-12 18:18:55.937 INFO   [FD43DB\D4C6ED] Auto-router pass #87 on board '80c2b536b52d99bc89ab2456395d1749' was completed in 0.40 seconds with the score of 931.13 (17 unrouted), using 725.96 CPU seconds and 31741 MB memory.
2026-09-12 18:18:56.348 INFO   [FD43DB\D4C6ED] Auto-router pass #88 on board '80c2b536b52d99bc89ab2456395d1749' was completed in 0.41 seconds with the score of 931.13 (17 unrouted), using 764.42 CPU seconds and 32629 MB memory.
2026-09-12 18:18:56.723 INFO   [FD43DB\D4C6ED] Auto-router pass #89 on board '80c2b536b52d99bc89ab2456395d1749' was completed in 0.37 seconds with the score of 931.13 (17 unrouted), using 764.42 CPU seconds and 32629 MB memory.
2026-09-12 18:18:57.097 INFO   [FD43DB\D4C6ED] Auto-router pass #90 on board '80c2b536b52d99bc89ab2456395d1749' was completed in 0.37 seconds with the score of 931.13 (17 unrouted), using 764.42 CPU seconds and 32629 MB memory.
2026-09-12 18:18:57.475 INFO   [FD43DB\D4C6ED] Auto-router pass #91 on board '80c2b536b52d99bc89ab2456395d1749' was completed in 0.37 seconds with the score of 931.13 (17 unrouted), using 803.87 CPU seconds and 33590 MB memory.
2026-09-12 18:18:57.916 INFO   [FD43DB\D4C6ED] Auto-router pass #92 on board '80c2b536b52d99bc89ab2456395d1749' was completed in 0.44 seconds with the score of 931.13 (17 unrouted), using 803.87 CPU seconds and 33590 MB memory.
2026-09-12 18:18:58.344 INFO   [FD43DB\D4C6ED] Auto-router pass #93 on board '80c2b536b52d99bc89ab2456395d1749' was completed in 0.42 seconds with the score of 931.13 (17 unrouted), using 844.31 CPU seconds and 34471 MB memory.
2026-09-12 18:18:58.765 INFO   [FD43DB\D4C6ED] Auto-router pass #94 on board '80c2b536b52d99bc89ab2456395d1749' was completed in 0.42 seconds with the score of 931.13 (17 unrouted), using 844.31 CPU seconds and 34471 MB memory.
2026-09-12 18:18:59.165 INFO   [FD43DB\D4C6ED] Auto-router pass #95 on board '80c2b536b52d99bc89ab2456395d1749' was completed in 0.40 seconds with the score of 931.13 (17 unrouted), using 844.31 CPU seconds and 34471 MB memory.
2026-09-12 18:18:59.584 INFO   [FD43DB\D4C6ED] Auto-router pass #96 on board '80c2b536b52d99bc89ab2456395d1749' was completed in 0.41 seconds with the score of 931.13 (17 unrouted), using 885.75 CPU seconds and 35350 MB memory.
2026-09-12 18:19:00.047 INFO   [FD43DB\D4C6ED] Auto-router pass #97 on board '80c2b536b52d99bc89ab2456395d1749' was completed in 0.46 seconds with the score of 931.13 (17 unrouted), using 885.75 CPU seconds and 35350 MB memory.
2026-09-12 18:19:00.470 INFO   [FD43DB\D4C6ED] Auto-router pass #98 on board '80c2b536b52d99bc89ab2456395d1749' was completed in 0.41 seconds with the score of 931.13 (17 unrouted), using 928.19 CPU seconds and 36184 MB memory.
2026-09-12 18:19:00.891 INFO   [FD43DB\D4C6ED] Auto-router pass #99 on board '80c2b536b52d99bc89ab2456395d1749' was completed in 0.41 seconds with the score of 931.13 (17 unrouted), using 928.19 CPU seconds and 36184 MB memory.
2026-09-12 18:19:01.332 INFO   [FD43DB\D4C6ED] Auto-router pass #100 on board '80c2b536b52d99bc89ab2456395d1749' was completed in 0.43 seconds with the score of 931.13 (17 unrouted), using 971.61 CPU seconds and 37058 MB memory.
2026-09-12 18:19:01.731 INFO   [FD43DB\D4C6ED] Auto-router pass #101 on board '80c2b536b52d99bc89ab2456395d1749' was completed in 0.39 seconds with the score of 931.13 (17 unrouted), using 971.61 CPU seconds and 37058 MB memory.
2026-09-12 18:19:02.169 INFO   [FD43DB\D4C6ED] Auto-router pass #102 on board '80c2b536b52d99bc89ab2456395d1749' was completed in 0.43 seconds with the score of 931.13 (17 unrouted), using 971.61 CPU seconds and 37058 MB memory.
2026-09-12 18:19:02.473 INFO   [FD43DB\D4C6ED] Auto-router pass #103 on board '80c2b536b52d99bc89ab2456395d1749' was completed in 0.30 seconds with the score of 931.13 (17 unrouted), using 1016.03 CPU seconds and 37937 MB memory.
2026-09-12 18:19:02.864 INFO   [FD43DB\D4C6ED] Auto-router pass #104 on board '80c2b536b52d99bc89ab2456395d1749' was completed in 0.39 seconds with the score of 931.13 (17 unrouted), using 1016.03 CPU seconds and 37937 MB memory.
2026-09-12 18:19:03.253 INFO   [FD43DB\D4C6ED] Auto-router pass #105 on board '80c2b536b52d99bc89ab2456395d1749' was completed in 0.39 seconds with the score of 931.13 (17 unrouted), using 1061.44 CPU seconds and 38944 MB memory.
2026-09-12 18:19:03.636 INFO   [FD43DB\D4C6ED] Auto-router pass #106 on board '80c2b536b52d99bc89ab2456395d1749' was completed in 0.38 seconds with the score of 931.13 (17 unrouted), using 1061.44 CPU seconds and 38944 MB memory.
2026-09-12 18:19:04.004 INFO   [FD43DB\D4C6ED] Auto-router pass #107 on board '80c2b536b52d99bc89ab2456395d1749' was completed in 0.36 seconds with the score of 931.13 (17 unrouted), using 1061.44 CPU seconds and 38944 MB memory.
2026-09-12 18:19:04.462 INFO   [FD43DB\D4C6ED] Auto-router pass #108 on board '80c2b536b52d99bc89ab2456395d1749' was completed in 0.45 seconds with the score of 931.13 (17 unrouted), using 1107.85 CPU seconds and 39870 MB memory.
2026-09-12 18:19:04.875 INFO   [FD43DB\D4C6ED] Auto-router pass #109 on board '80c2b536b52d99bc89ab2456395d1749' was completed in 0.41 seconds with the score of 931.13 (17 unrouted), using 1107.85 CPU seconds and 39870 MB memory.
2026-09-12 18:19:05.298 INFO   [FD43DB\D4C6ED] Auto-router pass #110 on board '80c2b536b52d99bc89ab2456395d1749' was completed in 0.42 seconds with the score of 931.13 (17 unrouted), using 1155.24 CPU seconds and 40734 MB memory.
2026-09-12 18:19:05.720 INFO   [FD43DB\D4C6ED] Auto-router pass #111 on board '80c2b536b52d99bc89ab2456395d1749' was completed in 0.42 seconds with the score of 931.13 (17 unrouted), using 1155.24 CPU seconds and 40734 MB memory.
2026-09-12 18:19:06.156 INFO   [FD43DB\D4C6ED] Auto-router pass #112 on board '80c2b536b52d99bc89ab2456395d1749' was completed in 0.43 seconds with the score of 931.13 (17 unrouted), using 1155.24 CPU seconds and 40734 MB memory.
2026-09-12 18:19:06.577 INFO   [FD43DB\D4C6ED] Auto-router pass #113 on board '80c2b536b52d99bc89ab2456395d1749' was completed in 0.41 seconds with the score of 931.13 (17 unrouted), using 1203.63 CPU seconds and 41595 MB memory.
2026-09-12 18:19:06.968 INFO   [FD43DB\D4C6ED] Auto-router pass #114 on board '80c2b536b52d99bc89ab2456395d1749' was completed in 0.39 seconds with the score of 931.13 (17 unrouted), using 1203.63 CPU seconds and 41595 MB memory.
2026-09-12 18:19:07.364 INFO   [FD43DB\D4C6ED] Auto-router pass #115 on board '80c2b536b52d99bc89ab2456395d1749' was completed in 0.39 seconds with the score of 931.13 (17 unrouted), using 1253.01 CPU seconds and 42493 MB memory.
2026-09-12 18:19:07.791 INFO   [FD43DB\D4C6ED] Auto-router pass #116 on board '80c2b536b52d99bc89ab2456395d1749' was completed in 0.42 seconds with the score of 931.13 (17 unrouted), using 1253.01 CPU seconds and 42493 MB memory.
2026-09-12 18:19:08.212 INFO   [FD43DB\D4C6ED] Auto-router pass #117 on board '80c2b536b52d99bc89ab2456395d1749' was completed in 0.41 seconds with the score of 931.13 (17 unrouted), using 1253.01 CPU seconds and 42493 MB memory.
2026-09-12 18:19:08.644 INFO   [FD43DB\D4C6ED] Auto-router pass #118 on board '80c2b536b52d99bc89ab2456395d1749' was completed in 0.43 seconds with the score of 931.13 (17 unrouted), using 1303.38 CPU seconds and 43374 MB memory.
2026-09-12 18:19:09.043 INFO   [FD43DB\D4C6ED] Auto-router pass #119 on board '80c2b536b52d99bc89ab2456395d1749' was completed in 0.40 seconds with the score of 931.13 (17 unrouted), using 1303.38 CPU seconds and 43374 MB memory.
2026-09-12 18:19:09.517 INFO   [FD43DB\D4C6ED] Auto-router pass #120 on board '80c2b536b52d99bc89ab2456395d1749' was completed in 0.47 seconds with the score of 931.13 (17 unrouted), using 1354.75 CPU seconds and 44244 MB memory.
2026-09-12 18:19:09.922 INFO   [FD43DB\D4C6ED] Auto-router pass #121 on board '80c2b536b52d99bc89ab2456395d1749' was completed in 0.40 seconds with the score of 931.13 (17 unrouted), using 1354.75 CPU seconds and 44244 MB memory.
2026-09-12 18:19:10.339 INFO   [FD43DB\D4C6ED] Auto-router pass #122 on board '80c2b536b52d99bc89ab2456395d1749' was completed in 0.41 seconds with the score of 931.13 (17 unrouted), using 1407.11 CPU seconds and 45092 MB memory.
2026-09-12 18:19:10.766 INFO   [FD43DB\D4C6ED] Auto-router pass #123 on board '80c2b536b52d99bc89ab2456395d1749' was completed in 0.42 seconds with the score of 931.13 (17 unrouted), using 1407.11 CPU seconds and 45092 MB memory.
2026-09-12 18:19:11.173 INFO   [FD43DB\D4C6ED] Auto-router pass #124 on board '80c2b536b52d99bc89ab2456395d1749' was completed in 0.40 seconds with the score of 931.13 (17 unrouted), using 1407.11 CPU seconds and 45092 MB memory.
2026-09-12 18:19:11.572 INFO   [FD43DB\D4C6ED] Auto-router pass #125 on board '80c2b536b52d99bc89ab2456395d1749' was completed in 0.39 seconds with the score of 931.13 (17 unrouted), using 1460.46 CPU seconds and 45986 MB memory.
2026-09-12 18:19:11.996 INFO   [FD43DB\D4C6ED] Auto-router pass #126 on board '80c2b536b52d99bc89ab2456395d1749' was completed in 0.42 seconds with the score of 931.13 (17 unrouted), using 1460.46 CPU seconds and 45986 MB memory.
2026-09-12 18:19:12.389 INFO   [FD43DB\D4C6ED] Auto-router pass #127 on board '80c2b536b52d99bc89ab2456395d1749' was completed in 0.39 seconds with the score of 931.13 (17 unrouted), using 1514.82 CPU seconds and 46862 MB memory.
2026-09-12 18:19:12.827 INFO   [FD43DB\D4C6ED] Auto-router pass #128 on board '80c2b536b52d99bc89ab2456395d1749' was completed in 0.43 seconds with the score of 931.13 (17 unrouted), using 1514.82 CPU seconds and 46862 MB memory.
2026-09-12 18:19:13.210 INFO   [FD43DB\D4C6ED] Auto-router pass #129 on board '80c2b536b52d99bc89ab2456395d1749' was completed in 0.38 seconds with the score of 931.13 (17 unrouted), using 1514.82 CPU seconds and 46862 MB memory.
2026-09-12 18:19:13.592 INFO   [FD43DB\D4C6ED] Auto-router pass #130 on board '80c2b536b52d99bc89ab2456395d1749' was completed in 0.38 seconds with the score of 931.13 (17 unrouted), using 1570.16 CPU seconds and 47778 MB memory.
2026-09-12 18:19:13.990 INFO   [FD43DB\D4C6ED] Auto-router pass #131 on board '80c2b536b52d99bc89ab2456395d1749' was completed in 0.39 seconds with the score of 931.13 (17 unrouted), using 1570.16 CPU seconds and 47778 MB memory.
2026-09-12 18:19:14.389 INFO   [FD43DB\D4C6ED] Auto-router pass #132 on board '80c2b536b52d99bc89ab2456395d1749' was completed in 0.40 seconds with the score of 931.13 (17 unrouted), using 1626.50 CPU seconds and 48703 MB memory.
2026-09-12 18:19:14.769 INFO   [FD43DB\D4C6ED] Auto-router pass #133 on board '80c2b536b52d99bc89ab2456395d1749' was completed in 0.38 seconds with the score of 931.13 (17 unrouted), using 1626.50 CPU seconds and 48703 MB memory.
2026-09-12 18:19:15.151 INFO   [FD43DB\D4C6ED] Auto-router pass #134 on board '80c2b536b52d99bc89ab2456395d1749' was completed in 0.38 seconds with the score of 931.13 (17 unrouted), using 1626.50 CPU seconds and 48703 MB memory.
2026-09-12 18:19:15.537 INFO   [FD43DB\D4C6ED] Auto-router pass #135 on board '80c2b536b52d99bc89ab2456395d1749' was completed in 0.38 seconds with the score of 931.13 (17 unrouted), using 1683.83 CPU seconds and 49651 MB memory.
2026-09-12 18:19:15.959 INFO   [FD43DB\D4C6ED] Auto-router pass #136 on board '80c2b536b52d99bc89ab2456395d1749' was completed in 0.42 seconds with the score of 931.13 (17 unrouted), using 1683.83 CPU seconds and 49651 MB memory.
2026-09-12 18:19:16.384 INFO   [FD43DB\D4C6ED] Auto-router pass #137 on board '80c2b536b52d99bc89ab2456395d1749' was completed in 0.42 seconds with the score of 931.13 (17 unrouted), using 1742.16 CPU seconds and 50549 MB memory.
2026-09-12 18:19:16.811 INFO   [FD43DB\D4C6ED] Auto-router pass #138 on board '80c2b536b52d99bc89ab2456395d1749' was completed in 0.42 seconds with the score of 931.13 (17 unrouted), using 1742.16 CPU seconds and 50549 MB memory.
2026-09-12 18:19:17.240 INFO   [FD43DB\D4C6ED] Auto-router pass #139 on board '80c2b536b52d99bc89ab2456395d1749' was completed in 0.42 seconds with the score of 931.13 (17 unrouted), using 1742.16 CPU seconds and 50549 MB memory.
2026-09-12 18:19:17.683 INFO   [FD43DB\D4C6ED] Auto-router pass #140 on board '80c2b536b52d99bc89ab2456395d1749' was completed in 0.44 seconds with the score of 931.13 (17 unrouted), using 1801.48 CPU seconds and 51398 MB memory.
2026-09-12 18:19:18.097 INFO   [FD43DB\D4C6ED] Auto-router pass #141 on board '80c2b536b52d99bc89ab2456395d1749' was completed in 0.41 seconds with the score of 931.13 (17 unrouted), using 1801.48 CPU seconds and 51398 MB memory.
2026-09-12 18:19:18.497 INFO   [FD43DB\D4C6ED] Auto-router pass #142 on board '80c2b536b52d99bc89ab2456395d1749' was completed in 0.39 seconds with the score of 931.13 (17 unrouted), using 1861.80 CPU seconds and 52273 MB memory.
2026-09-12 18:19:18.879 INFO   [FD43DB\D4C6ED] Auto-router pass #143 on board '80c2b536b52d99bc89ab2456395d1749' was completed in 0.38 seconds with the score of 931.13 (17 unrouted), using 1861.80 CPU seconds and 52273 MB memory.
2026-09-12 18:19:19.289 INFO   [FD43DB\D4C6ED] Auto-router pass #144 on board '80c2b536b52d99bc89ab2456395d1749' was completed in 0.41 seconds with the score of 931.13 (17 unrouted), using 1923.11 CPU seconds and 53196 MB memory.
2026-09-12 18:19:19.688 INFO   [FD43DB\D4C6ED] Auto-router pass #145 on board '80c2b536b52d99bc89ab2456395d1749' was completed in 0.40 seconds with the score of 931.13 (17 unrouted), using 1923.11 CPU seconds and 53196 MB memory.
2026-09-12 18:19:20.136 INFO   [FD43DB\D4C6ED] Auto-router pass #146 on board '80c2b536b52d99bc89ab2456395d1749' was completed in 0.44 seconds with the score of 931.13 (17 unrouted), using 1923.11 CPU seconds and 53196 MB memory.
2026-09-12 18:19:20.571 INFO   [FD43DB\D4C6ED] Auto-router pass #147 on board '80c2b536b52d99bc89ab2456395d1749' was completed in 0.43 seconds with the score of 931.13 (17 unrouted), using 1985.41 CPU seconds and 54045 MB memory.
2026-09-12 18:19:21.005 INFO   [FD43DB\D4C6ED] Auto-router pass #148 on board '80c2b536b52d99bc89ab2456395d1749' was completed in 0.43 seconds with the score of 931.13 (17 unrouted), using 1985.41 CPU seconds and 54045 MB memory.
2026-09-12 18:19:21.416 INFO   [FD43DB\D4C6ED] Auto-router pass #149 on board '80c2b536b52d99bc89ab2456395d1749' was completed in 0.41 seconds with the score of 931.13 (17 unrouted), using 2048.71 CPU seconds and 54910 MB memory.
2026-09-12 18:19:21.818 INFO   [FD43DB\D4C6ED] Auto-router pass #150 on board '80c2b536b52d99bc89ab2456395d1749' was completed in 0.40 seconds with the score of 931.13 (17 unrouted), using 2048.71 CPU seconds and 54910 MB memory.
2026-09-12 18:19:22.215 INFO   [FD43DB\D4C6ED] Auto-router pass #151 on board '80c2b536b52d99bc89ab2456395d1749' was completed in 0.39 seconds with the score of 931.13 (17 unrouted), using 2048.71 CPU seconds and 54910 MB memory.
2026-09-12 18:19:22.636 INFO   [FD43DB\D4C6ED] Auto-router pass #152 on board '80c2b536b52d99bc89ab2456395d1749' was completed in 0.42 seconds with the score of 931.13 (17 unrouted), using 2113.00 CPU seconds and 55815 MB memory.
2026-09-12 18:19:23.022 INFO   [FD43DB\D4C6ED] Auto-router pass #153 on board '80c2b536b52d99bc89ab2456395d1749' was completed in 0.38 seconds with the score of 931.13 (17 unrouted), using 2113.00 CPU seconds and 55815 MB memory.
2026-09-12 18:19:23.404 INFO   [FD43DB\D4C6ED] Auto-router pass #154 on board '80c2b536b52d99bc89ab2456395d1749' was completed in 0.38 seconds with the score of 931.13 (17 unrouted), using 2178.29 CPU seconds and 56738 MB memory.
2026-09-12 18:19:23.819 INFO   [FD43DB\D4C6ED] Auto-router pass #155 on board '80c2b536b52d99bc89ab2456395d1749' was completed in 0.41 seconds with the score of 931.13 (17 unrouted), using 2178.29 CPU seconds and 56738 MB memory.
2026-09-12 18:19:24.219 INFO   [FD43DB\D4C6ED] Auto-router pass #156 on board '80c2b536b52d99bc89ab2456395d1749' was completed in 0.40 seconds with the score of 931.13 (17 unrouted), using 2178.29 CPU seconds and 56738 MB memory.
2026-09-12 18:19:24.603 INFO   [FD43DB\D4C6ED] Auto-router pass #157 on board '80c2b536b52d99bc89ab2456395d1749' was completed in 0.37 seconds with the score of 931.13 (17 unrouted), using 2244.57 CPU seconds and 57652 MB memory.
2026-09-12 18:19:24.981 INFO   [FD43DB\D4C6ED] Auto-router pass #158 on board '80c2b536b52d99bc89ab2456395d1749' was completed in 0.37 seconds with the score of 931.13 (17 unrouted), using 2244.57 CPU seconds and 57652 MB memory.
2026-09-12 18:19:25.384 INFO   [FD43DB\D4C6ED] Auto-router pass #159 on board '80c2b536b52d99bc89ab2456395d1749' was completed in 0.40 seconds with the score of 931.13 (17 unrouted), using 2311.84 CPU seconds and 58595 MB memory.
2026-09-12 18:19:25.833 INFO   [FD43DB\D4C6ED] Auto-router pass #160 on board '80c2b536b52d99bc89ab2456395d1749' was completed in 0.44 seconds with the score of 931.13 (17 unrouted), using 2311.84 CPU seconds and 58595 MB memory.
2026-09-12 18:19:26.266 INFO   [FD43DB\D4C6ED] Auto-router pass #161 on board '80c2b536b52d99bc89ab2456395d1749' was completed in 0.43 seconds with the score of 931.13 (17 unrouted), using 2380.11 CPU seconds and 59442 MB memory.
2026-09-12 18:19:26.596 INFO   [FD43DB\D4C6ED] Auto-router pass #162 on board '80c2b536b52d99bc89ab2456395d1749' was completed in 0.32 seconds with the score of 931.13 (17 unrouted), using 2380.11 CPU seconds and 59442 MB memory.
2026-09-12 18:19:26.955 INFO   [FD43DB\D4C6ED] Auto-router pass #163 on board '80c2b536b52d99bc89ab2456395d1749' was completed in 0.36 seconds with the score of 931.13 (17 unrouted), using 2380.11 CPU seconds and 59442 MB memory.
2026-09-12 18:19:27.367 INFO   [FD43DB\D4C6ED] Auto-router pass #164 on board '80c2b536b52d99bc89ab2456395d1749' was completed in 0.41 seconds with the score of 931.13 (17 unrouted), using 2449.37 CPU seconds and 60448 MB memory.
2026-09-12 18:19:27.781 INFO   [FD43DB\D4C6ED] Auto-router pass #165 on board '80c2b536b52d99bc89ab2456395d1749' was completed in 0.41 seconds with the score of 931.13 (17 unrouted), using 2449.37 CPU seconds and 60448 MB memory.
2026-09-12 18:19:28.172 INFO   [FD43DB\D4C6ED] Auto-router pass #166 on board '80c2b536b52d99bc89ab2456395d1749' was completed in 0.39 seconds with the score of 931.13 (17 unrouted), using 2449.37 CPU seconds and 60448 MB memory.
2026-09-12 18:19:28.570 INFO   [FD43DB\D4C6ED] Auto-router pass #167 on board '80c2b536b52d99bc89ab2456395d1749' was completed in 0.40 seconds with the score of 931.13 (17 unrouted), using 2519.63 CPU seconds and 61362 MB memory.
2026-09-12 18:19:29.002 INFO   [FD43DB\D4C6ED] Auto-router pass #168 on board '80c2b536b52d99bc89ab2456395d1749' was completed in 0.42 seconds with the score of 931.13 (17 unrouted), using 2519.63 CPU seconds and 61362 MB memory.
2026-09-12 18:19:29.416 INFO   [FD43DB\D4C6ED] Auto-router pass #169 on board '80c2b536b52d99bc89ab2456395d1749' was completed in 0.41 seconds with the score of 931.13 (17 unrouted), using 2590.87 CPU seconds and 62240 MB memory.
2026-09-12 18:19:29.840 INFO   [FD43DB\D4C6ED] Auto-router pass #170 on board '80c2b536b52d99bc89ab2456395d1749' was completed in 0.42 seconds with the score of 931.13 (17 unrouted), using 2590.87 CPU seconds and 62240 MB memory.
2026-09-12 18:19:30.256 INFO   [FD43DB\D4C6ED] Auto-router pass #171 on board '80c2b536b52d99bc89ab2456395d1749' was completed in 0.41 seconds with the score of 931.13 (17 unrouted), using 2663.11 CPU seconds and 63103 MB memory.
2026-09-12 18:19:30.690 INFO   [FD43DB\D4C6ED] Auto-router pass #172 on board '80c2b536b52d99bc89ab2456395d1749' was completed in 0.43 seconds with the score of 931.13 (17 unrouted), using 2663.11 CPU seconds and 63103 MB memory.
2026-09-12 18:19:31.101 INFO   [FD43DB\D4C6ED] Auto-router pass #173 on board '80c2b536b52d99bc89ab2456395d1749' was completed in 0.41 seconds with the score of 931.13 (17 unrouted), using 2663.11 CPU seconds and 63103 MB memory.
2026-09-12 18:19:31.515 INFO   [FD43DB\D4C6ED] Auto-router pass #174 on board '80c2b536b52d99bc89ab2456395d1749' was completed in 0.41 seconds with the score of 931.13 (17 unrouted), using 2736.35 CPU seconds and 63974 MB memory.
2026-09-12 18:19:31.909 INFO   [FD43DB\D4C6ED] Auto-router pass #175 on board '80c2b536b52d99bc89ab2456395d1749' was completed in 0.39 seconds with the score of 931.13 (17 unrouted), using 2736.35 CPU seconds and 63974 MB memory.
2026-09-12 18:19:32.321 INFO   [FD43DB\D4C6ED] Auto-router pass #176 on board '80c2b536b52d99bc89ab2456395d1749' was completed in 0.41 seconds with the score of 931.13 (17 unrouted), using 2810.57 CPU seconds and 64888 MB memory.
2026-09-12 18:19:32.731 INFO   [FD43DB\D4C6ED] Auto-router pass #177 on board '80c2b536b52d99bc89ab2456395d1749' was completed in 0.41 seconds with the score of 931.13 (17 unrouted), using 2810.57 CPU seconds and 64888 MB memory.
2026-09-12 18:19:33.178 INFO   [FD43DB\D4C6ED] Auto-router pass #178 on board '80c2b536b52d99bc89ab2456395d1749' was completed in 0.44 seconds with the score of 931.13 (17 unrouted), using 2810.57 CPU seconds and 64888 MB memory.
2026-09-12 18:19:33.595 INFO   [FD43DB\D4C6ED] Auto-router pass #179 on board '80c2b536b52d99bc89ab2456395d1749' was completed in 0.41 seconds with the score of 931.13 (17 unrouted), using 2885.78 CPU seconds and 65742 MB memory.
2026-09-12 18:19:34.045 INFO   [FD43DB\D4C6ED] Auto-router pass #180 on board '80c2b536b52d99bc89ab2456395d1749' was completed in 0.44 seconds with the score of 931.13 (17 unrouted), using 2885.78 CPU seconds and 65742 MB memory.
2026-09-12 18:19:34.468 INFO   [FD43DB\D4C6ED] Auto-router pass #181 on board '80c2b536b52d99bc89ab2456395d1749' was completed in 0.42 seconds with the score of 931.13 (17 unrouted), using 2961.98 CPU seconds and 66590 MB memory.
2026-09-12 18:19:34.871 INFO   [FD43DB\D4C6ED] Auto-router pass #182 on board '80c2b536b52d99bc89ab2456395d1749' was completed in 0.40 seconds with the score of 931.13 (17 unrouted), using 2961.98 CPU seconds and 66590 MB memory.
2026-09-12 18:19:35.287 INFO   [FD43DB\D4C6ED] Auto-router pass #183 on board '80c2b536b52d99bc89ab2456395d1749' was completed in 0.41 seconds with the score of 931.13 (17 unrouted), using 3039.17 CPU seconds and 67472 MB memory.
2026-09-12 18:19:35.708 INFO   [FD43DB\D4C6ED] Auto-router pass #184 on board '80c2b536b52d99bc89ab2456395d1749' was completed in 0.42 seconds with the score of 931.13 (17 unrouted), using 3039.17 CPU seconds and 67472 MB memory.
2026-09-12 18:19:36.115 INFO   [FD43DB\D4C6ED] Auto-router pass #185 on board '80c2b536b52d99bc89ab2456395d1749' was completed in 0.40 seconds with the score of 931.13 (17 unrouted), using 3039.17 CPU seconds and 67472 MB memory.
2026-09-12 18:19:36.510 INFO   [FD43DB\D4C6ED] Auto-router pass #186 on board '80c2b536b52d99bc89ab2456395d1749' was completed in 0.39 seconds with the score of 931.13 (17 unrouted), using 3117.35 CPU seconds and 68357 MB memory.
2026-09-12 18:19:36.893 INFO   [FD43DB\D4C6ED] Auto-router pass #187 on board '80c2b536b52d99bc89ab2456395d1749' was completed in 0.38 seconds with the score of 931.13 (17 unrouted), using 3117.35 CPU seconds and 68357 MB memory.
2026-09-12 18:19:37.284 INFO   [FD43DB\D4C6ED] Auto-router pass #188 on board '80c2b536b52d99bc89ab2456395d1749' was completed in 0.39 seconds with the score of 931.13 (17 unrouted), using 3196.53 CPU seconds and 69316 MB memory.
2026-09-12 18:19:37.658 INFO   [FD43DB\D4C6ED] Auto-router pass #189 on board '80c2b536b52d99bc89ab2456395d1749' was completed in 0.37 seconds with the score of 931.13 (17 unrouted), using 3196.53 CPU seconds and 69316 MB memory.
2026-09-12 18:19:38.035 INFO   [FD43DB\D4C6ED] Auto-router pass #190 on board '80c2b536b52d99bc89ab2456395d1749' was completed in 0.37 seconds with the score of 931.13 (17 unrouted), using 3196.53 CPU seconds and 69316 MB memory.
2026-09-12 18:19:38.414 INFO   [FD43DB\D4C6ED] Auto-router pass #191 on board '80c2b536b52d99bc89ab2456395d1749' was completed in 0.38 seconds with the score of 931.13 (17 unrouted), using 3276.70 CPU seconds and 70284 MB memory.
2026-09-12 18:19:38.831 INFO   [FD43DB\D4C6ED] Auto-router pass #192 on board '80c2b536b52d99bc89ab2456395d1749' was completed in 0.41 seconds with the score of 931.13 (17 unrouted), using 3276.70 CPU seconds and 70284 MB memory.
2026-09-12 18:19:39.275 INFO   [FD43DB\D4C6ED] Auto-router pass #193 on board '80c2b536b52d99bc89ab2456395d1749' was completed in 0.44 seconds with the score of 931.13 (17 unrouted), using 3357.86 CPU seconds and 71151 MB memory.
2026-09-12 18:19:39.689 INFO   [FD43DB\D4C6ED] Auto-router pass #194 on board '80c2b536b52d99bc89ab2456395d1749' was completed in 0.41 seconds with the score of 931.13 (17 unrouted), using 3357.86 CPU seconds and 71151 MB memory.
2026-09-12 18:19:40.092 INFO   [FD43DB\D4C6ED] Auto-router pass #195 on board '80c2b536b52d99bc89ab2456395d1749' was completed in 0.40 seconds with the score of 931.13 (17 unrouted), using 3357.86 CPU seconds and 71151 MB memory.
2026-09-12 18:19:40.523 INFO   [FD43DB\D4C6ED] Auto-router pass #196 on board '80c2b536b52d99bc89ab2456395d1749' was completed in 0.43 seconds with the score of 931.13 (17 unrouted), using 3440.02 CPU seconds and 72035 MB memory.
2026-09-12 18:19:40.918 INFO   [FD43DB\D4C6ED] Auto-router pass #197 on board '80c2b536b52d99bc89ab2456395d1749' was completed in 0.39 seconds with the score of 931.13 (17 unrouted), using 3440.02 CPU seconds and 72035 MB memory.
2026-09-12 18:19:41.308 INFO   [FD43DB\D4C6ED] Auto-router pass #198 on board '80c2b536b52d99bc89ab2456395d1749' was completed in 0.38 seconds with the score of 931.13 (17 unrouted), using 3523.16 CPU seconds and 72947 MB memory.
2026-09-12 18:19:41.690 INFO   [FD43DB\D4C6ED] Auto-router pass #199 on board '80c2b536b52d99bc89ab2456395d1749' was completed in 0.38 seconds with the score of 931.13 (17 unrouted), using 3523.16 CPU seconds and 72947 MB memory.
2026-09-12 18:19:42.133 INFO   [FD43DB\D4C6ED] Auto-router pass #200 on board '80c2b536b52d99bc89ab2456395d1749' was completed in 0.44 seconds with the score of 931.13 (17 unrouted), using 3523.16 CPU seconds and 72947 MB memory.
2026-09-12 18:19:42.558 INFO   [FD43DB\D4C6ED] Auto-router pass #201 on board '80c2b536b52d99bc89ab2456395d1749' was completed in 0.42 seconds with the score of 931.13 (17 unrouted), using 3607.30 CPU seconds and 73833 MB memory.
2026-09-12 18:19:42.958 INFO   [FD43DB\D4C6ED] Auto-router pass #202 on board '80c2b536b52d99bc89ab2456395d1749' was completed in 0.39 seconds with the score of 931.13 (17 unrouted), using 3607.30 CPU seconds and 73833 MB memory.
2026-09-12 18:19:43.365 INFO   [FD43DB\D4C6ED] Auto-router pass #203 on board '80c2b536b52d99bc89ab2456395d1749' was completed in 0.40 seconds with the score of 931.13 (17 unrouted), using 3692.43 CPU seconds and 74722 MB memory.
2026-09-12 18:19:43.808 INFO   [FD43DB\D4C6ED] Auto-router pass #204 on board '80c2b536b52d99bc89ab2456395d1749' was completed in 0.44 seconds with the score of 931.13 (17 unrouted), using 3692.43 CPU seconds and 74722 MB memory.
2026-09-12 18:19:44.225 INFO   [FD43DB\D4C6ED] Auto-router pass #205 on board '80c2b536b52d99bc89ab2456395d1749' was completed in 0.41 seconds with the score of 931.13 (17 unrouted), using 3692.43 CPU seconds and 74722 MB memory.
2026-09-12 18:19:44.632 INFO   [FD43DB\D4C6ED] Auto-router pass #206 on board '80c2b536b52d99bc89ab2456395d1749' was completed in 0.40 seconds with the score of 931.13 (17 unrouted), using 3778.55 CPU seconds and 75594 MB memory.
2026-09-12 18:19:45.027 INFO   [FD43DB\D4C6ED] Auto-router pass #207 on board '80c2b536b52d99bc89ab2456395d1749' was completed in 0.39 seconds with the score of 931.13 (17 unrouted), using 3778.55 CPU seconds and 75594 MB memory.
2026-09-12 18:19:45.446 INFO   [FD43DB\D4C6ED] Auto-router pass #208 on board '80c2b536b52d99bc89ab2456395d1749' was completed in 0.41 seconds with the score of 931.13 (17 unrouted), using 3865.66 CPU seconds and 76488 MB memory.
2026-09-12 18:19:45.854 INFO   [FD43DB\D4C6ED] Auto-router pass #209 on board '80c2b536b52d99bc89ab2456395d1749' was completed in 0.40 seconds with the score of 931.13 (17 unrouted), using 3865.66 CPU seconds and 76488 MB memory.
2026-09-12 18:19:46.275 INFO   [FD43DB\D4C6ED] Auto-router pass #210 on board '80c2b536b52d99bc89ab2456395d1749' was completed in 0.42 seconds with the score of 931.13 (17 unrouted), using 3953.76 CPU seconds and 77372 MB memory.
2026-09-12 18:19:46.694 INFO   [FD43DB\D4C6ED] Auto-router pass #211 on board '80c2b536b52d99bc89ab2456395d1749' was completed in 0.41 seconds with the score of 931.13 (17 unrouted), using 3953.76 CPU seconds and 77372 MB memory.
2026-09-12 18:19:47.112 INFO   [FD43DB\D4C6ED] Auto-router pass #212 on board '80c2b536b52d99bc89ab2456395d1749' was completed in 0.41 seconds with the score of 931.13 (17 unrouted), using 3953.76 CPU seconds and 77372 MB memory.
2026-09-12 18:19:47.506 INFO   [FD43DB\D4C6ED] Auto-router pass #213 on board '80c2b536b52d99bc89ab2456395d1749' was completed in 0.39 seconds with the score of 931.13 (17 unrouted), using 4042.84 CPU seconds and 78265 MB memory.
2026-09-12 18:19:47.920 INFO   [FD43DB\D4C6ED] Auto-router pass #214 on board '80c2b536b52d99bc89ab2456395d1749' was completed in 0.41 seconds with the score of 931.13 (17 unrouted), using 4042.84 CPU seconds and 78265 MB memory.
2026-09-12 18:19:48.331 INFO   [FD43DB\D4C6ED] Auto-router pass #215 on board '80c2b536b52d99bc89ab2456395d1749' was completed in 0.41 seconds with the score of 931.13 (17 unrouted), using 4132.92 CPU seconds and 79150 MB memory.
2026-09-12 18:19:48.776 INFO   [FD43DB\D4C6ED] Auto-router pass #216 on board '80c2b536b52d99bc89ab2456395d1749' was completed in 0.44 seconds with the score of 931.13 (17 unrouted), using 4132.92 CPU seconds and 79150 MB memory.
2026-09-12 18:19:49.185 INFO   [FD43DB\D4C6ED] Auto-router pass #217 on board '80c2b536b52d99bc89ab2456395d1749' was completed in 0.40 seconds with the score of 931.13 (17 unrouted), using 4132.92 CPU seconds and 79150 MB memory.
2026-09-12 18:19:49.609 INFO   [FD43DB\D4C6ED] Auto-router pass #218 on board '80c2b536b52d99bc89ab2456395d1749' was completed in 0.42 seconds with the score of 931.13 (17 unrouted), using 4224.00 CPU seconds and 80021 MB memory.
2026-09-12 18:19:50.020 INFO   [FD43DB\D4C6ED] Auto-router pass #219 on board '80c2b536b52d99bc89ab2456395d1749' was completed in 0.41 seconds with the score of 931.13 (17 unrouted), using 4224.00 CPU seconds and 80021 MB memory.
2026-09-12 18:19:50.456 INFO   [FD43DB\D4C6ED] Auto-router pass #220 on board '80c2b536b52d99bc89ab2456395d1749' was completed in 0.43 seconds with the score of 931.13 (17 unrouted), using 4316.06 CPU seconds and 80882 MB memory.
2026-09-12 18:19:50.869 INFO   [FD43DB\D4C6ED] Auto-router pass #221 on board '80c2b536b52d99bc89ab2456395d1749' was completed in 0.41 seconds with the score of 931.13 (17 unrouted), using 4316.06 CPU seconds and 80882 MB memory.
2026-09-12 18:19:51.269 INFO   [FD43DB\D4C6ED] Auto-router pass #222 on board '80c2b536b52d99bc89ab2456395d1749' was completed in 0.40 seconds with the score of 931.13 (17 unrouted), using 4316.06 CPU seconds and 80882 MB memory.
2026-09-12 18:19:51.653 INFO   [FD43DB\D4C6ED] Auto-router pass #223 on board '80c2b536b52d99bc89ab2456395d1749' was completed in 0.38 seconds with the score of 931.13 (17 unrouted), using 4409.12 CPU seconds and 81773 MB memory.
2026-09-12 18:19:52.064 INFO   [FD43DB\D4C6ED] Auto-router pass #224 on board '80c2b536b52d99bc89ab2456395d1749' was completed in 0.41 seconds with the score of 931.13 (17 unrouted), using 4409.12 CPU seconds and 81773 MB memory.
2026-09-12 18:19:52.467 INFO   [FD43DB\D4C6ED] Auto-router pass #225 on board '80c2b536b52d99bc89ab2456395d1749' was completed in 0.40 seconds with the score of 931.13 (17 unrouted), using 4503.17 CPU seconds and 82703 MB memory.
2026-09-12 18:19:52.876 INFO   [FD43DB\D4C6ED] Auto-router pass #226 on board '80c2b536b52d99bc89ab2456395d1749' was completed in 0.40 seconds with the score of 931.13 (17 unrouted), using 4503.17 CPU seconds and 82703 MB memory.
2026-09-12 18:19:53.270 INFO   [FD43DB\D4C6ED] Auto-router pass #227 on board '80c2b536b52d99bc89ab2456395d1749' was completed in 0.39 seconds with the score of 931.13 (17 unrouted), using 4503.17 CPU seconds and 82703 MB memory.
2026-09-12 18:19:53.697 INFO   [FD43DB\D4C6ED] Auto-router pass #228 on board '80c2b536b52d99bc89ab2456395d1749' was completed in 0.42 seconds with the score of 931.13 (17 unrouted), using 4598.20 CPU seconds and 83599 MB memory.
2026-09-12 18:19:54.106 INFO   [FD43DB\D4C6ED] Auto-router pass #229 on board '80c2b536b52d99bc89ab2456395d1749' was completed in 0.40 seconds with the score of 931.13 (17 unrouted), using 4598.20 CPU seconds and 83599 MB memory.
2026-09-12 18:19:54.496 INFO   [FD43DB\D4C6ED] Auto-router pass #230 on board '80c2b536b52d99bc89ab2456395d1749' was completed in 0.39 seconds with the score of 931.13 (17 unrouted), using 4694.24 CPU seconds and 84492 MB memory.
2026-09-12 18:19:54.909 INFO   [FD43DB\D4C6ED] Auto-router pass #231 on board '80c2b536b52d99bc89ab2456395d1749' was completed in 0.41 seconds with the score of 931.13 (17 unrouted), using 4694.24 CPU seconds and 84492 MB memory.
2026-09-12 18:19:55.324 INFO   [FD43DB\D4C6ED] Auto-router pass #232 on board '80c2b536b52d99bc89ab2456395d1749' was completed in 0.41 seconds with the score of 931.13 (17 unrouted), using 4791.26 CPU seconds and 85391 MB memory.
2026-09-12 18:19:55.700 INFO   [FD43DB\D4C6ED] Auto-router pass #233 on board '80c2b536b52d99bc89ab2456395d1749' was completed in 0.37 seconds with the score of 931.13 (17 unrouted), using 4791.26 CPU seconds and 85391 MB memory.
2026-09-12 18:19:56.089 INFO   [FD43DB\D4C6ED] Auto-router pass #234 on board '80c2b536b52d99bc89ab2456395d1749' was completed in 0.38 seconds with the score of 931.13 (17 unrouted), using 4791.26 CPU seconds and 85391 MB memory.
2026-09-12 18:19:56.510 INFO   [FD43DB\D4C6ED] Auto-router pass #235 on board '80c2b536b52d99bc89ab2456395d1749' was completed in 0.42 seconds with the score of 931.13 (17 unrouted), using 4889.28 CPU seconds and 86330 MB memory.
2026-09-12 18:19:56.946 INFO   [FD43DB\D4C6ED] Auto-router pass #236 on board '80c2b536b52d99bc89ab2456395d1749' was completed in 0.43 seconds with the score of 931.13 (17 unrouted), using 4889.28 CPU seconds and 86330 MB memory.
2026-09-12 18:19:57.338 INFO   [FD43DB\D4C6ED] Auto-router pass #237 on board '80c2b536b52d99bc89ab2456395d1749' was completed in 0.39 seconds with the score of 931.13 (17 unrouted), using 4988.29 CPU seconds and 87201 MB memory.
2026-09-12 18:19:57.791 INFO   [FD43DB\D4C6ED] Auto-router pass #238 on board '80c2b536b52d99bc89ab2456395d1749' was completed in 0.45 seconds with the score of 931.13 (17 unrouted), using 4988.29 CPU seconds and 87201 MB memory.
2026-09-12 18:19:58.182 INFO   [FD43DB\D4C6ED] Auto-router pass #239 on board '80c2b536b52d99bc89ab2456395d1749' was completed in 0.39 seconds with the score of 931.13 (17 unrouted), using 4988.29 CPU seconds and 87201 MB memory.
2026-09-12 18:19:58.603 INFO   [FD43DB\D4C6ED] Auto-router pass #240 on board '80c2b536b52d99bc89ab2456395d1749' was completed in 0.42 seconds with the score of 931.13 (17 unrouted), using 5088.28 CPU seconds and 88071 MB memory.
2026-09-12 18:19:59.026 INFO   [FD43DB\D4C6ED] Auto-router pass #241 on board '80c2b536b52d99bc89ab2456395d1749' was completed in 0.42 seconds with the score of 931.13 (17 unrouted), using 5088.28 CPU seconds and 88071 MB memory.
2026-09-12 18:19:59.420 INFO   [FD43DB\D4C6ED] Auto-router pass #242 on board '80c2b536b52d99bc89ab2456395d1749' was completed in 0.39 seconds with the score of 931.13 (17 unrouted), using 5189.27 CPU seconds and 88956 MB memory.
2026-09-12 18:19:59.879 INFO   [FD43DB\D4C6ED] Auto-router pass #243 on board '80c2b536b52d99bc89ab2456395d1749' was completed in 0.45 seconds with the score of 931.13 (17 unrouted), using 5189.27 CPU seconds and 88956 MB memory.
2026-09-12 18:20:00.290 INFO   [FD43DB\D4C6ED] Auto-router pass #244 on board '80c2b536b52d99bc89ab2456395d1749' was completed in 0.41 seconds with the score of 931.13 (17 unrouted), using 5291.26 CPU seconds and 89820 MB memory.
2026-09-12 18:20:00.691 INFO   [FD43DB\D4C6ED] Auto-router pass #245 on board '80c2b536b52d99bc89ab2456395d1749' was completed in 0.40 seconds with the score of 931.13 (17 unrouted), using 5291.26 CPU seconds and 89820 MB memory.
2026-09-12 18:20:01.104 INFO   [FD43DB\D4C6ED] Auto-router pass #246 on board '80c2b536b52d99bc89ab2456395d1749' was completed in 0.41 seconds with the score of 931.13 (17 unrouted), using 5291.26 CPU seconds and 89820 MB memory.
2026-09-12 18:20:01.513 INFO   [FD43DB\D4C6ED] Auto-router pass #247 on board '80c2b536b52d99bc89ab2456395d1749' was completed in 0.40 seconds with the score of 931.13 (17 unrouted), using 5394.23 CPU seconds and 90710 MB memory.
2026-09-12 18:20:01.948 INFO   [FD43DB\D4C6ED] Auto-router pass #248 on board '80c2b536b52d99bc89ab2456395d1749' was completed in 0.43 seconds with the score of 931.13 (17 unrouted), using 5394.23 CPU seconds and 90710 MB memory.
2026-09-12 18:20:02.369 INFO   [FD43DB\D4C6ED] Auto-router pass #249 on board '80c2b536b52d99bc89ab2456395d1749' was completed in 0.41 seconds with the score of 931.13 (17 unrouted), using 5498.20 CPU seconds and 91577 MB memory.
2026-09-12 18:20:02.766 INFO   [FD43DB\D4C6ED] Auto-router pass #250 on board '80c2b536b52d99bc89ab2456395d1749' was completed in 0.39 seconds with the score of 931.13 (17 unrouted), using 5498.20 CPU seconds and 91577 MB memory.
2026-09-12 18:20:03.141 INFO   [FD43DB\D4C6ED] Auto-router pass #251 on board '80c2b536b52d99bc89ab2456395d1749' was completed in 0.37 seconds with the score of 931.13 (17 unrouted), using 5498.20 CPU seconds and 91577 MB memory.
2026-09-12 18:20:03.550 INFO   [FD43DB\D4C6ED] Auto-router pass #252 on board '80c2b536b52d99bc89ab2456395d1749' was completed in 0.40 seconds with the score of 931.13 (17 unrouted), using 5603.15 CPU seconds and 92507 MB memory.
2026-09-12 18:20:03.931 INFO   [FD43DB\D4C6ED] Auto-router pass #253 on board '80c2b536b52d99bc89ab2456395d1749' was completed in 0.38 seconds with the score of 931.13 (17 unrouted), using 5603.15 CPU seconds and 92507 MB memory.
2026-09-12 18:20:04.327 INFO   [FD43DB\D4C6ED] Auto-router pass #254 on board '80c2b536b52d99bc89ab2456395d1749' was completed in 0.39 seconds with the score of 931.13 (17 unrouted), using 5709.10 CPU seconds and 93438 MB memory.
2026-09-12 18:20:04.741 INFO   [FD43DB\D4C6ED] Auto-router pass #255 on board '80c2b536b52d99bc89ab2456395d1749' was completed in 0.41 seconds with the score of 931.13 (17 unrouted), using 5709.10 CPU seconds and 93438 MB memory.
2026-09-12 18:20:05.165 INFO   [FD43DB\D4C6ED] Auto-router pass #256 on board '80c2b536b52d99bc89ab2456395d1749' was completed in 0.42 seconds with the score of 931.13 (17 unrouted), using 5709.10 CPU seconds and 93438 MB memory.
2026-09-12 18:20:05.591 INFO   [FD43DB\D4C6ED] Auto-router pass #257 on board '80c2b536b52d99bc89ab2456395d1749' was completed in 0.41 seconds with the score of 931.13 (17 unrouted), using 5816.03 CPU seconds and 94319 MB memory.
2026-09-12 18:20:05.999 INFO   [FD43DB\D4C6ED] Auto-router pass #258 on board '80c2b536b52d99bc89ab2456395d1749' was completed in 0.40 seconds with the score of 931.13 (17 unrouted), using 5816.03 CPU seconds and 94319 MB memory.
2026-09-12 18:20:06.399 INFO   [FD43DB\D4C6ED] Auto-router pass #259 on board '80c2b536b52d99bc89ab2456395d1749' was completed in 0.39 seconds with the score of 931.13 (17 unrouted), using 5923.95 CPU seconds and 95202 MB memory.
2026-09-12 18:20:06.814 INFO   [FD43DB\D4C6ED] Auto-router pass #260 on board '80c2b536b52d99bc89ab2456395d1749' was completed in 0.41 seconds with the score of 931.13 (17 unrouted), using 5923.95 CPU seconds and 95202 MB memory.
2026-09-12 18:20:07.179 INFO   [FD43DB\D4C6ED] Auto-router pass #261 on board '80c2b536b52d99bc89ab2456395d1749' was completed in 0.36 seconds with the score of 931.13 (17 unrouted), using 5923.95 CPU seconds and 95202 MB memory.
2026-09-12 18:20:07.573 INFO   [FD43DB\D4C6ED] Auto-router pass #262 on board '80c2b536b52d99bc89ab2456395d1749' was completed in 0.39 seconds with the score of 931.13 (17 unrouted), using 6032.86 CPU seconds and 96144 MB memory.
2026-09-12 18:20:07.982 INFO   [FD43DB\D4C6ED] Auto-router pass #263 on board '80c2b536b52d99bc89ab2456395d1749' was completed in 0.40 seconds with the score of 931.13 (17 unrouted), using 6032.86 CPU seconds and 96144 MB memory.
2026-09-12 18:20:08.409 INFO   [FD43DB\D4C6ED] Auto-router pass #264 on board '80c2b536b52d99bc89ab2456395d1749' was completed in 0.42 seconds with the score of 931.13 (17 unrouted), using 6142.77 CPU seconds and 97042 MB memory.
2026-09-12 18:20:08.821 INFO   [FD43DB\D4C6ED] Auto-router pass #265 on board '80c2b536b52d99bc89ab2456395d1749' was completed in 0.41 seconds with the score of 931.13 (17 unrouted), using 6142.77 CPU seconds and 97042 MB memory.
2026-09-12 18:20:09.229 INFO   [FD43DB\D4C6ED] Auto-router pass #266 on board '80c2b536b52d99bc89ab2456395d1749' was completed in 0.40 seconds with the score of 931.13 (17 unrouted), using 6142.77 CPU seconds and 97042 MB memory.
2026-09-12 18:20:09.632 INFO   [FD43DB\D4C6ED] Auto-router pass #267 on board '80c2b536b52d99bc89ab2456395d1749' was completed in 0.40 seconds with the score of 931.13 (17 unrouted), using 6253.67 CPU seconds and 97923 MB memory.
2026-09-12 18:20:10.070 INFO   [FD43DB\D4C6ED] Auto-router pass #268 on board '80c2b536b52d99bc89ab2456395d1749' was completed in 0.43 seconds with the score of 931.13 (17 unrouted), using 6253.67 CPU seconds and 97923 MB memory.
2026-09-12 18:20:10.488 INFO   [FD43DB\D4C6ED] Auto-router pass #269 on board '80c2b536b52d99bc89ab2456395d1749' was completed in 0.41 seconds with the score of 931.13 (17 unrouted), using 6365.55 CPU seconds and 98809 MB memory.
2026-09-12 18:20:10.908 INFO   [FD43DB\D4C6ED] Auto-router pass #270 on board '80c2b536b52d99bc89ab2456395d1749' was completed in 0.41 seconds with the score of 931.13 (17 unrouted), using 6365.55 CPU seconds and 98809 MB memory.
2026-09-12 18:20:11.302 INFO   [FD43DB\D4C6ED] Auto-router pass #271 on board '80c2b536b52d99bc89ab2456395d1749' was completed in 0.39 seconds with the score of 931.13 (17 unrouted), using 6478.42 CPU seconds and 99682 MB memory.
2026-09-12 18:20:11.722 INFO   [FD43DB\D4C6ED] Auto-router pass #272 on board '80c2b536b52d99bc89ab2456395d1749' was completed in 0.41 seconds with the score of 931.13 (17 unrouted), using 6478.42 CPU seconds and 99682 MB memory.
2026-09-12 18:20:12.129 INFO   [FD43DB\D4C6ED] Auto-router pass #273 on board '80c2b536b52d99bc89ab2456395d1749' was completed in 0.40 seconds with the score of 931.13 (17 unrouted), using 6478.42 CPU seconds and 99682 MB memory.
2026-09-12 18:20:12.521 INFO   [FD43DB\D4C6ED] Auto-router pass #274 on board '80c2b536b52d99bc89ab2456395d1749' was completed in 0.39 seconds with the score of 931.13 (17 unrouted), using 6592.28 CPU seconds and 100582 MB memory.
2026-09-12 18:20:12.977 INFO   [FD43DB\D4C6ED] Auto-router pass #275 on board '80c2b536b52d99bc89ab2456395d1749' was completed in 0.45 seconds with the score of 931.13 (17 unrouted), using 6592.28 CPU seconds and 100582 MB memory.
2026-09-12 18:20:13.382 INFO   [FD43DB\D4C6ED] Auto-router pass #276 on board '80c2b536b52d99bc89ab2456395d1749' was completed in 0.40 seconds with the score of 931.13 (17 unrouted), using 6707.14 CPU seconds and 101452 MB memory.
2026-09-12 18:20:13.754 INFO   [FD43DB\D4C6ED] Auto-router pass #277 on board '80c2b536b52d99bc89ab2456395d1749' was completed in 0.37 seconds with the score of 931.13 (17 unrouted), using 6707.14 CPU seconds and 101452 MB memory.
2026-09-12 18:20:14.139 INFO   [FD43DB\D4C6ED] Auto-router pass #278 on board '80c2b536b52d99bc89ab2456395d1749' was completed in 0.38 seconds with the score of 931.13 (17 unrouted), using 6707.14 CPU seconds and 101452 MB memory.
2026-09-12 18:20:14.531 INFO   [FD43DB\D4C6ED] Auto-router pass #279 on board '80c2b536b52d99bc89ab2456395d1749' was completed in 0.39 seconds with the score of 931.13 (17 unrouted), using 6822.98 CPU seconds and 102398 MB memory.
2026-09-12 18:20:14.977 INFO   [FD43DB\D4C6ED] Auto-router pass #280 on board '80c2b536b52d99bc89ab2456395d1749' was completed in 0.44 seconds with the score of 931.13 (17 unrouted), using 6822.98 CPU seconds and 102398 MB memory.
2026-09-12 18:20:15.386 INFO   [FD43DB\D4C6ED] Auto-router pass #281 on board '80c2b536b52d99bc89ab2456395d1749' was completed in 0.40 seconds with the score of 931.13 (17 unrouted), using 6939.83 CPU seconds and 103286 MB memory.
2026-09-12 18:20:15.784 INFO   [FD43DB\D4C6ED] Auto-router pass #282 on board '80c2b536b52d99bc89ab2456395d1749' was completed in 0.39 seconds with the score of 931.13 (17 unrouted), using 6939.83 CPU seconds and 103286 MB memory.
2026-09-12 18:20:16.151 INFO   [FD43DB\D4C6ED] Auto-router pass #283 on board '80c2b536b52d99bc89ab2456395d1749' was completed in 0.36 seconds with the score of 931.13 (17 unrouted), using 6939.83 CPU seconds and 103286 MB memory.
2026-09-12 18:20:16.545 INFO   [FD43DB\D4C6ED] Auto-router pass #284 on board '80c2b536b52d99bc89ab2456395d1749' was completed in 0.39 seconds with the score of 931.13 (17 unrouted), using 7057.66 CPU seconds and 104230 MB memory.
2026-09-12 18:20:16.937 INFO   [FD43DB\D4C6ED] Auto-router pass #285 on board '80c2b536b52d99bc89ab2456395d1749' was completed in 0.39 seconds with the score of 931.13 (17 unrouted), using 7057.66 CPU seconds and 104230 MB memory.
2026-09-12 18:20:17.327 INFO   [FD43DB\D4C6ED] Auto-router pass #286 on board '80c2b536b52d99bc89ab2456395d1749' was completed in 0.39 seconds with the score of 931.13 (17 unrouted), using 7176.49 CPU seconds and 105148 MB memory.
2026-09-12 18:20:17.720 INFO   [FD43DB\D4C6ED] Auto-router pass #287 on board '80c2b536b52d99bc89ab2456395d1749' was completed in 0.39 seconds with the score of 931.13 (17 unrouted), using 7176.49 CPU seconds and 105148 MB memory.
2026-09-12 18:20:18.156 INFO   [FD43DB\D4C6ED] Auto-router pass #288 on board '80c2b536b52d99bc89ab2456395d1749' was completed in 0.43 seconds with the score of 931.13 (17 unrouted), using 7176.49 CPU seconds and 105148 MB memory.
2026-09-12 18:20:18.561 INFO   [FD43DB\D4C6ED] Auto-router pass #289 on board '80c2b536b52d99bc89ab2456395d1749' was completed in 0.40 seconds with the score of 931.13 (17 unrouted), using 7296.32 CPU seconds and 106056 MB memory.
2026-09-12 18:20:18.963 INFO   [FD43DB\D4C6ED] Auto-router pass #290 on board '80c2b536b52d99bc89ab2456395d1749' was completed in 0.40 seconds with the score of 931.13 (17 unrouted), using 7296.32 CPU seconds and 106056 MB memory.
2026-09-12 18:20:19.361 INFO   [FD43DB\D4C6ED] Auto-router pass #291 on board '80c2b536b52d99bc89ab2456395d1749' was completed in 0.39 seconds with the score of 931.13 (17 unrouted), using 7417.13 CPU seconds and 106951 MB memory.
2026-09-12 18:20:19.733 INFO   [FD43DB\D4C6ED] Auto-router pass #292 on board '80c2b536b52d99bc89ab2456395d1749' was completed in 0.37 seconds with the score of 931.13 (17 unrouted), using 7417.13 CPU seconds and 106951 MB memory.
2026-09-12 18:20:20.016 INFO   [FD43DB\D4C6ED] Auto-router pass #293 on board '80c2b536b52d99bc89ab2456395d1749' was completed in 0.28 seconds with the score of 931.13 (17 unrouted), using 7417.13 CPU seconds and 106951 MB memory.
2026-09-12 18:20:20.362 INFO   [FD43DB\D4C6ED] Auto-router pass #294 on board '80c2b536b52d99bc89ab2456395d1749' was completed in 0.34 seconds with the score of 931.13 (17 unrouted), using 7538.94 CPU seconds and 108044 MB memory.
2026-09-12 18:20:20.732 INFO   [FD43DB\D4C6ED] Auto-router pass #295 on board '80c2b536b52d99bc89ab2456395d1749' was completed in 0.36 seconds with the score of 931.13 (17 unrouted), using 7538.94 CPU seconds and 108044 MB memory.
2026-09-12 18:20:21.111 INFO   [FD43DB\D4C6ED] Auto-router pass #296 on board '80c2b536b52d99bc89ab2456395d1749' was completed in 0.38 seconds with the score of 931.13 (17 unrouted), using 7538.94 CPU seconds and 108044 MB memory.
2026-09-12 18:20:21.507 INFO   [FD43DB\D4C6ED] Auto-router pass #297 on board '80c2b536b52d99bc89ab2456395d1749' was completed in 0.39 seconds with the score of 931.13 (17 unrouted), using 7661.74 CPU seconds and 109029 MB memory.
2026-09-12 18:20:21.906 INFO   [FD43DB\D4C6ED] Auto-router pass #298 on board '80c2b536b52d99bc89ab2456395d1749' was completed in 0.39 seconds with the score of 931.13 (17 unrouted), using 7661.74 CPU seconds and 109029 MB memory.
2026-09-12 18:20:22.314 INFO   [FD43DB\D4C6ED] Auto-router pass #299 on board '80c2b536b52d99bc89ab2456395d1749' was completed in 0.40 seconds with the score of 931.13 (17 unrouted), using 7785.53 CPU seconds and 109926 MB memory.
2026-09-12 18:20:22.738 INFO   [FD43DB\D4C6ED] Auto-router pass #300 on board '80c2b536b52d99bc89ab2456395d1749' was completed in 0.42 seconds with the score of 931.13 (17 unrouted), using 7785.53 CPU seconds and 109926 MB memory.
2026-09-12 18:20:23.170 INFO   [FD43DB\D4C6ED] Auto-router pass #301 on board '80c2b536b52d99bc89ab2456395d1749' was completed in 0.43 seconds with the score of 931.13 (17 unrouted), using 7785.53 CPU seconds and 109926 MB memory.
2026-09-12 18:20:23.597 INFO   [FD43DB\D4C6ED] Auto-router pass #302 on board '80c2b536b52d99bc89ab2456395d1749' was completed in 0.42 seconds with the score of 931.13 (17 unrouted), using 7910.32 CPU seconds and 110782 MB memory.
2026-09-12 18:20:23.998 INFO   [FD43DB\D4C6ED] Auto-router pass #303 on board '80c2b536b52d99bc89ab2456395d1749' was completed in 0.40 seconds with the score of 931.13 (17 unrouted), using 7910.32 CPU seconds and 110782 MB memory.
2026-09-12 18:20:24.411 INFO   [FD43DB\D4C6ED] Auto-router pass #304 on board '80c2b536b52d99bc89ab2456395d1749' was completed in 0.41 seconds with the score of 931.13 (17 unrouted), using 8036.09 CPU seconds and 111676 MB memory.
2026-09-12 18:20:24.809 INFO   [FD43DB\D4C6ED] Auto-router pass #305 on board '80c2b536b52d99bc89ab2456395d1749' was completed in 0.39 seconds with the score of 931.13 (17 unrouted), using 8036.09 CPU seconds and 111676 MB memory.
2026-09-12 18:20:25.172 INFO   [FD43DB\D4C6ED] Auto-router pass #306 on board '80c2b536b52d99bc89ab2456395d1749' was completed in 0.36 seconds with the score of 931.13 (17 unrouted), using 8036.09 CPU seconds and 111676 MB memory.
2026-09-12 18:20:25.539 INFO   [FD43DB\D4C6ED] Auto-router pass #307 on board '80c2b536b52d99bc89ab2456395d1749' was completed in 0.36 seconds with the score of 931.13 (17 unrouted), using 8162.86 CPU seconds and 112636 MB memory.
2026-09-12 18:20:25.931 INFO   [FD43DB\D4C6ED] Auto-router pass #308 on board '80c2b536b52d99bc89ab2456395d1749' was completed in 0.39 seconds with the score of 931.13 (17 unrouted), using 8162.86 CPU seconds and 112636 MB memory.
2026-09-12 18:20:26.299 INFO   [FD43DB\D4C6ED] Auto-router pass #309 on board '80c2b536b52d99bc89ab2456395d1749' was completed in 0.36 seconds with the score of 931.13 (17 unrouted), using 8290.62 CPU seconds and 113608 MB memory.
2026-09-12 18:20:26.687 INFO   [FD43DB\D4C6ED] Auto-router pass #310 on board '80c2b536b52d99bc89ab2456395d1749' was completed in 0.38 seconds with the score of 931.13 (17 unrouted), using 8290.62 CPU seconds and 113608 MB memory.
2026-09-12 18:20:27.103 INFO   [FD43DB\D4C6ED] Auto-router pass #311 on board '80c2b536b52d99bc89ab2456395d1749' was completed in 0.41 seconds with the score of 931.13 (17 unrouted), using 8290.62 CPU seconds and 113608 MB memory.
2026-09-12 18:20:27.540 INFO   [FD43DB\D4C6ED] Auto-router pass #312 on board '80c2b536b52d99bc89ab2456395d1749' was completed in 0.43 seconds with the score of 931.13 (17 unrouted), using 8419.38 CPU seconds and 114503 MB memory.
2026-09-12 18:20:27.951 INFO   [FD43DB\D4C6ED] Auto-router pass #313 on board '80c2b536b52d99bc89ab2456395d1749' was completed in 0.41 seconds with the score of 931.13 (17 unrouted), using 8419.38 CPU seconds and 114503 MB memory.
2026-09-12 18:20:28.341 INFO   [FD43DB\D4C6ED] Auto-router pass #314 on board '80c2b536b52d99bc89ab2456395d1749' was completed in 0.38 seconds with the score of 931.13 (17 unrouted), using 8549.12 CPU seconds and 115396 MB memory.
2026-09-12 18:20:28.743 INFO   [FD43DB\D4C6ED] Auto-router pass #315 on board '80c2b536b52d99bc89ab2456395d1749' was completed in 0.40 seconds with the score of 931.13 (17 unrouted), using 8549.12 CPU seconds and 115396 MB memory.
2026-09-12 18:20:29.170 INFO   [FD43DB\D4C6ED] Auto-router pass #316 on board '80c2b536b52d99bc89ab2456395d1749' was completed in 0.42 seconds with the score of 931.13 (17 unrouted), using 8549.12 CPU seconds and 115396 MB memory.
2026-09-12 18:20:29.575 INFO   [FD43DB\D4C6ED] Auto-router pass #317 on board '80c2b536b52d99bc89ab2456395d1749' was completed in 0.40 seconds with the score of 931.13 (17 unrouted), using 8679.85 CPU seconds and 116289 MB memory.
2026-09-12 18:20:29.954 INFO   [FD43DB\D4C6ED] Auto-router pass #318 on board '80c2b536b52d99bc89ab2456395d1749' was completed in 0.37 seconds with the score of 931.13 (17 unrouted), using 8679.85 CPU seconds and 116289 MB memory.
2026-09-12 18:20:30.357 INFO   [FD43DB\D4C6ED] Auto-router pass #319 on board '80c2b536b52d99bc89ab2456395d1749' was completed in 0.40 seconds with the score of 931.13 (17 unrouted), using 8811.58 CPU seconds and 117213 MB memory.
2026-09-12 18:20:30.659 INFO   [FD43DB\D4C6ED] Auto-router pass #320 on board '80c2b536b52d99bc89ab2456395d1749' was completed in 0.30 seconds with the score of 931.13 (17 unrouted), using 8811.58 CPU seconds and 117213 MB memory.
2026-09-12 18:20:30.982 INFO   [FD43DB\D4C6ED] Auto-router pass #321 on board '80c2b536b52d99bc89ab2456395d1749' was completed in 0.32 seconds with the score of 931.13 (17 unrouted), using 8811.58 CPU seconds and 117213 MB memory.
2026-09-12 18:20:31.353 INFO   [FD43DB\D4C6ED] Auto-router pass #322 on board '80c2b536b52d99bc89ab2456395d1749' was completed in 0.37 seconds with the score of 931.13 (17 unrouted), using 8944.30 CPU seconds and 118312 MB memory.
2026-09-12 18:20:31.785 INFO   [FD43DB\D4C6ED] Auto-router pass #323 on board '80c2b536b52d99bc89ab2456395d1749' was completed in 0.43 seconds with the score of 931.13 (17 unrouted), using 8944.30 CPU seconds and 118312 MB memory.
2026-09-12 18:20:32.187 INFO   [FD43DB\D4C6ED] Auto-router pass #324 on board '80c2b536b52d99bc89ab2456395d1749' was completed in 0.40 seconds with the score of 931.13 (17 unrouted), using 8944.30 CPU seconds and 118312 MB memory.
2026-09-12 18:20:32.574 INFO   [FD43DB\D4C6ED] Auto-router pass #325 on board '80c2b536b52d99bc89ab2456395d1749' was completed in 0.38 seconds with the score of 931.13 (17 unrouted), using 9078.01 CPU seconds and 119221 MB memory.
2026-09-12 18:20:32.976 INFO   [FD43DB\D4C6ED] Auto-router pass #326 on board '80c2b536b52d99bc89ab2456395d1749' was completed in 0.40 seconds with the score of 931.13 (17 unrouted), using 9078.01 CPU seconds and 119221 MB memory.
2026-09-12 18:20:33.372 INFO   [FD43DB\D4C6ED] Auto-router pass #327 on board '80c2b536b52d99bc89ab2456395d1749' was completed in 0.39 seconds with the score of 931.13 (17 unrouted), using 9212.71 CPU seconds and 120127 MB memory.
2026-09-12 18:20:33.819 INFO   [FD43DB\D4C6ED] Auto-router pass #328 on board '80c2b536b52d99bc89ab2456395d1749' was completed in 0.44 seconds with the score of 931.13 (17 unrouted), using 9212.71 CPU seconds and 120127 MB memory.
2026-09-12 18:20:34.223 INFO   [FD43DB\D4C6ED] Auto-router pass #329 on board '80c2b536b52d99bc89ab2456395d1749' was completed in 0.40 seconds with the score of 931.13 (17 unrouted), using 9212.71 CPU seconds and 120127 MB memory.
2026-09-12 18:20:34.606 INFO   [FD43DB\D4C6ED] Auto-router pass #330 on board '80c2b536b52d99bc89ab2456395d1749' was completed in 0.38 seconds with the score of 931.13 (17 unrouted), using 9348.40 CPU seconds and 121010 MB memory.
2026-09-12 18:20:34.996 INFO   [FD43DB\D4C6ED] Auto-router pass #331 on board '80c2b536b52d99bc89ab2456395d1749' was completed in 0.39 seconds with the score of 931.13 (17 unrouted), using 9348.40 CPU seconds and 121010 MB memory.
2026-09-12 18:20:35.405 INFO   [FD43DB\D4C6ED] Auto-router pass #332 on board '80c2b536b52d99bc89ab2456395d1749' was completed in 0.40 seconds with the score of 931.13 (17 unrouted), using 9485.07 CPU seconds and 121940 MB memory.
2026-09-12 18:20:35.810 INFO   [FD43DB\D4C6ED] Auto-router pass #333 on board '80c2b536b52d99bc89ab2456395d1749' was completed in 0.40 seconds with the score of 931.13 (17 unrouted), using 9485.07 CPU seconds and 121940 MB memory.
2026-09-12 18:20:36.205 INFO   [FD43DB\D4C6ED] Auto-router pass #334 on board '80c2b536b52d99bc89ab2456395d1749' was completed in 0.39 seconds with the score of 931.13 (17 unrouted), using 9485.07 CPU seconds and 121940 MB memory.
2026-09-12 18:20:36.602 INFO   [FD43DB\D4C6ED] Auto-router pass #335 on board '80c2b536b52d99bc89ab2456395d1749' was completed in 0.39 seconds with the score of 931.13 (17 unrouted), using 9622.74 CPU seconds and 122849 MB memory.
2026-09-12 18:20:37.031 INFO   [FD43DB\D4C6ED] Auto-router pass #336 on board '80c2b536b52d99bc89ab2456395d1749' was completed in 0.42 seconds with the score of 931.13 (17 unrouted), using 9622.74 CPU seconds and 122849 MB memory.
2026-09-12 18:20:37.436 INFO   [FD43DB\D4C6ED] Auto-router pass #337 on board '80c2b536b52d99bc89ab2456395d1749' was completed in 0.40 seconds with the score of 931.13 (17 unrouted), using 9761.41 CPU seconds and 123741 MB memory.
2026-09-12 18:20:37.832 INFO   [FD43DB\D4C6ED] Auto-router pass #338 on board '80c2b536b52d99bc89ab2456395d1749' was completed in 0.39 seconds with the score of 931.13 (17 unrouted), using 9761.41 CPU seconds and 123741 MB memory.
2026-09-12 18:20:38.222 INFO   [FD43DB\D4C6ED] Auto-router pass #339 on board '80c2b536b52d99bc89ab2456395d1749' was completed in 0.39 seconds with the score of 931.13 (17 unrouted), using 9761.41 CPU seconds and 123741 MB memory.
2026-09-12 18:20:38.658 INFO   [FD43DB\D4C6ED] Auto-router pass #340 on board '80c2b536b52d99bc89ab2456395d1749' was completed in 0.43 seconds with the score of 931.13 (17 unrouted), using 9901.06 CPU seconds and 124651 MB memory.
2026-09-12 18:20:39.037 INFO   [FD43DB\D4C6ED] Auto-router pass #341 on board '80c2b536b52d99bc89ab2456395d1749' was completed in 0.38 seconds with the score of 931.13 (17 unrouted), using 9901.06 CPU seconds and 124651 MB memory.
2026-09-12 18:20:39.454 INFO   [FD43DB\D4C6ED] Auto-router pass #342 on board '80c2b536b52d99bc89ab2456395d1749' was completed in 0.41 seconds with the score of 931.13 (17 unrouted), using 10041.71 CPU seconds and 125554 MB memory.
2026-09-12 18:20:39.861 INFO   [FD43DB\D4C6ED] Auto-router pass #343 on board '80c2b536b52d99bc89ab2456395d1749' was completed in 0.40 seconds with the score of 931.13 (17 unrouted), using 10041.71 CPU seconds and 125554 MB memory.
2026-09-12 18:20:40.291 INFO   [FD43DB\D4C6ED] Auto-router pass #344 on board '80c2b536b52d99bc89ab2456395d1749' was completed in 0.42 seconds with the score of 931.13 (17 unrouted), using 10041.71 CPU seconds and 125554 MB memory.
2026-09-12 18:20:40.704 INFO   [FD43DB\D4C6ED] Auto-router pass #345 on board '80c2b536b52d99bc89ab2456395d1749' was completed in 0.41 seconds with the score of 931.13 (17 unrouted), using 10183.35 CPU seconds and 126435 MB memory.
2026-09-12 18:20:41.120 INFO   [FD43DB\D4C6ED] Auto-router pass #346 on board '80c2b536b52d99bc89ab2456395d1749' was completed in 0.41 seconds with the score of 931.13 (17 unrouted), using 10183.35 CPU seconds and 126435 MB memory.
2026-09-12 18:20:41.527 INFO   [FD43DB\D4C6ED] Auto-router pass #347 on board '80c2b536b52d99bc89ab2456395d1749' was completed in 0.40 seconds with the score of 931.13 (17 unrouted), using 10325.98 CPU seconds and 127309 MB memory.
2026-09-12 18:20:41.953 INFO   [FD43DB\D4C6ED] Auto-router pass #348 on board '80c2b536b52d99bc89ab2456395d1749' was completed in 0.42 seconds with the score of 931.13 (17 unrouted), using 10325.98 CPU seconds and 127309 MB memory.
2026-09-12 18:20:42.356 INFO   [FD43DB\D4C6ED] Auto-router pass #349 on board '80c2b536b52d99bc89ab2456395d1749' was completed in 0.40 seconds with the score of 931.13 (17 unrouted), using 10469.61 CPU seconds and 128208 MB memory.
2026-09-12 18:20:42.743 INFO   [FD43DB\D4C6ED] Auto-router pass #350 on board '80c2b536b52d99bc89ab2456395d1749' was completed in 0.38 seconds with the score of 931.13 (17 unrouted), using 10469.61 CPU seconds and 128208 MB memory.
2026-09-12 18:20:43.125 INFO   [FD43DB\D4C6ED] Auto-router pass #351 on board '80c2b536b52d99bc89ab2456395d1749' was completed in 0.38 seconds with the score of 931.13 (17 unrouted), using 10469.61 CPU seconds and 128208 MB memory.
2026-09-12 18:20:43.526 INFO   [FD43DB\D4C6ED] Auto-router pass #352 on board '80c2b536b52d99bc89ab2456395d1749' was completed in 0.40 seconds with the score of 931.13 (17 unrouted), using 10614.22 CPU seconds and 129141 MB memory.
2026-09-12 18:20:43.909 INFO   [FD43DB\D4C6ED] Auto-router pass #353 on board '80c2b536b52d99bc89ab2456395d1749' was completed in 0.38 seconds with the score of 931.13 (17 unrouted), using 10614.22 CPU seconds and 129141 MB memory.
2026-09-12 18:20:44.326 INFO   [FD43DB\D4C6ED] Auto-router pass #354 on board '80c2b536b52d99bc89ab2456395d1749' was completed in 0.41 seconds with the score of 931.13 (17 unrouted), using 10759.83 CPU seconds and 130069 MB memory.
2026-09-12 18:20:44.737 INFO   [FD43DB\D4C6ED] Auto-router pass #355 on board '80c2b536b52d99bc89ab2456395d1749' was completed in 0.40 seconds with the score of 931.13 (17 unrouted), using 10759.83 CPU seconds and 130069 MB memory.
2026-09-12 18:20:45.144 INFO   [FD43DB\D4C6ED] Auto-router pass #356 on board '80c2b536b52d99bc89ab2456395d1749' was completed in 0.40 seconds with the score of 931.13 (17 unrouted), using 10759.83 CPU seconds and 130069 MB memory.
2026-09-12 18:20:45.593 INFO   [FD43DB\D4C6ED] Auto-router pass #357 on board '80c2b536b52d99bc89ab2456395d1749' was completed in 0.44 seconds with the score of 931.13 (17 unrouted), using 10906.43 CPU seconds and 130946 MB memory.
2026-09-12 18:20:45.998 INFO   [FD43DB\D4C6ED] Auto-router pass #358 on board '80c2b536b52d99bc89ab2456395d1749' was completed in 0.40 seconds with the score of 931.13 (17 unrouted), using 10906.43 CPU seconds and 130946 MB memory.
2026-09-12 18:20:46.417 INFO   [FD43DB\D4C6ED] Auto-router pass #359 on board '80c2b536b52d99bc89ab2456395d1749' was completed in 0.41 seconds with the score of 931.13 (17 unrouted), using 11054.01 CPU seconds and 131800 MB memory.
2026-09-12 18:20:46.855 INFO   [FD43DB\D4C6ED] Auto-router pass #360 on board '80c2b536b52d99bc89ab2456395d1749' was completed in 0.43 seconds with the score of 931.13 (17 unrouted), using 11054.01 CPU seconds and 131800 MB memory.
2026-09-12 18:20:47.260 INFO   [FD43DB\D4C6ED] Auto-router pass #361 on board '80c2b536b52d99bc89ab2456395d1749' was completed in 0.40 seconds with the score of 931.13 (17 unrouted), using 11054.01 CPU seconds and 131800 MB memory.
2026-09-12 18:20:47.667 INFO   [FD43DB\D4C6ED] Auto-router pass #362 on board '80c2b536b52d99bc89ab2456395d1749' was completed in 0.40 seconds with the score of 931.13 (17 unrouted), using 11202.58 CPU seconds and 132686 MB memory.
2026-09-12 18:20:48.083 INFO   [FD43DB\D4C6ED] Auto-router pass #363 on board '80c2b536b52d99bc89ab2456395d1749' was completed in 0.41 seconds with the score of 931.13 (17 unrouted), using 11202.58 CPU seconds and 132686 MB memory.
2026-09-12 18:20:48.515 INFO   [FD43DB\D4C6ED] Auto-router pass #364 on board '80c2b536b52d99bc89ab2456395d1749' was completed in 0.43 seconds with the score of 931.13 (17 unrouted), using 11352.15 CPU seconds and 133589 MB memory.
2026-09-12 18:20:48.930 INFO   [FD43DB\D4C6ED] Auto-router pass #365 on board '80c2b536b52d99bc89ab2456395d1749' was completed in 0.41 seconds with the score of 931.13 (17 unrouted), using 11352.15 CPU seconds and 133589 MB memory.
2026-09-12 18:20:49.344 INFO   [FD43DB\D4C6ED] Auto-router pass #366 on board '80c2b536b52d99bc89ab2456395d1749' was completed in 0.41 seconds with the score of 931.13 (17 unrouted), using 11502.70 CPU seconds and 134438 MB memory.
2026-09-12 18:20:49.752 INFO   [FD43DB\D4C6ED] Auto-router pass #367 on board '80c2b536b52d99bc89ab2456395d1749' was completed in 0.40 seconds with the score of 931.13 (17 unrouted), using 11502.70 CPU seconds and 134438 MB memory.
2026-09-12 18:20:50.134 INFO   [FD43DB\D4C6ED] Auto-router pass #368 on board '80c2b536b52d99bc89ab2456395d1749' was completed in 0.38 seconds with the score of 931.13 (17 unrouted), using 11502.70 CPU seconds and 134438 MB memory.
2026-09-12 18:20:50.455 INFO   [FD43DB\D4C6ED] Auto-router pass #369 on board '80c2b536b52d99bc89ab2456395d1749' was completed in 0.32 seconds with the score of 931.13 (17 unrouted), using 11654.25 CPU seconds and 135435 MB memory.
2026-09-12 18:20:50.854 INFO   [FD43DB\D4C6ED] Auto-router pass #370 on board '80c2b536b52d99bc89ab2456395d1749' was completed in 0.39 seconds with the score of 931.13 (17 unrouted), using 11654.25 CPU seconds and 135435 MB memory.
2026-09-12 18:20:51.220 INFO   [FD43DB\D4C6ED] Auto-router pass #371 on board '80c2b536b52d99bc89ab2456395d1749' was completed in 0.36 seconds with the score of 931.13 (17 unrouted), using 11654.25 CPU seconds and 135435 MB memory.
2026-09-12 18:20:51.714 INFO   [FD43DB\D4C6ED] Auto-router pass #372 on board '80c2b536b52d99bc89ab2456395d1749' was completed in 0.49 seconds with the score of 931.13 (17 unrouted), using 11806.79 CPU seconds and 136363 MB memory.
2026-09-12 18:20:52.091 INFO   [FD43DB\D4C6ED] Auto-router pass #373 on board '80c2b536b52d99bc89ab2456395d1749' was completed in 0.37 seconds with the score of 931.13 (17 unrouted), using 11806.79 CPU seconds and 136363 MB memory.
2026-09-12 18:20:52.488 INFO   [FD43DB\D4C6ED] Auto-router pass #374 on board '80c2b536b52d99bc89ab2456395d1749' was completed in 0.39 seconds with the score of 931.13 (17 unrouted), using 11960.33 CPU seconds and 137240 MB memory.
2026-09-12 18:20:52.907 INFO   [FD43DB\D4C6ED] Auto-router pass #375 on board '80c2b536b52d99bc89ab2456395d1749' was completed in 0.41 seconds with the score of 931.13 (17 unrouted), using 11960.33 CPU seconds and 137240 MB memory.
2026-09-12 18:20:53.310 INFO   [FD43DB\D4C6ED] Auto-router pass #376 on board '80c2b536b52d99bc89ab2456395d1749' was completed in 0.40 seconds with the score of 931.13 (17 unrouted), using 12114.85 CPU seconds and 138140 MB memory.
2026-09-12 18:20:53.722 INFO   [FD43DB\D4C6ED] Auto-router pass #377 on board '80c2b536b52d99bc89ab2456395d1749' was completed in 0.41 seconds with the score of 931.13 (17 unrouted), using 12114.85 CPU seconds and 138140 MB memory.
2026-09-12 18:20:54.135 INFO   [FD43DB\D4C6ED] Auto-router pass #378 on board '80c2b536b52d99bc89ab2456395d1749' was completed in 0.41 seconds with the score of 931.13 (17 unrouted), using 12114.85 CPU seconds and 138140 MB memory.
2026-09-12 18:20:54.448 INFO   [FD43DB\D4C6ED] Auto-router pass #379 on board '80c2b536b52d99bc89ab2456395d1749' was completed in 0.31 seconds with the score of 931.13 (17 unrouted), using 12270.37 CPU seconds and 139044 MB memory.
2026-09-12 18:20:54.743 INFO   [FD43DB\D4C6ED] Auto-router pass #380 on board '80c2b536b52d99bc89ab2456395d1749' was completed in 0.29 seconds with the score of 931.13 (17 unrouted), using 12270.37 CPU seconds and 139044 MB memory.
2026-09-12 18:20:55.020 INFO   [FD43DB\D4C6ED] Auto-router pass #381 on board '80c2b536b52d99bc89ab2456395d1749' was completed in 0.27 seconds with the score of 931.13 (17 unrouted), using 12270.37 CPU seconds and 139044 MB memory.
2026-09-12 18:20:55.306 INFO   [FD43DB\D4C6ED] Auto-router pass #382 on board '80c2b536b52d99bc89ab2456395d1749' was completed in 0.28 seconds with the score of 931.13 (17 unrouted), using 12270.37 CPU seconds and 139044 MB memory.
2026-09-12 18:20:55.589 INFO   [FD43DB\D4C6ED] Auto-router pass #383 on board '80c2b536b52d99bc89ab2456395d1749' was completed in 0.28 seconds with the score of 931.13 (17 unrouted), using 12426.88 CPU seconds and 140330 MB memory.
2026-09-12 18:20:55.884 INFO   [FD43DB\D4C6ED] Auto-router pass #384 on board '80c2b536b52d99bc89ab2456395d1749' was completed in 0.29 seconds with the score of 931.13 (17 unrouted), using 12426.88 CPU seconds and 140330 MB memory.
2026-09-12 18:20:56.172 INFO   [FD43DB\D4C6ED] Auto-router pass #385 on board '80c2b536b52d99bc89ab2456395d1749' was completed in 0.28 seconds with the score of 931.13 (17 unrouted), using 12426.88 CPU seconds and 140330 MB memory.
2026-09-12 18:20:56.460 INFO   [FD43DB\D4C6ED] Auto-router pass #386 on board '80c2b536b52d99bc89ab2456395d1749' was completed in 0.28 seconds with the score of 931.13 (17 unrouted), using 12584.37 CPU seconds and 141598 MB memory.
2026-09-12 18:20:56.741 INFO   [FD43DB\D4C6ED] Auto-router pass #387 on board '80c2b536b52d99bc89ab2456395d1749' was completed in 0.28 seconds with the score of 931.13 (17 unrouted), using 12584.37 CPU seconds and 141598 MB memory.
2026-09-12 18:20:57.052 INFO   [FD43DB\D4C6ED] Auto-router pass #388 on board '80c2b536b52d99bc89ab2456395d1749' was completed in 0.31 seconds with the score of 931.13 (17 unrouted), using 12584.37 CPU seconds and 141598 MB memory.
2026-09-12 18:20:57.331 INFO   [FD43DB\D4C6ED] Auto-router pass #389 on board '80c2b536b52d99bc89ab2456395d1749' was completed in 0.28 seconds with the score of 931.13 (17 unrouted), using 12742.86 CPU seconds and 142864 MB memory.
2026-09-12 18:20:57.612 INFO   [FD43DB\D4C6ED] Auto-router pass #390 on board '80c2b536b52d99bc89ab2456395d1749' was completed in 0.28 seconds with the score of 931.13 (17 unrouted), using 12742.86 CPU seconds and 142864 MB memory.
2026-09-12 18:20:57.894 INFO   [FD43DB\D4C6ED] Auto-router pass #391 on board '80c2b536b52d99bc89ab2456395d1749' was completed in 0.28 seconds with the score of 931.13 (17 unrouted), using 12742.86 CPU seconds and 142864 MB memory.
2026-09-12 18:20:58.188 INFO   [FD43DB\D4C6ED] Auto-router pass #392 on board '80c2b536b52d99bc89ab2456395d1749' was completed in 0.29 seconds with the score of 931.13 (17 unrouted), using 12742.86 CPU seconds and 142864 MB memory.
2026-09-12 18:20:58.522 INFO   [FD43DB\D4C6ED] Auto-router pass #393 on board '80c2b536b52d99bc89ab2456395d1749' was completed in 0.33 seconds with the score of 931.13 (17 unrouted), using 12902.34 CPU seconds and 144109 MB memory.
2026-09-12 18:20:58.800 INFO   [FD43DB\D4C6ED] Auto-router pass #394 on board '80c2b536b52d99bc89ab2456395d1749' was completed in 0.28 seconds with the score of 931.13 (17 unrouted), using 12902.34 CPU seconds and 144109 MB memory.
2026-09-12 18:20:59.082 INFO   [FD43DB\D4C6ED] Auto-router pass #395 on board '80c2b536b52d99bc89ab2456395d1749' was completed in 0.28 seconds with the score of 931.13 (17 unrouted), using 12902.34 CPU seconds and 144109 MB memory.
2026-09-12 18:20:59.377 INFO   [FD43DB\D4C6ED] Auto-router pass #396 on board '80c2b536b52d99bc89ab2456395d1749' was completed in 0.29 seconds with the score of 931.13 (17 unrouted), using 13062.81 CPU seconds and 145369 MB memory.
2026-09-12 18:20:59.656 INFO   [FD43DB\D4C6ED] Auto-router pass #397 on board '80c2b536b52d99bc89ab2456395d1749' was completed in 0.28 seconds with the score of 931.13 (17 unrouted), using 13062.81 CPU seconds and 145369 MB memory.
2026-09-12 18:20:59.946 INFO   [FD43DB\D4C6ED] Auto-router pass #398 on board '80c2b536b52d99bc89ab2456395d1749' was completed in 0.29 seconds with the score of 931.13 (17 unrouted), using 13062.81 CPU seconds and 145369 MB memory.
2026-09-12 18:21:00.227 INFO   [FD43DB\D4C6ED] Auto-router pass #399 on board '80c2b536b52d99bc89ab2456395d1749' was completed in 0.28 seconds with the score of 931.13 (17 unrouted), using 13062.81 CPU seconds and 145369 MB memory.
2026-09-12 18:21:00.524 INFO   [FD43DB\D4C6ED] Auto-router pass #400 on board '80c2b536b52d99bc89ab2456395d1749' was completed in 0.29 seconds with the score of 931.13 (17 unrouted), using 13224.27 CPU seconds and 146652 MB memory.
2026-09-12 18:21:00.809 INFO   [FD43DB\D4C6ED] Auto-router pass #401 on board '80c2b536b52d99bc89ab2456395d1749' was completed in 0.28 seconds with the score of 931.13 (17 unrouted), using 13224.27 CPU seconds and 146652 MB memory.
2026-09-12 18:21:01.089 INFO   [FD43DB\D4C6ED] Auto-router pass #402 on board '80c2b536b52d99bc89ab2456395d1749' was completed in 0.28 seconds with the score of 931.13 (17 unrouted), using 13224.27 CPU seconds and 146652 MB memory.
2026-09-12 18:21:01.367 INFO   [FD43DB\D4C6ED] Auto-router pass #403 on board '80c2b536b52d99bc89ab2456395d1749' was completed in 0.28 seconds with the score of 931.13 (17 unrouted), using 13386.71 CPU seconds and 147938 MB memory.
2026-09-12 18:21:01.658 INFO   [FD43DB\D4C6ED] Auto-router pass #404 on board '80c2b536b52d99bc89ab2456395d1749' was completed in 0.29 seconds with the score of 931.13 (17 unrouted), using 13386.71 CPU seconds and 147938 MB memory.
2026-09-12 18:21:01.935 INFO   [FD43DB\D4C6ED] Auto-router pass #405 on board '80c2b536b52d99bc89ab2456395d1749' was completed in 0.27 seconds with the score of 931.13 (17 unrouted), using 13386.71 CPU seconds and 147938 MB memory.
2026-09-12 18:21:02.225 INFO   [FD43DB\D4C6ED] Auto-router pass #406 on board '80c2b536b52d99bc89ab2456395d1749' was completed in 0.29 seconds with the score of 931.13 (17 unrouted), using 13386.71 CPU seconds and 147938 MB memory.
2026-09-12 18:21:02.506 INFO   [FD43DB\D4C6ED] Auto-router pass #407 on board '80c2b536b52d99bc89ab2456395d1749' was completed in 0.28 seconds with the score of 931.13 (17 unrouted), using 13550.15 CPU seconds and 149222 MB memory.
2026-09-12 18:21:02.795 INFO   [FD43DB\D4C6ED] Auto-router pass #408 on board '80c2b536b52d99bc89ab2456395d1749' was completed in 0.29 seconds with the score of 931.13 (17 unrouted), using 13550.15 CPU seconds and 149222 MB memory.
2026-09-12 18:21:03.083 INFO   [FD43DB\D4C6ED] Auto-router pass #409 on board '80c2b536b52d99bc89ab2456395d1749' was completed in 0.28 seconds with the score of 931.13 (17 unrouted), using 13550.15 CPU seconds and 149222 MB memory.
2026-09-12 18:21:03.363 INFO   [FD43DB\D4C6ED] Auto-router pass #410 on board '80c2b536b52d99bc89ab2456395d1749' was completed in 0.28 seconds with the score of 931.13 (17 unrouted), using 13714.57 CPU seconds and 150506 MB memory.
2026-09-12 18:21:03.641 INFO   [FD43DB\D4C6ED] Auto-router pass #411 on board '80c2b536b52d99bc89ab2456395d1749' was completed in 0.28 seconds with the score of 931.13 (17 unrouted), using 13714.57 CPU seconds and 150506 MB memory.
2026-09-12 18:21:03.936 INFO   [FD43DB\D4C6ED] Auto-router pass #412 on board '80c2b536b52d99bc89ab2456395d1749' was completed in 0.29 seconds with the score of 931.13 (17 unrouted), using 13714.57 CPU seconds and 150506 MB memory.
2026-09-12 18:21:04.209 INFO   [FD43DB\D4C6ED] Auto-router pass #413 on board '80c2b536b52d99bc89ab2456395d1749' was completed in 0.27 seconds with the score of 931.13 (17 unrouted), using 13714.57 CPU seconds and 150506 MB memory.
2026-09-12 18:21:04.490 INFO   [FD43DB\D4C6ED] Auto-router pass #414 on board '80c2b536b52d99bc89ab2456395d1749' was completed in 0.28 seconds with the score of 931.13 (17 unrouted), using 13879.98 CPU seconds and 151809 MB memory.
2026-09-12 18:21:04.828 INFO   [FD43DB\D4C6ED] Auto-router pass #415 on board '80c2b536b52d99bc89ab2456395d1749' was completed in 0.34 seconds with the score of 931.13 (17 unrouted), using 13879.98 CPU seconds and 151809 MB memory.
2026-09-12 18:21:05.125 INFO   [FD43DB\D4C6ED] Auto-router pass #416 on board '80c2b536b52d99bc89ab2456395d1749' was completed in 0.29 seconds with the score of 931.13 (17 unrouted), using 13879.98 CPU seconds and 151809 MB memory.
2026-09-12 18:21:05.408 INFO   [FD43DB\D4C6ED] Auto-router pass #417 on board '80c2b536b52d99bc89ab2456395d1749' was completed in 0.28 seconds with the score of 931.13 (17 unrouted), using 14046.39 CPU seconds and 153015 MB memory.
2026-09-12 18:21:05.688 INFO   [FD43DB\D4C6ED] Auto-router pass #418 on board '80c2b536b52d99bc89ab2456395d1749' was completed in 0.28 seconds with the score of 931.13 (17 unrouted), using 14046.39 CPU seconds and 153015 MB memory.
2026-09-12 18:21:05.968 INFO   [FD43DB\D4C6ED] Auto-router pass #419 on board '80c2b536b52d99bc89ab2456395d1749' was completed in 0.28 seconds with the score of 931.13 (17 unrouted), using 14046.39 CPU seconds and 153015 MB memory.
2026-09-12 18:21:06.260 INFO   [FD43DB\D4C6ED] Auto-router pass #420 on board '80c2b536b52d99bc89ab2456395d1749' was completed in 0.29 seconds with the score of 931.13 (17 unrouted), using 14046.39 CPU seconds and 153015 MB memory.
2026-09-12 18:21:06.537 INFO   [FD43DB\D4C6ED] Auto-router pass #421 on board '80c2b536b52d99bc89ab2456395d1749' was completed in 0.27 seconds with the score of 931.13 (17 unrouted), using 14213.79 CPU seconds and 154311 MB memory.
2026-09-12 18:21:06.815 INFO   [FD43DB\D4C6ED] Auto-router pass #422 on board '80c2b536b52d99bc89ab2456395d1749' was completed in 0.28 seconds with the score of 931.13 (17 unrouted), using 14213.79 CPU seconds and 154311 MB memory.
2026-09-12 18:21:07.105 INFO   [FD43DB\D4C6ED] Auto-router pass #423 on board '80c2b536b52d99bc89ab2456395d1749' was completed in 0.29 seconds with the score of 931.13 (17 unrouted), using 14213.79 CPU seconds and 154311 MB memory.
2026-09-12 18:21:07.399 INFO   [FD43DB\D4C6ED] Auto-router pass #424 on board '80c2b536b52d99bc89ab2456395d1749' was completed in 0.29 seconds with the score of 931.13 (17 unrouted), using 14382.17 CPU seconds and 155593 MB memory.
2026-09-12 18:21:07.680 INFO   [FD43DB\D4C6ED] Auto-router pass #425 on board '80c2b536b52d99bc89ab2456395d1749' was completed in 0.28 seconds with the score of 931.13 (17 unrouted), using 14382.17 CPU seconds and 155593 MB memory.
2026-09-12 18:21:07.955 INFO   [FD43DB\D4C6ED] Auto-router pass #426 on board '80c2b536b52d99bc89ab2456395d1749' was completed in 0.27 seconds with the score of 931.13 (17 unrouted), using 14382.17 CPU seconds and 155593 MB memory.
2026-09-12 18:21:08.237 INFO   [FD43DB\D4C6ED] Auto-router pass #427 on board '80c2b536b52d99bc89ab2456395d1749' was completed in 0.28 seconds with the score of 931.13 (17 unrouted), using 14382.17 CPU seconds and 155593 MB memory.
2026-09-12 18:21:08.530 INFO   [FD43DB\D4C6ED] Auto-router pass #428 on board '80c2b536b52d99bc89ab2456395d1749' was completed in 0.29 seconds with the score of 931.13 (17 unrouted), using 14551.54 CPU seconds and 156890 MB memory.
2026-09-12 18:21:08.810 INFO   [FD43DB\D4C6ED] Auto-router pass #429 on board '80c2b536b52d99bc89ab2456395d1749' was completed in 0.28 seconds with the score of 931.13 (17 unrouted), using 14551.54 CPU seconds and 156890 MB memory.
2026-09-12 18:21:09.094 INFO   [FD43DB\D4C6ED] Auto-router pass #430 on board '80c2b536b52d99bc89ab2456395d1749' was completed in 0.28 seconds with the score of 931.13 (17 unrouted), using 14551.54 CPU seconds and 156890 MB memory.
2026-09-12 18:21:09.375 INFO   [FD43DB\D4C6ED] Auto-router pass #431 on board '80c2b536b52d99bc89ab2456395d1749' was completed in 0.28 seconds with the score of 931.13 (17 unrouted), using 14721.90 CPU seconds and 158176 MB memory.
2026-09-12 18:21:09.672 INFO   [FD43DB\D4C6ED] Auto-router pass #432 on board '80c2b536b52d99bc89ab2456395d1749' was completed in 0.29 seconds with the score of 931.13 (17 unrouted), using 14721.90 CPU seconds and 158176 MB memory.
2026-09-12 18:21:09.950 INFO   [FD43DB\D4C6ED] Auto-router pass #433 on board '80c2b536b52d99bc89ab2456395d1749' was completed in 0.28 seconds with the score of 931.13 (17 unrouted), using 14721.90 CPU seconds and 158176 MB memory.
2026-09-12 18:21:10.227 INFO   [FD43DB\D4C6ED] Auto-router pass #434 on board '80c2b536b52d99bc89ab2456395d1749' was completed in 0.27 seconds with the score of 931.13 (17 unrouted), using 14721.90 CPU seconds and 158176 MB memory.
2026-09-12 18:21:10.508 INFO   [FD43DB\D4C6ED] Auto-router pass #435 on board '80c2b536b52d99bc89ab2456395d1749' was completed in 0.28 seconds with the score of 931.13 (17 unrouted), using 14893.26 CPU seconds and 159471 MB memory.
2026-09-12 18:21:10.801 INFO   [FD43DB\D4C6ED] Auto-router pass #436 on board '80c2b536b52d99bc89ab2456395d1749' was completed in 0.29 seconds with the score of 931.13 (17 unrouted), using 14893.26 CPU seconds and 159471 MB memory.
2026-09-12 18:21:11.080 INFO   [FD43DB\D4C6ED] Auto-router pass #437 on board '80c2b536b52d99bc89ab2456395d1749' was completed in 0.28 seconds with the score of 931.13 (17 unrouted), using 14893.26 CPU seconds and 159471 MB memory.
2026-09-12 18:21:11.361 INFO   [FD43DB\D4C6ED] Auto-router pass #438 on board '80c2b536b52d99bc89ab2456395d1749' was completed in 0.28 seconds with the score of 931.13 (17 unrouted), using 15065.61 CPU seconds and 160761 MB memory.
2026-09-12 18:21:11.642 INFO   [FD43DB\D4C6ED] Auto-router pass #439 on board '80c2b536b52d99bc89ab2456395d1749' was completed in 0.28 seconds with the score of 931.13 (17 unrouted), using 15065.61 CPU seconds and 160761 MB memory.
2026-09-12 18:21:11.939 INFO   [FD43DB\D4C6ED] Auto-router pass #440 on board '80c2b536b52d99bc89ab2456395d1749' was completed in 0.29 seconds with the score of 931.13 (17 unrouted), using 15065.61 CPU seconds and 160761 MB memory.
2026-09-12 18:21:12.218 INFO   [FD43DB\D4C6ED] Auto-router pass #441 on board '80c2b536b52d99bc89ab2456395d1749' was completed in 0.28 seconds with the score of 931.13 (17 unrouted), using 15065.61 CPU seconds and 160761 MB memory.
2026-09-12 18:21:12.493 INFO   [FD43DB\D4C6ED] Auto-router pass #442 on board '80c2b536b52d99bc89ab2456395d1749' was completed in 0.27 seconds with the score of 931.13 (17 unrouted), using 15238.95 CPU seconds and 162052 MB memory.
2026-09-12 18:21:12.774 INFO   [FD43DB\D4C6ED] Auto-router pass #443 on board '80c2b536b52d99bc89ab2456395d1749' was completed in 0.28 seconds with the score of 931.13 (17 unrouted), using 15238.95 CPU seconds and 162052 MB memory.
2026-09-12 18:21:13.070 INFO   [FD43DB\D4C6ED] Auto-router pass #444 on board '80c2b536b52d99bc89ab2456395d1749' was completed in 0.29 seconds with the score of 931.13 (17 unrouted), using 15238.95 CPU seconds and 162052 MB memory.
2026-09-12 18:21:13.349 INFO   [FD43DB\D4C6ED] Auto-router pass #445 on board '80c2b536b52d99bc89ab2456395d1749' was completed in 0.28 seconds with the score of 931.13 (17 unrouted), using 15413.28 CPU seconds and 163344 MB memory.
2026-09-12 18:21:13.629 INFO   [FD43DB\D4C6ED] Auto-router pass #446 on board '80c2b536b52d99bc89ab2456395d1749' was completed in 0.28 seconds with the score of 931.13 (17 unrouted), using 15413.28 CPU seconds and 163344 MB memory.
2026-09-12 18:21:13.906 INFO   [FD43DB\D4C6ED] Auto-router pass #447 on board '80c2b536b52d99bc89ab2456395d1749' was completed in 0.27 seconds with the score of 931.13 (17 unrouted), using 15413.28 CPU seconds and 163344 MB memory.
2026-09-12 18:21:14.197 INFO   [FD43DB\D4C6ED] Auto-router pass #448 on board '80c2b536b52d99bc89ab2456395d1749' was completed in 0.29 seconds with the score of 931.13 (17 unrouted), using 15413.28 CPU seconds and 163344 MB memory.
2026-09-12 18:21:14.475 INFO   [FD43DB\D4C6ED] Auto-router pass #449 on board '80c2b536b52d99bc89ab2456395d1749' was completed in 0.28 seconds with the score of 931.13 (17 unrouted), using 15588.60 CPU seconds and 164645 MB memory.
2026-09-12 18:21:14.753 INFO   [FD43DB\D4C6ED] Auto-router pass #450 on board '80c2b536b52d99bc89ab2456395d1749' was completed in 0.27 seconds with the score of 931.13 (17 unrouted), using 15588.60 CPU seconds and 164645 MB memory.
2026-09-12 18:21:15.031 INFO   [FD43DB\D4C6ED] Auto-router pass #451 on board '80c2b536b52d99bc89ab2456395d1749' was completed in 0.28 seconds with the score of 931.13 (17 unrouted), using 15588.60 CPU seconds and 164645 MB memory.
2026-09-12 18:21:15.319 INFO   [FD43DB\D4C6ED] Auto-router pass #452 on board '80c2b536b52d99bc89ab2456395d1749' was completed in 0.28 seconds with the score of 931.13 (17 unrouted), using 15764.91 CPU seconds and 165951 MB memory.
2026-09-12 18:21:15.593 INFO   [FD43DB\D4C6ED] Auto-router pass #453 on board '80c2b536b52d99bc89ab2456395d1749' was completed in 0.27 seconds with the score of 931.13 (17 unrouted), using 15764.91 CPU seconds and 165951 MB memory.
2026-09-12 18:21:15.866 INFO   [FD43DB\D4C6ED] Auto-router pass #454 on board '80c2b536b52d99bc89ab2456395d1749' was completed in 0.27 seconds with the score of 931.13 (17 unrouted), using 15764.91 CPU seconds and 165951 MB memory.
2026-09-12 18:21:16.138 INFO   [FD43DB\D4C6ED] Auto-router pass #455 on board '80c2b536b52d99bc89ab2456395d1749' was completed in 0.27 seconds with the score of 931.13 (17 unrouted), using 15764.91 CPU seconds and 165951 MB memory.
2026-09-12 18:21:16.426 INFO   [FD43DB\D4C6ED] Auto-router pass #456 on board '80c2b536b52d99bc89ab2456395d1749' was completed in 0.28 seconds with the score of 931.13 (17 unrouted), using 15942.21 CPU seconds and 167275 MB memory.
2026-09-12 18:21:16.697 INFO   [FD43DB\D4C6ED] Auto-router pass #457 on board '80c2b536b52d99bc89ab2456395d1749' was completed in 0.27 seconds with the score of 931.13 (17 unrouted), using 15942.21 CPU seconds and 167275 MB memory.
2026-09-12 18:21:16.979 INFO   [FD43DB\D4C6ED] Auto-router pass #458 on board '80c2b536b52d99bc89ab2456395d1749' was completed in 0.28 seconds with the score of 931.13 (17 unrouted), using 15942.21 CPU seconds and 167275 MB memory.
2026-09-12 18:21:17.257 INFO   [FD43DB\D4C6ED] Auto-router pass #459 on board '80c2b536b52d99bc89ab2456395d1749' was completed in 0.28 seconds with the score of 931.13 (17 unrouted), using 15942.21 CPU seconds and 167275 MB memory.
2026-09-12 18:21:17.554 INFO   [FD43DB\D4C6ED] Auto-router pass #460 on board '80c2b536b52d99bc89ab2456395d1749' was completed in 0.29 seconds with the score of 931.13 (17 unrouted), using 16120.50 CPU seconds and 168572 MB memory.
2026-09-12 18:21:17.831 INFO   [FD43DB\D4C6ED] Auto-router pass #461 on board '80c2b536b52d99bc89ab2456395d1749' was completed in 0.28 seconds with the score of 931.13 (17 unrouted), using 16120.50 CPU seconds and 168572 MB memory.
2026-09-12 18:21:18.111 INFO   [FD43DB\D4C6ED] Auto-router pass #462 on board '80c2b536b52d99bc89ab2456395d1749' was completed in 0.28 seconds with the score of 931.13 (17 unrouted), using 16120.50 CPU seconds and 168572 MB memory.
2026-09-12 18:21:18.389 INFO   [FD43DB\D4C6ED] Auto-router pass #463 on board '80c2b536b52d99bc89ab2456395d1749' was completed in 0.27 seconds with the score of 931.13 (17 unrouted), using 16299.79 CPU seconds and 169873 MB memory.
2026-09-12 18:21:18.681 INFO   [FD43DB\D4C6ED] Auto-router pass #464 on board '80c2b536b52d99bc89ab2456395d1749' was completed in 0.29 seconds with the score of 931.13 (17 unrouted), using 16299.79 CPU seconds and 169873 MB memory.
2026-09-12 18:21:18.963 INFO   [FD43DB\D4C6ED] Auto-router pass #465 on board '80c2b536b52d99bc89ab2456395d1749' was completed in 0.28 seconds with the score of 931.13 (17 unrouted), using 16299.79 CPU seconds and 169873 MB memory.
2026-09-12 18:21:19.243 INFO   [FD43DB\D4C6ED] Auto-router pass #466 on board '80c2b536b52d99bc89ab2456395d1749' was completed in 0.28 seconds with the score of 931.13 (17 unrouted), using 16299.79 CPU seconds and 169873 MB memory.
2026-09-12 18:21:19.522 INFO   [FD43DB\D4C6ED] Auto-router pass #467 on board '80c2b536b52d99bc89ab2456395d1749' was completed in 0.28 seconds with the score of 931.13 (17 unrouted), using 16480.06 CPU seconds and 171162 MB memory.
2026-09-12 18:21:19.820 INFO   [FD43DB\D4C6ED] Auto-router pass #468 on board '80c2b536b52d99bc89ab2456395d1749' was completed in 0.29 seconds with the score of 931.13 (17 unrouted), using 16480.06 CPU seconds and 171162 MB memory.
2026-09-12 18:21:20.096 INFO   [FD43DB\D4C6ED] Auto-router pass #469 on board '80c2b536b52d99bc89ab2456395d1749' was completed in 0.27 seconds with the score of 931.13 (17 unrouted), using 16480.06 CPU seconds and 171162 MB memory.
2026-09-12 18:21:20.373 INFO   [FD43DB\D4C6ED] Auto-router pass #470 on board '80c2b536b52d99bc89ab2456395d1749' was completed in 0.27 seconds with the score of 931.13 (17 unrouted), using 16661.33 CPU seconds and 172460 MB memory.
2026-09-12 18:21:20.642 INFO   [FD43DB\D4C6ED] Auto-router pass #471 on board '80c2b536b52d99bc89ab2456395d1749' was completed in 0.27 seconds with the score of 931.13 (17 unrouted), using 16661.33 CPU seconds and 172460 MB memory.
2026-09-12 18:21:20.926 INFO   [FD43DB\D4C6ED] Auto-router pass #472 on board '80c2b536b52d99bc89ab2456395d1749' was completed in 0.28 seconds with the score of 931.13 (17 unrouted), using 16661.33 CPU seconds and 172460 MB memory.
2026-09-12 18:21:21.201 INFO   [FD43DB\D4C6ED] Auto-router pass #473 on board '80c2b536b52d99bc89ab2456395d1749' was completed in 0.27 seconds with the score of 931.13 (17 unrouted), using 16661.33 CPU seconds and 172460 MB memory.
2026-09-12 18:21:21.472 INFO   [FD43DB\D4C6ED] Auto-router pass #474 on board '80c2b536b52d99bc89ab2456395d1749' was completed in 0.27 seconds with the score of 931.13 (17 unrouted), using 16843.59 CPU seconds and 173790 MB memory.
2026-09-12 18:21:21.743 INFO   [FD43DB\D4C6ED] Auto-router pass #475 on board '80c2b536b52d99bc89ab2456395d1749' was completed in 0.27 seconds with the score of 931.13 (17 unrouted), using 16843.59 CPU seconds and 173790 MB memory.
2026-09-12 18:21:22.034 INFO   [FD43DB\D4C6ED] Auto-router pass #476 on board '80c2b536b52d99bc89ab2456395d1749' was completed in 0.29 seconds with the score of 931.13 (17 unrouted), using 16843.59 CPU seconds and 173790 MB memory.
2026-09-12 18:21:22.315 INFO   [FD43DB\D4C6ED] Auto-router pass #477 on board '80c2b536b52d99bc89ab2456395d1749' was completed in 0.28 seconds with the score of 931.13 (17 unrouted), using 16843.59 CPU seconds and 173790 MB memory.
2026-09-12 18:21:22.595 INFO   [FD43DB\D4C6ED] Auto-router pass #478 on board '80c2b536b52d99bc89ab2456395d1749' was completed in 0.28 seconds with the score of 931.13 (17 unrouted), using 17026.84 CPU seconds and 175103 MB memory.
2026-09-12 18:21:22.872 INFO   [FD43DB\D4C6ED] Auto-router pass #479 on board '80c2b536b52d99bc89ab2456395d1749' was completed in 0.27 seconds with the score of 931.13 (17 unrouted), using 17026.84 CPU seconds and 175103 MB memory.
2026-09-12 18:21:23.162 INFO   [FD43DB\D4C6ED] Auto-router pass #480 on board '80c2b536b52d99bc89ab2456395d1749' was completed in 0.29 seconds with the score of 931.13 (17 unrouted), using 17026.84 CPU seconds and 175103 MB memory.
2026-09-12 18:21:23.437 INFO   [FD43DB\D4C6ED] Auto-router pass #481 on board '80c2b536b52d99bc89ab2456395d1749' was completed in 0.27 seconds with the score of 931.13 (17 unrouted), using 17211.08 CPU seconds and 176406 MB memory.
2026-09-12 18:21:23.714 INFO   [FD43DB\D4C6ED] Auto-router pass #482 on board '80c2b536b52d99bc89ab2456395d1749' was completed in 0.27 seconds with the score of 931.13 (17 unrouted), using 17211.08 CPU seconds and 176406 MB memory.
2026-09-12 18:21:23.989 INFO   [FD43DB\D4C6ED] Auto-router pass #483 on board '80c2b536b52d99bc89ab2456395d1749' was completed in 0.27 seconds with the score of 931.13 (17 unrouted), using 17211.08 CPU seconds and 176406 MB memory.
2026-09-12 18:21:24.275 INFO   [FD43DB\D4C6ED] Auto-router pass #484 on board '80c2b536b52d99bc89ab2456395d1749' was completed in 0.28 seconds with the score of 931.13 (17 unrouted), using 17211.08 CPU seconds and 176406 MB memory.
2026-09-12 18:21:24.548 INFO   [FD43DB\D4C6ED] Auto-router pass #485 on board '80c2b536b52d99bc89ab2456395d1749' was completed in 0.27 seconds with the score of 931.13 (17 unrouted), using 17396.31 CPU seconds and 177727 MB memory.
2026-09-12 18:21:24.827 INFO   [FD43DB\D4C6ED] Auto-router pass #486 on board '80c2b536b52d99bc89ab2456395d1749' was completed in 0.28 seconds with the score of 931.13 (17 unrouted), using 17396.31 CPU seconds and 177727 MB memory.
2026-09-12 18:21:25.103 INFO   [FD43DB\D4C6ED] Auto-router pass #487 on board '80c2b536b52d99bc89ab2456395d1749' was completed in 0.27 seconds with the score of 931.13 (17 unrouted), using 17396.31 CPU seconds and 177727 MB memory.
2026-09-12 18:21:25.394 INFO   [FD43DB\D4C6ED] Auto-router pass #488 on board '80c2b536b52d99bc89ab2456395d1749' was completed in 0.29 seconds with the score of 931.13 (17 unrouted), using 17582.54 CPU seconds and 179032 MB memory.
2026-09-12 18:21:25.672 INFO   [FD43DB\D4C6ED] Auto-router pass #489 on board '80c2b536b52d99bc89ab2456395d1749' was completed in 0.27 seconds with the score of 931.13 (17 unrouted), using 17582.54 CPU seconds and 179032 MB memory.
2026-09-12 18:21:25.945 INFO   [FD43DB\D4C6ED] Auto-router pass #490 on board '80c2b536b52d99bc89ab2456395d1749' was completed in 0.27 seconds with the score of 931.13 (17 unrouted), using 17582.54 CPU seconds and 179032 MB memory.
2026-09-12 18:21:26.219 INFO   [FD43DB\D4C6ED] Auto-router pass #491 on board '80c2b536b52d99bc89ab2456395d1749' was completed in 0.27 seconds with the score of 931.13 (17 unrouted), using 17582.54 CPU seconds and 179032 MB memory.
2026-09-12 18:21:26.513 INFO   [FD43DB\D4C6ED] Auto-router pass #492 on board '80c2b536b52d99bc89ab2456395d1749' was completed in 0.29 seconds with the score of 931.13 (17 unrouted), using 17769.76 CPU seconds and 180349 MB memory.
2026-09-12 18:21:26.794 INFO   [FD43DB\D4C6ED] Auto-router pass #493 on board '80c2b536b52d99bc89ab2456395d1749' was completed in 0.28 seconds with the score of 931.13 (17 unrouted), using 17769.76 CPU seconds and 180349 MB memory.
2026-09-12 18:21:27.075 INFO   [FD43DB\D4C6ED] Auto-router pass #494 on board '80c2b536b52d99bc89ab2456395d1749' was completed in 0.28 seconds with the score of 931.13 (17 unrouted), using 17769.76 CPU seconds and 180349 MB memory.
2026-09-12 18:21:27.351 INFO   [FD43DB\D4C6ED] Auto-router pass #495 on board '80c2b536b52d99bc89ab2456395d1749' was completed in 0.27 seconds with the score of 931.13 (17 unrouted), using 17957.96 CPU seconds and 181643 MB memory.
2026-09-12 18:21:27.644 INFO   [FD43DB\D4C6ED] Auto-router pass #496 on board '80c2b536b52d99bc89ab2456395d1749' was completed in 0.29 seconds with the score of 931.13 (17 unrouted), using 17957.96 CPU seconds and 181643 MB memory.
2026-09-12 18:21:27.925 INFO   [FD43DB\D4C6ED] Auto-router pass #497 on board '80c2b536b52d99bc89ab2456395d1749' was completed in 0.28 seconds with the score of 931.13 (17 unrouted), using 17957.96 CPU seconds and 181643 MB memory.
2026-09-12 18:21:28.204 INFO   [FD43DB\D4C6ED] Auto-router pass #498 on board '80c2b536b52d99bc89ab2456395d1749' was completed in 0.28 seconds with the score of 931.13 (17 unrouted), using 17957.96 CPU seconds and 181643 MB memory.
2026-09-12 18:21:28.482 INFO   [FD43DB\D4C6ED] Auto-router pass #499 on board '80c2b536b52d99bc89ab2456395d1749' was completed in 0.27 seconds with the score of 931.13 (17 unrouted), using 18147.16 CPU seconds and 182936 MB memory.
2026-09-12 18:21:28.776 INFO   [FD43DB\D4C6ED] Auto-router pass #500 on board '80c2b536b52d99bc89ab2456395d1749' was completed in 0.29 seconds with the score of 931.13 (17 unrouted), using 18147.16 CPU seconds and 182936 MB memory.
2026-09-12 18:21:29.052 INFO   [FD43DB\D4C6ED] Auto-router pass #501 on board '80c2b536b52d99bc89ab2456395d1749' was completed in 0.27 seconds with the score of 931.13 (17 unrouted), using 18147.16 CPU seconds and 182936 MB memory.
2026-09-12 18:21:29.330 INFO   [FD43DB\D4C6ED] Auto-router pass #502 on board '80c2b536b52d99bc89ab2456395d1749' was completed in 0.28 seconds with the score of 931.13 (17 unrouted), using 18337.35 CPU seconds and 184234 MB memory.
2026-09-12 18:21:29.610 INFO   [FD43DB\D4C6ED] Auto-router pass #503 on board '80c2b536b52d99bc89ab2456395d1749' was completed in 0.28 seconds with the score of 931.13 (17 unrouted), using 18337.35 CPU seconds and 184234 MB memory.
2026-09-12 18:21:29.905 INFO   [FD43DB\D4C6ED] Auto-router pass #504 on board '80c2b536b52d99bc89ab2456395d1749' was completed in 0.29 seconds with the score of 931.13 (17 unrouted), using 18337.35 CPU seconds and 184234 MB memory.
2026-09-12 18:21:30.184 INFO   [FD43DB\D4C6ED] Auto-router pass #505 on board '80c2b536b52d99bc89ab2456395d1749' was completed in 0.28 seconds with the score of 931.13 (17 unrouted), using 18337.35 CPU seconds and 184234 MB memory.
2026-09-12 18:21:30.453 INFO   [FD43DB\D4C6ED] Auto-router pass #506 on board '80c2b536b52d99bc89ab2456395d1749' was completed in 0.27 seconds with the score of 931.13 (17 unrouted), using 18528.53 CPU seconds and 185529 MB memory.
2026-09-12 18:21:30.725 INFO   [FD43DB\D4C6ED] Auto-router pass #507 on board '80c2b536b52d99bc89ab2456395d1749' was completed in 0.27 seconds with the score of 931.13 (17 unrouted), using 18528.53 CPU seconds and 185529 MB memory.
2026-09-12 18:21:31.013 INFO   [FD43DB\D4C6ED] Auto-router pass #508 on board '80c2b536b52d99bc89ab2456395d1749' was completed in 0.28 seconds with the score of 931.13 (17 unrouted), using 18528.53 CPU seconds and 185529 MB memory.
2026-09-12 18:21:31.291 INFO   [FD43DB\D4C6ED] Auto-router pass #509 on board '80c2b536b52d99bc89ab2456395d1749' was completed in 0.28 seconds with the score of 931.13 (17 unrouted), using 18528.53 CPU seconds and 185529 MB memory.
2026-09-12 18:21:31.569 INFO   [FD43DB\D4C6ED] Auto-router pass #510 on board '80c2b536b52d99bc89ab2456395d1749' was completed in 0.27 seconds with the score of 931.13 (17 unrouted), using 18720.70 CPU seconds and 186850 MB memory.
2026-09-12 18:21:31.849 INFO   [FD43DB\D4C6ED] Auto-router pass #511 on board '80c2b536b52d99bc89ab2456395d1749' was completed in 0.28 seconds with the score of 931.13 (17 unrouted), using 18720.70 CPU seconds and 186850 MB memory.
2026-09-12 18:21:32.138 INFO   [FD43DB\D4C6ED] Auto-router pass #512 on board '80c2b536b52d99bc89ab2456395d1749' was completed in 0.29 seconds with the score of 931.13 (17 unrouted), using 18720.70 CPU seconds and 186850 MB memory.
2026-09-12 18:21:32.418 INFO   [FD43DB\D4C6ED] Auto-router pass #513 on board '80c2b536b52d99bc89ab2456395d1749' was completed in 0.28 seconds with the score of 931.13 (17 unrouted), using 18913.86 CPU seconds and 188149 MB memory.
2026-09-12 18:21:32.699 INFO   [FD43DB\D4C6ED] Auto-router pass #514 on board '80c2b536b52d99bc89ab2456395d1749' was completed in 0.28 seconds with the score of 931.13 (17 unrouted), using 18913.86 CPU seconds and 188149 MB memory.
2026-09-12 18:21:32.978 INFO   [FD43DB\D4C6ED] Auto-router pass #515 on board '80c2b536b52d99bc89ab2456395d1749' was completed in 0.28 seconds with the score of 931.13 (17 unrouted), using 18913.86 CPU seconds and 188149 MB memory.
2026-09-12 18:21:33.271 INFO   [FD43DB\D4C6ED] Auto-router pass #516 on board '80c2b536b52d99bc89ab2456395d1749' was completed in 0.29 seconds with the score of 931.13 (17 unrouted), using 18913.86 CPU seconds and 188149 MB memory.
2026-09-12 18:21:33.550 INFO   [FD43DB\D4C6ED] Auto-router pass #517 on board '80c2b536b52d99bc89ab2456395d1749' was completed in 0.28 seconds with the score of 931.13 (17 unrouted), using 19108.02 CPU seconds and 189443 MB memory.
2026-09-12 18:21:33.822 INFO   [FD43DB\D4C6ED] Auto-router pass #518 on board '80c2b536b52d99bc89ab2456395d1749' was completed in 0.27 seconds with the score of 931.13 (17 unrouted), using 19108.02 CPU seconds and 189443 MB memory.
2026-09-12 18:21:34.124 INFO   [FD43DB\D4C6ED] Auto-router pass #519 on board '80c2b536b52d99bc89ab2456395d1749' was completed in 0.30 seconds with the score of 931.13 (17 unrouted), using 19108.02 CPU seconds and 189443 MB memory.
2026-09-12 18:21:34.416 INFO   [FD43DB\D4C6ED] Auto-router pass #520 on board '80c2b536b52d99bc89ab2456395d1749' was completed in 0.29 seconds with the score of 931.13 (17 unrouted), using 19303.16 CPU seconds and 190723 MB memory.
2026-09-12 18:21:34.694 INFO   [FD43DB\D4C6ED] Auto-router pass #521 on board '80c2b536b52d99bc89ab2456395d1749' was completed in 0.27 seconds with the score of 931.13 (17 unrouted), using 19303.16 CPU seconds and 190723 MB memory.
2026-09-12 18:21:34.968 INFO   [FD43DB\D4C6ED] Auto-router pass #522 on board '80c2b536b52d99bc89ab2456395d1749' was completed in 0.27 seconds with the score of 931.13 (17 unrouted), using 19303.16 CPU seconds and 190723 MB memory.
2026-09-12 18:21:35.243 INFO   [FD43DB\D4C6ED] Auto-router pass #523 on board '80c2b536b52d99bc89ab2456395d1749' was completed in 0.27 seconds with the score of 931.13 (17 unrouted), using 19303.16 CPU seconds and 190723 MB memory.
2026-09-12 18:21:35.535 INFO   [FD43DB\D4C6ED] Auto-router pass #524 on board '80c2b536b52d99bc89ab2456395d1749' was completed in 0.29 seconds with the score of 931.13 (17 unrouted), using 19499.30 CPU seconds and 192031 MB memory.
2026-09-12 18:21:35.814 INFO   [FD43DB\D4C6ED] Auto-router pass #525 on board '80c2b536b52d99bc89ab2456395d1749' was completed in 0.27 seconds with the score of 931.13 (17 unrouted), using 19499.30 CPU seconds and 192031 MB memory.
2026-09-12 18:21:36.086 INFO   [FD43DB\D4C6ED] Auto-router pass #526 on board '80c2b536b52d99bc89ab2456395d1749' was completed in 0.27 seconds with the score of 931.13 (17 unrouted), using 19499.30 CPU seconds and 192031 MB memory.
2026-09-12 18:21:36.358 INFO   [FD43DB\D4C6ED] Auto-router pass #527 on board '80c2b536b52d99bc89ab2456395d1749' was completed in 0.27 seconds with the score of 931.13 (17 unrouted), using 19696.43 CPU seconds and 193344 MB memory.
2026-09-12 18:21:36.639 INFO   [FD43DB\D4C6ED] Auto-router pass #528 on board '80c2b536b52d99bc89ab2456395d1749' was completed in 0.28 seconds with the score of 931.13 (17 unrouted), using 19696.43 CPU seconds and 193344 MB memory.
2026-09-12 18:21:36.915 INFO   [FD43DB\D4C6ED] Auto-router pass #529 on board '80c2b536b52d99bc89ab2456395d1749' was completed in 0.27 seconds with the score of 931.13 (17 unrouted), using 19696.43 CPU seconds and 193344 MB memory.
2026-09-12 18:21:37.198 INFO   [FD43DB\D4C6ED] Auto-router pass #530 on board '80c2b536b52d99bc89ab2456395d1749' was completed in 0.28 seconds with the score of 931.13 (17 unrouted), using 19696.43 CPU seconds and 193344 MB memory.
2026-09-12 18:21:37.475 INFO   [FD43DB\D4C6ED] Auto-router pass #531 on board '80c2b536b52d99bc89ab2456395d1749' was completed in 0.27 seconds with the score of 931.13 (17 unrouted), using 19894.55 CPU seconds and 194658 MB memory.
2026-09-12 18:21:37.767 INFO   [FD43DB\D4C6ED] Auto-router pass #532 on board '80c2b536b52d99bc89ab2456395d1749' was completed in 0.29 seconds with the score of 931.13 (17 unrouted), using 19894.55 CPU seconds and 194658 MB memory.
2026-09-12 18:21:38.046 INFO   [FD43DB\D4C6ED] Auto-router pass #533 on board '80c2b536b52d99bc89ab2456395d1749' was completed in 0.28 seconds with the score of 931.13 (17 unrouted), using 19894.55 CPU seconds and 194658 MB memory.
2026-09-12 18:21:38.324 INFO   [FD43DB\D4C6ED] Auto-router pass #534 on board '80c2b536b52d99bc89ab2456395d1749' was completed in 0.28 seconds with the score of 931.13 (17 unrouted), using 20093.67 CPU seconds and 195957 MB memory.
2026-09-12 18:21:38.601 INFO   [FD43DB\D4C6ED] Auto-router pass #535 on board '80c2b536b52d99bc89ab2456395d1749' was completed in 0.27 seconds with the score of 931.13 (17 unrouted), using 20093.67 CPU seconds and 195957 MB memory.
2026-09-12 18:21:38.887 INFO   [FD43DB\D4C6ED] Auto-router pass #536 on board '80c2b536b52d99bc89ab2456395d1749' was completed in 0.28 seconds with the score of 931.13 (17 unrouted), using 20093.67 CPU seconds and 195957 MB memory.
2026-09-12 18:21:39.159 INFO   [FD43DB\D4C6ED] Auto-router pass #537 on board '80c2b536b52d99bc89ab2456395d1749' was completed in 0.27 seconds with the score of 931.13 (17 unrouted), using 20093.67 CPU seconds and 195957 MB memory.
2026-09-12 18:21:39.433 INFO   [FD43DB\D4C6ED] Auto-router pass #538 on board '80c2b536b52d99bc89ab2456395d1749' was completed in 0.27 seconds with the score of 931.13 (17 unrouted), using 20293.78 CPU seconds and 197277 MB memory.
2026-09-12 18:21:39.708 INFO   [FD43DB\D4C6ED] Auto-router pass #539 on board '80c2b536b52d99bc89ab2456395d1749' was completed in 0.27 seconds with the score of 931.13 (17 unrouted), using 20293.78 CPU seconds and 197277 MB memory.
2026-09-12 18:21:39.996 INFO   [FD43DB\D4C6ED] Auto-router pass #540 on board '80c2b536b52d99bc89ab2456395d1749' was completed in 0.28 seconds with the score of 931.13 (17 unrouted), using 20293.78 CPU seconds and 197277 MB memory.
2026-09-12 18:21:40.273 INFO   [FD43DB\D4C6ED] Auto-router pass #541 on board '80c2b536b52d99bc89ab2456395d1749' was completed in 0.27 seconds with the score of 931.13 (17 unrouted), using 20293.78 CPU seconds and 197277 MB memory.
2026-09-12 18:21:40.551 INFO   [FD43DB\D4C6ED] Auto-router pass #542 on board '80c2b536b52d99bc89ab2456395d1749' was completed in 0.27 seconds with the score of 931.13 (17 unrouted), using 20494.88 CPU seconds and 198591 MB memory.
2026-09-12 18:21:40.829 INFO   [FD43DB\D4C6ED] Auto-router pass #543 on board '80c2b536b52d99bc89ab2456395d1749' was completed in 0.28 seconds with the score of 931.13 (17 unrouted), using 20494.88 CPU seconds and 198591 MB memory.
2026-09-12 18:21:41.115 INFO   [FD43DB\D4C6ED] Auto-router pass #544 on board '80c2b536b52d99bc89ab2456395d1749' was completed in 0.28 seconds with the score of 931.13 (17 unrouted), using 20494.88 CPU seconds and 198591 MB memory.
2026-09-12 18:21:41.387 INFO   [FD43DB\D4C6ED] Auto-router pass #545 on board '80c2b536b52d99bc89ab2456395d1749' was completed in 0.27 seconds with the score of 931.13 (17 unrouted), using 20696.97 CPU seconds and 199906 MB memory.
2026-09-12 18:21:41.658 INFO   [FD43DB\D4C6ED] Auto-router pass #546 on board '80c2b536b52d99bc89ab2456395d1749' was completed in 0.27 seconds with the score of 931.13 (17 unrouted), using 20696.97 CPU seconds and 199906 MB memory.
2026-09-12 18:21:41.930 INFO   [FD43DB\D4C6ED] Auto-router pass #547 on board '80c2b536b52d99bc89ab2456395d1749' was completed in 0.27 seconds with the score of 931.13 (17 unrouted), using 20696.97 CPU seconds and 199906 MB memory.
2026-09-12 18:21:42.220 INFO   [FD43DB\D4C6ED] Auto-router pass #548 on board '80c2b536b52d99bc89ab2456395d1749' was completed in 0.29 seconds with the score of 931.13 (17 unrouted), using 20696.97 CPU seconds and 199906 MB memory.
2026-09-12 18:21:42.492 INFO   [FD43DB\D4C6ED] Auto-router pass #549 on board '80c2b536b52d99bc89ab2456395d1749' was completed in 0.27 seconds with the score of 931.13 (17 unrouted), using 20900.05 CPU seconds and 201231 MB memory.
2026-09-12 18:21:42.771 INFO   [FD43DB\D4C6ED] Auto-router pass #550 on board '80c2b536b52d99bc89ab2456395d1749' was completed in 0.27 seconds with the score of 931.13 (17 unrouted), using 20900.05 CPU seconds and 201231 MB memory.
2026-09-12 18:21:43.052 INFO   [FD43DB\D4C6ED] Auto-router pass #551 on board '80c2b536b52d99bc89ab2456395d1749' was completed in 0.28 seconds with the score of 931.13 (17 unrouted), using 20900.05 CPU seconds and 201231 MB memory.
2026-09-12 18:21:43.341 INFO   [FD43DB\D4C6ED] Auto-router pass #552 on board '80c2b536b52d99bc89ab2456395d1749' was completed in 0.29 seconds with the score of 931.13 (17 unrouted), using 21104.13 CPU seconds and 202531 MB memory.
2026-09-12 18:21:43.616 INFO   [FD43DB\D4C6ED] Auto-router pass #553 on board '80c2b536b52d99bc89ab2456395d1749' was completed in 0.27 seconds with the score of 931.13 (17 unrouted), using 21104.13 CPU seconds and 202531 MB memory.
2026-09-12 18:21:43.886 INFO   [FD43DB\D4C6ED] Auto-router pass #554 on board '80c2b536b52d99bc89ab2456395d1749' was completed in 0.27 seconds with the score of 931.13 (17 unrouted), using 21104.13 CPU seconds and 202531 MB memory.
2026-09-12 18:21:44.164 INFO   [FD43DB\D4C6ED] Auto-router pass #555 on board '80c2b536b52d99bc89ab2456395d1749' was completed in 0.28 seconds with the score of 931.13 (17 unrouted), using 21104.13 CPU seconds and 202531 MB memory.
2026-09-12 18:21:44.457 INFO   [FD43DB\D4C6ED] Auto-router pass #556 on board '80c2b536b52d99bc89ab2456395d1749' was completed in 0.29 seconds with the score of 931.13 (17 unrouted), using 21309.19 CPU seconds and 203848 MB memory.
2026-09-12 18:21:44.734 INFO   [FD43DB\D4C6ED] Auto-router pass #557 on board '80c2b536b52d99bc89ab2456395d1749' was completed in 0.27 seconds with the score of 931.13 (17 unrouted), using 21309.19 CPU seconds and 203848 MB memory.
2026-09-12 18:21:45.012 INFO   [FD43DB\D4C6ED] Auto-router pass #558 on board '80c2b536b52d99bc89ab2456395d1749' was completed in 0.27 seconds with the score of 931.13 (17 unrouted), using 21309.19 CPU seconds and 203848 MB memory.
2026-09-12 18:21:45.289 INFO   [FD43DB\D4C6ED] Auto-router pass #559 on board '80c2b536b52d99bc89ab2456395d1749' was completed in 0.27 seconds with the score of 931.13 (17 unrouted), using 21309.19 CPU seconds and 203848 MB memory.
2026-09-12 18:21:45.579 INFO   [FD43DB\D4C6ED] Auto-router pass #560 on board '80c2b536b52d99bc89ab2456395d1749' was completed in 0.29 seconds with the score of 931.13 (17 unrouted), using 21515.25 CPU seconds and 205153 MB memory.
2026-09-12 18:21:45.856 INFO   [FD43DB\D4C6ED] Auto-router pass #561 on board '80c2b536b52d99bc89ab2456395d1749' was completed in 0.27 seconds with the score of 931.13 (17 unrouted), using 21515.25 CPU seconds and 205153 MB memory.
2026-09-12 18:21:46.136 INFO   [FD43DB\D4C6ED] Auto-router pass #562 on board '80c2b536b52d99bc89ab2456395d1749' was completed in 0.28 seconds with the score of 931.13 (17 unrouted), using 21515.25 CPU seconds and 205153 MB memory.
2026-09-12 18:21:46.415 INFO   [FD43DB\D4C6ED] Auto-router pass #563 on board '80c2b536b52d99bc89ab2456395d1749' was completed in 0.28 seconds with the score of 931.13 (17 unrouted), using 21722.30 CPU seconds and 206451 MB memory.
2026-09-12 18:21:46.707 INFO   [FD43DB\D4C6ED] Auto-router pass #564 on board '80c2b536b52d99bc89ab2456395d1749' was completed in 0.29 seconds with the score of 931.13 (17 unrouted), using 21722.30 CPU seconds and 206451 MB memory.
2026-09-12 18:21:46.982 INFO   [FD43DB\D4C6ED] Auto-router pass #565 on board '80c2b536b52d99bc89ab2456395d1749' was completed in 0.27 seconds with the score of 931.13 (17 unrouted), using 21722.30 CPU seconds and 206451 MB memory.
2026-09-12 18:21:47.255 INFO   [FD43DB\D4C6ED] Auto-router pass #566 on board '80c2b536b52d99bc89ab2456395d1749' was completed in 0.27 seconds with the score of 931.13 (17 unrouted), using 21722.30 CPU seconds and 206451 MB memory.
2026-09-12 18:21:47.530 INFO   [FD43DB\D4C6ED] Auto-router pass #567 on board '80c2b536b52d99bc89ab2456395d1749' was completed in 0.27 seconds with the score of 931.13 (17 unrouted), using 21930.34 CPU seconds and 207766 MB memory.
2026-09-12 18:21:47.823 INFO   [FD43DB\D4C6ED] Auto-router pass #568 on board '80c2b536b52d99bc89ab2456395d1749' was completed in 0.29 seconds with the score of 931.13 (17 unrouted), using 21930.34 CPU seconds and 207766 MB memory.
2026-09-12 18:21:48.099 INFO   [FD43DB\D4C6ED] Auto-router pass #569 on board '80c2b536b52d99bc89ab2456395d1749' was completed in 0.27 seconds with the score of 931.13 (17 unrouted), using 21930.34 CPU seconds and 207766 MB memory.
2026-09-12 18:21:48.375 INFO   [FD43DB\D4C6ED] Auto-router pass #570 on board '80c2b536b52d99bc89ab2456395d1749' was completed in 0.27 seconds with the score of 931.13 (17 unrouted), using 22139.37 CPU seconds and 209072 MB memory.
2026-09-12 18:21:48.653 INFO   [FD43DB\D4C6ED] Auto-router pass #571 on board '80c2b536b52d99bc89ab2456395d1749' was completed in 0.27 seconds with the score of 931.13 (17 unrouted), using 22139.37 CPU seconds and 209072 MB memory.
2026-09-12 18:21:48.942 INFO   [FD43DB\D4C6ED] Auto-router pass #572 on board '80c2b536b52d99bc89ab2456395d1749' was completed in 0.28 seconds with the score of 931.13 (17 unrouted), using 22139.37 CPU seconds and 209072 MB memory.
2026-09-12 18:21:49.215 INFO   [FD43DB\D4C6ED] Auto-router pass #573 on board '80c2b536b52d99bc89ab2456395d1749' was completed in 0.27 seconds with the score of 931.13 (17 unrouted), using 22139.37 CPU seconds and 209072 MB memory.
2026-09-12 18:21:49.487 INFO   [FD43DB\D4C6ED] Auto-router pass #574 on board '80c2b536b52d99bc89ab2456395d1749' was completed in 0.27 seconds with the score of 931.13 (17 unrouted), using 22349.40 CPU seconds and 210389 MB memory.
2026-09-12 18:21:49.762 INFO   [FD43DB\D4C6ED] Auto-router pass #575 on board '80c2b536b52d99bc89ab2456395d1749' was completed in 0.27 seconds with the score of 931.13 (17 unrouted), using 22349.40 CPU seconds and 210389 MB memory.
2026-09-12 18:21:50.054 INFO   [FD43DB\D4C6ED] Auto-router pass #576 on board '80c2b536b52d99bc89ab2456395d1749' was completed in 0.29 seconds with the score of 931.13 (17 unrouted), using 22349.40 CPU seconds and 210389 MB memory.
2026-09-12 18:21:50.332 INFO   [FD43DB\D4C6ED] Auto-router pass #577 on board '80c2b536b52d99bc89ab2456395d1749' was completed in 0.27 seconds with the score of 931.13 (17 unrouted), using 22560.41 CPU seconds and 211698 MB memory.
2026-09-12 18:21:50.615 INFO   [FD43DB\D4C6ED] Auto-router pass #578 on board '80c2b536b52d99bc89ab2456395d1749' was completed in 0.28 seconds with the score of 931.13 (17 unrouted), using 22560.41 CPU seconds and 211698 MB memory.
2026-09-12 18:21:50.895 INFO   [FD43DB\D4C6ED] Auto-router pass #579 on board '80c2b536b52d99bc89ab2456395d1749' was completed in 0.28 seconds with the score of 931.13 (17 unrouted), using 22560.41 CPU seconds and 211698 MB memory.
2026-09-12 18:21:51.183 INFO   [FD43DB\D4C6ED] Auto-router pass #580 on board '80c2b536b52d99bc89ab2456395d1749' was completed in 0.28 seconds with the score of 931.13 (17 unrouted), using 22560.41 CPU seconds and 211698 MB memory.
2026-09-12 18:21:51.460 INFO   [FD43DB\D4C6ED] Auto-router pass #581 on board '80c2b536b52d99bc89ab2456395d1749' was completed in 0.27 seconds with the score of 931.13 (17 unrouted), using 22772.42 CPU seconds and 212994 MB memory.
2026-09-12 18:21:51.733 INFO   [FD43DB\D4C6ED] Auto-router pass #582 on board '80c2b536b52d99bc89ab2456395d1749' was completed in 0.27 seconds with the score of 931.13 (17 unrouted), using 22772.42 CPU seconds and 212994 MB memory.
2026-09-12 18:21:52.003 INFO   [FD43DB\D4C6ED] Auto-router pass #583 on board '80c2b536b52d99bc89ab2456395d1749' was completed in 0.27 seconds with the score of 931.13 (17 unrouted), using 22772.42 CPU seconds and 212994 MB memory.
2026-09-12 18:21:52.292 INFO   [FD43DB\D4C6ED] Auto-router pass #584 on board '80c2b536b52d99bc89ab2456395d1749' was completed in 0.28 seconds with the score of 931.13 (17 unrouted), using 22772.42 CPU seconds and 212994 MB memory.
2026-09-12 18:21:52.568 INFO   [FD43DB\D4C6ED] Auto-router pass #585 on board '80c2b536b52d99bc89ab2456395d1749' was completed in 0.27 seconds with the score of 931.13 (17 unrouted), using 22985.41 CPU seconds and 214314 MB memory.
2026-09-12 18:21:52.847 INFO   [FD43DB\D4C6ED] Auto-router pass #586 on board '80c2b536b52d99bc89ab2456395d1749' was completed in 0.28 seconds with the score of 931.13 (17 unrouted), using 22985.41 CPU seconds and 214314 MB memory.
2026-09-12 18:21:53.126 INFO   [FD43DB\D4C6ED] Auto-router pass #587 on board '80c2b536b52d99bc89ab2456395d1749' was completed in 0.28 seconds with the score of 931.13 (17 unrouted), using 22985.41 CPU seconds and 214314 MB memory.
2026-09-12 18:21:53.420 INFO   [FD43DB\D4C6ED] Auto-router pass #588 on board '80c2b536b52d99bc89ab2456395d1749' was completed in 0.29 seconds with the score of 931.13 (17 unrouted), using 23199.40 CPU seconds and 215616 MB memory.
2026-09-12 18:21:53.692 INFO   [FD43DB\D4C6ED] Auto-router pass #589 on board '80c2b536b52d99bc89ab2456395d1749' was completed in 0.27 seconds with the score of 931.13 (17 unrouted), using 23199.40 CPU seconds and 215616 MB memory.
2026-09-12 18:21:53.964 INFO   [FD43DB\D4C6ED] Auto-router pass #590 on board '80c2b536b52d99bc89ab2456395d1749' was completed in 0.27 seconds with the score of 931.13 (17 unrouted), using 23199.40 CPU seconds and 215616 MB memory.
2026-09-12 18:21:54.237 INFO   [FD43DB\D4C6ED] Auto-router pass #591 on board '80c2b536b52d99bc89ab2456395d1749' was completed in 0.27 seconds with the score of 931.13 (17 unrouted), using 23199.40 CPU seconds and 215616 MB memory.
2026-09-12 18:21:54.529 INFO   [FD43DB\D4C6ED] Auto-router pass #592 on board '80c2b536b52d99bc89ab2456395d1749' was completed in 0.29 seconds with the score of 931.13 (17 unrouted), using 23414.38 CPU seconds and 216936 MB memory.
2026-09-12 18:21:54.871 INFO   [FD43DB\D4C6ED] Auto-router pass #593 on board '80c2b536b52d99bc89ab2456395d1749' was completed in 0.34 seconds with the score of 931.13 (17 unrouted), using 23414.38 CPU seconds and 216936 MB memory.
2026-09-12 18:21:55.231 INFO   [FD43DB\D4C6ED] Auto-router pass #594 on board '80c2b536b52d99bc89ab2456395d1749' was completed in 0.35 seconds with the score of 931.13 (17 unrouted), using 23414.38 CPU seconds and 216936 MB memory.
2026-09-12 18:21:55.597 INFO   [FD43DB\D4C6ED] Auto-router pass #595 on board '80c2b536b52d99bc89ab2456395d1749' was completed in 0.36 seconds with the score of 931.13 (17 unrouted), using 23630.35 CPU seconds and 218013 MB memory.
2026-09-12 18:21:56.008 INFO   [FD43DB\D4C6ED] Auto-router pass #596 on board '80c2b536b52d99bc89ab2456395d1749' was completed in 0.41 seconds with the score of 931.13 (17 unrouted), using 23630.35 CPU seconds and 218013 MB memory.
2026-09-12 18:21:56.365 INFO   [FD43DB\D4C6ED] Auto-router pass #597 on board '80c2b536b52d99bc89ab2456395d1749' was completed in 0.35 seconds with the score of 931.13 (17 unrouted), using 23847.32 CPU seconds and 218985 MB memory.
2026-09-12 18:21:56.722 INFO   [FD43DB\D4C6ED] Auto-router pass #598 on board '80c2b536b52d99bc89ab2456395d1749' was completed in 0.35 seconds with the score of 931.13 (17 unrouted), using 23847.32 CPU seconds and 218985 MB memory.
2026-09-12 18:21:57.085 INFO   [FD43DB\D4C6ED] Auto-router pass #599 on board '80c2b536b52d99bc89ab2456395d1749' was completed in 0.36 seconds with the score of 931.13 (17 unrouted), using 23847.32 CPU seconds and 218985 MB memory.
2026-09-12 18:21:57.492 INFO   [FD43DB\D4C6ED] Auto-router pass #600 on board '80c2b536b52d99bc89ab2456395d1749' was completed in 0.40 seconds with the score of 931.13 (17 unrouted), using 24065.28 CPU seconds and 219973 MB memory.
2026-09-12 18:21:57.884 INFO   [FD43DB\D4C6ED] Auto-router pass #601 on board '80c2b536b52d99bc89ab2456395d1749' was completed in 0.39 seconds with the score of 931.13 (17 unrouted), using 24065.28 CPU seconds and 219973 MB memory.
2026-09-12 18:21:58.291 INFO   [FD43DB\D4C6ED] Auto-router pass #602 on board '80c2b536b52d99bc89ab2456395d1749' was completed in 0.40 seconds with the score of 931.13 (17 unrouted), using 24065.28 CPU seconds and 219973 MB memory.
2026-09-12 18:21:58.691 INFO   [FD43DB\D4C6ED] Auto-router pass #603 on board '80c2b536b52d99bc89ab2456395d1749' was completed in 0.40 seconds with the score of 931.13 (17 unrouted), using 24284.23 CPU seconds and 220883 MB memory.
2026-09-12 18:21:59.114 INFO   [FD43DB\D4C6ED] Auto-router pass #604 on board '80c2b536b52d99bc89ab2456395d1749' was completed in 0.42 seconds with the score of 931.13 (17 unrouted), using 24284.23 CPU seconds and 220883 MB memory.
2026-09-12 18:21:59.527 INFO   [FD43DB\D4C6ED] Auto-router pass #605 on board '80c2b536b52d99bc89ab2456395d1749' was completed in 0.41 seconds with the score of 931.13 (17 unrouted), using 24504.16 CPU seconds and 221764 MB memory.
2026-09-12 18:21:59.919 INFO   [FD43DB\D4C6ED] Auto-router pass #606 on board '80c2b536b52d99bc89ab2456395d1749' was completed in 0.39 seconds with the score of 931.13 (17 unrouted), using 24504.16 CPU seconds and 221764 MB memory.
2026-09-12 18:22:00.246 INFO   [FD43DB\D4C6ED] Auto-router pass #607 on board '80c2b536b52d99bc89ab2456395d1749' was completed in 0.32 seconds with the score of 931.13 (17 unrouted), using 24504.16 CPU seconds and 221764 MB memory.
2026-09-12 18:22:00.540 INFO   [FD43DB\D4C6ED] Auto-router pass #608 on board '80c2b536b52d99bc89ab2456395d1749' was completed in 0.29 seconds with the score of 931.13 (17 unrouted), using 24725.09 CPU seconds and 222781 MB memory.
2026-09-12 18:22:00.818 INFO   [FD43DB\D4C6ED] Auto-router pass #609 on board '80c2b536b52d99bc89ab2456395d1749' was completed in 0.27 seconds with the score of 931.13 (17 unrouted), using 24725.09 CPU seconds and 222781 MB memory.
2026-09-12 18:22:01.100 INFO   [FD43DB\D4C6ED] Auto-router pass #610 on board '80c2b536b52d99bc89ab2456395d1749' was completed in 0.28 seconds with the score of 931.13 (17 unrouted), using 24725.09 CPU seconds and 222781 MB memory.
2026-09-12 18:22:01.408 INFO   [FD43DB\D4C6ED] Auto-router pass #611 on board '80c2b536b52d99bc89ab2456395d1749' was completed in 0.30 seconds with the score of 931.13 (17 unrouted), using 24946.99 CPU seconds and 224041 MB memory.
2026-09-12 18:22:01.795 INFO   [FD43DB\D4C6ED] Auto-router pass #612 on board '80c2b536b52d99bc89ab2456395d1749' was completed in 0.38 seconds with the score of 931.13 (17 unrouted), using 24946.99 CPU seconds and 224041 MB memory.
2026-09-12 18:22:02.130 INFO   [FD43DB\D4C6ED] Auto-router pass #613 on board '80c2b536b52d99bc89ab2456395d1749' was completed in 0.33 seconds with the score of 931.13 (17 unrouted), using 24946.99 CPU seconds and 224041 MB memory.
2026-09-12 18:22:02.430 INFO   [FD43DB\D4C6ED] Auto-router pass #614 on board '80c2b536b52d99bc89ab2456395d1749' was completed in 0.30 seconds with the score of 931.13 (17 unrouted), using 25169.75 CPU seconds and 225112 MB memory.
2026-09-12 18:22:02.715 INFO   [FD43DB\D4C6ED] Auto-router pass #615 on board '80c2b536b52d99bc89ab2456395d1749' was completed in 0.28 seconds with the score of 931.13 (17 unrouted), using 25169.75 CPU seconds and 225112 MB memory.
2026-09-12 18:22:03.010 INFO   [FD43DB\D4C6ED] Auto-router pass #616 on board '80c2b536b52d99bc89ab2456395d1749' was completed in 0.29 seconds with the score of 931.13 (17 unrouted), using 25169.75 CPU seconds and 225112 MB memory.
2026-09-12 18:22:03.292 INFO   [FD43DB\D4C6ED] Auto-router pass #617 on board '80c2b536b52d99bc89ab2456395d1749' was completed in 0.28 seconds with the score of 931.13 (17 unrouted), using 25169.75 CPU seconds and 225112 MB memory.
2026-09-12 18:22:03.603 INFO   [FD43DB\D4C6ED] Auto-router pass #618 on board '80c2b536b52d99bc89ab2456395d1749' was completed in 0.31 seconds with the score of 931.13 (17 unrouted), using 25393.50 CPU seconds and 226389 MB memory.
2026-09-12 18:22:03.980 INFO   [FD43DB\D4C6ED] Auto-router pass #619 on board '80c2b536b52d99bc89ab2456395d1749' was completed in 0.37 seconds with the score of 931.13 (17 unrouted), using 25393.50 CPU seconds and 226389 MB memory.
2026-09-12 18:22:04.288 INFO   [FD43DB\D4C6ED] Auto-router pass #620 on board '80c2b536b52d99bc89ab2456395d1749' was completed in 0.30 seconds with the score of 931.13 (17 unrouted), using 25393.50 CPU seconds and 226389 MB memory.
2026-09-12 18:22:04.574 INFO   [FD43DB\D4C6ED] Auto-router pass #621 on board '80c2b536b52d99bc89ab2456395d1749' was completed in 0.28 seconds with the score of 931.13 (17 unrouted), using 25618.24 CPU seconds and 227502 MB memory.
2026-09-12 18:22:04.857 INFO   [FD43DB\D4C6ED] Auto-router pass #622 on board '80c2b536b52d99bc89ab2456395d1749' was completed in 0.28 seconds with the score of 931.13 (17 unrouted), using 25618.24 CPU seconds and 227502 MB memory.
2026-09-12 18:22:05.132 INFO   [FD43DB\D4C6ED] Auto-router pass #623 on board '80c2b536b52d99bc89ab2456395d1749' was completed in 0.27 seconds with the score of 931.13 (17 unrouted), using 25618.24 CPU seconds and 227502 MB memory.
2026-09-12 18:22:05.429 INFO   [FD43DB\D4C6ED] Auto-router pass #624 on board '80c2b536b52d99bc89ab2456395d1749' was completed in 0.29 seconds with the score of 931.13 (17 unrouted), using 25843.98 CPU seconds and 228785 MB memory.
2026-09-12 18:22:05.711 INFO   [FD43DB\D4C6ED] Auto-router pass #625 on board '80c2b536b52d99bc89ab2456395d1749' was completed in 0.28 seconds with the score of 931.13 (17 unrouted), using 25843.98 CPU seconds and 228785 MB memory.
2026-09-12 18:22:05.992 INFO   [FD43DB\D4C6ED] Auto-router pass #626 on board '80c2b536b52d99bc89ab2456395d1749' was completed in 0.28 seconds with the score of 931.13 (17 unrouted), using 25843.98 CPU seconds and 228785 MB memory.
2026-09-12 18:22:06.270 INFO   [FD43DB\D4C6ED] Auto-router pass #627 on board '80c2b536b52d99bc89ab2456395d1749' was completed in 0.28 seconds with the score of 931.13 (17 unrouted), using 25843.98 CPU seconds and 228785 MB memory.
2026-09-12 18:22:06.561 INFO   [FD43DB\D4C6ED] Auto-router pass #628 on board '80c2b536b52d99bc89ab2456395d1749' was completed in 0.29 seconds with the score of 931.13 (17 unrouted), using 26070.70 CPU seconds and 230077 MB memory.
2026-09-12 18:22:06.836 INFO   [FD43DB\D4C6ED] Auto-router pass #629 on board '80c2b536b52d99bc89ab2456395d1749' was completed in 0.27 seconds with the score of 931.13 (17 unrouted), using 26070.70 CPU seconds and 230077 MB memory.
2026-09-12 18:22:07.109 INFO   [FD43DB\D4C6ED] Auto-router pass #630 on board '80c2b536b52d99bc89ab2456395d1749' was completed in 0.27 seconds with the score of 931.13 (17 unrouted), using 26070.70 CPU seconds and 230077 MB memory.
2026-09-12 18:22:07.434 INFO   [FD43DB\D4C6ED] Auto-router pass #631 on board '80c2b536b52d99bc89ab2456395d1749' was completed in 0.32 seconds with the score of 931.13 (17 unrouted), using 26298.42 CPU seconds and 231361 MB memory.
2026-09-12 18:22:07.729 INFO   [FD43DB\D4C6ED] Auto-router pass #632 on board '80c2b536b52d99bc89ab2456395d1749' was completed in 0.29 seconds with the score of 931.13 (17 unrouted), using 26298.42 CPU seconds and 231361 MB memory.
2026-09-12 18:22:08.007 INFO   [FD43DB\D4C6ED] Auto-router pass #633 on board '80c2b536b52d99bc89ab2456395d1749' was completed in 0.28 seconds with the score of 931.13 (17 unrouted), using 26298.42 CPU seconds and 231361 MB memory.
2026-09-12 18:22:08.370 INFO   [FD43DB\D4C6ED] Auto-router pass #634 on board '80c2b536b52d99bc89ab2456395d1749' was completed in 0.36 seconds with the score of 931.13 (17 unrouted), using 26527.08 CPU seconds and 232519 MB memory.
2026-09-12 18:22:08.650 INFO   [FD43DB\D4C6ED] Auto-router pass #635 on board '80c2b536b52d99bc89ab2456395d1749' was completed in 0.28 seconds with the score of 931.13 (17 unrouted), using 26527.08 CPU seconds and 232519 MB memory.
2026-09-12 18:22:08.946 INFO   [FD43DB\D4C6ED] Auto-router pass #636 on board '80c2b536b52d99bc89ab2456395d1749' was completed in 0.29 seconds with the score of 931.13 (17 unrouted), using 26527.08 CPU seconds and 232519 MB memory.
2026-09-12 18:22:09.225 INFO   [FD43DB\D4C6ED] Auto-router pass #637 on board '80c2b536b52d99bc89ab2456395d1749' was completed in 0.28 seconds with the score of 931.13 (17 unrouted), using 26527.08 CPU seconds and 232519 MB memory.
2026-09-12 18:22:09.503 INFO   [FD43DB\D4C6ED] Auto-router pass #638 on board '80c2b536b52d99bc89ab2456395d1749' was completed in 0.27 seconds with the score of 931.13 (17 unrouted), using 26756.73 CPU seconds and 233806 MB memory.
2026-09-12 18:22:09.783 INFO   [FD43DB\D4C6ED] Auto-router pass #639 on board '80c2b536b52d99bc89ab2456395d1749' was completed in 0.28 seconds with the score of 931.13 (17 unrouted), using 26756.73 CPU seconds and 233806 MB memory.
2026-09-12 18:22:10.075 INFO   [FD43DB\D4C6ED] Auto-router pass #640 on board '80c2b536b52d99bc89ab2456395d1749' was completed in 0.29 seconds with the score of 931.13 (17 unrouted), using 26756.73 CPU seconds and 233806 MB memory.
2026-09-12 18:22:10.351 INFO   [FD43DB\D4C6ED] Auto-router pass #641 on board '80c2b536b52d99bc89ab2456395d1749' was completed in 0.27 seconds with the score of 931.13 (17 unrouted), using 26987.38 CPU seconds and 235109 MB memory.
2026-09-12 18:22:10.630 INFO   [FD43DB\D4C6ED] Auto-router pass #642 on board '80c2b536b52d99bc89ab2456395d1749' was completed in 0.28 seconds with the score of 931.13 (17 unrouted), using 26987.38 CPU seconds and 235109 MB memory.
2026-09-12 18:22:10.908 INFO   [FD43DB\D4C6ED] Auto-router pass #643 on board '80c2b536b52d99bc89ab2456395d1749' was completed in 0.28 seconds with the score of 931.13 (17 unrouted), using 26987.38 CPU seconds and 235109 MB memory.
2026-09-12 18:22:11.202 INFO   [FD43DB\D4C6ED] Auto-router pass #644 on board '80c2b536b52d99bc89ab2456395d1749' was completed in 0.29 seconds with the score of 931.13 (17 unrouted), using 26987.38 CPU seconds and 235109 MB memory.
2026-09-12 18:22:11.482 INFO   [FD43DB\D4C6ED] Auto-router pass #645 on board '80c2b536b52d99bc89ab2456395d1749' was completed in 0.28 seconds with the score of 931.13 (17 unrouted), using 27219.02 CPU seconds and 236402 MB memory.
2026-09-12 18:22:11.758 INFO   [FD43DB\D4C6ED] Auto-router pass #646 on board '80c2b536b52d99bc89ab2456395d1749' was completed in 0.27 seconds with the score of 931.13 (17 unrouted), using 27219.02 CPU seconds and 236402 MB memory.
2026-09-12 18:22:12.038 INFO   [FD43DB\D4C6ED] Auto-router pass #647 on board '80c2b536b52d99bc89ab2456395d1749' was completed in 0.28 seconds with the score of 931.13 (17 unrouted), using 27219.02 CPU seconds and 236402 MB memory.
2026-09-12 18:22:12.336 INFO   [FD43DB\D4C6ED] Auto-router pass #648 on board '80c2b536b52d99bc89ab2456395d1749' was completed in 0.29 seconds with the score of 931.13 (17 unrouted), using 27219.02 CPU seconds and 236402 MB memory.
2026-09-12 18:22:12.618 INFO   [FD43DB\D4C6ED] Auto-router pass #649 on board '80c2b536b52d99bc89ab2456395d1749' was completed in 0.28 seconds with the score of 931.13 (17 unrouted), using 27451.66 CPU seconds and 237691 MB memory.
2026-09-12 18:22:12.899 INFO   [FD43DB\D4C6ED] Auto-router pass #650 on board '80c2b536b52d99bc89ab2456395d1749' was completed in 0.28 seconds with the score of 931.13 (17 unrouted), using 27451.66 CPU seconds and 237691 MB memory.
2026-09-12 18:22:13.176 INFO   [FD43DB\D4C6ED] Auto-router pass #651 on board '80c2b536b52d99bc89ab2456395d1749' was completed in 0.27 seconds with the score of 931.13 (17 unrouted), using 27451.66 CPU seconds and 237691 MB memory.
2026-09-12 18:22:13.495 INFO   [FD43DB\D4C6ED] Auto-router pass #652 on board '80c2b536b52d99bc89ab2456395d1749' was completed in 0.32 seconds with the score of 931.13 (17 unrouted), using 27685.28 CPU seconds and 238963 MB memory.
2026-09-12 18:22:13.765 INFO   [FD43DB\D4C6ED] Auto-router pass #653 on board '80c2b536b52d99bc89ab2456395d1749' was completed in 0.27 seconds with the score of 931.13 (17 unrouted), using 27685.28 CPU seconds and 238963 MB memory.
2026-09-12 18:22:14.040 INFO   [FD43DB\D4C6ED] Auto-router pass #654 on board '80c2b536b52d99bc89ab2456395d1749' was completed in 0.27 seconds with the score of 931.13 (17 unrouted), using 27685.28 CPU seconds and 238963 MB memory.
2026-09-12 18:22:14.320 INFO   [FD43DB\D4C6ED] Auto-router pass #655 on board '80c2b536b52d99bc89ab2456395d1749' was completed in 0.28 seconds with the score of 931.13 (17 unrouted), using 27685.28 CPU seconds and 238963 MB memory.
2026-09-12 18:22:14.613 INFO   [FD43DB\D4C6ED] Auto-router pass #656 on board '80c2b536b52d99bc89ab2456395d1749' was completed in 0.29 seconds with the score of 931.13 (17 unrouted), using 27919.90 CPU seconds and 240263 MB memory.
2026-09-12 18:22:14.888 INFO   [FD43DB\D4C6ED] Auto-router pass #657 on board '80c2b536b52d99bc89ab2456395d1749' was completed in 0.27 seconds with the score of 931.13 (17 unrouted), using 27919.90 CPU seconds and 240263 MB memory.
2026-09-12 18:22:15.162 INFO   [FD43DB\D4C6ED] Auto-router pass #658 on board '80c2b536b52d99bc89ab2456395d1749' was completed in 0.27 seconds with the score of 931.13 (17 unrouted), using 27919.90 CPU seconds and 240263 MB memory.
2026-09-12 18:22:15.437 INFO   [FD43DB\D4C6ED] Auto-router pass #659 on board '80c2b536b52d99bc89ab2456395d1749' was completed in 0.27 seconds with the score of 931.13 (17 unrouted), using 28155.51 CPU seconds and 241574 MB memory.
2026-09-12 18:22:15.733 INFO   [FD43DB\D4C6ED] Auto-router pass #660 on board '80c2b536b52d99bc89ab2456395d1749' was completed in 0.29 seconds with the score of 931.13 (17 unrouted), using 28155.51 CPU seconds and 241574 MB memory.
2026-09-12 18:22:16.011 INFO   [FD43DB\D4C6ED] Auto-router pass #661 on board '80c2b536b52d99bc89ab2456395d1749' was completed in 0.28 seconds with the score of 931.13 (17 unrouted), using 28155.51 CPU seconds and 241574 MB memory.
2026-09-12 18:22:16.291 INFO   [FD43DB\D4C6ED] Auto-router pass #662 on board '80c2b536b52d99bc89ab2456395d1749' was completed in 0.28 seconds with the score of 931.13 (17 unrouted), using 28155.51 CPU seconds and 241574 MB memory.
2026-09-12 18:22:16.642 INFO   [FD43DB\D4C6ED] Auto-router pass #663 on board '80c2b536b52d99bc89ab2456395d1749' was completed in 0.35 seconds with the score of 931.13 (17 unrouted), using 28392.12 CPU seconds and 242873 MB memory.
2026-09-12 18:22:16.939 INFO   [FD43DB\D4C6ED] Auto-router pass #664 on board '80c2b536b52d99bc89ab2456395d1749' was completed in 0.29 seconds with the score of 931.13 (17 unrouted), using 28392.12 CPU seconds and 242873 MB memory.
2026-09-12 18:22:17.217 INFO   [FD43DB\D4C6ED] Auto-router pass #665 on board '80c2b536b52d99bc89ab2456395d1749' was completed in 0.28 seconds with the score of 931.13 (17 unrouted), using 28392.12 CPU seconds and 242873 MB memory.
2026-09-12 18:22:17.502 INFO   [FD43DB\D4C6ED] Auto-router pass #666 on board '80c2b536b52d99bc89ab2456395d1749' was completed in 0.28 seconds with the score of 931.13 (17 unrouted), using 28629.71 CPU seconds and 244073 MB memory.
2026-09-12 18:22:17.788 INFO   [FD43DB\D4C6ED] Auto-router pass #667 on board '80c2b536b52d99bc89ab2456395d1749' was completed in 0.28 seconds with the score of 931.13 (17 unrouted), using 28629.71 CPU seconds and 244073 MB memory.
2026-09-12 18:22:18.086 INFO   [FD43DB\D4C6ED] Auto-router pass #668 on board '80c2b536b52d99bc89ab2456395d1749' was completed in 0.29 seconds with the score of 931.13 (17 unrouted), using 28629.71 CPU seconds and 244073 MB memory.
2026-09-12 18:22:18.364 INFO   [FD43DB\D4C6ED] Auto-router pass #669 on board '80c2b536b52d99bc89ab2456395d1749' was completed in 0.27 seconds with the score of 931.13 (17 unrouted), using 28868.28 CPU seconds and 245345 MB memory.
2026-09-12 18:22:18.643 INFO   [FD43DB\D4C6ED] Auto-router pass #670 on board '80c2b536b52d99bc89ab2456395d1749' was completed in 0.28 seconds with the score of 931.13 (17 unrouted), using 28868.28 CPU seconds and 245345 MB memory.
2026-09-12 18:22:18.925 INFO   [FD43DB\D4C6ED] Auto-router pass #671 on board '80c2b536b52d99bc89ab2456395d1749' was completed in 0.28 seconds with the score of 931.13 (17 unrouted), using 28868.28 CPU seconds and 245345 MB memory.
2026-09-12 18:22:19.221 INFO   [FD43DB\D4C6ED] Auto-router pass #672 on board '80c2b536b52d99bc89ab2456395d1749' was completed in 0.29 seconds with the score of 931.13 (17 unrouted), using 28868.28 CPU seconds and 245345 MB memory.
2026-09-12 18:22:19.531 INFO   [FD43DB\D4C6ED] Auto-router pass #673 on board '80c2b536b52d99bc89ab2456395d1749' was completed in 0.30 seconds with the score of 931.13 (17 unrouted), using 29107.84 CPU seconds and 246617 MB memory.
2026-09-12 18:22:19.977 INFO   [FD43DB\D4C6ED] Auto-router pass #674 on board '80c2b536b52d99bc89ab2456395d1749' was completed in 0.44 seconds with the score of 931.13 (17 unrouted), using 29107.84 CPU seconds and 246617 MB memory.
2026-09-12 18:22:20.325 INFO   [FD43DB\D4C6ED] Auto-router pass #675 on board '80c2b536b52d99bc89ab2456395d1749' was completed in 0.34 seconds with the score of 931.13 (17 unrouted), using 29107.84 CPU seconds and 246617 MB memory.
2026-09-12 18:22:20.629 INFO   [FD43DB\D4C6ED] Auto-router pass #676 on board '80c2b536b52d99bc89ab2456395d1749' was completed in 0.30 seconds with the score of 931.13 (17 unrouted), using 29348.19 CPU seconds and 247583 MB memory.
2026-09-12 18:22:20.912 INFO   [FD43DB\D4C6ED] Auto-router pass #677 on board '80c2b536b52d99bc89ab2456395d1749' was completed in 0.28 seconds with the score of 931.13 (17 unrouted), using 29348.19 CPU seconds and 247583 MB memory.
2026-09-12 18:22:21.219 INFO   [FD43DB\D4C6ED] Auto-router pass #678 on board '80c2b536b52d99bc89ab2456395d1749' was completed in 0.30 seconds with the score of 931.13 (17 unrouted), using 29348.19 CPU seconds and 247583 MB memory.
2026-09-12 18:22:21.503 INFO   [FD43DB\D4C6ED] Auto-router pass #679 on board '80c2b536b52d99bc89ab2456395d1749' was completed in 0.28 seconds with the score of 931.13 (17 unrouted), using 29589.52 CPU seconds and 248820 MB memory.
2026-09-12 18:22:21.805 INFO   [FD43DB\D4C6ED] Auto-router pass #680 on board '80c2b536b52d99bc89ab2456395d1749' was completed in 0.30 seconds with the score of 931.13 (17 unrouted), using 29589.52 CPU seconds and 248820 MB memory.
2026-09-12 18:22:22.086 INFO   [FD43DB\D4C6ED] Auto-router pass #681 on board '80c2b536b52d99bc89ab2456395d1749' was completed in 0.28 seconds with the score of 931.13 (17 unrouted), using 29589.52 CPU seconds and 248820 MB memory.
2026-09-12 18:22:22.513 INFO   [FD43DB\D4C6ED] Auto-router pass #682 on board '80c2b536b52d99bc89ab2456395d1749' was completed in 0.42 seconds with the score of 931.13 (17 unrouted), using 29831.83 CPU seconds and 250014 MB memory.
2026-09-12 18:22:22.862 INFO   [FD43DB\D4C6ED] Auto-router pass #683 on board '80c2b536b52d99bc89ab2456395d1749' was completed in 0.34 seconds with the score of 931.13 (17 unrouted), using 29831.83 CPU seconds and 250014 MB memory.
2026-09-12 18:22:23.161 INFO   [FD43DB\D4C6ED] Auto-router pass #684 on board '80c2b536b52d99bc89ab2456395d1749' was completed in 0.29 seconds with the score of 931.13 (17 unrouted), using 29831.83 CPU seconds and 250014 MB memory.
2026-09-12 18:22:23.445 INFO   [FD43DB\D4C6ED] Auto-router pass #685 on board '80c2b536b52d99bc89ab2456395d1749' was completed in 0.28 seconds with the score of 931.13 (17 unrouted), using 30075.10 CPU seconds and 251099 MB memory.
2026-09-12 18:22:23.734 INFO   [FD43DB\D4C6ED] Auto-router pass #686 on board '80c2b536b52d99bc89ab2456395d1749' was completed in 0.29 seconds with the score of 931.13 (17 unrouted), using 30075.10 CPU seconds and 251099 MB memory.
2026-09-12 18:22:24.016 INFO   [FD43DB\D4C6ED] Auto-router pass #687 on board '80c2b536b52d99bc89ab2456395d1749' was completed in 0.28 seconds with the score of 931.13 (17 unrouted), using 30075.10 CPU seconds and 251099 MB memory.
2026-09-12 18:22:24.312 INFO   [FD43DB\D4C6ED] Auto-router pass #688 on board '80c2b536b52d99bc89ab2456395d1749' was completed in 0.29 seconds with the score of 931.13 (17 unrouted), using 30075.10 CPU seconds and 251099 MB memory.
2026-09-12 18:22:24.591 INFO   [FD43DB\D4C6ED] Auto-router pass #689 on board '80c2b536b52d99bc89ab2456395d1749' was completed in 0.28 seconds with the score of 931.13 (17 unrouted), using 30319.35 CPU seconds and 252376 MB memory.
2026-09-12 18:22:24.869 INFO   [FD43DB\D4C6ED] Auto-router pass #690 on board '80c2b536b52d99bc89ab2456395d1749' was completed in 0.27 seconds with the score of 931.13 (17 unrouted), using 30319.35 CPU seconds and 252376 MB memory.
2026-09-12 18:22:25.148 INFO   [FD43DB\D4C6ED] Auto-router pass #691 on board '80c2b536b52d99bc89ab2456395d1749' was completed in 0.28 seconds with the score of 931.13 (17 unrouted), using 30319.35 CPU seconds and 252376 MB memory.
2026-09-12 18:22:25.442 INFO   [FD43DB\D4C6ED] Auto-router pass #692 on board '80c2b536b52d99bc89ab2456395d1749' was completed in 0.29 seconds with the score of 931.13 (17 unrouted), using 30564.60 CPU seconds and 253670 MB memory.
2026-09-12 18:22:25.720 INFO   [FD43DB\D4C6ED] Auto-router pass #693 on board '80c2b536b52d99bc89ab2456395d1749' was completed in 0.28 seconds with the score of 931.13 (17 unrouted), using 30564.60 CPU seconds and 253670 MB memory.
2026-09-12 18:22:26.000 INFO   [FD43DB\D4C6ED] Auto-router pass #694 on board '80c2b536b52d99bc89ab2456395d1749' was completed in 0.28 seconds with the score of 931.13 (17 unrouted), using 30564.60 CPU seconds and 253670 MB memory.
2026-09-12 18:22:26.275 INFO   [FD43DB\D4C6ED] Auto-router pass #695 on board '80c2b536b52d99bc89ab2456395d1749' was completed in 0.27 seconds with the score of 931.13 (17 unrouted), using 30564.60 CPU seconds and 253670 MB memory.
2026-09-12 18:22:26.566 INFO   [FD43DB\D4C6ED] Auto-router pass #696 on board '80c2b536b52d99bc89ab2456395d1749' was completed in 0.29 seconds with the score of 931.13 (17 unrouted), using 30810.84 CPU seconds and 254973 MB memory.
2026-09-12 18:22:26.848 INFO   [FD43DB\D4C6ED] Auto-router pass #697 on board '80c2b536b52d99bc89ab2456395d1749' was completed in 0.28 seconds with the score of 931.13 (17 unrouted), using 30810.84 CPU seconds and 254973 MB memory.
2026-09-12 18:22:27.137 INFO   [FD43DB\D4C6ED] Auto-router pass #698 on board '80c2b536b52d99bc89ab2456395d1749' was completed in 0.28 seconds with the score of 931.13 (17 unrouted), using 30810.84 CPU seconds and 254973 MB memory.
2026-09-12 18:22:27.417 INFO   [FD43DB\D4C6ED] Auto-router pass #699 on board '80c2b536b52d99bc89ab2456395d1749' was completed in 0.28 seconds with the score of 931.13 (17 unrouted), using 31058.08 CPU seconds and 256252 MB memory.
2026-09-12 18:22:27.710 INFO   [FD43DB\D4C6ED] Auto-router pass #700 on board '80c2b536b52d99bc89ab2456395d1749' was completed in 0.29 seconds with the score of 931.13 (17 unrouted), using 31058.08 CPU seconds and 256252 MB memory.
2026-09-12 18:22:27.989 INFO   [FD43DB\D4C6ED] Auto-router pass #701 on board '80c2b536b52d99bc89ab2456395d1749' was completed in 0.28 seconds with the score of 931.13 (17 unrouted), using 31058.08 CPU seconds and 256252 MB memory.
2026-09-12 18:22:28.274 INFO   [FD43DB\D4C6ED] Auto-router pass #702 on board '80c2b536b52d99bc89ab2456395d1749' was completed in 0.28 seconds with the score of 931.13 (17 unrouted), using 31058.08 CPU seconds and 256252 MB memory.
2026-09-12 18:22:28.552 INFO   [FD43DB\D4C6ED] Auto-router pass #703 on board '80c2b536b52d99bc89ab2456395d1749' was completed in 0.28 seconds with the score of 931.13 (17 unrouted), using 31306.32 CPU seconds and 257545 MB memory.
2026-09-12 18:22:28.844 INFO   [FD43DB\D4C6ED] Auto-router pass #704 on board '80c2b536b52d99bc89ab2456395d1749' was completed in 0.29 seconds with the score of 931.13 (17 unrouted), using 31306.32 CPU seconds and 257545 MB memory.
2026-09-12 18:22:29.119 INFO   [FD43DB\D4C6ED] Auto-router pass #705 on board '80c2b536b52d99bc89ab2456395d1749' was completed in 0.27 seconds with the score of 931.13 (17 unrouted), using 31306.32 CPU seconds and 257545 MB memory.
2026-09-12 18:22:29.409 INFO   [FD43DB\D4C6ED] Auto-router pass #706 on board '80c2b536b52d99bc89ab2456395d1749' was completed in 0.29 seconds with the score of 931.13 (17 unrouted), using 31555.54 CPU seconds and 258839 MB memory.
2026-09-12 18:22:29.686 INFO   [FD43DB\D4C6ED] Auto-router pass #707 on board '80c2b536b52d99bc89ab2456395d1749' was completed in 0.27 seconds with the score of 931.13 (17 unrouted), using 31555.54 CPU seconds and 258839 MB memory.
2026-09-12 18:22:29.978 INFO   [FD43DB\D4C6ED] Auto-router pass #708 on board '80c2b536b52d99bc89ab2456395d1749' was completed in 0.29 seconds with the score of 931.13 (17 unrouted), using 31555.54 CPU seconds and 258839 MB memory.
2026-09-12 18:22:30.254 INFO   [FD43DB\D4C6ED] Auto-router pass #709 on board '80c2b536b52d99bc89ab2456395d1749' was completed in 0.27 seconds with the score of 931.13 (17 unrouted), using 31555.54 CPU seconds and 258839 MB memory.
2026-09-12 18:22:30.531 INFO   [FD43DB\D4C6ED] Auto-router pass #710 on board '80c2b536b52d99bc89ab2456395d1749' was completed in 0.27 seconds with the score of 931.13 (17 unrouted), using 31805.75 CPU seconds and 260138 MB memory.
2026-09-12 18:22:30.810 INFO   [FD43DB\D4C6ED] Auto-router pass #711 on board '80c2b536b52d99bc89ab2456395d1749' was completed in 0.28 seconds with the score of 931.13 (17 unrouted), using 31805.75 CPU seconds and 260138 MB memory.
2026-09-12 18:22:31.101 INFO   [FD43DB\D4C6ED] Auto-router pass #712 on board '80c2b536b52d99bc89ab2456395d1749' was completed in 0.29 seconds with the score of 931.13 (17 unrouted), using 31805.75 CPU seconds and 260138 MB memory.
2026-09-12 18:22:31.376 INFO   [FD43DB\D4C6ED] Auto-router pass #713 on board '80c2b536b52d99bc89ab2456395d1749' was completed in 0.27 seconds with the score of 931.13 (17 unrouted), using 32056.96 CPU seconds and 261439 MB memory.
2026-09-12 18:22:31.649 INFO   [FD43DB\D4C6ED] Auto-router pass #714 on board '80c2b536b52d99bc89ab2456395d1749' was completed in 0.27 seconds with the score of 931.13 (17 unrouted), using 32056.96 CPU seconds and 261439 MB memory.
2026-09-12 18:22:31.927 INFO   [FD43DB\D4C6ED] Auto-router pass #715 on board '80c2b536b52d99bc89ab2456395d1749' was completed in 0.27 seconds with the score of 931.13 (17 unrouted), using 32056.96 CPU seconds and 261439 MB memory.
2026-09-12 18:22:32.221 INFO   [FD43DB\D4C6ED] Auto-router pass #716 on board '80c2b536b52d99bc89ab2456395d1749' was completed in 0.29 seconds with the score of 931.13 (17 unrouted), using 32056.96 CPU seconds and 261439 MB memory.
2026-09-12 18:22:32.496 INFO   [FD43DB\D4C6ED] Auto-router pass #717 on board '80c2b536b52d99bc89ab2456395d1749' was completed in 0.27 seconds with the score of 931.13 (17 unrouted), using 32309.16 CPU seconds and 262749 MB memory.
2026-09-12 18:22:32.770 INFO   [FD43DB\D4C6ED] Auto-router pass #718 on board '80c2b536b52d99bc89ab2456395d1749' was completed in 0.27 seconds with the score of 931.13 (17 unrouted), using 32309.16 CPU seconds and 262749 MB memory.
2026-09-12 18:22:33.065 INFO   [FD43DB\D4C6ED] Auto-router pass #719 on board '80c2b536b52d99bc89ab2456395d1749' was completed in 0.29 seconds with the score of 931.13 (17 unrouted), using 32309.16 CPU seconds and 262749 MB memory.
2026-09-12 18:22:33.375 INFO   [FD43DB\D4C6ED] Auto-router pass #720 on board '80c2b536b52d99bc89ab2456395d1749' was completed in 0.30 seconds with the score of 931.13 (17 unrouted), using 32562.33 CPU seconds and 264011 MB memory.
2026-09-12 18:22:33.649 INFO   [FD43DB\D4C6ED] Auto-router pass #721 on board '80c2b536b52d99bc89ab2456395d1749' was completed in 0.27 seconds with the score of 931.13 (17 unrouted), using 32562.33 CPU seconds and 264011 MB memory.
2026-09-12 18:22:33.927 INFO   [FD43DB\D4C6ED] Auto-router pass #722 on board '80c2b536b52d99bc89ab2456395d1749' was completed in 0.28 seconds with the score of 931.13 (17 unrouted), using 32562.33 CPU seconds and 264011 MB memory.
2026-09-12 18:22:34.213 INFO   [FD43DB\D4C6ED] Auto-router pass #723 on board '80c2b536b52d99bc89ab2456395d1749' was completed in 0.28 seconds with the score of 931.13 (17 unrouted), using 32562.33 CPU seconds and 264011 MB memory.
2026-09-12 18:22:34.506 INFO   [FD43DB\D4C6ED] Auto-router pass #724 on board '80c2b536b52d99bc89ab2456395d1749' was completed in 0.29 seconds with the score of 931.13 (17 unrouted), using 32816.49 CPU seconds and 265299 MB memory.
2026-09-12 18:22:34.783 INFO   [FD43DB\D4C6ED] Auto-router pass #725 on board '80c2b536b52d99bc89ab2456395d1749' was completed in 0.27 seconds with the score of 931.13 (17 unrouted), using 32816.49 CPU seconds and 265299 MB memory.
2026-09-12 18:22:35.061 INFO   [FD43DB\D4C6ED] Auto-router pass #726 on board '80c2b536b52d99bc89ab2456395d1749' was completed in 0.27 seconds with the score of 931.13 (17 unrouted), using 32816.49 CPU seconds and 265299 MB memory.
2026-09-12 18:22:35.393 INFO   [FD43DB\D4C6ED] Auto-router pass #727 on board '80c2b536b52d99bc89ab2456395d1749' was completed in 0.33 seconds with the score of 931.13 (17 unrouted), using 33071.65 CPU seconds and 266547 MB memory.
2026-09-12 18:22:35.758 INFO   [FD43DB\D4C6ED] Auto-router pass #728 on board '80c2b536b52d99bc89ab2456395d1749' was completed in 0.36 seconds with the score of 931.13 (17 unrouted), using 33071.65 CPU seconds and 266547 MB memory.
2026-09-12 18:22:36.123 INFO   [FD43DB\D4C6ED] Auto-router pass #729 on board '80c2b536b52d99bc89ab2456395d1749' was completed in 0.36 seconds with the score of 931.13 (17 unrouted), using 33071.65 CPU seconds and 266547 MB memory.
2026-09-12 18:22:36.496 INFO   [FD43DB\D4C6ED] Auto-router pass #730 on board '80c2b536b52d99bc89ab2456395d1749' was completed in 0.37 seconds with the score of 931.13 (17 unrouted), using 33327.80 CPU seconds and 267560 MB memory.
2026-09-12 18:22:36.908 INFO   [FD43DB\D4C6ED] Auto-router pass #731 on board '80c2b536b52d99bc89ab2456395d1749' was completed in 0.41 seconds with the score of 931.13 (17 unrouted), using 33327.80 CPU seconds and 267560 MB memory.
2026-09-12 18:22:37.332 INFO   [FD43DB\D4C6ED] Auto-router pass #732 on board '80c2b536b52d99bc89ab2456395d1749' was completed in 0.42 seconds with the score of 931.13 (17 unrouted), using 33327.80 CPU seconds and 267560 MB memory.
2026-09-12 18:22:37.756 INFO   [FD43DB\D4C6ED] Auto-router pass #733 on board '80c2b536b52d99bc89ab2456395d1749' was completed in 0.42 seconds with the score of 931.13 (17 unrouted), using 33584.94 CPU seconds and 268449 MB memory.
2026-09-12 18:22:38.156 INFO   [FD43DB\D4C6ED] Auto-router pass #734 on board '80c2b536b52d99bc89ab2456395d1749' was completed in 0.39 seconds with the score of 931.13 (17 unrouted), using 33584.94 CPU seconds and 268449 MB memory.
2026-09-12 18:22:38.545 INFO   [FD43DB\D4C6ED] Auto-router pass #735 on board '80c2b536b52d99bc89ab2456395d1749' was completed in 0.38 seconds with the score of 931.13 (17 unrouted), using 33843.08 CPU seconds and 269340 MB memory.
2026-09-12 18:22:38.968 INFO   [FD43DB\D4C6ED] Auto-router pass #736 on board '80c2b536b52d99bc89ab2456395d1749' was completed in 0.42 seconds with the score of 931.13 (17 unrouted), using 33843.08 CPU seconds and 269340 MB memory.
2026-09-12 18:22:39.372 INFO   [FD43DB\D4C6ED] Auto-router pass #737 on board '80c2b536b52d99bc89ab2456395d1749' was completed in 0.40 seconds with the score of 931.13 (17 unrouted), using 34102.21 CPU seconds and 270238 MB memory.
2026-09-12 18:22:39.792 INFO   [FD43DB\D4C6ED] Auto-router pass #738 on board '80c2b536b52d99bc89ab2456395d1749' was completed in 0.41 seconds with the score of 931.13 (17 unrouted), using 34102.21 CPU seconds and 270238 MB memory.
2026-09-12 18:22:40.197 INFO   [FD43DB\D4C6ED] Auto-router pass #739 on board '80c2b536b52d99bc89ab2456395d1749' was completed in 0.40 seconds with the score of 931.13 (17 unrouted), using 34102.21 CPU seconds and 270238 MB memory.
2026-09-12 18:22:40.585 INFO   [FD43DB\D4C6ED] Auto-router pass #740 on board '80c2b536b52d99bc89ab2456395d1749' was completed in 0.38 seconds with the score of 931.13 (17 unrouted), using 34362.34 CPU seconds and 271127 MB memory.
2026-09-12 18:22:40.968 INFO   [FD43DB\D4C6ED] Auto-router pass #741 on board '80c2b536b52d99bc89ab2456395d1749' was completed in 0.38 seconds with the score of 931.13 (17 unrouted), using 34362.34 CPU seconds and 271127 MB memory.
2026-09-12 18:22:41.355 INFO   [FD43DB\D4C6ED] Auto-router pass #742 on board '80c2b536b52d99bc89ab2456395d1749' was completed in 0.38 seconds with the score of 931.13 (17 unrouted), using 34623.45 CPU seconds and 272082 MB memory.
2026-09-12 18:22:41.750 INFO   [FD43DB\D4C6ED] Auto-router pass #743 on board '80c2b536b52d99bc89ab2456395d1749' was completed in 0.39 seconds with the score of 931.13 (17 unrouted), using 34623.45 CPU seconds and 272082 MB memory.
2026-09-12 18:22:42.163 INFO   [FD43DB\D4C6ED] Auto-router pass #744 on board '80c2b536b52d99bc89ab2456395d1749' was completed in 0.41 seconds with the score of 931.13 (17 unrouted), using 34623.45 CPU seconds and 272082 MB memory.
2026-09-12 18:22:42.564 INFO   [FD43DB\D4C6ED] Auto-router pass #745 on board '80c2b536b52d99bc89ab2456395d1749' was completed in 0.40 seconds with the score of 931.13 (17 unrouted), using 34885.56 CPU seconds and 272998 MB memory.
2026-09-12 18:22:42.957 INFO   [FD43DB\D4C6ED] Auto-router pass #746 on board '80c2b536b52d99bc89ab2456395d1749' was completed in 0.39 seconds with the score of 931.13 (17 unrouted), using 34885.56 CPU seconds and 272998 MB memory.
2026-09-12 18:22:43.386 INFO   [FD43DB\D4C6ED] Auto-router pass #747 on board '80c2b536b52d99bc89ab2456395d1749' was completed in 0.42 seconds with the score of 931.13 (17 unrouted), using 35148.66 CPU seconds and 273883 MB memory.
2026-09-12 18:22:43.802 INFO   [FD43DB\D4C6ED] Auto-router pass #748 on board '80c2b536b52d99bc89ab2456395d1749' was completed in 0.41 seconds with the score of 931.13 (17 unrouted), using 35148.66 CPU seconds and 273883 MB memory.
2026-09-12 18:22:44.172 INFO   [FD43DB\D4C6ED] Auto-router pass #749 on board '80c2b536b52d99bc89ab2456395d1749' was completed in 0.36 seconds with the score of 931.13 (17 unrouted), using 35148.66 CPU seconds and 273883 MB memory.
2026-09-12 18:22:44.535 INFO   [FD43DB\D4C6ED] Auto-router pass #750 on board '80c2b536b52d99bc89ab2456395d1749' was completed in 0.36 seconds with the score of 931.13 (17 unrouted), using 35412.77 CPU seconds and 274839 MB memory.
2026-09-12 18:22:44.937 INFO   [FD43DB\D4C6ED] Auto-router pass #751 on board '80c2b536b52d99bc89ab2456395d1749' was completed in 0.39 seconds with the score of 931.13 (17 unrouted), using 35412.77 CPU seconds and 274839 MB memory.
2026-09-12 18:22:45.395 INFO   [FD43DB\D4C6ED] Auto-router pass #752 on board '80c2b536b52d99bc89ab2456395d1749' was completed in 0.45 seconds with the score of 931.13 (17 unrouted), using 35677.86 CPU seconds and 275719 MB memory.
2026-09-12 18:22:45.802 INFO   [FD43DB\D4C6ED] Auto-router pass #753 on board '80c2b536b52d99bc89ab2456395d1749' was completed in 0.40 seconds with the score of 931.13 (17 unrouted), using 35677.86 CPU seconds and 275719 MB memory.
2026-09-12 18:22:46.224 INFO   [FD43DB\D4C6ED] Auto-router pass #754 on board '80c2b536b52d99bc89ab2456395d1749' was completed in 0.42 seconds with the score of 931.13 (17 unrouted), using 35677.86 CPU seconds and 275719 MB memory.
2026-09-12 18:22:46.644 INFO   [FD43DB\D4C6ED] Auto-router pass #755 on board '80c2b536b52d99bc89ab2456395d1749' was completed in 0.41 seconds with the score of 931.13 (17 unrouted), using 35943.94 CPU seconds and 276585 MB memory.
2026-09-12 18:22:47.066 INFO   [FD43DB\D4C6ED] Auto-router pass #756 on board '80c2b536b52d99bc89ab2456395d1749' was completed in 0.42 seconds with the score of 931.13 (17 unrouted), using 35943.94 CPU seconds and 276585 MB memory.
2026-09-12 18:22:47.531 INFO   [FD43DB\D4C6ED] Auto-router pass #757 on board '80c2b536b52d99bc89ab2456395d1749' was completed in 0.46 seconds with the score of 931.13 (17 unrouted), using 36211.02 CPU seconds and 277424 MB memory.
2026-09-12 18:22:47.904 INFO   [FD43DB\D4C6ED] Auto-router pass #758 on board '80c2b536b52d99bc89ab2456395d1749' was completed in 0.37 seconds with the score of 931.13 (17 unrouted), using 36211.02 CPU seconds and 277424 MB memory.
2026-09-12 18:22:48.276 INFO   [FD43DB\D4C6ED] Auto-router pass #759 on board '80c2b536b52d99bc89ab2456395d1749' was completed in 0.37 seconds with the score of 931.13 (17 unrouted), using 36211.02 CPU seconds and 277424 MB memory.
2026-09-12 18:22:48.664 INFO   [FD43DB\D4C6ED] Auto-router pass #760 on board '80c2b536b52d99bc89ab2456395d1749' was completed in 0.38 seconds with the score of 931.13 (17 unrouted), using 36479.08 CPU seconds and 278377 MB memory.
2026-09-12 18:22:49.018 INFO   [FD43DB\D4C6ED] Auto-router pass #761 on board '80c2b536b52d99bc89ab2456395d1749' was completed in 0.35 seconds with the score of 931.13 (17 unrouted), using 36479.08 CPU seconds and 278377 MB memory.
2026-09-12 18:22:49.371 INFO   [FD43DB\D4C6ED] Auto-router pass #762 on board '80c2b536b52d99bc89ab2456395d1749' was completed in 0.35 seconds with the score of 931.13 (17 unrouted), using 36748.14 CPU seconds and 279388 MB memory.
2026-09-12 18:22:49.758 INFO   [FD43DB\D4C6ED] Auto-router pass #763 on board '80c2b536b52d99bc89ab2456395d1749' was completed in 0.38 seconds with the score of 931.13 (17 unrouted), using 36748.14 CPU seconds and 279388 MB memory.
2026-09-12 18:22:50.160 INFO   [FD43DB\D4C6ED] Auto-router pass #764 on board '80c2b536b52d99bc89ab2456395d1749' was completed in 0.40 seconds with the score of 931.13 (17 unrouted), using 36748.14 CPU seconds and 279388 MB memory.
2026-09-12 18:22:50.581 INFO   [FD43DB\D4C6ED] Auto-router pass #765 on board '80c2b536b52d99bc89ab2456395d1749' was completed in 0.42 seconds with the score of 931.13 (17 unrouted), using 37018.20 CPU seconds and 280318 MB memory.
2026-09-12 18:22:51.005 INFO   [FD43DB\D4C6ED] Auto-router pass #766 on board '80c2b536b52d99bc89ab2456395d1749' was completed in 0.42 seconds with the score of 931.13 (17 unrouted), using 37018.20 CPU seconds and 280318 MB memory.
2026-09-12 18:22:51.407 INFO   [FD43DB\D4C6ED] Auto-router pass #767 on board '80c2b536b52d99bc89ab2456395d1749' was completed in 0.40 seconds with the score of 931.13 (17 unrouted), using 37289.25 CPU seconds and 281188 MB memory.
2026-09-12 18:22:51.839 INFO   [FD43DB\D4C6ED] Auto-router pass #768 on board '80c2b536b52d99bc89ab2456395d1749' was completed in 0.43 seconds with the score of 931.13 (17 unrouted), using 37289.25 CPU seconds and 281188 MB memory.
2026-09-12 18:22:52.250 INFO   [FD43DB\D4C6ED] Auto-router pass #769 on board '80c2b536b52d99bc89ab2456395d1749' was completed in 0.41 seconds with the score of 931.13 (17 unrouted), using 37289.25 CPU seconds and 281188 MB memory.
2026-09-12 18:22:52.645 INFO   [FD43DB\D4C6ED] Auto-router pass #770 on board '80c2b536b52d99bc89ab2456395d1749' was completed in 0.39 seconds with the score of 931.13 (17 unrouted), using 37561.29 CPU seconds and 282067 MB memory.
2026-09-12 18:22:53.047 INFO   [FD43DB\D4C6ED] Auto-router pass #771 on board '80c2b536b52d99bc89ab2456395d1749' was completed in 0.40 seconds with the score of 931.13 (17 unrouted), using 37561.29 CPU seconds and 282067 MB memory.
2026-09-12 18:22:53.450 INFO   [FD43DB\D4C6ED] Auto-router pass #772 on board '80c2b536b52d99bc89ab2456395d1749' was completed in 0.40 seconds with the score of 931.13 (17 unrouted), using 37834.32 CPU seconds and 282987 MB memory.
2026-09-12 18:22:53.830 INFO   [FD43DB\D4C6ED] Auto-router pass #773 on board '80c2b536b52d99bc89ab2456395d1749' was completed in 0.38 seconds with the score of 931.13 (17 unrouted), using 37834.32 CPU seconds and 282987 MB memory.
2026-09-12 18:22:54.210 INFO   [FD43DB\D4C6ED] Auto-router pass #774 on board '80c2b536b52d99bc89ab2456395d1749' was completed in 0.38 seconds with the score of 931.13 (17 unrouted), using 37834.32 CPU seconds and 282987 MB memory.
2026-09-12 18:22:54.583 INFO   [FD43DB\D4C6ED] Auto-router pass #775 on board '80c2b536b52d99bc89ab2456395d1749' was completed in 0.37 seconds with the score of 931.13 (17 unrouted), using 38108.36 CPU seconds and 283946 MB memory.
2026-09-12 18:22:54.986 INFO   [FD43DB\D4C6ED] Auto-router pass #776 on board '80c2b536b52d99bc89ab2456395d1749' was completed in 0.40 seconds with the score of 931.13 (17 unrouted), using 38108.36 CPU seconds and 283946 MB memory.
2026-09-12 18:22:55.334 INFO   [FD43DB\D4C6ED] Auto-router pass #777 on board '80c2b536b52d99bc89ab2456395d1749' was completed in 0.34 seconds with the score of 931.13 (17 unrouted), using 38108.36 CPU seconds and 283946 MB memory.
2026-09-12 18:22:55.615 INFO   [FD43DB\D4C6ED] Auto-router pass #778 on board '80c2b536b52d99bc89ab2456395d1749' was completed in 0.28 seconds with the score of 931.13 (17 unrouted), using 38383.38 CPU seconds and 284932 MB memory.
2026-09-12 18:22:55.942 INFO   [FD43DB\D4C6ED] Auto-router pass #779 on board '80c2b536b52d99bc89ab2456395d1749' was completed in 0.32 seconds with the score of 931.13 (17 unrouted), using 38383.38 CPU seconds and 284932 MB memory.
2026-09-12 18:22:56.313 INFO   [FD43DB\D4C6ED] Auto-router pass #780 on board '80c2b536b52d99bc89ab2456395d1749' was completed in 0.37 seconds with the score of 931.13 (17 unrouted), using 38383.38 CPU seconds and 284932 MB memory.
2026-09-12 18:22:56.666 INFO   [FD43DB\D4C6ED] Auto-router pass #781 on board '80c2b536b52d99bc89ab2456395d1749' was completed in 0.35 seconds with the score of 931.13 (17 unrouted), using 38659.40 CPU seconds and 286041 MB memory.
2026-09-12 18:22:57.002 INFO   [FD43DB\D4C6ED] Auto-router pass #782 on board '80c2b536b52d99bc89ab2456395d1749' was completed in 0.33 seconds with the score of 931.13 (17 unrouted), using 38659.40 CPU seconds and 286041 MB memory.
2026-09-12 18:22:57.378 INFO   [FD43DB\D4C6ED] Auto-router pass #783 on board '80c2b536b52d99bc89ab2456395d1749' was completed in 0.37 seconds with the score of 931.13 (17 unrouted), using 38936.41 CPU seconds and 287070 MB memory.
2026-09-12 18:22:57.806 INFO   [FD43DB\D4C6ED] Auto-router pass #784 on board '80c2b536b52d99bc89ab2456395d1749' was completed in 0.42 seconds with the score of 931.13 (17 unrouted), using 38936.41 CPU seconds and 287070 MB memory.
2026-09-12 18:22:58.217 INFO   [FD43DB\D4C6ED] Auto-router pass #785 on board '80c2b536b52d99bc89ab2456395d1749' was completed in 0.40 seconds with the score of 931.13 (17 unrouted), using 38936.41 CPU seconds and 287070 MB memory.
2026-09-12 18:22:58.619 INFO   [FD43DB\D4C6ED] Auto-router pass #786 on board '80c2b536b52d99bc89ab2456395d1749' was completed in 0.40 seconds with the score of 931.13 (17 unrouted), using 39214.42 CPU seconds and 287953 MB memory.
2026-09-12 18:22:59.018 INFO   [FD43DB\D4C6ED] Auto-router pass #787 on board '80c2b536b52d99bc89ab2456395d1749' was completed in 0.39 seconds with the score of 931.13 (17 unrouted), using 39214.42 CPU seconds and 287953 MB memory.
2026-09-12 18:22:59.431 INFO   [FD43DB\D4C6ED] Auto-router pass #788 on board '80c2b536b52d99bc89ab2456395d1749' was completed in 0.41 seconds with the score of 931.13 (17 unrouted), using 39493.42 CPU seconds and 288863 MB memory.
2026-09-12 18:22:59.835 INFO   [FD43DB\D4C6ED] Auto-router pass #789 on board '80c2b536b52d99bc89ab2456395d1749' was completed in 0.40 seconds with the score of 931.13 (17 unrouted), using 39493.42 CPU seconds and 288863 MB memory.
2026-09-12 18:23:00.240 INFO   [FD43DB\D4C6ED] Auto-router pass #790 on board '80c2b536b52d99bc89ab2456395d1749' was completed in 0.40 seconds with the score of 931.13 (17 unrouted), using 39493.42 CPU seconds and 288863 MB memory.
2026-09-12 18:23:00.655 INFO   [FD43DB\D4C6ED] Auto-router pass #791 on board '80c2b536b52d99bc89ab2456395d1749' was completed in 0.41 seconds with the score of 931.13 (17 unrouted), using 39773.42 CPU seconds and 289760 MB memory.
2026-09-12 18:23:01.063 INFO   [FD43DB\D4C6ED] Auto-router pass #792 on board '80c2b536b52d99bc89ab2456395d1749' was completed in 0.40 seconds with the score of 931.13 (17 unrouted), using 39773.42 CPU seconds and 289760 MB memory.
2026-09-12 18:23:01.504 INFO   [FD43DB\D4C6ED] Auto-router pass #793 on board '80c2b536b52d99bc89ab2456395d1749' was completed in 0.43 seconds with the score of 931.13 (17 unrouted), using 40054.41 CPU seconds and 290622 MB memory.
2026-09-12 18:23:01.902 INFO   [FD43DB\D4C6ED] Auto-router pass #794 on board '80c2b536b52d99bc89ab2456395d1749' was completed in 0.39 seconds with the score of 931.13 (17 unrouted), using 40054.41 CPU seconds and 290622 MB memory.
2026-09-12 18:23:02.308 INFO   [FD43DB\D4C6ED] Auto-router pass #795 on board '80c2b536b52d99bc89ab2456395d1749' was completed in 0.40 seconds with the score of 931.13 (17 unrouted), using 40054.41 CPU seconds and 290622 MB memory.
2026-09-12 18:23:02.733 INFO   [FD43DB\D4C6ED] Auto-router pass #796 on board '80c2b536b52d99bc89ab2456395d1749' was completed in 0.42 seconds with the score of 931.13 (17 unrouted), using 40336.39 CPU seconds and 291526 MB memory.
2026-09-12 18:23:03.133 INFO   [FD43DB\D4C6ED] Auto-router pass #797 on board '80c2b536b52d99bc89ab2456395d1749' was completed in 0.39 seconds with the score of 931.13 (17 unrouted), using 40336.39 CPU seconds and 291526 MB memory.
2026-09-12 18:23:03.534 INFO   [FD43DB\D4C6ED] Auto-router pass #798 on board '80c2b536b52d99bc89ab2456395d1749' was completed in 0.40 seconds with the score of 931.13 (17 unrouted), using 40619.37 CPU seconds and 292425 MB memory.
2026-09-12 18:23:03.956 INFO   [FD43DB\D4C6ED] Auto-router pass #799 on board '80c2b536b52d99bc89ab2456395d1749' was completed in 0.41 seconds with the score of 931.13 (17 unrouted), using 40619.37 CPU seconds and 292425 MB memory.
2026-09-12 18:23:04.384 INFO   [FD43DB\D4C6ED] Auto-router pass #800 on board '80c2b536b52d99bc89ab2456395d1749' was completed in 0.42 seconds with the score of 931.13 (17 unrouted), using 40903.34 CPU seconds and 293302 MB memory.
2026-09-12 18:23:04.794 INFO   [FD43DB\D4C6ED] Auto-router pass #801 on board '80c2b536b52d99bc89ab2456395d1749' was completed in 0.41 seconds with the score of 931.13 (17 unrouted), using 40903.34 CPU seconds and 293302 MB memory.
2026-09-12 18:23:05.181 INFO   [FD43DB\D4C6ED] Auto-router pass #802 on board '80c2b536b52d99bc89ab2456395d1749' was completed in 0.38 seconds with the score of 931.13 (17 unrouted), using 40903.34 CPU seconds and 293302 MB memory.
2026-09-12 18:23:05.540 INFO   [FD43DB\D4C6ED] Auto-router pass #803 on board '80c2b536b52d99bc89ab2456395d1749' was completed in 0.35 seconds with the score of 931.13 (17 unrouted), using 41188.31 CPU seconds and 294229 MB memory.
2026-09-12 18:23:05.932 INFO   [FD43DB\D4C6ED] Auto-router pass #804 on board '80c2b536b52d99bc89ab2456395d1749' was completed in 0.39 seconds with the score of 931.13 (17 unrouted), using 41188.31 CPU seconds and 294229 MB memory.
2026-09-12 18:23:06.320 INFO   [FD43DB\D4C6ED] Auto-router pass #805 on board '80c2b536b52d99bc89ab2456395d1749' was completed in 0.38 seconds with the score of 931.13 (17 unrouted), using 41188.31 CPU seconds and 294229 MB memory.
2026-09-12 18:23:06.729 INFO   [FD43DB\D4C6ED] Auto-router pass #806 on board '80c2b536b52d99bc89ab2456395d1749' was completed in 0.40 seconds with the score of 931.13 (17 unrouted), using 41474.27 CPU seconds and 295182 MB memory.
2026-09-12 18:23:07.131 INFO   [FD43DB\D4C6ED] Auto-router pass #807 on board '80c2b536b52d99bc89ab2456395d1749' was completed in 0.40 seconds with the score of 931.13 (17 unrouted), using 41474.27 CPU seconds and 295182 MB memory.
2026-09-12 18:23:07.561 INFO   [FD43DB\D4C6ED] Auto-router pass #808 on board '80c2b536b52d99bc89ab2456395d1749' was completed in 0.42 seconds with the score of 931.13 (17 unrouted), using 41761.22 CPU seconds and 296079 MB memory.
2026-09-12 18:23:07.959 INFO   [FD43DB\D4C6ED] Auto-router pass #809 on board '80c2b536b52d99bc89ab2456395d1749' was completed in 0.39 seconds with the score of 931.13 (17 unrouted), using 41761.22 CPU seconds and 296079 MB memory.
2026-09-12 18:23:08.364 INFO   [FD43DB\D4C6ED] Auto-router pass #810 on board '80c2b536b52d99bc89ab2456395d1749' was completed in 0.40 seconds with the score of 931.13 (17 unrouted), using 41761.22 CPU seconds and 296079 MB memory.
2026-09-12 18:23:08.759 INFO   [FD43DB\D4C6ED] Auto-router pass #811 on board '80c2b536b52d99bc89ab2456395d1749' was completed in 0.39 seconds with the score of 931.13 (17 unrouted), using 42049.17 CPU seconds and 296970 MB memory.
2026-09-12 18:23:09.166 INFO   [FD43DB\D4C6ED] Auto-router pass #812 on board '80c2b536b52d99bc89ab2456395d1749' was completed in 0.40 seconds with the score of 931.13 (17 unrouted), using 42049.17 CPU seconds and 296970 MB memory.
2026-09-12 18:23:09.513 INFO   [FD43DB\D4C6ED] Auto-router pass #813 on board '80c2b536b52d99bc89ab2456395d1749' was completed in 0.34 seconds with the score of 931.13 (17 unrouted), using 42338.11 CPU seconds and 297919 MB memory.
2026-09-12 18:23:09.880 INFO   [FD43DB\D4C6ED] Auto-router pass #814 on board '80c2b536b52d99bc89ab2456395d1749' was completed in 0.36 seconds with the score of 931.13 (17 unrouted), using 42338.11 CPU seconds and 297919 MB memory.
2026-09-12 18:23:10.255 INFO   [FD43DB\D4C6ED] Auto-router pass #815 on board '80c2b536b52d99bc89ab2456395d1749' was completed in 0.37 seconds with the score of 931.13 (17 unrouted), using 42338.11 CPU seconds and 297919 MB memory.
2026-09-12 18:23:10.651 INFO   [FD43DB\D4C6ED] Auto-router pass #816 on board '80c2b536b52d99bc89ab2456395d1749' was completed in 0.39 seconds with the score of 931.13 (17 unrouted), using 42628.05 CPU seconds and 298905 MB memory.
2026-09-12 18:23:11.021 INFO   [FD43DB\D4C6ED] Auto-router pass #817 on board '80c2b536b52d99bc89ab2456395d1749' was completed in 0.37 seconds with the score of 931.13 (17 unrouted), using 42628.05 CPU seconds and 298905 MB memory.
2026-09-12 18:23:11.388 INFO   [FD43DB\D4C6ED] Auto-router pass #818 on board '80c2b536b52d99bc89ab2456395d1749' was completed in 0.36 seconds with the score of 931.13 (17 unrouted), using 42918.98 CPU seconds and 299878 MB memory.
2026-09-12 18:23:11.783 INFO   [FD43DB\D4C6ED] Auto-router pass #819 on board '80c2b536b52d99bc89ab2456395d1749' was completed in 0.39 seconds with the score of 931.13 (17 unrouted), using 42918.98 CPU seconds and 299878 MB memory.
2026-09-12 18:23:12.182 INFO   [FD43DB\D4C6ED] Auto-router pass #820 on board '80c2b536b52d99bc89ab2456395d1749' was completed in 0.39 seconds with the score of 931.13 (17 unrouted), using 42918.98 CPU seconds and 299878 MB memory.
2026-09-12 18:23:12.542 INFO   [FD43DB\D4C6ED] Auto-router pass #821 on board '80c2b536b52d99bc89ab2456395d1749' was completed in 0.36 seconds with the score of 931.13 (17 unrouted), using 43210.91 CPU seconds and 300836 MB memory.
2026-09-12 18:23:12.925 INFO   [FD43DB\D4C6ED] Auto-router pass #822 on board '80c2b536b52d99bc89ab2456395d1749' was completed in 0.38 seconds with the score of 931.13 (17 unrouted), using 43210.91 CPU seconds and 300836 MB memory.
2026-09-12 18:23:13.338 INFO   [FD43DB\D4C6ED] Auto-router pass #823 on board '80c2b536b52d99bc89ab2456395d1749' was completed in 0.41 seconds with the score of 931.13 (17 unrouted), using 43210.91 CPU seconds and 300836 MB memory.
2026-09-12 18:23:13.747 INFO   [FD43DB\D4C6ED] Auto-router pass #824 on board '80c2b536b52d99bc89ab2456395d1749' was completed in 0.40 seconds with the score of 931.13 (17 unrouted), using 43503.83 CPU seconds and 301749 MB memory.
2026-09-12 18:23:14.128 INFO   [FD43DB\D4C6ED] Auto-router pass #825 on board '80c2b536b52d99bc89ab2456395d1749' was completed in 0.38 seconds with the score of 931.13 (17 unrouted), using 43503.83 CPU seconds and 301749 MB memory.
2026-09-12 18:23:14.512 INFO   [FD43DB\D4C6ED] Auto-router pass #826 on board '80c2b536b52d99bc89ab2456395d1749' was completed in 0.38 seconds with the score of 931.13 (17 unrouted), using 43797.74 CPU seconds and 302689 MB memory.
2026-09-12 18:23:14.899 INFO   [FD43DB\D4C6ED] Auto-router pass #827 on board '80c2b536b52d99bc89ab2456395d1749' was completed in 0.38 seconds with the score of 931.13 (17 unrouted), using 43797.74 CPU seconds and 302689 MB memory.
2026-09-12 18:23:15.306 INFO   [FD43DB\D4C6ED] Auto-router pass #828 on board '80c2b536b52d99bc89ab2456395d1749' was completed in 0.40 seconds with the score of 931.13 (17 unrouted), using 43797.74 CPU seconds and 302689 MB memory.
2026-09-12 18:23:15.711 INFO   [FD43DB\D4C6ED] Auto-router pass #829 on board '80c2b536b52d99bc89ab2456395d1749' was completed in 0.40 seconds with the score of 931.13 (17 unrouted), using 44092.65 CPU seconds and 303615 MB memory.
2026-09-12 18:23:16.092 INFO   [FD43DB\D4C6ED] Auto-router pass #830 on board '80c2b536b52d99bc89ab2456395d1749' was completed in 0.38 seconds with the score of 931.13 (17 unrouted), using 44092.65 CPU seconds and 303615 MB memory.
2026-09-12 18:23:16.469 INFO   [FD43DB\D4C6ED] Auto-router pass #831 on board '80c2b536b52d99bc89ab2456395d1749' was completed in 0.37 seconds with the score of 931.13 (17 unrouted), using 44388.55 CPU seconds and 304557 MB memory.
2026-09-12 18:23:16.881 INFO   [FD43DB\D4C6ED] Auto-router pass #832 on board '80c2b536b52d99bc89ab2456395d1749' was completed in 0.41 seconds with the score of 931.13 (17 unrouted), using 44388.55 CPU seconds and 304557 MB memory.
2026-09-12 18:23:17.273 INFO   [FD43DB\D4C6ED] Auto-router pass #833 on board '80c2b536b52d99bc89ab2456395d1749' was completed in 0.39 seconds with the score of 931.13 (17 unrouted), using 44388.55 CPU seconds and 304557 MB memory.
2026-09-12 18:23:17.653 INFO   [FD43DB\D4C6ED] Auto-router pass #834 on board '80c2b536b52d99bc89ab2456395d1749' was completed in 0.38 seconds with the score of 931.13 (17 unrouted), using 44685.44 CPU seconds and 305475 MB memory.
2026-09-12 18:23:18.033 INFO   [FD43DB\D4C6ED] Auto-router pass #835 on board '80c2b536b52d99bc89ab2456395d1749' was completed in 0.38 seconds with the score of 931.13 (17 unrouted), using 44685.44 CPU seconds and 305475 MB memory.
2026-09-12 18:23:18.466 INFO   [FD43DB\D4C6ED] Auto-router pass #836 on board '80c2b536b52d99bc89ab2456395d1749' was completed in 0.43 seconds with the score of 931.13 (17 unrouted), using 44983.33 CPU seconds and 306407 MB memory.
2026-09-12 18:23:18.865 INFO   [FD43DB\D4C6ED] Auto-router pass #837 on board '80c2b536b52d99bc89ab2456395d1749' was completed in 0.39 seconds with the score of 931.13 (17 unrouted), using 44983.33 CPU seconds and 306407 MB memory.
2026-09-12 18:23:19.251 INFO   [FD43DB\D4C6ED] Auto-router pass #838 on board '80c2b536b52d99bc89ab2456395d1749' was completed in 0.38 seconds with the score of 931.13 (17 unrouted), using 44983.33 CPU seconds and 306407 MB memory.
2026-09-12 18:23:19.664 INFO   [FD43DB\D4C6ED] Auto-router pass #839 on board '80c2b536b52d99bc89ab2456395d1749' was completed in 0.41 seconds with the score of 931.13 (17 unrouted), using 45282.21 CPU seconds and 307311 MB memory.
2026-09-12 18:23:20.089 INFO   [FD43DB\D4C6ED] Auto-router pass #840 on board '80c2b536b52d99bc89ab2456395d1749' was completed in 0.42 seconds with the score of 931.13 (17 unrouted), using 45282.21 CPU seconds and 307311 MB memory.
2026-09-12 18:23:20.478 INFO   [FD43DB\D4C6ED] Auto-router pass #841 on board '80c2b536b52d99bc89ab2456395d1749' was completed in 0.38 seconds with the score of 931.13 (17 unrouted), using 45582.09 CPU seconds and 308222 MB memory.
2026-09-12 18:23:20.861 INFO   [FD43DB\D4C6ED] Auto-router pass #842 on board '80c2b536b52d99bc89ab2456395d1749' was completed in 0.38 seconds with the score of 931.13 (17 unrouted), using 45582.09 CPU seconds and 308222 MB memory.
2026-09-12 18:23:21.265 INFO   [FD43DB\D4C6ED] Auto-router pass #843 on board '80c2b536b52d99bc89ab2456395d1749' was completed in 0.40 seconds with the score of 931.13 (17 unrouted), using 45582.09 CPU seconds and 308222 MB memory.
2026-09-12 18:23:21.686 INFO   [FD43DB\D4C6ED] Auto-router pass #844 on board '80c2b536b52d99bc89ab2456395d1749' was completed in 0.41 seconds with the score of 931.13 (17 unrouted), using 45882.96 CPU seconds and 309132 MB memory.
2026-09-12 18:23:22.086 INFO   [FD43DB\D4C6ED] Auto-router pass #845 on board '80c2b536b52d99bc89ab2456395d1749' was completed in 0.39 seconds with the score of 931.13 (17 unrouted), using 45882.96 CPU seconds and 309132 MB memory.
2026-09-12 18:23:22.494 INFO   [FD43DB\D4C6ED] Auto-router pass #846 on board '80c2b536b52d99bc89ab2456395d1749' was completed in 0.40 seconds with the score of 931.13 (17 unrouted), using 46184.82 CPU seconds and 310036 MB memory.
2026-09-12 18:23:22.888 INFO   [FD43DB\D4C6ED] Auto-router pass #847 on board '80c2b536b52d99bc89ab2456395d1749' was completed in 0.39 seconds with the score of 931.13 (17 unrouted), using 46184.82 CPU seconds and 310036 MB memory.
2026-09-12 18:23:23.300 INFO   [FD43DB\D4C6ED] Auto-router pass #848 on board '80c2b536b52d99bc89ab2456395d1749' was completed in 0.41 seconds with the score of 931.13 (17 unrouted), using 46184.82 CPU seconds and 310036 MB memory.
2026-09-12 18:23:23.688 INFO   [FD43DB\D4C6ED] Auto-router pass #849 on board '80c2b536b52d99bc89ab2456395d1749' was completed in 0.38 seconds with the score of 931.13 (17 unrouted), using 46487.68 CPU seconds and 310949 MB memory.
2026-09-12 18:23:24.068 INFO   [FD43DB\D4C6ED] Auto-router pass #850 on board '80c2b536b52d99bc89ab2456395d1749' was completed in 0.37 seconds with the score of 931.13 (17 unrouted), using 46487.68 CPU seconds and 310949 MB memory.
2026-09-12 18:23:24.467 INFO   [FD43DB\D4C6ED] Auto-router pass #851 on board '80c2b536b52d99bc89ab2456395d1749' was completed in 0.40 seconds with the score of 931.13 (17 unrouted), using 46791.54 CPU seconds and 311886 MB memory.
2026-09-12 18:23:24.882 INFO   [FD43DB\D4C6ED] Auto-router pass #852 on board '80c2b536b52d99bc89ab2456395d1749' was completed in 0.41 seconds with the score of 931.13 (17 unrouted), using 46791.54 CPU seconds and 311886 MB memory.
2026-09-12 18:23:25.265 INFO   [FD43DB\D4C6ED] Auto-router pass #853 on board '80c2b536b52d99bc89ab2456395d1749' was completed in 0.38 seconds with the score of 931.13 (17 unrouted), using 46791.54 CPU seconds and 311886 MB memory.
2026-09-12 18:23:25.668 INFO   [FD43DB\D4C6ED] Auto-router pass #854 on board '80c2b536b52d99bc89ab2456395d1749' was completed in 0.40 seconds with the score of 931.13 (17 unrouted), using 47096.38 CPU seconds and 312808 MB memory.
2026-09-12 18:23:26.066 INFO   [FD43DB\D4C6ED] Auto-router pass #855 on board '80c2b536b52d99bc89ab2456395d1749' was completed in 0.39 seconds with the score of 931.13 (17 unrouted), using 47096.38 CPU seconds and 312808 MB memory.
2026-09-12 18:23:26.498 INFO   [FD43DB\D4C6ED] Auto-router pass #856 on board '80c2b536b52d99bc89ab2456395d1749' was completed in 0.43 seconds with the score of 931.13 (17 unrouted), using 47402.21 CPU seconds and 313702 MB memory.
2026-09-12 18:23:26.899 INFO   [FD43DB\D4C6ED] Auto-router pass #857 on board '80c2b536b52d99bc89ab2456395d1749' was completed in 0.40 seconds with the score of 931.13 (17 unrouted), using 47402.21 CPU seconds and 313702 MB memory.
2026-09-12 18:23:27.303 INFO   [FD43DB\D4C6ED] Auto-router pass #858 on board '80c2b536b52d99bc89ab2456395d1749' was completed in 0.40 seconds with the score of 931.13 (17 unrouted), using 47402.21 CPU seconds and 313702 MB memory.
2026-09-12 18:23:27.706 INFO   [FD43DB\D4C6ED] Auto-router pass #859 on board '80c2b536b52d99bc89ab2456395d1749' was completed in 0.40 seconds with the score of 931.13 (17 unrouted), using 47709.05 CPU seconds and 314596 MB memory.
2026-09-12 18:23:28.143 INFO   [FD43DB\D4C6ED] Auto-router pass #860 on board '80c2b536b52d99bc89ab2456395d1749' was completed in 0.43 seconds with the score of 931.13 (17 unrouted), using 47709.05 CPU seconds and 314596 MB memory.
2026-09-12 18:23:28.530 INFO   [FD43DB\D4C6ED] Auto-router pass #861 on board '80c2b536b52d99bc89ab2456395d1749' was completed in 0.38 seconds with the score of 931.13 (17 unrouted), using 48016.86 CPU seconds and 315488 MB memory.
2026-09-12 18:23:28.910 INFO   [FD43DB\D4C6ED] Auto-router pass #862 on board '80c2b536b52d99bc89ab2456395d1749' was completed in 0.38 seconds with the score of 931.13 (17 unrouted), using 48016.86 CPU seconds and 315488 MB memory.
2026-09-12 18:23:29.320 INFO   [FD43DB\D4C6ED] Auto-router pass #863 on board '80c2b536b52d99bc89ab2456395d1749' was completed in 0.41 seconds with the score of 931.13 (17 unrouted), using 48016.86 CPU seconds and 315488 MB memory.
2026-09-12 18:23:29.743 INFO   [FD43DB\D4C6ED] Auto-router pass #864 on board '80c2b536b52d99bc89ab2456395d1749' was completed in 0.42 seconds with the score of 931.13 (17 unrouted), using 48325.68 CPU seconds and 316405 MB memory.
2026-09-12 18:23:30.108 INFO   [FD43DB\D4C6ED] Auto-router pass #865 on board '80c2b536b52d99bc89ab2456395d1749' was completed in 0.36 seconds with the score of 931.13 (17 unrouted), using 48325.68 CPU seconds and 316405 MB memory.
2026-09-12 18:23:30.505 INFO   [FD43DB\D4C6ED] Auto-router pass #866 on board '80c2b536b52d99bc89ab2456395d1749' was completed in 0.39 seconds with the score of 931.13 (17 unrouted), using 48635.48 CPU seconds and 317346 MB memory.
2026-09-12 18:23:30.905 INFO   [FD43DB\D4C6ED] Auto-router pass #867 on board '80c2b536b52d99bc89ab2456395d1749' was completed in 0.40 seconds with the score of 931.13 (17 unrouted), using 48635.48 CPU seconds and 317346 MB memory.
2026-09-12 18:23:31.358 INFO   [FD43DB\D4C6ED] Auto-router pass #868 on board '80c2b536b52d99bc89ab2456395d1749' was completed in 0.45 seconds with the score of 931.13 (17 unrouted), using 48635.48 CPU seconds and 317346 MB memory.
2026-09-12 18:23:31.753 INFO   [FD43DB\D4C6ED] Auto-router pass #869 on board '80c2b536b52d99bc89ab2456395d1749' was completed in 0.39 seconds with the score of 931.13 (17 unrouted), using 48946.28 CPU seconds and 318220 MB memory.
2026-09-12 18:23:32.161 INFO   [FD43DB\D4C6ED] Auto-router pass #870 on board '80c2b536b52d99bc89ab2456395d1749' was completed in 0.40 seconds with the score of 931.13 (17 unrouted), using 48946.28 CPU seconds and 318220 MB memory.
2026-09-12 18:23:32.562 INFO   [FD43DB\D4C6ED] Auto-router pass #871 on board '80c2b536b52d99bc89ab2456395d1749' was completed in 0.40 seconds with the score of 931.13 (17 unrouted), using 49258.07 CPU seconds and 319122 MB memory.
2026-09-12 18:23:32.979 INFO   [FD43DB\D4C6ED] Auto-router pass #872 on board '80c2b536b52d99bc89ab2456395d1749' was completed in 0.41 seconds with the score of 931.13 (17 unrouted), using 49258.07 CPU seconds and 319122 MB memory.
2026-09-12 18:23:33.365 INFO   [FD43DB\D4C6ED] Auto-router pass #873 on board '80c2b536b52d99bc89ab2456395d1749' was completed in 0.38 seconds with the score of 931.13 (17 unrouted), using 49258.07 CPU seconds and 319122 MB memory.
2026-09-12 18:23:33.752 INFO   [FD43DB\D4C6ED] Auto-router pass #874 on board '80c2b536b52d99bc89ab2456395d1749' was completed in 0.38 seconds with the score of 931.13 (17 unrouted), using 49570.86 CPU seconds and 320043 MB memory.
2026-09-12 18:23:34.143 INFO   [FD43DB\D4C6ED] Auto-router pass #875 on board '80c2b536b52d99bc89ab2456395d1749' was completed in 0.39 seconds with the score of 931.13 (17 unrouted), using 49570.86 CPU seconds and 320043 MB memory.
2026-09-12 18:23:34.562 INFO   [FD43DB\D4C6ED] Auto-router pass #876 on board '80c2b536b52d99bc89ab2456395d1749' was completed in 0.41 seconds with the score of 931.13 (17 unrouted), using 49884.64 CPU seconds and 320961 MB memory.
2026-09-12 18:23:34.937 INFO   [FD43DB\D4C6ED] Auto-router pass #877 on board '80c2b536b52d99bc89ab2456395d1749' was completed in 0.37 seconds with the score of 931.13 (17 unrouted), using 49884.64 CPU seconds and 320961 MB memory.
2026-09-12 18:23:35.308 INFO   [FD43DB\D4C6ED] Auto-router pass #878 on board '80c2b536b52d99bc89ab2456395d1749' was completed in 0.37 seconds with the score of 931.13 (17 unrouted), using 49884.64 CPU seconds and 320961 MB memory.
2026-09-12 18:23:35.695 INFO   [FD43DB\D4C6ED] Auto-router pass #879 on board '80c2b536b52d99bc89ab2456395d1749' was completed in 0.38 seconds with the score of 931.13 (17 unrouted), using 50199.42 CPU seconds and 321917 MB memory.
2026-09-12 18:23:36.074 INFO   [FD43DB\D4C6ED] Auto-router pass #880 on board '80c2b536b52d99bc89ab2456395d1749' was completed in 0.38 seconds with the score of 931.13 (17 unrouted), using 50199.42 CPU seconds and 321917 MB memory.
2026-09-12 18:23:36.525 INFO   [FD43DB\D4C6ED] Auto-router pass #881 on board '80c2b536b52d99bc89ab2456395d1749' was completed in 0.45 seconds with the score of 931.13 (17 unrouted), using 50515.19 CPU seconds and 322850 MB memory.
2026-09-12 18:23:36.914 INFO   [FD43DB\D4C6ED] Auto-router pass #882 on board '80c2b536b52d99bc89ab2456395d1749' was completed in 0.38 seconds with the score of 931.13 (17 unrouted), using 50515.19 CPU seconds and 322850 MB memory.
2026-09-12 18:23:37.269 INFO   [FD43DB\D4C6ED] Auto-router pass #883 on board '80c2b536b52d99bc89ab2456395d1749' was completed in 0.35 seconds with the score of 931.13 (17 unrouted), using 50515.19 CPU seconds and 322850 MB memory.
2026-09-12 18:23:37.629 INFO   [FD43DB\D4C6ED] Auto-router pass #884 on board '80c2b536b52d99bc89ab2456395d1749' was completed in 0.35 seconds with the score of 931.13 (17 unrouted), using 50831.94 CPU seconds and 323797 MB memory.
2026-09-12 18:23:37.986 INFO   [FD43DB\D4C6ED] Auto-router pass #885 on board '80c2b536b52d99bc89ab2456395d1749' was completed in 0.35 seconds with the score of 931.13 (17 unrouted), using 50831.94 CPU seconds and 323797 MB memory.
2026-09-12 18:23:38.336 INFO   [FD43DB\D4C6ED] Auto-router pass #886 on board '80c2b536b52d99bc89ab2456395d1749' was completed in 0.35 seconds with the score of 931.13 (17 unrouted), using 50831.94 CPU seconds and 323797 MB memory.
2026-09-12 18:23:38.731 INFO   [FD43DB\D4C6ED] Auto-router pass #887 on board '80c2b536b52d99bc89ab2456395d1749' was completed in 0.39 seconds with the score of 931.13 (17 unrouted), using 51149.68 CPU seconds and 324829 MB memory.
2026-09-12 18:23:39.129 INFO   [FD43DB\D4C6ED] Auto-router pass #888 on board '80c2b536b52d99bc89ab2456395d1749' was completed in 0.39 seconds with the score of 931.13 (17 unrouted), using 51149.68 CPU seconds and 324829 MB memory.
2026-09-12 18:23:39.512 INFO   [FD43DB\D4C6ED] Auto-router pass #889 on board '80c2b536b52d99bc89ab2456395d1749' was completed in 0.38 seconds with the score of 931.13 (17 unrouted), using 51468.41 CPU seconds and 325767 MB memory.
2026-09-12 18:23:39.898 INFO   [FD43DB\D4C6ED] Auto-router pass #890 on board '80c2b536b52d99bc89ab2456395d1749' was completed in 0.38 seconds with the score of 931.13 (17 unrouted), using 51468.41 CPU seconds and 325767 MB memory.
2026-09-12 18:23:40.275 INFO   [FD43DB\D4C6ED] Auto-router pass #891 on board '80c2b536b52d99bc89ab2456395d1749' was completed in 0.37 seconds with the score of 931.13 (17 unrouted), using 51468.41 CPU seconds and 325767 MB memory.
2026-09-12 18:23:40.668 INFO   [FD43DB\D4C6ED] Auto-router pass #892 on board '80c2b536b52d99bc89ab2456395d1749' was completed in 0.39 seconds with the score of 931.13 (17 unrouted), using 51788.13 CPU seconds and 326703 MB memory.
2026-09-12 18:23:41.018 INFO   [FD43DB\D4C6ED] Auto-router pass #893 on board '80c2b536b52d99bc89ab2456395d1749' was completed in 0.35 seconds with the score of 931.13 (17 unrouted), using 51788.13 CPU seconds and 326703 MB memory.
2026-09-12 18:23:41.383 INFO   [FD43DB\D4C6ED] Auto-router pass #894 on board '80c2b536b52d99bc89ab2456395d1749' was completed in 0.36 seconds with the score of 931.13 (17 unrouted), using 52108.85 CPU seconds and 327710 MB memory.
2026-09-12 18:23:41.762 INFO   [FD43DB\D4C6ED] Auto-router pass #895 on board '80c2b536b52d99bc89ab2456395d1749' was completed in 0.37 seconds with the score of 931.13 (17 unrouted), using 52108.85 CPU seconds and 327710 MB memory.
2026-09-12 18:23:42.151 INFO   [FD43DB\D4C6ED] Auto-router pass #896 on board '80c2b536b52d99bc89ab2456395d1749' was completed in 0.38 seconds with the score of 931.13 (17 unrouted), using 52108.85 CPU seconds and 327710 MB memory.
2026-09-12 18:23:42.521 INFO   [FD43DB\D4C6ED] Auto-router pass #897 on board '80c2b536b52d99bc89ab2456395d1749' was completed in 0.37 seconds with the score of 931.13 (17 unrouted), using 52430.56 CPU seconds and 328677 MB memory.
2026-09-12 18:23:42.895 INFO   [FD43DB\D4C6ED] Auto-router pass #898 on board '80c2b536b52d99bc89ab2456395d1749' was completed in 0.37 seconds with the score of 931.13 (17 unrouted), using 52430.56 CPU seconds and 328677 MB memory.
2026-09-12 18:23:43.261 INFO   [FD43DB\D4C6ED] Auto-router pass #899 on board '80c2b536b52d99bc89ab2456395d1749' was completed in 0.36 seconds with the score of 931.13 (17 unrouted), using 52430.56 CPU seconds and 328677 MB memory.
2026-09-12 18:23:43.647 INFO   [FD43DB\D4C6ED] Auto-router pass #900 on board '80c2b536b52d99bc89ab2456395d1749' was completed in 0.38 seconds with the score of 931.13 (17 unrouted), using 52753.27 CPU seconds and 329656 MB memory.
2026-09-12 18:23:44.015 INFO   [FD43DB\D4C6ED] Auto-router pass #901 on board '80c2b536b52d99bc89ab2456395d1749' was completed in 0.36 seconds with the score of 931.13 (17 unrouted), using 52753.27 CPU seconds and 329656 MB memory.
2026-09-12 18:23:44.379 INFO   [FD43DB\D4C6ED] Auto-router pass #902 on board '80c2b536b52d99bc89ab2456395d1749' was completed in 0.36 seconds with the score of 931.13 (17 unrouted), using 52753.27 CPU seconds and 329656 MB memory.
2026-09-12 18:23:44.757 INFO   [FD43DB\D4C6ED] Auto-router pass #903 on board '80c2b536b52d99bc89ab2456395d1749' was completed in 0.37 seconds with the score of 931.13 (17 unrouted), using 53076.97 CPU seconds and 330641 MB memory.
2026-09-12 18:23:45.140 INFO   [FD43DB\D4C6ED] Auto-router pass #904 on board '80c2b536b52d99bc89ab2456395d1749' was completed in 0.38 seconds with the score of 931.13 (17 unrouted), using 53076.97 CPU seconds and 330641 MB memory.
2026-09-12 18:23:45.500 INFO   [FD43DB\D4C6ED] Auto-router pass #905 on board '80c2b536b52d99bc89ab2456395d1749' was completed in 0.35 seconds with the score of 931.13 (17 unrouted), using 53401.66 CPU seconds and 331626 MB memory.
2026-09-12 18:23:45.855 INFO   [FD43DB\D4C6ED] Auto-router pass #906 on board '80c2b536b52d99bc89ab2456395d1749' was completed in 0.35 seconds with the score of 931.13 (17 unrouted), using 53401.66 CPU seconds and 331626 MB memory.
2026-09-12 18:23:46.211 INFO   [FD43DB\D4C6ED] Auto-router pass #907 on board '80c2b536b52d99bc89ab2456395d1749' was completed in 0.35 seconds with the score of 931.13 (17 unrouted), using 53401.66 CPU seconds and 331626 MB memory.
2026-09-12 18:23:46.627 INFO   [FD43DB\D4C6ED] Auto-router pass #908 on board '80c2b536b52d99bc89ab2456395d1749' was completed in 0.40 seconds with the score of 931.13 (17 unrouted), using 53727.34 CPU seconds and 332613 MB memory.
2026-09-12 18:23:47.014 INFO   [FD43DB\D4C6ED] Auto-router pass #909 on board '80c2b536b52d99bc89ab2456395d1749' was completed in 0.38 seconds with the score of 931.13 (17 unrouted), using 53727.34 CPU seconds and 332613 MB memory.
2026-09-12 18:23:47.385 INFO   [FD43DB\D4C6ED] Auto-router pass #910 on board '80c2b536b52d99bc89ab2456395d1749' was completed in 0.36 seconds with the score of 931.13 (17 unrouted), using 54054.02 CPU seconds and 333565 MB memory.
2026-09-12 18:23:47.756 INFO   [FD43DB\D4C6ED] Auto-router pass #911 on board '80c2b536b52d99bc89ab2456395d1749' was completed in 0.37 seconds with the score of 931.13 (17 unrouted), using 54054.02 CPU seconds and 333565 MB memory.
2026-09-12 18:23:48.139 INFO   [FD43DB\D4C6ED] Auto-router pass #912 on board '80c2b536b52d99bc89ab2456395d1749' was completed in 0.38 seconds with the score of 931.13 (17 unrouted), using 54054.02 CPU seconds and 333565 MB memory.
2026-09-12 18:23:48.497 INFO   [FD43DB\D4C6ED] Auto-router pass #913 on board '80c2b536b52d99bc89ab2456395d1749' was completed in 0.35 seconds with the score of 931.13 (17 unrouted), using 54381.69 CPU seconds and 334553 MB memory.
2026-09-12 18:23:48.873 INFO   [FD43DB\D4C6ED] Auto-router pass #914 on board '80c2b536b52d99bc89ab2456395d1749' was completed in 0.37 seconds with the score of 931.13 (17 unrouted), using 54381.69 CPU seconds and 334553 MB memory.
2026-09-12 18:23:49.232 INFO   [FD43DB\D4C6ED] Auto-router pass #915 on board '80c2b536b52d99bc89ab2456395d1749' was completed in 0.35 seconds with the score of 931.13 (17 unrouted), using 54381.69 CPU seconds and 334553 MB memory.
2026-09-12 18:23:49.603 INFO   [FD43DB\D4C6ED] Auto-router pass #916 on board '80c2b536b52d99bc89ab2456395d1749' was completed in 0.37 seconds with the score of 931.13 (17 unrouted), using 54710.35 CPU seconds and 335556 MB memory.
2026-09-12 18:23:49.978 INFO   [FD43DB\D4C6ED] Auto-router pass #917 on board '80c2b536b52d99bc89ab2456395d1749' was completed in 0.37 seconds with the score of 931.13 (17 unrouted), using 54710.35 CPU seconds and 335556 MB memory.
2026-09-12 18:23:50.367 INFO   [FD43DB\D4C6ED] Auto-router pass #918 on board '80c2b536b52d99bc89ab2456395d1749' was completed in 0.38 seconds with the score of 931.13 (17 unrouted), using 54710.35 CPU seconds and 335556 MB memory.
2026-09-12 18:23:50.753 INFO   [FD43DB\D4C6ED] Auto-router pass #919 on board '80c2b536b52d99bc89ab2456395d1749' was completed in 0.38 seconds with the score of 931.13 (17 unrouted), using 55040.01 CPU seconds and 336509 MB memory.
2026-09-12 18:23:51.134 INFO   [FD43DB\D4C6ED] Auto-router pass #920 on board '80c2b536b52d99bc89ab2456395d1749' was completed in 0.38 seconds with the score of 931.13 (17 unrouted), using 55040.01 CPU seconds and 336509 MB memory.
2026-09-12 18:23:51.504 INFO   [FD43DB\D4C6ED] Auto-router pass #921 on board '80c2b536b52d99bc89ab2456395d1749' was completed in 0.36 seconds with the score of 931.13 (17 unrouted), using 55370.66 CPU seconds and 337483 MB memory.
2026-09-12 18:23:51.887 INFO   [FD43DB\D4C6ED] Auto-router pass #922 on board '80c2b536b52d99bc89ab2456395d1749' was completed in 0.38 seconds with the score of 931.13 (17 unrouted), using 55370.66 CPU seconds and 337483 MB memory.
2026-09-12 18:23:52.271 INFO   [FD43DB\D4C6ED] Auto-router pass #923 on board '80c2b536b52d99bc89ab2456395d1749' was completed in 0.38 seconds with the score of 931.13 (17 unrouted), using 55370.66 CPU seconds and 337483 MB memory.
2026-09-12 18:23:52.668 INFO   [FD43DB\D4C6ED] Auto-router pass #924 on board '80c2b536b52d99bc89ab2456395d1749' was completed in 0.39 seconds with the score of 931.13 (17 unrouted), using 55702.31 CPU seconds and 338431 MB memory.
2026-09-12 18:23:53.040 INFO   [FD43DB\D4C6ED] Auto-router pass #925 on board '80c2b536b52d99bc89ab2456395d1749' was completed in 0.37 seconds with the score of 931.13 (17 unrouted), using 55702.31 CPU seconds and 338431 MB memory.
2026-09-12 18:23:53.416 INFO   [FD43DB\D4C6ED] Auto-router pass #926 on board '80c2b536b52d99bc89ab2456395d1749' was completed in 0.37 seconds with the score of 931.13 (17 unrouted), using 56034.95 CPU seconds and 339391 MB memory.
2026-09-12 18:23:53.791 INFO   [FD43DB\D4C6ED] Auto-router pass #927 on board '80c2b536b52d99bc89ab2456395d1749' was completed in 0.37 seconds with the score of 931.13 (17 unrouted), using 56034.95 CPU seconds and 339391 MB memory.
2026-09-12 18:23:54.183 INFO   [FD43DB\D4C6ED] Auto-router pass #928 on board '80c2b536b52d99bc89ab2456395d1749' was completed in 0.39 seconds with the score of 931.13 (17 unrouted), using 56034.95 CPU seconds and 339391 MB memory.
2026-09-12 18:23:54.555 INFO   [FD43DB\D4C6ED] Auto-router pass #929 on board '80c2b536b52d99bc89ab2456395d1749' was completed in 0.37 seconds with the score of 931.13 (17 unrouted), using 56368.58 CPU seconds and 340359 MB memory.
2026-09-12 18:23:54.915 INFO   [FD43DB\D4C6ED] Auto-router pass #930 on board '80c2b536b52d99bc89ab2456395d1749' was completed in 0.36 seconds with the score of 931.13 (17 unrouted), using 56368.58 CPU seconds and 340359 MB memory.
2026-09-12 18:23:55.278 INFO   [FD43DB\D4C6ED] Auto-router pass #931 on board '80c2b536b52d99bc89ab2456395d1749' was completed in 0.36 seconds with the score of 931.13 (17 unrouted), using 56368.58 CPU seconds and 340359 MB memory.
2026-09-12 18:23:55.669 INFO   [FD43DB\D4C6ED] Auto-router pass #932 on board '80c2b536b52d99bc89ab2456395d1749' was completed in 0.39 seconds with the score of 931.13 (17 unrouted), using 56703.21 CPU seconds and 341356 MB memory.
2026-09-12 18:23:56.043 INFO   [FD43DB\D4C6ED] Auto-router pass #933 on board '80c2b536b52d99bc89ab2456395d1749' was completed in 0.37 seconds with the score of 931.13 (17 unrouted), using 56703.21 CPU seconds and 341356 MB memory.
2026-09-12 18:23:56.415 INFO   [FD43DB\D4C6ED] Auto-router pass #934 on board '80c2b536b52d99bc89ab2456395d1749' was completed in 0.37 seconds with the score of 931.13 (17 unrouted), using 57038.82 CPU seconds and 342326 MB memory.
2026-09-12 18:23:56.771 INFO   [FD43DB\D4C6ED] Auto-router pass #935 on board '80c2b536b52d99bc89ab2456395d1749' was completed in 0.35 seconds with the score of 931.13 (17 unrouted), using 57038.82 CPU seconds and 342326 MB memory.
2026-09-12 18:23:57.134 INFO   [FD43DB\D4C6ED] Auto-router pass #936 on board '80c2b536b52d99bc89ab2456395d1749' was completed in 0.36 seconds with the score of 931.13 (17 unrouted), using 57038.82 CPU seconds and 342326 MB memory.
2026-09-12 18:23:57.488 INFO   [FD43DB\D4C6ED] Auto-router pass #937 on board '80c2b536b52d99bc89ab2456395d1749' was completed in 0.35 seconds with the score of 931.13 (17 unrouted), using 57375.43 CPU seconds and 343349 MB memory.
2026-09-12 18:23:57.860 INFO   [FD43DB\D4C6ED] Auto-router pass #938 on board '80c2b536b52d99bc89ab2456395d1749' was completed in 0.37 seconds with the score of 931.13 (17 unrouted), using 57375.43 CPU seconds and 343349 MB memory.
2026-09-12 18:23:58.233 INFO   [FD43DB\D4C6ED] Auto-router pass #939 on board '80c2b536b52d99bc89ab2456395d1749' was completed in 0.37 seconds with the score of 931.13 (17 unrouted), using 57375.43 CPU seconds and 343349 MB memory.
2026-09-12 18:23:58.642 INFO   [FD43DB\D4C6ED] Auto-router pass #940 on board '80c2b536b52d99bc89ab2456395d1749' was completed in 0.40 seconds with the score of 931.13 (17 unrouted), using 57713.03 CPU seconds and 344314 MB memory.
2026-09-12 18:23:59.001 INFO   [FD43DB\D4C6ED] Auto-router pass #941 on board '80c2b536b52d99bc89ab2456395d1749' was completed in 0.35 seconds with the score of 931.13 (17 unrouted), using 57713.03 CPU seconds and 344314 MB memory.
2026-09-12 18:23:59.361 INFO   [FD43DB\D4C6ED] Auto-router pass #942 on board '80c2b536b52d99bc89ab2456395d1749' was completed in 0.35 seconds with the score of 931.13 (17 unrouted), using 57713.03 CPU seconds and 344314 MB memory.
2026-09-12 18:23:59.744 INFO   [FD43DB\D4C6ED] Auto-router pass #943 on board '80c2b536b52d99bc89ab2456395d1749' was completed in 0.38 seconds with the score of 931.13 (17 unrouted), using 58051.62 CPU seconds and 345303 MB memory.
2026-09-12 18:24:00.144 INFO   [FD43DB\D4C6ED] Auto-router pass #944 on board '80c2b536b52d99bc89ab2456395d1749' was completed in 0.40 seconds with the score of 931.13 (17 unrouted), using 58051.62 CPU seconds and 345303 MB memory.
2026-09-12 18:24:00.526 INFO   [FD43DB\D4C6ED] Auto-router pass #945 on board '80c2b536b52d99bc89ab2456395d1749' was completed in 0.38 seconds with the score of 931.13 (17 unrouted), using 58391.21 CPU seconds and 346250 MB memory.
2026-09-12 18:24:00.887 INFO   [FD43DB\D4C6ED] Auto-router pass #946 on board '80c2b536b52d99bc89ab2456395d1749' was completed in 0.36 seconds with the score of 931.13 (17 unrouted), using 58391.21 CPU seconds and 346250 MB memory.
2026-09-12 18:24:01.238 INFO   [FD43DB\D4C6ED] Auto-router pass #947 on board '80c2b536b52d99bc89ab2456395d1749' was completed in 0.35 seconds with the score of 931.13 (17 unrouted), using 58391.21 CPU seconds and 346250 MB memory.
2026-09-12 18:24:01.622 INFO   [FD43DB\D4C6ED] Auto-router pass #948 on board '80c2b536b52d99bc89ab2456395d1749' was completed in 0.38 seconds with the score of 931.13 (17 unrouted), using 58731.80 CPU seconds and 347260 MB memory.
2026-09-12 18:24:02.000 INFO   [FD43DB\D4C6ED] Auto-router pass #949 on board '80c2b536b52d99bc89ab2456395d1749' was completed in 0.37 seconds with the score of 931.13 (17 unrouted), using 58731.80 CPU seconds and 347260 MB memory.
2026-09-12 18:24:02.338 INFO   [FD43DB\D4C6ED] Auto-router pass #950 on board '80c2b536b52d99bc89ab2456395d1749' was completed in 0.33 seconds with the score of 931.13 (17 unrouted), using 58731.80 CPU seconds and 347260 MB memory.
2026-09-12 18:24:02.684 INFO   [FD43DB\D4C6ED] Auto-router pass #951 on board '80c2b536b52d99bc89ab2456395d1749' was completed in 0.34 seconds with the score of 931.13 (17 unrouted), using 59073.38 CPU seconds and 348260 MB memory.
2026-09-12 18:24:03.068 INFO   [FD43DB\D4C6ED] Auto-router pass #952 on board '80c2b536b52d99bc89ab2456395d1749' was completed in 0.38 seconds with the score of 931.13 (17 unrouted), using 59073.38 CPU seconds and 348260 MB memory.
2026-09-12 18:24:03.456 INFO   [FD43DB\D4C6ED] Auto-router pass #953 on board '80c2b536b52d99bc89ab2456395d1749' was completed in 0.38 seconds with the score of 931.13 (17 unrouted), using 59415.95 CPU seconds and 349249 MB memory.
2026-09-12 18:24:03.833 INFO   [FD43DB\D4C6ED] Auto-router pass #954 on board '80c2b536b52d99bc89ab2456395d1749' was completed in 0.37 seconds with the score of 931.13 (17 unrouted), using 59415.95 CPU seconds and 349249 MB memory.
2026-09-12 18:24:04.211 INFO   [FD43DB\D4C6ED] Auto-router pass #955 on board '80c2b536b52d99bc89ab2456395d1749' was completed in 0.37 seconds with the score of 931.13 (17 unrouted), using 59415.95 CPU seconds and 349249 MB memory.
2026-09-12 18:24:04.625 INFO   [FD43DB\D4C6ED] Auto-router pass #956 on board '80c2b536b52d99bc89ab2456395d1749' was completed in 0.41 seconds with the score of 931.13 (17 unrouted), using 59759.52 CPU seconds and 350190 MB memory.
2026-09-12 18:24:05.000 INFO   [FD43DB\D4C6ED] Auto-router pass #957 on board '80c2b536b52d99bc89ab2456395d1749' was completed in 0.37 seconds with the score of 931.13 (17 unrouted), using 59759.52 CPU seconds and 350190 MB memory.
2026-09-12 18:24:05.376 INFO   [FD43DB\D4C6ED] Auto-router pass #958 on board '80c2b536b52d99bc89ab2456395d1749' was completed in 0.37 seconds with the score of 931.13 (17 unrouted), using 59759.52 CPU seconds and 350190 MB memory.
2026-09-12 18:24:05.746 INFO   [FD43DB\D4C6ED] Auto-router pass #959 on board '80c2b536b52d99bc89ab2456395d1749' was completed in 0.36 seconds with the score of 931.13 (17 unrouted), using 60104.07 CPU seconds and 351147 MB memory.
2026-09-12 18:24:06.149 INFO   [FD43DB\D4C6ED] Auto-router pass #960 on board '80c2b536b52d99bc89ab2456395d1749' was completed in 0.40 seconds with the score of 931.13 (17 unrouted), using 60104.07 CPU seconds and 351147 MB memory.
2026-09-12 18:24:06.505 INFO   [FD43DB\D4C6ED] Auto-router pass #961 on board '80c2b536b52d99bc89ab2456395d1749' was completed in 0.35 seconds with the score of 931.13 (17 unrouted), using 60449.63 CPU seconds and 352119 MB memory.
2026-09-12 18:24:06.876 INFO   [FD43DB\D4C6ED] Auto-router pass #962 on board '80c2b536b52d99bc89ab2456395d1749' was completed in 0.37 seconds with the score of 931.13 (17 unrouted), using 60449.63 CPU seconds and 352119 MB memory.
2026-09-12 18:24:07.244 INFO   [FD43DB\D4C6ED] Auto-router pass #963 on board '80c2b536b52d99bc89ab2456395d1749' was completed in 0.36 seconds with the score of 931.13 (17 unrouted), using 60449.63 CPU seconds and 352119 MB memory.
2026-09-12 18:24:07.633 INFO   [FD43DB\D4C6ED] Auto-router pass #964 on board '80c2b536b52d99bc89ab2456395d1749' was completed in 0.38 seconds with the score of 931.13 (17 unrouted), using 60796.18 CPU seconds and 353108 MB memory.
2026-09-12 18:24:08.021 INFO   [FD43DB\D4C6ED] Auto-router pass #965 on board '80c2b536b52d99bc89ab2456395d1749' was completed in 0.38 seconds with the score of 931.13 (17 unrouted), using 60796.18 CPU seconds and 353108 MB memory.
2026-09-12 18:24:08.400 INFO   [FD43DB\D4C6ED] Auto-router pass #966 on board '80c2b536b52d99bc89ab2456395d1749' was completed in 0.37 seconds with the score of 931.13 (17 unrouted), using 61143.72 CPU seconds and 354056 MB memory.
2026-09-12 18:24:08.774 INFO   [FD43DB\D4C6ED] Auto-router pass #967 on board '80c2b536b52d99bc89ab2456395d1749' was completed in 0.37 seconds with the score of 931.13 (17 unrouted), using 61143.72 CPU seconds and 354056 MB memory.
2026-09-12 18:24:09.174 INFO   [FD43DB\D4C6ED] Auto-router pass #968 on board '80c2b536b52d99bc89ab2456395d1749' was completed in 0.40 seconds with the score of 931.13 (17 unrouted), using 61143.72 CPU seconds and 354056 MB memory.
2026-09-12 18:24:09.549 INFO   [FD43DB\D4C6ED] Auto-router pass #969 on board '80c2b536b52d99bc89ab2456395d1749' was completed in 0.37 seconds with the score of 931.13 (17 unrouted), using 61492.26 CPU seconds and 355022 MB memory.
2026-09-12 18:24:09.930 INFO   [FD43DB\D4C6ED] Auto-router pass #970 on board '80c2b536b52d99bc89ab2456395d1749' was completed in 0.38 seconds with the score of 931.13 (17 unrouted), using 61492.26 CPU seconds and 355022 MB memory.
2026-09-12 18:24:10.312 INFO   [FD43DB\D4C6ED] Auto-router pass #971 on board '80c2b536b52d99bc89ab2456395d1749' was completed in 0.38 seconds with the score of 931.13 (17 unrouted), using 61492.26 CPU seconds and 355022 MB memory.
2026-09-12 18:24:10.711 INFO   [FD43DB\D4C6ED] Auto-router pass #972 on board '80c2b536b52d99bc89ab2456395d1749' was completed in 0.40 seconds with the score of 931.13 (17 unrouted), using 61841.79 CPU seconds and 355963 MB memory.
2026-09-12 18:24:11.112 INFO   [FD43DB\D4C6ED] Auto-router pass #973 on board '80c2b536b52d99bc89ab2456395d1749' was completed in 0.39 seconds with the score of 931.13 (17 unrouted), using 61841.79 CPU seconds and 355963 MB memory.
2026-09-12 18:24:11.495 INFO   [FD43DB\D4C6ED] Auto-router pass #974 on board '80c2b536b52d99bc89ab2456395d1749' was completed in 0.38 seconds with the score of 931.13 (17 unrouted), using 62192.32 CPU seconds and 356894 MB memory.
2026-09-12 18:24:11.884 INFO   [FD43DB\D4C6ED] Auto-router pass #975 on board '80c2b536b52d99bc89ab2456395d1749' was completed in 0.38 seconds with the score of 931.13 (17 unrouted), using 62192.32 CPU seconds and 356894 MB memory.
2026-09-12 18:24:12.284 INFO   [FD43DB\D4C6ED] Auto-router pass #976 on board '80c2b536b52d99bc89ab2456395d1749' was completed in 0.40 seconds with the score of 931.13 (17 unrouted), using 62192.32 CPU seconds and 356894 MB memory.
2026-09-12 18:24:12.660 INFO   [FD43DB\D4C6ED] Auto-router pass #977 on board '80c2b536b52d99bc89ab2456395d1749' was completed in 0.37 seconds with the score of 931.13 (17 unrouted), using 62543.84 CPU seconds and 357836 MB memory.
2026-09-12 18:24:13.005 INFO   [FD43DB\D4C6ED] Auto-router pass #978 on board '80c2b536b52d99bc89ab2456395d1749' was completed in 0.34 seconds with the score of 931.13 (17 unrouted), using 62543.84 CPU seconds and 357836 MB memory.
2026-09-12 18:24:13.352 INFO   [FD43DB\D4C6ED] Auto-router pass #979 on board '80c2b536b52d99bc89ab2456395d1749' was completed in 0.34 seconds with the score of 931.13 (17 unrouted), using 62543.84 CPU seconds and 357836 MB memory.
2026-09-12 18:24:13.753 INFO   [FD43DB\D4C6ED] Auto-router pass #980 on board '80c2b536b52d99bc89ab2456395d1749' was completed in 0.40 seconds with the score of 931.13 (17 unrouted), using 62896.36 CPU seconds and 358863 MB memory.
2026-09-12 18:24:14.126 INFO   [FD43DB\D4C6ED] Auto-router pass #981 on board '80c2b536b52d99bc89ab2456395d1749' was completed in 0.37 seconds with the score of 931.13 (17 unrouted), using 62896.36 CPU seconds and 358863 MB memory.
2026-09-12 18:24:14.503 INFO   [FD43DB\D4C6ED] Auto-router pass #982 on board '80c2b536b52d99bc89ab2456395d1749' was completed in 0.37 seconds with the score of 931.13 (17 unrouted), using 63249.87 CPU seconds and 359821 MB memory.
2026-09-12 18:24:14.892 INFO   [FD43DB\D4C6ED] Auto-router pass #983 on board '80c2b536b52d99bc89ab2456395d1749' was completed in 0.38 seconds with the score of 931.13 (17 unrouted), using 63249.87 CPU seconds and 359821 MB memory.
2026-09-12 18:24:15.294 INFO   [FD43DB\D4C6ED] Auto-router pass #984 on board '80c2b536b52d99bc89ab2456395d1749' was completed in 0.40 seconds with the score of 931.13 (17 unrouted), using 63249.87 CPU seconds and 359821 MB memory.
2026-09-12 18:24:15.685 INFO   [FD43DB\D4C6ED] Auto-router pass #985 on board '80c2b536b52d99bc89ab2456395d1749' was completed in 0.38 seconds with the score of 931.13 (17 unrouted), using 63604.38 CPU seconds and 360742 MB memory.
2026-09-12 18:24:16.078 INFO   [FD43DB\D4C6ED] Auto-router pass #986 on board '80c2b536b52d99bc89ab2456395d1749' was completed in 0.39 seconds with the score of 931.13 (17 unrouted), using 63604.38 CPU seconds and 360742 MB memory.
2026-09-12 18:24:16.497 INFO   [FD43DB\D4C6ED] Auto-router pass #987 on board '80c2b536b52d99bc89ab2456395d1749' was completed in 0.41 seconds with the score of 931.13 (17 unrouted), using 63959.88 CPU seconds and 361650 MB memory.
2026-09-12 18:24:16.894 INFO   [FD43DB\D4C6ED] Auto-router pass #988 on board '80c2b536b52d99bc89ab2456395d1749' was completed in 0.39 seconds with the score of 931.13 (17 unrouted), using 63959.88 CPU seconds and 361650 MB memory.
2026-09-12 18:24:17.292 INFO   [FD43DB\D4C6ED] Auto-router pass #989 on board '80c2b536b52d99bc89ab2456395d1749' was completed in 0.39 seconds with the score of 931.13 (17 unrouted), using 63959.88 CPU seconds and 361650 MB memory.
2026-09-12 18:24:17.671 INFO   [FD43DB\D4C6ED] Auto-router pass #990 on board '80c2b536b52d99bc89ab2456395d1749' was completed in 0.37 seconds with the score of 931.13 (17 unrouted), using 64316.38 CPU seconds and 362588 MB memory.
2026-09-12 18:24:18.046 INFO   [FD43DB\D4C6ED] Auto-router pass #991 on board '80c2b536b52d99bc89ab2456395d1749' was completed in 0.37 seconds with the score of 931.13 (17 unrouted), using 64316.38 CPU seconds and 362588 MB memory.
2026-09-12 18:24:18.473 INFO   [FD43DB\D4C6ED] Auto-router pass #992 on board '80c2b536b52d99bc89ab2456395d1749' was completed in 0.42 seconds with the score of 931.13 (17 unrouted), using 64673.86 CPU seconds and 363515 MB memory.
2026-09-12 18:24:18.858 INFO   [FD43DB\D4C6ED] Auto-router pass #993 on board '80c2b536b52d99bc89ab2456395d1749' was completed in 0.38 seconds with the score of 931.13 (17 unrouted), using 64673.86 CPU seconds and 363515 MB memory.
2026-09-12 18:24:19.235 INFO   [FD43DB\D4C6ED] Auto-router pass #994 on board '80c2b536b52d99bc89ab2456395d1749' was completed in 0.37 seconds with the score of 931.13 (17 unrouted), using 64673.86 CPU seconds and 363515 MB memory.
2026-09-12 18:24:19.605 INFO   [FD43DB\D4C6ED] Auto-router pass #995 on board '80c2b536b52d99bc89ab2456395d1749' was completed in 0.37 seconds with the score of 931.13 (17 unrouted), using 65032.35 CPU seconds and 364472 MB memory.
2026-09-12 18:24:19.989 INFO   [FD43DB\D4C6ED] Auto-router pass #996 on board '80c2b536b52d99bc89ab2456395d1749' was completed in 0.38 seconds with the score of 931.13 (17 unrouted), using 65032.35 CPU seconds and 364472 MB memory.
2026-09-12 18:24:20.368 INFO   [FD43DB\D4C6ED] Auto-router pass #997 on board '80c2b536b52d99bc89ab2456395d1749' was completed in 0.37 seconds with the score of 931.13 (17 unrouted), using 65032.35 CPU seconds and 364472 MB memory.
2026-09-12 18:24:20.743 INFO   [FD43DB\D4C6ED] Auto-router pass #998 on board '80c2b536b52d99bc89ab2456395d1749' was completed in 0.37 seconds with the score of 931.13 (17 unrouted), using 65391.83 CPU seconds and 365442 MB memory.
2026-09-12 18:24:21.126 INFO   [FD43DB\D4C6ED] Auto-router pass #999 on board '80c2b536b52d99bc89ab2456395d1749' was completed in 0.38 seconds with the score of 931.13 (17 unrouted), using 65391.83 CPU seconds and 365442 MB memory.
{
  "host": "KiCad's Pcbnew,9.0.9.1-unknown-202605141413~ce707d0a6c~ubuntu24.04.1",
  "unit": "mm",
  "board": {
    "bounding_box": {
      "x": 661.0,
      "y": 1.0,
      "width": -1.0,
      "height": -751.0
    },
    "size": {
      "x": 0.0,
      "y": 0.0,
      "width": 662.0,
      "height": 752.0
    }
  },
  "layers": {
    "total_count": 2,
    "signal_count": 2
  },
  "items": {
    "total_count": 787,
    "trace_count": 168,
    "via_count": 17,
    "conduction_area_count": 2,
    "drill_item_count": 134,
    "pin_count": 0,
    "component_count": 446,
    "other_count": 20
  },
  "components": {
    "total_count": 46
  },
  "pads": {
    "total_count": 134
  },
  "nets": {
    "total_count": 40,
    "class_count": 2
  },
  "connections": {
    "maximum_count": 281,
    "incomplete_count": 17
  },
  "traces": {
    "total_count": 168,
    "total_segment_count": 203,
    "total_length": 8206.418,
    "total_weighted_length": 0.0,
    "average_length": 48.847725,
    "total_vertical_length": 2831.518,
    "total_horizontal_length": 2280.638,
    "total_angled_length": 3182.228
  },
  "bends": {
    "total_count": 35,
    "90_degree_count": 2,
    "45_degree_count": 33,
    "other_angle_count": 0
  },
  "vias": {
    "total_count": 17,
    "through_hole_count": 17,
    "blind_count": 0,
    "buried_count": 0
  },
  "clearance_violations": {
    "total_count": 0
  }
}
