2026-09-11 18:14:56.849 INFO   Freerouting v2.1.0 (build-date: 2025-04-12)
2026-09-11 18:14:56.883 WARN   No default constructor found for field: currentLocale
2026-09-11 18:14:56.893 INFO   Settings were loaded from freerouting.json
2026-09-11 18:14:56.896 WARN   Couldn't get screen resolution. If you are running in a headless environment, disable the GUI by setting gui.enabled to false.
2026-09-11 18:14:58.085 INFO   [4CF575\C010E3] Job '4CF575\C010E3' started at 2026-09-11T18:14:58.085536451Z
2026-09-11 18:14:58.383 INFO   New version available: v2.4.1
2026-09-11 18:14:59.274 INFO   [4CF575\C010E3] Auto-router pass #1 on board '3ce02d839f83433c39e2b0ea4f4cbedc' was completed in 1.04 seconds with the score of 673.89 (42 unrouted), using 0.90 CPU seconds and 676 MB memory.
2026-09-11 18:14:59.728 INFO   [4CF575\C010E3] Auto-router pass #2 on board 'eb9a2ba6a5d0c8e0b290ce1c7165cc80' was completed in 0.44 seconds with the score of 673.89 (42 unrouted), using 0.90 CPU seconds and 676 MB memory.
2026-09-11 18:15:00.156 INFO   [4CF575\C010E3] Auto-router pass #3 on board 'eb9a2ba6a5d0c8e0b290ce1c7165cc80' was completed in 0.43 seconds with the score of 673.89 (42 unrouted), using 2.77 CPU seconds and 1759 MB memory.
2026-09-11 18:15:00.973 INFO   [4CF575\C010E3] Auto-router pass #4 on board 'eb9a2ba6a5d0c8e0b290ce1c7165cc80' was completed in 0.81 seconds with the score of 702.69 (39 unrouted), using 2.77 CPU seconds and 1759 MB memory.
2026-09-11 18:15:01.367 INFO   [4CF575\C010E3] Auto-router pass #5 on board '075395ef5833bf05b297c73156782783' was completed in 0.38 seconds with the score of 702.69 (39 unrouted), using 5.60 CPU seconds and 2813 MB memory.
2026-09-11 18:15:01.760 INFO   [4CF575\C010E3] Auto-router pass #6 on board '075395ef5833bf05b297c73156782783' was completed in 0.39 seconds with the score of 702.69 (39 unrouted), using 5.60 CPU seconds and 2813 MB memory.
2026-09-11 18:15:02.143 INFO   [4CF575\C010E3] Auto-router pass #7 on board '075395ef5833bf05b297c73156782783' was completed in 0.38 seconds with the score of 702.69 (39 unrouted), using 9.40 CPU seconds and 4008 MB memory.
2026-09-11 18:15:02.547 INFO   [4CF575\C010E3] Auto-router pass #8 on board '075395ef5833bf05b297c73156782783' was completed in 0.40 seconds with the score of 702.69 (39 unrouted), using 9.40 CPU seconds and 4008 MB memory.
2026-09-11 18:15:02.924 INFO   [4CF575\C010E3] Auto-router pass #9 on board '075395ef5833bf05b297c73156782783' was completed in 0.37 seconds with the score of 702.69 (39 unrouted), using 9.40 CPU seconds and 4008 MB memory.
2026-09-11 18:15:03.309 INFO   [4CF575\C010E3] Auto-router pass #10 on board '075395ef5833bf05b297c73156782783' was completed in 0.38 seconds with the score of 702.69 (39 unrouted), using 14.19 CPU seconds and 5235 MB memory.
2026-09-11 18:15:03.685 INFO   [4CF575\C010E3] Auto-router pass #11 on board '075395ef5833bf05b297c73156782783' was completed in 0.37 seconds with the score of 702.69 (39 unrouted), using 14.19 CPU seconds and 5235 MB memory.
2026-09-11 18:15:04.100 INFO   [4CF575\C010E3] Auto-router pass #12 on board '075395ef5833bf05b297c73156782783' was completed in 0.41 seconds with the score of 702.69 (39 unrouted), using 19.96 CPU seconds and 6446 MB memory.
2026-09-11 18:15:04.478 INFO   [4CF575\C010E3] Auto-router pass #13 on board '075395ef5833bf05b297c73156782783' was completed in 0.38 seconds with the score of 702.69 (39 unrouted), using 19.96 CPU seconds and 6446 MB memory.
2026-09-11 18:15:04.854 INFO   [4CF575\C010E3] Auto-router pass #14 on board '075395ef5833bf05b297c73156782783' was completed in 0.37 seconds with the score of 702.69 (39 unrouted), using 19.96 CPU seconds and 6446 MB memory.
2026-09-11 18:15:05.240 INFO   [4CF575\C010E3] Auto-router pass #15 on board '075395ef5833bf05b297c73156782783' was completed in 0.38 seconds with the score of 702.69 (39 unrouted), using 26.70 CPU seconds and 7661 MB memory.
2026-09-11 18:15:05.661 INFO   [4CF575\C010E3] Auto-router pass #16 on board '075395ef5833bf05b297c73156782783' was completed in 0.42 seconds with the score of 702.69 (39 unrouted), using 26.70 CPU seconds and 7661 MB memory.
2026-09-11 18:15:06.045 INFO   [4CF575\C010E3] Auto-router pass #17 on board '075395ef5833bf05b297c73156782783' was completed in 0.38 seconds with the score of 702.69 (39 unrouted), using 26.70 CPU seconds and 7661 MB memory.
2026-09-11 18:15:06.428 INFO   [4CF575\C010E3] Auto-router pass #18 on board '075395ef5833bf05b297c73156782783' was completed in 0.38 seconds with the score of 702.69 (39 unrouted), using 34.42 CPU seconds and 8863 MB memory.
2026-09-11 18:15:06.804 INFO   [4CF575\C010E3] Auto-router pass #19 on board '075395ef5833bf05b297c73156782783' was completed in 0.37 seconds with the score of 702.69 (39 unrouted), using 34.42 CPU seconds and 8863 MB memory.
2026-09-11 18:15:07.213 INFO   [4CF575\C010E3] Auto-router pass #20 on board '075395ef5833bf05b297c73156782783' was completed in 0.41 seconds with the score of 702.69 (39 unrouted), using 43.12 CPU seconds and 10080 MB memory.
2026-09-11 18:15:07.588 INFO   [4CF575\C010E3] Auto-router pass #21 on board '075395ef5833bf05b297c73156782783' was completed in 0.37 seconds with the score of 702.69 (39 unrouted), using 43.12 CPU seconds and 10080 MB memory.
2026-09-11 18:15:07.965 INFO   [4CF575\C010E3] Auto-router pass #22 on board '075395ef5833bf05b297c73156782783' was completed in 0.37 seconds with the score of 702.69 (39 unrouted), using 43.12 CPU seconds and 10080 MB memory.
2026-09-11 18:15:08.344 INFO   [4CF575\C010E3] Auto-router pass #23 on board '075395ef5833bf05b297c73156782783' was completed in 0.38 seconds with the score of 702.69 (39 unrouted), using 52.80 CPU seconds and 11307 MB memory.
2026-09-11 18:15:08.757 INFO   [4CF575\C010E3] Auto-router pass #24 on board '075395ef5833bf05b297c73156782783' was completed in 0.41 seconds with the score of 702.69 (39 unrouted), using 52.80 CPU seconds and 11307 MB memory.
2026-09-11 18:15:09.137 INFO   [4CF575\C010E3] Auto-router pass #25 on board '075395ef5833bf05b297c73156782783' was completed in 0.38 seconds with the score of 702.69 (39 unrouted), using 63.45 CPU seconds and 12518 MB memory.
2026-09-11 18:15:09.514 INFO   [4CF575\C010E3] Auto-router pass #26 on board '075395ef5833bf05b297c73156782783' was completed in 0.37 seconds with the score of 702.69 (39 unrouted), using 63.45 CPU seconds and 12518 MB memory.
2026-09-11 18:15:09.885 INFO   [4CF575\C010E3] Auto-router pass #27 on board '075395ef5833bf05b297c73156782783' was completed in 0.37 seconds with the score of 702.69 (39 unrouted), using 63.45 CPU seconds and 12518 MB memory.
2026-09-11 18:15:10.290 INFO   [4CF575\C010E3] Auto-router pass #28 on board '075395ef5833bf05b297c73156782783' was completed in 0.40 seconds with the score of 702.69 (39 unrouted), using 75.09 CPU seconds and 13749 MB memory.
2026-09-11 18:15:10.665 INFO   [4CF575\C010E3] Auto-router pass #29 on board '075395ef5833bf05b297c73156782783' was completed in 0.37 seconds with the score of 702.69 (39 unrouted), using 75.09 CPU seconds and 13749 MB memory.
2026-09-11 18:15:11.044 INFO   [4CF575\C010E3] Auto-router pass #30 on board '075395ef5833bf05b297c73156782783' was completed in 0.38 seconds with the score of 702.69 (39 unrouted), using 75.09 CPU seconds and 13749 MB memory.
2026-09-11 18:15:11.423 INFO   [4CF575\C010E3] Auto-router pass #31 on board '075395ef5833bf05b297c73156782783' was completed in 0.38 seconds with the score of 702.69 (39 unrouted), using 87.71 CPU seconds and 14978 MB memory.
2026-09-11 18:15:11.826 INFO   [4CF575\C010E3] Auto-router pass #32 on board '075395ef5833bf05b297c73156782783' was completed in 0.40 seconds with the score of 702.69 (39 unrouted), using 87.71 CPU seconds and 14978 MB memory.
2026-09-11 18:15:12.207 INFO   [4CF575\C010E3] Auto-router pass #33 on board '075395ef5833bf05b297c73156782783' was completed in 0.38 seconds with the score of 702.69 (39 unrouted), using 101.31 CPU seconds and 16203 MB memory.
2026-09-11 18:15:12.582 INFO   [4CF575\C010E3] Auto-router pass #34 on board '075395ef5833bf05b297c73156782783' was completed in 0.37 seconds with the score of 702.69 (39 unrouted), using 101.31 CPU seconds and 16203 MB memory.
2026-09-11 18:15:12.955 INFO   [4CF575\C010E3] Auto-router pass #35 on board '075395ef5833bf05b297c73156782783' was completed in 0.37 seconds with the score of 702.69 (39 unrouted), using 101.31 CPU seconds and 16203 MB memory.
2026-09-11 18:15:13.368 INFO   [4CF575\C010E3] Auto-router pass #36 on board '075395ef5833bf05b297c73156782783' was completed in 0.41 seconds with the score of 702.69 (39 unrouted), using 115.89 CPU seconds and 17428 MB memory.
2026-09-11 18:15:13.742 INFO   [4CF575\C010E3] Auto-router pass #37 on board '075395ef5833bf05b297c73156782783' was completed in 0.37 seconds with the score of 702.69 (39 unrouted), using 115.89 CPU seconds and 17428 MB memory.
2026-09-11 18:15:14.118 INFO   [4CF575\C010E3] Auto-router pass #38 on board '075395ef5833bf05b297c73156782783' was completed in 0.37 seconds with the score of 702.69 (39 unrouted), using 131.45 CPU seconds and 18656 MB memory.
2026-09-11 18:15:14.492 INFO   [4CF575\C010E3] Auto-router pass #39 on board '075395ef5833bf05b297c73156782783' was completed in 0.37 seconds with the score of 702.69 (39 unrouted), using 131.45 CPU seconds and 18656 MB memory.
2026-09-11 18:15:14.895 INFO   [4CF575\C010E3] Auto-router pass #40 on board '075395ef5833bf05b297c73156782783' was completed in 0.40 seconds with the score of 702.69 (39 unrouted), using 131.45 CPU seconds and 18656 MB memory.
2026-09-11 18:15:15.271 INFO   [4CF575\C010E3] Auto-router pass #41 on board '075395ef5833bf05b297c73156782783' was completed in 0.37 seconds with the score of 702.69 (39 unrouted), using 147.99 CPU seconds and 19884 MB memory.
2026-09-11 18:15:15.649 INFO   [4CF575\C010E3] Auto-router pass #42 on board '075395ef5833bf05b297c73156782783' was completed in 0.38 seconds with the score of 702.69 (39 unrouted), using 147.99 CPU seconds and 19884 MB memory.
2026-09-11 18:15:16.026 INFO   [4CF575\C010E3] Auto-router pass #43 on board '075395ef5833bf05b297c73156782783' was completed in 0.37 seconds with the score of 702.69 (39 unrouted), using 147.99 CPU seconds and 19884 MB memory.
2026-09-11 18:15:16.433 INFO   [4CF575\C010E3] Auto-router pass #44 on board '075395ef5833bf05b297c73156782783' was completed in 0.40 seconds with the score of 702.69 (39 unrouted), using 165.52 CPU seconds and 21108 MB memory.
2026-09-11 18:15:16.804 INFO   [4CF575\C010E3] Auto-router pass #45 on board '075395ef5833bf05b297c73156782783' was completed in 0.37 seconds with the score of 702.69 (39 unrouted), using 165.52 CPU seconds and 21108 MB memory.
2026-09-11 18:15:17.179 INFO   [4CF575\C010E3] Auto-router pass #46 on board '075395ef5833bf05b297c73156782783' was completed in 0.37 seconds with the score of 702.69 (39 unrouted), using 184.03 CPU seconds and 22346 MB memory.
2026-09-11 18:15:17.551 INFO   [4CF575\C010E3] Auto-router pass #47 on board '075395ef5833bf05b297c73156782783' was completed in 0.37 seconds with the score of 702.69 (39 unrouted), using 184.03 CPU seconds and 22346 MB memory.
2026-09-11 18:15:17.963 INFO   [4CF575\C010E3] Auto-router pass #48 on board '075395ef5833bf05b297c73156782783' was completed in 0.41 seconds with the score of 702.69 (39 unrouted), using 184.03 CPU seconds and 22346 MB memory.
2026-09-11 18:15:18.349 INFO   [4CF575\C010E3] Auto-router pass #49 on board '075395ef5833bf05b297c73156782783' was completed in 0.38 seconds with the score of 702.69 (39 unrouted), using 203.52 CPU seconds and 23569 MB memory.
2026-09-11 18:15:18.729 INFO   [4CF575\C010E3] Auto-router pass #50 on board '075395ef5833bf05b297c73156782783' was completed in 0.38 seconds with the score of 702.69 (39 unrouted), using 203.52 CPU seconds and 23569 MB memory.
2026-09-11 18:15:19.106 INFO   [4CF575\C010E3] Auto-router pass #51 on board '075395ef5833bf05b297c73156782783' was completed in 0.38 seconds with the score of 702.69 (39 unrouted), using 223.98 CPU seconds and 24783 MB memory.
2026-09-11 18:15:19.514 INFO   [4CF575\C010E3] Auto-router pass #52 on board '075395ef5833bf05b297c73156782783' was completed in 0.41 seconds with the score of 702.69 (39 unrouted), using 223.98 CPU seconds and 24783 MB memory.
2026-09-11 18:15:19.893 INFO   [4CF575\C010E3] Auto-router pass #53 on board '075395ef5833bf05b297c73156782783' was completed in 0.38 seconds with the score of 702.69 (39 unrouted), using 223.98 CPU seconds and 24783 MB memory.
2026-09-11 18:15:20.276 INFO   [4CF575\C010E3] Auto-router pass #54 on board '075395ef5833bf05b297c73156782783' was completed in 0.38 seconds with the score of 702.69 (39 unrouted), using 245.41 CPU seconds and 25996 MB memory.
2026-09-11 18:15:20.657 INFO   [4CF575\C010E3] Auto-router pass #55 on board '075395ef5833bf05b297c73156782783' was completed in 0.38 seconds with the score of 702.69 (39 unrouted), using 245.41 CPU seconds and 25996 MB memory.
2026-09-11 18:15:21.065 INFO   [4CF575\C010E3] Auto-router pass #56 on board '075395ef5833bf05b297c73156782783' was completed in 0.41 seconds with the score of 702.69 (39 unrouted), using 245.41 CPU seconds and 25996 MB memory.
2026-09-11 18:15:21.440 INFO   [4CF575\C010E3] Auto-router pass #57 on board '075395ef5833bf05b297c73156782783' was completed in 0.37 seconds with the score of 702.69 (39 unrouted), using 267.82 CPU seconds and 27211 MB memory.
2026-09-11 18:15:21.815 INFO   [4CF575\C010E3] Auto-router pass #58 on board '075395ef5833bf05b297c73156782783' was completed in 0.37 seconds with the score of 702.69 (39 unrouted), using 267.82 CPU seconds and 27211 MB memory.
2026-09-11 18:15:22.194 INFO   [4CF575\C010E3] Auto-router pass #59 on board '075395ef5833bf05b297c73156782783' was completed in 0.38 seconds with the score of 702.69 (39 unrouted), using 291.21 CPU seconds and 28437 MB memory.
2026-09-11 18:15:22.611 INFO   [4CF575\C010E3] Auto-router pass #60 on board '075395ef5833bf05b297c73156782783' was completed in 0.41 seconds with the score of 702.69 (39 unrouted), using 291.21 CPU seconds and 28437 MB memory.
2026-09-11 18:15:22.993 INFO   [4CF575\C010E3] Auto-router pass #61 on board '075395ef5833bf05b297c73156782783' was completed in 0.38 seconds with the score of 702.69 (39 unrouted), using 291.21 CPU seconds and 28437 MB memory.
2026-09-11 18:15:23.372 INFO   [4CF575\C010E3] Auto-router pass #62 on board '075395ef5833bf05b297c73156782783' was completed in 0.38 seconds with the score of 702.69 (39 unrouted), using 315.57 CPU seconds and 29651 MB memory.
2026-09-11 18:15:23.751 INFO   [4CF575\C010E3] Auto-router pass #63 on board '075395ef5833bf05b297c73156782783' was completed in 0.38 seconds with the score of 702.69 (39 unrouted), using 315.57 CPU seconds and 29651 MB memory.
2026-09-11 18:15:24.164 INFO   [4CF575\C010E3] Auto-router pass #64 on board '075395ef5833bf05b297c73156782783' was completed in 0.41 seconds with the score of 702.69 (39 unrouted), using 340.92 CPU seconds and 30864 MB memory.
2026-09-11 18:15:24.541 INFO   [4CF575\C010E3] Auto-router pass #65 on board '075395ef5833bf05b297c73156782783' was completed in 0.38 seconds with the score of 702.69 (39 unrouted), using 340.92 CPU seconds and 30864 MB memory.
2026-09-11 18:15:24.924 INFO   [4CF575\C010E3] Auto-router pass #66 on board '075395ef5833bf05b297c73156782783' was completed in 0.38 seconds with the score of 702.69 (39 unrouted), using 340.92 CPU seconds and 30864 MB memory.
2026-09-11 18:15:25.309 INFO   [4CF575\C010E3] Auto-router pass #67 on board '075395ef5833bf05b297c73156782783' was completed in 0.38 seconds with the score of 702.69 (39 unrouted), using 367.24 CPU seconds and 32071 MB memory.
2026-09-11 18:15:25.722 INFO   [4CF575\C010E3] Auto-router pass #68 on board '075395ef5833bf05b297c73156782783' was completed in 0.41 seconds with the score of 702.69 (39 unrouted), using 367.24 CPU seconds and 32071 MB memory.
2026-09-11 18:15:26.101 INFO   [4CF575\C010E3] Auto-router pass #69 on board '075395ef5833bf05b297c73156782783' was completed in 0.38 seconds with the score of 702.69 (39 unrouted), using 367.24 CPU seconds and 32071 MB memory.
2026-09-11 18:15:26.477 INFO   [4CF575\C010E3] Auto-router pass #70 on board '075395ef5833bf05b297c73156782783' was completed in 0.37 seconds with the score of 702.69 (39 unrouted), using 394.53 CPU seconds and 33283 MB memory.
2026-09-11 18:15:26.850 INFO   [4CF575\C010E3] Auto-router pass #71 on board '075395ef5833bf05b297c73156782783' was completed in 0.37 seconds with the score of 702.69 (39 unrouted), using 394.53 CPU seconds and 33283 MB memory.
2026-09-11 18:15:27.253 INFO   [4CF575\C010E3] Auto-router pass #72 on board '075395ef5833bf05b297c73156782783' was completed in 0.40 seconds with the score of 702.69 (39 unrouted), using 422.81 CPU seconds and 34514 MB memory.
2026-09-11 18:15:27.626 INFO   [4CF575\C010E3] Auto-router pass #73 on board '075395ef5833bf05b297c73156782783' was completed in 0.37 seconds with the score of 702.69 (39 unrouted), using 422.81 CPU seconds and 34514 MB memory.
2026-09-11 18:15:27.998 INFO   [4CF575\C010E3] Auto-router pass #74 on board '075395ef5833bf05b297c73156782783' was completed in 0.37 seconds with the score of 702.69 (39 unrouted), using 422.81 CPU seconds and 34514 MB memory.
2026-09-11 18:15:28.373 INFO   [4CF575\C010E3] Auto-router pass #75 on board '075395ef5833bf05b297c73156782783' was completed in 0.37 seconds with the score of 702.69 (39 unrouted), using 452.06 CPU seconds and 35754 MB memory.
2026-09-11 18:15:28.773 INFO   [4CF575\C010E3] Auto-router pass #76 on board '075395ef5833bf05b297c73156782783' was completed in 0.40 seconds with the score of 702.69 (39 unrouted), using 452.06 CPU seconds and 35754 MB memory.
2026-09-11 18:15:29.146 INFO   [4CF575\C010E3] Auto-router pass #77 on board '075395ef5833bf05b297c73156782783' was completed in 0.37 seconds with the score of 702.69 (39 unrouted), using 482.30 CPU seconds and 36994 MB memory.
2026-09-11 18:15:29.520 INFO   [4CF575\C010E3] Auto-router pass #78 on board '075395ef5833bf05b297c73156782783' was completed in 0.37 seconds with the score of 702.69 (39 unrouted), using 482.30 CPU seconds and 36994 MB memory.
2026-09-11 18:15:29.893 INFO   [4CF575\C010E3] Auto-router pass #79 on board '075395ef5833bf05b297c73156782783' was completed in 0.37 seconds with the score of 702.69 (39 unrouted), using 482.30 CPU seconds and 36994 MB memory.
2026-09-11 18:15:30.305 INFO   [4CF575\C010E3] Auto-router pass #80 on board '075395ef5833bf05b297c73156782783' was completed in 0.41 seconds with the score of 702.69 (39 unrouted), using 513.51 CPU seconds and 38225 MB memory.
2026-09-11 18:15:30.685 INFO   [4CF575\C010E3] Auto-router pass #81 on board '075395ef5833bf05b297c73156782783' was completed in 0.38 seconds with the score of 702.69 (39 unrouted), using 513.51 CPU seconds and 38225 MB memory.
2026-09-11 18:15:31.062 INFO   [4CF575\C010E3] Auto-router pass #82 on board '075395ef5833bf05b297c73156782783' was completed in 0.37 seconds with the score of 702.69 (39 unrouted), using 513.51 CPU seconds and 38225 MB memory.
2026-09-11 18:15:31.439 INFO   [4CF575\C010E3] Auto-router pass #83 on board '075395ef5833bf05b297c73156782783' was completed in 0.38 seconds with the score of 702.69 (39 unrouted), using 545.70 CPU seconds and 39444 MB memory.
2026-09-11 18:15:31.856 INFO   [4CF575\C010E3] Auto-router pass #84 on board '075395ef5833bf05b297c73156782783' was completed in 0.41 seconds with the score of 702.69 (39 unrouted), using 545.70 CPU seconds and 39444 MB memory.
2026-09-11 18:15:32.241 INFO   [4CF575\C010E3] Auto-router pass #85 on board '075395ef5833bf05b297c73156782783' was completed in 0.38 seconds with the score of 702.69 (39 unrouted), using 578.86 CPU seconds and 40650 MB memory.
2026-09-11 18:15:32.629 INFO   [4CF575\C010E3] Auto-router pass #86 on board '075395ef5833bf05b297c73156782783' was completed in 0.39 seconds with the score of 702.69 (39 unrouted), using 578.86 CPU seconds and 40650 MB memory.
2026-09-11 18:15:33.007 INFO   [4CF575\C010E3] Auto-router pass #87 on board '075395ef5833bf05b297c73156782783' was completed in 0.38 seconds with the score of 702.69 (39 unrouted), using 578.86 CPU seconds and 40650 MB memory.
2026-09-11 18:15:33.421 INFO   [4CF575\C010E3] Auto-router pass #88 on board '075395ef5833bf05b297c73156782783' was completed in 0.41 seconds with the score of 702.69 (39 unrouted), using 612.99 CPU seconds and 41852 MB memory.
2026-09-11 18:15:33.801 INFO   [4CF575\C010E3] Auto-router pass #89 on board '075395ef5833bf05b297c73156782783' was completed in 0.38 seconds with the score of 702.69 (39 unrouted), using 612.99 CPU seconds and 41852 MB memory.
2026-09-11 18:15:34.180 INFO   [4CF575\C010E3] Auto-router pass #90 on board '075395ef5833bf05b297c73156782783' was completed in 0.38 seconds with the score of 702.69 (39 unrouted), using 648.10 CPU seconds and 43064 MB memory.
2026-09-11 18:15:34.565 INFO   [4CF575\C010E3] Auto-router pass #91 on board '075395ef5833bf05b297c73156782783' was completed in 0.38 seconds with the score of 702.69 (39 unrouted), using 648.10 CPU seconds and 43064 MB memory.
2026-09-11 18:15:34.984 INFO   [4CF575\C010E3] Auto-router pass #92 on board '075395ef5833bf05b297c73156782783' was completed in 0.42 seconds with the score of 702.69 (39 unrouted), using 648.10 CPU seconds and 43064 MB memory.
2026-09-11 18:15:35.377 INFO   [4CF575\C010E3] Auto-router pass #93 on board '075395ef5833bf05b297c73156782783' was completed in 0.39 seconds with the score of 702.69 (39 unrouted), using 684.18 CPU seconds and 44261 MB memory.
2026-09-11 18:15:35.763 INFO   [4CF575\C010E3] Auto-router pass #94 on board '075395ef5833bf05b297c73156782783' was completed in 0.38 seconds with the score of 702.69 (39 unrouted), using 684.18 CPU seconds and 44261 MB memory.
2026-09-11 18:15:36.133 INFO   [4CF575\C010E3] Auto-router pass #95 on board '075395ef5833bf05b297c73156782783' was completed in 0.37 seconds with the score of 702.69 (39 unrouted), using 721.23 CPU seconds and 45467 MB memory.
2026-09-11 18:15:36.549 INFO   [4CF575\C010E3] Auto-router pass #96 on board '075395ef5833bf05b297c73156782783' was completed in 0.41 seconds with the score of 702.69 (39 unrouted), using 721.23 CPU seconds and 45467 MB memory.
2026-09-11 18:15:36.927 INFO   [4CF575\C010E3] Auto-router pass #97 on board '075395ef5833bf05b297c73156782783' was completed in 0.38 seconds with the score of 702.69 (39 unrouted), using 721.23 CPU seconds and 45467 MB memory.
2026-09-11 18:15:37.303 INFO   [4CF575\C010E3] Auto-router pass #98 on board '075395ef5833bf05b297c73156782783' was completed in 0.37 seconds with the score of 702.69 (39 unrouted), using 759.26 CPU seconds and 46684 MB memory.
2026-09-11 18:15:37.683 INFO   [4CF575\C010E3] Auto-router pass #99 on board '075395ef5833bf05b297c73156782783' was completed in 0.38 seconds with the score of 702.69 (39 unrouted), using 759.26 CPU seconds and 46684 MB memory.
2026-09-11 18:15:38.092 INFO   [4CF575\C010E3] Auto-router pass #100 on board '075395ef5833bf05b297c73156782783' was completed in 0.41 seconds with the score of 702.69 (39 unrouted), using 759.26 CPU seconds and 46684 MB memory.
2026-09-11 18:15:38.474 INFO   [4CF575\C010E3] Auto-router pass #101 on board '075395ef5833bf05b297c73156782783' was completed in 0.38 seconds with the score of 702.69 (39 unrouted), using 798.26 CPU seconds and 47902 MB memory.
2026-09-11 18:15:38.863 INFO   [4CF575\C010E3] Auto-router pass #102 on board '075395ef5833bf05b297c73156782783' was completed in 0.39 seconds with the score of 702.69 (39 unrouted), using 798.26 CPU seconds and 47902 MB memory.
2026-09-11 18:15:39.236 INFO   [4CF575\C010E3] Auto-router pass #103 on board '075395ef5833bf05b297c73156782783' was completed in 0.37 seconds with the score of 702.69 (39 unrouted), using 838.22 CPU seconds and 49112 MB memory.
2026-09-11 18:15:39.639 INFO   [4CF575\C010E3] Auto-router pass #104 on board '075395ef5833bf05b297c73156782783' was completed in 0.40 seconds with the score of 702.69 (39 unrouted), using 838.22 CPU seconds and 49112 MB memory.
2026-09-11 18:15:40.019 INFO   [4CF575\C010E3] Auto-router pass #105 on board '075395ef5833bf05b297c73156782783' was completed in 0.38 seconds with the score of 702.69 (39 unrouted), using 838.22 CPU seconds and 49112 MB memory.
2026-09-11 18:15:40.402 INFO   [4CF575\C010E3] Auto-router pass #106 on board '075395ef5833bf05b297c73156782783' was completed in 0.38 seconds with the score of 702.69 (39 unrouted), using 879.16 CPU seconds and 50338 MB memory.
2026-09-11 18:15:40.786 INFO   [4CF575\C010E3] Auto-router pass #107 on board '075395ef5833bf05b297c73156782783' was completed in 0.38 seconds with the score of 702.69 (39 unrouted), using 879.16 CPU seconds and 50338 MB memory.
2026-09-11 18:15:41.196 INFO   [4CF575\C010E3] Auto-router pass #108 on board '075395ef5833bf05b297c73156782783' was completed in 0.41 seconds with the score of 702.69 (39 unrouted), using 921.08 CPU seconds and 51545 MB memory.
2026-09-11 18:15:41.568 INFO   [4CF575\C010E3] Auto-router pass #109 on board '075395ef5833bf05b297c73156782783' was completed in 0.37 seconds with the score of 702.69 (39 unrouted), using 921.08 CPU seconds and 51545 MB memory.
2026-09-11 18:15:41.937 INFO   [4CF575\C010E3] Auto-router pass #110 on board '075395ef5833bf05b297c73156782783' was completed in 0.37 seconds with the score of 702.69 (39 unrouted), using 921.08 CPU seconds and 51545 MB memory.
2026-09-11 18:15:42.306 INFO   [4CF575\C010E3] Auto-router pass #111 on board '075395ef5833bf05b297c73156782783' was completed in 0.37 seconds with the score of 702.69 (39 unrouted), using 963.96 CPU seconds and 52792 MB memory.
2026-09-11 18:15:42.711 INFO   [4CF575\C010E3] Auto-router pass #112 on board '075395ef5833bf05b297c73156782783' was completed in 0.40 seconds with the score of 702.69 (39 unrouted), using 963.96 CPU seconds and 52792 MB memory.
2026-09-11 18:15:43.086 INFO   [4CF575\C010E3] Auto-router pass #113 on board '075395ef5833bf05b297c73156782783' was completed in 0.37 seconds with the score of 702.69 (39 unrouted), using 963.96 CPU seconds and 52792 MB memory.
2026-09-11 18:15:43.462 INFO   [4CF575\C010E3] Auto-router pass #114 on board '075395ef5833bf05b297c73156782783' was completed in 0.37 seconds with the score of 702.69 (39 unrouted), using 1007.82 CPU seconds and 54022 MB memory.
2026-09-11 18:15:43.826 INFO   [4CF575\C010E3] Auto-router pass #115 on board '075395ef5833bf05b297c73156782783' was completed in 0.36 seconds with the score of 702.69 (39 unrouted), using 1007.82 CPU seconds and 54022 MB memory.
2026-09-11 18:15:44.230 INFO   [4CF575\C010E3] Auto-router pass #116 on board '075395ef5833bf05b297c73156782783' was completed in 0.40 seconds with the score of 702.69 (39 unrouted), using 1052.65 CPU seconds and 55271 MB memory.
2026-09-11 18:15:44.607 INFO   [4CF575\C010E3] Auto-router pass #117 on board '075395ef5833bf05b297c73156782783' was completed in 0.38 seconds with the score of 702.69 (39 unrouted), using 1052.65 CPU seconds and 55271 MB memory.
2026-09-11 18:15:44.984 INFO   [4CF575\C010E3] Auto-router pass #118 on board '075395ef5833bf05b297c73156782783' was completed in 0.38 seconds with the score of 702.69 (39 unrouted), using 1052.65 CPU seconds and 55271 MB memory.
2026-09-11 18:15:45.357 INFO   [4CF575\C010E3] Auto-router pass #119 on board '075395ef5833bf05b297c73156782783' was completed in 0.37 seconds with the score of 702.69 (39 unrouted), using 1098.44 CPU seconds and 56492 MB memory.
2026-09-11 18:15:45.771 INFO   [4CF575\C010E3] Auto-router pass #120 on board '075395ef5833bf05b297c73156782783' was completed in 0.41 seconds with the score of 702.69 (39 unrouted), using 1098.44 CPU seconds and 56492 MB memory.
2026-09-11 18:15:46.144 INFO   [4CF575\C010E3] Auto-router pass #121 on board '075395ef5833bf05b297c73156782783' was completed in 0.37 seconds with the score of 702.69 (39 unrouted), using 1145.22 CPU seconds and 57722 MB memory.
2026-09-11 18:15:46.506 INFO   [4CF575\C010E3] Auto-router pass #122 on board '075395ef5833bf05b297c73156782783' was completed in 0.36 seconds with the score of 702.69 (39 unrouted), using 1145.22 CPU seconds and 57722 MB memory.
2026-09-11 18:15:46.878 INFO   [4CF575\C010E3] Auto-router pass #123 on board '075395ef5833bf05b297c73156782783' was completed in 0.36 seconds with the score of 702.69 (39 unrouted), using 1145.22 CPU seconds and 57722 MB memory.
2026-09-11 18:15:47.281 INFO   [4CF575\C010E3] Auto-router pass #124 on board '075395ef5833bf05b297c73156782783' was completed in 0.40 seconds with the score of 702.69 (39 unrouted), using 1192.96 CPU seconds and 58970 MB memory.
2026-09-11 18:15:47.650 INFO   [4CF575\C010E3] Auto-router pass #125 on board '075395ef5833bf05b297c73156782783' was completed in 0.37 seconds with the score of 702.69 (39 unrouted), using 1192.96 CPU seconds and 58970 MB memory.
2026-09-11 18:15:48.025 INFO   [4CF575\C010E3] Auto-router pass #126 on board '075395ef5833bf05b297c73156782783' was completed in 0.37 seconds with the score of 702.69 (39 unrouted), using 1192.96 CPU seconds and 58970 MB memory.
2026-09-11 18:15:48.399 INFO   [4CF575\C010E3] Auto-router pass #127 on board '075395ef5833bf05b297c73156782783' was completed in 0.37 seconds with the score of 702.69 (39 unrouted), using 1241.67 CPU seconds and 60209 MB memory.
2026-09-11 18:15:48.803 INFO   [4CF575\C010E3] Auto-router pass #128 on board '075395ef5833bf05b297c73156782783' was completed in 0.40 seconds with the score of 702.69 (39 unrouted), using 1241.67 CPU seconds and 60209 MB memory.
2026-09-11 18:15:49.176 INFO   [4CF575\C010E3] Auto-router pass #129 on board '075395ef5833bf05b297c73156782783' was completed in 0.37 seconds with the score of 702.69 (39 unrouted), using 1291.36 CPU seconds and 61443 MB memory.
2026-09-11 18:15:49.547 INFO   [4CF575\C010E3] Auto-router pass #130 on board '075395ef5833bf05b297c73156782783' was completed in 0.37 seconds with the score of 702.69 (39 unrouted), using 1291.36 CPU seconds and 61443 MB memory.
2026-09-11 18:15:49.920 INFO   [4CF575\C010E3] Auto-router pass #131 on board '075395ef5833bf05b297c73156782783' was completed in 0.37 seconds with the score of 702.69 (39 unrouted), using 1291.36 CPU seconds and 61443 MB memory.
2026-09-11 18:15:50.315 INFO   [4CF575\C010E3] Auto-router pass #132 on board '075395ef5833bf05b297c73156782783' was completed in 0.39 seconds with the score of 702.69 (39 unrouted), using 1342.01 CPU seconds and 62690 MB memory.
2026-09-11 18:15:50.695 INFO   [4CF575\C010E3] Auto-router pass #133 on board '075395ef5833bf05b297c73156782783' was completed in 0.38 seconds with the score of 702.69 (39 unrouted), using 1342.01 CPU seconds and 62690 MB memory.
2026-09-11 18:15:51.070 INFO   [4CF575\C010E3] Auto-router pass #134 on board '075395ef5833bf05b297c73156782783' was completed in 0.37 seconds with the score of 702.69 (39 unrouted), using 1342.01 CPU seconds and 62690 MB memory.
2026-09-11 18:15:51.443 INFO   [4CF575\C010E3] Auto-router pass #135 on board '075395ef5833bf05b297c73156782783' was completed in 0.37 seconds with the score of 702.69 (39 unrouted), using 1393.64 CPU seconds and 63925 MB memory.
2026-09-11 18:15:51.845 INFO   [4CF575\C010E3] Auto-router pass #136 on board '075395ef5833bf05b297c73156782783' was completed in 0.40 seconds with the score of 702.69 (39 unrouted), using 1393.64 CPU seconds and 63925 MB memory.
2026-09-11 18:15:52.220 INFO   [4CF575\C010E3] Auto-router pass #137 on board '075395ef5833bf05b297c73156782783' was completed in 0.37 seconds with the score of 702.69 (39 unrouted), using 1446.23 CPU seconds and 65162 MB memory.
2026-09-11 18:15:52.592 INFO   [4CF575\C010E3] Auto-router pass #138 on board '075395ef5833bf05b297c73156782783' was completed in 0.37 seconds with the score of 702.69 (39 unrouted), using 1446.23 CPU seconds and 65162 MB memory.
2026-09-11 18:15:52.967 INFO   [4CF575\C010E3] Auto-router pass #139 on board '075395ef5833bf05b297c73156782783' was completed in 0.37 seconds with the score of 702.69 (39 unrouted), using 1446.23 CPU seconds and 65162 MB memory.
2026-09-11 18:15:53.371 INFO   [4CF575\C010E3] Auto-router pass #140 on board '075395ef5833bf05b297c73156782783' was completed in 0.40 seconds with the score of 702.69 (39 unrouted), using 1499.81 CPU seconds and 66402 MB memory.
2026-09-11 18:15:53.743 INFO   [4CF575\C010E3] Auto-router pass #141 on board '075395ef5833bf05b297c73156782783' was completed in 0.37 seconds with the score of 702.69 (39 unrouted), using 1499.81 CPU seconds and 66402 MB memory.
2026-09-11 18:15:54.114 INFO   [4CF575\C010E3] Auto-router pass #142 on board '075395ef5833bf05b297c73156782783' was completed in 0.37 seconds with the score of 702.69 (39 unrouted), using 1499.81 CPU seconds and 66402 MB memory.
2026-09-11 18:15:54.482 INFO   [4CF575\C010E3] Auto-router pass #143 on board '075395ef5833bf05b297c73156782783' was completed in 0.36 seconds with the score of 702.69 (39 unrouted), using 1554.35 CPU seconds and 67639 MB memory.
2026-09-11 18:15:54.882 INFO   [4CF575\C010E3] Auto-router pass #144 on board '075395ef5833bf05b297c73156782783' was completed in 0.40 seconds with the score of 702.69 (39 unrouted), using 1554.35 CPU seconds and 67639 MB memory.
2026-09-11 18:15:55.251 INFO   [4CF575\C010E3] Auto-router pass #145 on board '075395ef5833bf05b297c73156782783' was completed in 0.37 seconds with the score of 702.69 (39 unrouted), using 1609.87 CPU seconds and 68894 MB memory.
2026-09-11 18:15:55.625 INFO   [4CF575\C010E3] Auto-router pass #146 on board '075395ef5833bf05b297c73156782783' was completed in 0.37 seconds with the score of 702.69 (39 unrouted), using 1609.87 CPU seconds and 68894 MB memory.
2026-09-11 18:15:55.993 INFO   [4CF575\C010E3] Auto-router pass #147 on board '075395ef5833bf05b297c73156782783' was completed in 0.36 seconds with the score of 702.69 (39 unrouted), using 1609.87 CPU seconds and 68894 MB memory.
2026-09-11 18:15:56.390 INFO   [4CF575\C010E3] Auto-router pass #148 on board '075395ef5833bf05b297c73156782783' was completed in 0.40 seconds with the score of 702.69 (39 unrouted), using 1666.36 CPU seconds and 70140 MB memory.
2026-09-11 18:15:56.761 INFO   [4CF575\C010E3] Auto-router pass #149 on board '075395ef5833bf05b297c73156782783' was completed in 0.37 seconds with the score of 702.69 (39 unrouted), using 1666.36 CPU seconds and 70140 MB memory.
2026-09-11 18:15:57.130 INFO   [4CF575\C010E3] Auto-router pass #150 on board '075395ef5833bf05b297c73156782783' was completed in 0.37 seconds with the score of 702.69 (39 unrouted), using 1723.83 CPU seconds and 71388 MB memory.
2026-09-11 18:15:57.503 INFO   [4CF575\C010E3] Auto-router pass #151 on board '075395ef5833bf05b297c73156782783' was completed in 0.37 seconds with the score of 702.69 (39 unrouted), using 1723.83 CPU seconds and 71388 MB memory.
2026-09-11 18:15:57.906 INFO   [4CF575\C010E3] Auto-router pass #152 on board '075395ef5833bf05b297c73156782783' was completed in 0.40 seconds with the score of 702.69 (39 unrouted), using 1723.83 CPU seconds and 71388 MB memory.
2026-09-11 18:15:58.276 INFO   [4CF575\C010E3] Auto-router pass #153 on board '075395ef5833bf05b297c73156782783' was completed in 0.37 seconds with the score of 702.69 (39 unrouted), using 1782.27 CPU seconds and 72627 MB memory.
2026-09-11 18:15:58.646 INFO   [4CF575\C010E3] Auto-router pass #154 on board '075395ef5833bf05b297c73156782783' was completed in 0.37 seconds with the score of 702.69 (39 unrouted), using 1782.27 CPU seconds and 72627 MB memory.
2026-09-11 18:15:59.018 INFO   [4CF575\C010E3] Auto-router pass #155 on board '075395ef5833bf05b297c73156782783' was completed in 0.37 seconds with the score of 702.69 (39 unrouted), using 1782.27 CPU seconds and 72627 MB memory.
2026-09-11 18:15:59.417 INFO   [4CF575\C010E3] Auto-router pass #156 on board '075395ef5833bf05b297c73156782783' was completed in 0.40 seconds with the score of 702.69 (39 unrouted), using 1841.69 CPU seconds and 73877 MB memory.
2026-09-11 18:15:59.788 INFO   [4CF575\C010E3] Auto-router pass #157 on board '075395ef5833bf05b297c73156782783' was completed in 0.37 seconds with the score of 702.69 (39 unrouted), using 1841.69 CPU seconds and 73877 MB memory.
2026-09-11 18:16:00.162 INFO   [4CF575\C010E3] Auto-router pass #158 on board '075395ef5833bf05b297c73156782783' was completed in 0.37 seconds with the score of 702.69 (39 unrouted), using 1902.08 CPU seconds and 75121 MB memory.
2026-09-11 18:16:00.531 INFO   [4CF575\C010E3] Auto-router pass #159 on board '075395ef5833bf05b297c73156782783' was completed in 0.37 seconds with the score of 702.69 (39 unrouted), using 1902.08 CPU seconds and 75121 MB memory.
2026-09-11 18:16:00.943 INFO   [4CF575\C010E3] Auto-router pass #160 on board '075395ef5833bf05b297c73156782783' was completed in 0.41 seconds with the score of 702.69 (39 unrouted), using 1902.08 CPU seconds and 75121 MB memory.
2026-09-11 18:16:01.319 INFO   [4CF575\C010E3] Auto-router pass #161 on board '075395ef5833bf05b297c73156782783' was completed in 0.37 seconds with the score of 702.69 (39 unrouted), using 1963.44 CPU seconds and 76350 MB memory.
2026-09-11 18:16:01.690 INFO   [4CF575\C010E3] Auto-router pass #162 on board '075395ef5833bf05b297c73156782783' was completed in 0.37 seconds with the score of 702.69 (39 unrouted), using 1963.44 CPU seconds and 76350 MB memory.
2026-09-11 18:16:02.061 INFO   [4CF575\C010E3] Auto-router pass #163 on board '075395ef5833bf05b297c73156782783' was completed in 0.37 seconds with the score of 702.69 (39 unrouted), using 1963.44 CPU seconds and 76350 MB memory.
2026-09-11 18:16:02.469 INFO   [4CF575\C010E3] Auto-router pass #164 on board '075395ef5833bf05b297c73156782783' was completed in 0.41 seconds with the score of 702.69 (39 unrouted), using 2025.76 CPU seconds and 77584 MB memory.
2026-09-11 18:16:02.842 INFO   [4CF575\C010E3] Auto-router pass #165 on board '075395ef5833bf05b297c73156782783' was completed in 0.37 seconds with the score of 702.69 (39 unrouted), using 2025.76 CPU seconds and 77584 MB memory.
2026-09-11 18:16:03.216 INFO   [4CF575\C010E3] Auto-router pass #166 on board '075395ef5833bf05b297c73156782783' was completed in 0.37 seconds with the score of 702.69 (39 unrouted), using 2089.05 CPU seconds and 78815 MB memory.
2026-09-11 18:16:03.590 INFO   [4CF575\C010E3] Auto-router pass #167 on board '075395ef5833bf05b297c73156782783' was completed in 0.37 seconds with the score of 702.69 (39 unrouted), using 2089.05 CPU seconds and 78815 MB memory.
2026-09-11 18:16:04.000 INFO   [4CF575\C010E3] Auto-router pass #168 on board '075395ef5833bf05b297c73156782783' was completed in 0.41 seconds with the score of 702.69 (39 unrouted), using 2089.05 CPU seconds and 78815 MB memory.
2026-09-11 18:16:04.372 INFO   [4CF575\C010E3] Auto-router pass #169 on board '075395ef5833bf05b297c73156782783' was completed in 0.37 seconds with the score of 702.69 (39 unrouted), using 2153.31 CPU seconds and 80044 MB memory.
2026-09-11 18:16:04.745 INFO   [4CF575\C010E3] Auto-router pass #170 on board '075395ef5833bf05b297c73156782783' was completed in 0.37 seconds with the score of 702.69 (39 unrouted), using 2153.31 CPU seconds and 80044 MB memory.
2026-09-11 18:16:05.122 INFO   [4CF575\C010E3] Auto-router pass #171 on board '075395ef5833bf05b297c73156782783' was completed in 0.37 seconds with the score of 702.69 (39 unrouted), using 2153.31 CPU seconds and 80044 MB memory.
2026-09-11 18:16:05.531 INFO   [4CF575\C010E3] Auto-router pass #172 on board '075395ef5833bf05b297c73156782783' was completed in 0.41 seconds with the score of 702.69 (39 unrouted), using 2218.55 CPU seconds and 81279 MB memory.
2026-09-11 18:16:05.910 INFO   [4CF575\C010E3] Auto-router pass #173 on board '075395ef5833bf05b297c73156782783' was completed in 0.38 seconds with the score of 702.69 (39 unrouted), using 2218.55 CPU seconds and 81279 MB memory.
2026-09-11 18:16:06.285 INFO   [4CF575\C010E3] Auto-router pass #174 on board '075395ef5833bf05b297c73156782783' was completed in 0.37 seconds with the score of 702.69 (39 unrouted), using 2284.75 CPU seconds and 82496 MB memory.
2026-09-11 18:16:06.660 INFO   [4CF575\C010E3] Auto-router pass #175 on board '075395ef5833bf05b297c73156782783' was completed in 0.37 seconds with the score of 702.69 (39 unrouted), using 2284.75 CPU seconds and 82496 MB memory.
2026-09-11 18:16:07.069 INFO   [4CF575\C010E3] Auto-router pass #176 on board '075395ef5833bf05b297c73156782783' was completed in 0.41 seconds with the score of 702.69 (39 unrouted), using 2284.75 CPU seconds and 82496 MB memory.
2026-09-11 18:16:07.447 INFO   [4CF575\C010E3] Auto-router pass #177 on board '075395ef5833bf05b297c73156782783' was completed in 0.38 seconds with the score of 702.69 (39 unrouted), using 2351.91 CPU seconds and 83723 MB memory.
2026-09-11 18:16:07.826 INFO   [4CF575\C010E3] Auto-router pass #178 on board '075395ef5833bf05b297c73156782783' was completed in 0.38 seconds with the score of 702.69 (39 unrouted), using 2351.91 CPU seconds and 83723 MB memory.
2026-09-11 18:16:08.200 INFO   [4CF575\C010E3] Auto-router pass #179 on board '075395ef5833bf05b297c73156782783' was completed in 0.37 seconds with the score of 702.69 (39 unrouted), using 2420.06 CPU seconds and 84949 MB memory.
2026-09-11 18:16:08.609 INFO   [4CF575\C010E3] Auto-router pass #180 on board '075395ef5833bf05b297c73156782783' was completed in 0.41 seconds with the score of 702.69 (39 unrouted), using 2420.06 CPU seconds and 84949 MB memory.
2026-09-11 18:16:08.981 INFO   [4CF575\C010E3] Auto-router pass #181 on board '075395ef5833bf05b297c73156782783' was completed in 0.37 seconds with the score of 702.69 (39 unrouted), using 2420.06 CPU seconds and 84949 MB memory.
2026-09-11 18:16:09.353 INFO   [4CF575\C010E3] Auto-router pass #182 on board '075395ef5833bf05b297c73156782783' was completed in 0.37 seconds with the score of 702.69 (39 unrouted), using 2489.17 CPU seconds and 86177 MB memory.
2026-09-11 18:16:09.728 INFO   [4CF575\C010E3] Auto-router pass #183 on board '075395ef5833bf05b297c73156782783' was completed in 0.37 seconds with the score of 702.69 (39 unrouted), using 2489.17 CPU seconds and 86177 MB memory.
2026-09-11 18:16:10.132 INFO   [4CF575\C010E3] Auto-router pass #184 on board '075395ef5833bf05b297c73156782783' was completed in 0.40 seconds with the score of 702.69 (39 unrouted), using 2559.26 CPU seconds and 87416 MB memory.
2026-09-11 18:16:10.506 INFO   [4CF575\C010E3] Auto-router pass #185 on board '075395ef5833bf05b297c73156782783' was completed in 0.37 seconds with the score of 702.69 (39 unrouted), using 2559.26 CPU seconds and 87416 MB memory.
2026-09-11 18:16:10.877 INFO   [4CF575\C010E3] Auto-router pass #186 on board '075395ef5833bf05b297c73156782783' was completed in 0.37 seconds with the score of 702.69 (39 unrouted), using 2559.26 CPU seconds and 87416 MB memory.
2026-09-11 18:16:11.251 INFO   [4CF575\C010E3] Auto-router pass #187 on board '075395ef5833bf05b297c73156782783' was completed in 0.37 seconds with the score of 702.69 (39 unrouted), using 2630.31 CPU seconds and 88654 MB memory.
2026-09-11 18:16:11.654 INFO   [4CF575\C010E3] Auto-router pass #188 on board '075395ef5833bf05b297c73156782783' was completed in 0.40 seconds with the score of 702.69 (39 unrouted), using 2630.31 CPU seconds and 88654 MB memory.
2026-09-11 18:16:12.033 INFO   [4CF575\C010E3] Auto-router pass #189 on board '075395ef5833bf05b297c73156782783' was completed in 0.38 seconds with the score of 702.69 (39 unrouted), using 2630.31 CPU seconds and 88654 MB memory.
2026-09-11 18:16:12.407 INFO   [4CF575\C010E3] Auto-router pass #190 on board '075395ef5833bf05b297c73156782783' was completed in 0.37 seconds with the score of 702.69 (39 unrouted), using 2702.33 CPU seconds and 89881 MB memory.
2026-09-11 18:16:12.783 INFO   [4CF575\C010E3] Auto-router pass #191 on board '075395ef5833bf05b297c73156782783' was completed in 0.37 seconds with the score of 702.69 (39 unrouted), using 2702.33 CPU seconds and 89881 MB memory.
2026-09-11 18:16:13.186 INFO   [4CF575\C010E3] Auto-router pass #192 on board '075395ef5833bf05b297c73156782783' was completed in 0.40 seconds with the score of 702.69 (39 unrouted), using 2775.31 CPU seconds and 91113 MB memory.
2026-09-11 18:16:13.555 INFO   [4CF575\C010E3] Auto-router pass #193 on board '075395ef5833bf05b297c73156782783' was completed in 0.37 seconds with the score of 702.69 (39 unrouted), using 2775.31 CPU seconds and 91113 MB memory.
2026-09-11 18:16:13.927 INFO   [4CF575\C010E3] Auto-router pass #194 on board '075395ef5833bf05b297c73156782783' was completed in 0.37 seconds with the score of 702.69 (39 unrouted), using 2775.31 CPU seconds and 91113 MB memory.
2026-09-11 18:16:14.301 INFO   [4CF575\C010E3] Auto-router pass #195 on board '075395ef5833bf05b297c73156782783' was completed in 0.37 seconds with the score of 702.69 (39 unrouted), using 2849.27 CPU seconds and 92359 MB memory.
2026-09-11 18:16:14.709 INFO   [4CF575\C010E3] Auto-router pass #196 on board '075395ef5833bf05b297c73156782783' was completed in 0.41 seconds with the score of 702.69 (39 unrouted), using 2849.27 CPU seconds and 92359 MB memory.
2026-09-11 18:16:15.079 INFO   [4CF575\C010E3] Auto-router pass #197 on board '075395ef5833bf05b297c73156782783' was completed in 0.37 seconds with the score of 702.69 (39 unrouted), using 2849.27 CPU seconds and 92359 MB memory.
2026-09-11 18:16:15.451 INFO   [4CF575\C010E3] Auto-router pass #198 on board '075395ef5833bf05b297c73156782783' was completed in 0.37 seconds with the score of 702.69 (39 unrouted), using 2924.19 CPU seconds and 93595 MB memory.
2026-09-11 18:16:15.821 INFO   [4CF575\C010E3] Auto-router pass #199 on board '075395ef5833bf05b297c73156782783' was completed in 0.37 seconds with the score of 702.69 (39 unrouted), using 2924.19 CPU seconds and 93595 MB memory.
2026-09-11 18:16:16.230 INFO   [4CF575\C010E3] Auto-router pass #200 on board '075395ef5833bf05b297c73156782783' was completed in 0.41 seconds with the score of 702.69 (39 unrouted), using 3000.10 CPU seconds and 94833 MB memory.
2026-09-11 18:16:16.605 INFO   [4CF575\C010E3] Auto-router pass #201 on board '075395ef5833bf05b297c73156782783' was completed in 0.37 seconds with the score of 702.69 (39 unrouted), using 3000.10 CPU seconds and 94833 MB memory.
2026-09-11 18:16:16.982 INFO   [4CF575\C010E3] Auto-router pass #202 on board '075395ef5833bf05b297c73156782783' was completed in 0.37 seconds with the score of 702.69 (39 unrouted), using 3000.10 CPU seconds and 94833 MB memory.
2026-09-11 18:16:17.358 INFO   [4CF575\C010E3] Auto-router pass #203 on board '075395ef5833bf05b297c73156782783' was completed in 0.37 seconds with the score of 702.69 (39 unrouted), using 3076.96 CPU seconds and 96058 MB memory.
2026-09-11 18:16:17.766 INFO   [4CF575\C010E3] Auto-router pass #204 on board '075395ef5833bf05b297c73156782783' was completed in 0.41 seconds with the score of 702.69 (39 unrouted), using 3076.96 CPU seconds and 96058 MB memory.
2026-09-11 18:16:18.146 INFO   [4CF575\C010E3] Auto-router pass #205 on board '075395ef5833bf05b297c73156782783' was completed in 0.38 seconds with the score of 702.69 (39 unrouted), using 3154.80 CPU seconds and 97277 MB memory.
2026-09-11 18:16:18.524 INFO   [4CF575\C010E3] Auto-router pass #206 on board '075395ef5833bf05b297c73156782783' was completed in 0.38 seconds with the score of 702.69 (39 unrouted), using 3154.80 CPU seconds and 97277 MB memory.
2026-09-11 18:16:18.896 INFO   [4CF575\C010E3] Auto-router pass #207 on board '075395ef5833bf05b297c73156782783' was completed in 0.37 seconds with the score of 702.69 (39 unrouted), using 3154.80 CPU seconds and 97277 MB memory.
2026-09-11 18:16:19.305 INFO   [4CF575\C010E3] Auto-router pass #208 on board '075395ef5833bf05b297c73156782783' was completed in 0.41 seconds with the score of 702.69 (39 unrouted), using 3233.60 CPU seconds and 98502 MB memory.
2026-09-11 18:16:19.678 INFO   [4CF575\C010E3] Auto-router pass #209 on board '075395ef5833bf05b297c73156782783' was completed in 0.37 seconds with the score of 702.69 (39 unrouted), using 3233.60 CPU seconds and 98502 MB memory.
2026-09-11 18:16:20.050 INFO   [4CF575\C010E3] Auto-router pass #210 on board '075395ef5833bf05b297c73156782783' was completed in 0.37 seconds with the score of 702.69 (39 unrouted), using 3233.60 CPU seconds and 98502 MB memory.
2026-09-11 18:16:20.426 INFO   [4CF575\C010E3] Auto-router pass #211 on board '075395ef5833bf05b297c73156782783' was completed in 0.37 seconds with the score of 702.69 (39 unrouted), using 3313.37 CPU seconds and 99748 MB memory.
2026-09-11 18:16:20.827 INFO   [4CF575\C010E3] Auto-router pass #212 on board '075395ef5833bf05b297c73156782783' was completed in 0.40 seconds with the score of 702.69 (39 unrouted), using 3313.37 CPU seconds and 99748 MB memory.
2026-09-11 18:16:21.200 INFO   [4CF575\C010E3] Auto-router pass #213 on board '075395ef5833bf05b297c73156782783' was completed in 0.37 seconds with the score of 702.69 (39 unrouted), using 3394.13 CPU seconds and 100981 MB memory.
2026-09-11 18:16:21.578 INFO   [4CF575\C010E3] Auto-router pass #214 on board '075395ef5833bf05b297c73156782783' was completed in 0.38 seconds with the score of 702.69 (39 unrouted), using 3394.13 CPU seconds and 100981 MB memory.
2026-09-11 18:16:21.953 INFO   [4CF575\C010E3] Auto-router pass #215 on board '075395ef5833bf05b297c73156782783' was completed in 0.37 seconds with the score of 702.69 (39 unrouted), using 3394.13 CPU seconds and 100981 MB memory.
2026-09-11 18:16:22.355 INFO   [4CF575\C010E3] Auto-router pass #216 on board '075395ef5833bf05b297c73156782783' was completed in 0.40 seconds with the score of 702.69 (39 unrouted), using 3475.85 CPU seconds and 102209 MB memory.
2026-09-11 18:16:22.721 INFO   [4CF575\C010E3] Auto-router pass #217 on board '075395ef5833bf05b297c73156782783' was completed in 0.36 seconds with the score of 702.69 (39 unrouted), using 3475.85 CPU seconds and 102209 MB memory.
2026-09-11 18:16:23.092 INFO   [4CF575\C010E3] Auto-router pass #218 on board '075395ef5833bf05b297c73156782783' was completed in 0.37 seconds with the score of 702.69 (39 unrouted), using 3475.85 CPU seconds and 102209 MB memory.
2026-09-11 18:16:23.466 INFO   [4CF575\C010E3] Auto-router pass #219 on board '075395ef5833bf05b297c73156782783' was completed in 0.37 seconds with the score of 702.69 (39 unrouted), using 3558.54 CPU seconds and 103460 MB memory.
2026-09-11 18:16:23.868 INFO   [4CF575\C010E3] Auto-router pass #220 on board '075395ef5833bf05b297c73156782783' was completed in 0.40 seconds with the score of 702.69 (39 unrouted), using 3558.54 CPU seconds and 103460 MB memory.
2026-09-11 18:16:24.236 INFO   [4CF575\C010E3] Auto-router pass #221 on board '075395ef5833bf05b297c73156782783' was completed in 0.37 seconds with the score of 702.69 (39 unrouted), using 3642.21 CPU seconds and 104700 MB memory.
2026-09-11 18:16:24.609 INFO   [4CF575\C010E3] Auto-router pass #222 on board '075395ef5833bf05b297c73156782783' was completed in 0.37 seconds with the score of 702.69 (39 unrouted), using 3642.21 CPU seconds and 104700 MB memory.
2026-09-11 18:16:24.980 INFO   [4CF575\C010E3] Auto-router pass #223 on board '075395ef5833bf05b297c73156782783' was completed in 0.37 seconds with the score of 702.69 (39 unrouted), using 3642.21 CPU seconds and 104700 MB memory.
2026-09-11 18:16:25.380 INFO   [4CF575\C010E3] Auto-router pass #224 on board '075395ef5833bf05b297c73156782783' was completed in 0.40 seconds with the score of 702.69 (39 unrouted), using 3726.85 CPU seconds and 105945 MB memory.
2026-09-11 18:16:25.753 INFO   [4CF575\C010E3] Auto-router pass #225 on board '075395ef5833bf05b297c73156782783' was completed in 0.37 seconds with the score of 702.69 (39 unrouted), using 3726.85 CPU seconds and 105945 MB memory.
2026-09-11 18:16:26.128 INFO   [4CF575\C010E3] Auto-router pass #226 on board '075395ef5833bf05b297c73156782783' was completed in 0.37 seconds with the score of 702.69 (39 unrouted), using 3726.85 CPU seconds and 105945 MB memory.
2026-09-11 18:16:26.500 INFO   [4CF575\C010E3] Auto-router pass #227 on board '075395ef5833bf05b297c73156782783' was completed in 0.37 seconds with the score of 702.69 (39 unrouted), using 3812.47 CPU seconds and 107179 MB memory.
2026-09-11 18:16:26.913 INFO   [4CF575\C010E3] Auto-router pass #228 on board '075395ef5833bf05b297c73156782783' was completed in 0.41 seconds with the score of 702.69 (39 unrouted), using 3812.47 CPU seconds and 107179 MB memory.
2026-09-11 18:16:27.292 INFO   [4CF575\C010E3] Auto-router pass #229 on board '075395ef5833bf05b297c73156782783' was completed in 0.38 seconds with the score of 702.69 (39 unrouted), using 3899.05 CPU seconds and 108404 MB memory.
2026-09-11 18:16:27.667 INFO   [4CF575\C010E3] Auto-router pass #230 on board '075395ef5833bf05b297c73156782783' was completed in 0.37 seconds with the score of 702.69 (39 unrouted), using 3899.05 CPU seconds and 108404 MB memory.
2026-09-11 18:16:28.041 INFO   [4CF575\C010E3] Auto-router pass #231 on board '075395ef5833bf05b297c73156782783' was completed in 0.37 seconds with the score of 702.69 (39 unrouted), using 3899.05 CPU seconds and 108404 MB memory.
2026-09-11 18:16:28.453 INFO   [4CF575\C010E3] Auto-router pass #232 on board '075395ef5833bf05b297c73156782783' was completed in 0.41 seconds with the score of 702.69 (39 unrouted), using 3986.59 CPU seconds and 109627 MB memory.
2026-09-11 18:16:28.826 INFO   [4CF575\C010E3] Auto-router pass #233 on board '075395ef5833bf05b297c73156782783' was completed in 0.37 seconds with the score of 702.69 (39 unrouted), using 3986.59 CPU seconds and 109627 MB memory.
2026-09-11 18:16:29.194 INFO   [4CF575\C010E3] Auto-router pass #234 on board '075395ef5833bf05b297c73156782783' was completed in 0.36 seconds with the score of 702.69 (39 unrouted), using 4075.11 CPU seconds and 110864 MB memory.
2026-09-11 18:16:29.565 INFO   [4CF575\C010E3] Auto-router pass #235 on board '075395ef5833bf05b297c73156782783' was completed in 0.37 seconds with the score of 702.69 (39 unrouted), using 4075.11 CPU seconds and 110864 MB memory.
2026-09-11 18:16:29.975 INFO   [4CF575\C010E3] Auto-router pass #236 on board '075395ef5833bf05b297c73156782783' was completed in 0.41 seconds with the score of 702.69 (39 unrouted), using 4075.11 CPU seconds and 110864 MB memory.
2026-09-11 18:16:30.346 INFO   [4CF575\C010E3] Auto-router pass #237 on board '075395ef5833bf05b297c73156782783' was completed in 0.37 seconds with the score of 702.69 (39 unrouted), using 4164.59 CPU seconds and 112099 MB memory.
2026-09-11 18:16:30.720 INFO   [4CF575\C010E3] Auto-router pass #238 on board '075395ef5833bf05b297c73156782783' was completed in 0.37 seconds with the score of 702.69 (39 unrouted), using 4164.59 CPU seconds and 112099 MB memory.
2026-09-11 18:16:31.090 INFO   [4CF575\C010E3] Auto-router pass #239 on board '075395ef5833bf05b297c73156782783' was completed in 0.37 seconds with the score of 702.69 (39 unrouted), using 4164.59 CPU seconds and 112099 MB memory.
2026-09-11 18:16:31.494 INFO   [4CF575\C010E3] Auto-router pass #240 on board '075395ef5833bf05b297c73156782783' was completed in 0.40 seconds with the score of 702.69 (39 unrouted), using 4255.05 CPU seconds and 113337 MB memory.
2026-09-11 18:16:31.868 INFO   [4CF575\C010E3] Auto-router pass #241 on board '075395ef5833bf05b297c73156782783' was completed in 0.37 seconds with the score of 702.69 (39 unrouted), using 4255.05 CPU seconds and 113337 MB memory.
2026-09-11 18:16:32.249 INFO   [4CF575\C010E3] Auto-router pass #242 on board '075395ef5833bf05b297c73156782783' was completed in 0.38 seconds with the score of 702.69 (39 unrouted), using 4346.48 CPU seconds and 114577 MB memory.
2026-09-11 18:16:32.619 INFO   [4CF575\C010E3] Auto-router pass #243 on board '075395ef5833bf05b297c73156782783' was completed in 0.37 seconds with the score of 702.69 (39 unrouted), using 4346.48 CPU seconds and 114577 MB memory.
2026-09-11 18:16:33.028 INFO   [4CF575\C010E3] Auto-router pass #244 on board '075395ef5833bf05b297c73156782783' was completed in 0.41 seconds with the score of 702.69 (39 unrouted), using 4346.48 CPU seconds and 114577 MB memory.
2026-09-11 18:16:33.397 INFO   [4CF575\C010E3] Auto-router pass #245 on board '075395ef5833bf05b297c73156782783' was completed in 0.37 seconds with the score of 702.69 (39 unrouted), using 4438.87 CPU seconds and 115797 MB memory.
2026-09-11 18:16:33.773 INFO   [4CF575\C010E3] Auto-router pass #246 on board '075395ef5833bf05b297c73156782783' was completed in 0.37 seconds with the score of 702.69 (39 unrouted), using 4438.87 CPU seconds and 115797 MB memory.
2026-09-11 18:16:34.149 INFO   [4CF575\C010E3] Auto-router pass #247 on board '075395ef5833bf05b297c73156782783' was completed in 0.37 seconds with the score of 702.69 (39 unrouted), using 4532.24 CPU seconds and 117037 MB memory.
2026-09-11 18:16:34.556 INFO   [4CF575\C010E3] Auto-router pass #248 on board '075395ef5833bf05b297c73156782783' was completed in 0.40 seconds with the score of 702.69 (39 unrouted), using 4532.24 CPU seconds and 117037 MB memory.
2026-09-11 18:16:34.926 INFO   [4CF575\C010E3] Auto-router pass #249 on board '075395ef5833bf05b297c73156782783' was completed in 0.37 seconds with the score of 702.69 (39 unrouted), using 4532.24 CPU seconds and 117037 MB memory.
2026-09-11 18:16:35.305 INFO   [4CF575\C010E3] Auto-router pass #250 on board '075395ef5833bf05b297c73156782783' was completed in 0.38 seconds with the score of 702.69 (39 unrouted), using 4626.58 CPU seconds and 118263 MB memory.
2026-09-11 18:16:35.678 INFO   [4CF575\C010E3] Auto-router pass #251 on board '075395ef5833bf05b297c73156782783' was completed in 0.37 seconds with the score of 702.69 (39 unrouted), using 4626.58 CPU seconds and 118263 MB memory.
2026-09-11 18:16:36.085 INFO   [4CF575\C010E3] Auto-router pass #252 on board '075395ef5833bf05b297c73156782783' was completed in 0.40 seconds with the score of 702.69 (39 unrouted), using 4626.58 CPU seconds and 118263 MB memory.
2026-09-11 18:16:36.464 INFO   [4CF575\C010E3] Auto-router pass #253 on board '075395ef5833bf05b297c73156782783' was completed in 0.38 seconds with the score of 702.69 (39 unrouted), using 4721.90 CPU seconds and 119490 MB memory.
2026-09-11 18:16:36.844 INFO   [4CF575\C010E3] Auto-router pass #254 on board '075395ef5833bf05b297c73156782783' was completed in 0.38 seconds with the score of 702.69 (39 unrouted), using 4721.90 CPU seconds and 119490 MB memory.
2026-09-11 18:16:37.216 INFO   [4CF575\C010E3] Auto-router pass #255 on board '075395ef5833bf05b297c73156782783' was completed in 0.37 seconds with the score of 702.69 (39 unrouted), using 4818.19 CPU seconds and 120716 MB memory.
2026-09-11 18:16:37.619 INFO   [4CF575\C010E3] Auto-router pass #256 on board '075395ef5833bf05b297c73156782783' was completed in 0.40 seconds with the score of 702.69 (39 unrouted), using 4818.19 CPU seconds and 120716 MB memory.
2026-09-11 18:16:37.995 INFO   [4CF575\C010E3] Auto-router pass #257 on board '075395ef5833bf05b297c73156782783' was completed in 0.37 seconds with the score of 702.69 (39 unrouted), using 4818.19 CPU seconds and 120716 MB memory.
2026-09-11 18:16:38.372 INFO   [4CF575\C010E3] Auto-router pass #258 on board '075395ef5833bf05b297c73156782783' was completed in 0.37 seconds with the score of 702.69 (39 unrouted), using 4915.46 CPU seconds and 121953 MB memory.
2026-09-11 18:16:38.741 INFO   [4CF575\C010E3] Auto-router pass #259 on board '075395ef5833bf05b297c73156782783' was completed in 0.37 seconds with the score of 702.69 (39 unrouted), using 4915.46 CPU seconds and 121953 MB memory.
2026-09-11 18:16:39.141 INFO   [4CF575\C010E3] Auto-router pass #260 on board '075395ef5833bf05b297c73156782783' was completed in 0.40 seconds with the score of 702.69 (39 unrouted), using 5013.69 CPU seconds and 123192 MB memory.
2026-09-11 18:16:39.514 INFO   [4CF575\C010E3] Auto-router pass #261 on board '075395ef5833bf05b297c73156782783' was completed in 0.37 seconds with the score of 702.69 (39 unrouted), using 5013.69 CPU seconds and 123192 MB memory.
2026-09-11 18:16:39.890 INFO   [4CF575\C010E3] Auto-router pass #262 on board '075395ef5833bf05b297c73156782783' was completed in 0.37 seconds with the score of 702.69 (39 unrouted), using 5013.69 CPU seconds and 123192 MB memory.
2026-09-11 18:16:40.270 INFO   [4CF575\C010E3] Auto-router pass #263 on board '075395ef5833bf05b297c73156782783' was completed in 0.38 seconds with the score of 702.69 (39 unrouted), using 5112.90 CPU seconds and 124421 MB memory.
2026-09-11 18:16:40.681 INFO   [4CF575\C010E3] Auto-router pass #264 on board '075395ef5833bf05b297c73156782783' was completed in 0.41 seconds with the score of 702.69 (39 unrouted), using 5112.90 CPU seconds and 124421 MB memory.
2026-09-11 18:16:41.056 INFO   [4CF575\C010E3] Auto-router pass #265 on board '075395ef5833bf05b297c73156782783' was completed in 0.37 seconds with the score of 702.69 (39 unrouted), using 5112.90 CPU seconds and 124421 MB memory.
2026-09-11 18:16:41.437 INFO   [4CF575\C010E3] Auto-router pass #266 on board '075395ef5833bf05b297c73156782783' was completed in 0.38 seconds with the score of 702.69 (39 unrouted), using 5213.07 CPU seconds and 125639 MB memory.
2026-09-11 18:16:41.822 INFO   [4CF575\C010E3] Auto-router pass #267 on board '075395ef5833bf05b297c73156782783' was completed in 0.38 seconds with the score of 702.69 (39 unrouted), using 5213.07 CPU seconds and 125639 MB memory.
2026-09-11 18:16:42.231 INFO   [4CF575\C010E3] Auto-router pass #268 on board '075395ef5833bf05b297c73156782783' was completed in 0.41 seconds with the score of 702.69 (39 unrouted), using 5314.21 CPU seconds and 126846 MB memory.
2026-09-11 18:16:42.605 INFO   [4CF575\C010E3] Auto-router pass #269 on board '075395ef5833bf05b297c73156782783' was completed in 0.37 seconds with the score of 702.69 (39 unrouted), using 5314.21 CPU seconds and 126846 MB memory.
2026-09-11 18:16:42.977 INFO   [4CF575\C010E3] Auto-router pass #270 on board '075395ef5833bf05b297c73156782783' was completed in 0.37 seconds with the score of 702.69 (39 unrouted), using 5314.21 CPU seconds and 126846 MB memory.
2026-09-11 18:16:43.352 INFO   [4CF575\C010E3] Auto-router pass #271 on board '075395ef5833bf05b297c73156782783' was completed in 0.37 seconds with the score of 702.69 (39 unrouted), using 5416.32 CPU seconds and 128085 MB memory.
2026-09-11 18:16:43.753 INFO   [4CF575\C010E3] Auto-router pass #272 on board '075395ef5833bf05b297c73156782783' was completed in 0.40 seconds with the score of 702.69 (39 unrouted), using 5416.32 CPU seconds and 128085 MB memory.
2026-09-11 18:16:44.128 INFO   [4CF575\C010E3] Auto-router pass #273 on board '075395ef5833bf05b297c73156782783' was completed in 0.37 seconds with the score of 702.69 (39 unrouted), using 5416.32 CPU seconds and 128085 MB memory.
2026-09-11 18:16:44.501 INFO   [4CF575\C010E3] Auto-router pass #274 on board '075395ef5833bf05b297c73156782783' was completed in 0.37 seconds with the score of 702.69 (39 unrouted), using 5519.40 CPU seconds and 129321 MB memory.
2026-09-11 18:16:44.874 INFO   [4CF575\C010E3] Auto-router pass #275 on board '075395ef5833bf05b297c73156782783' was completed in 0.37 seconds with the score of 702.69 (39 unrouted), using 5519.40 CPU seconds and 129321 MB memory.
2026-09-11 18:16:45.274 INFO   [4CF575\C010E3] Auto-router pass #276 on board '075395ef5833bf05b297c73156782783' was completed in 0.40 seconds with the score of 702.69 (39 unrouted), using 5623.45 CPU seconds and 130564 MB memory.
2026-09-11 18:16:45.646 INFO   [4CF575\C010E3] Auto-router pass #277 on board '075395ef5833bf05b297c73156782783' was completed in 0.37 seconds with the score of 702.69 (39 unrouted), using 5623.45 CPU seconds and 130564 MB memory.
2026-09-11 18:16:46.016 INFO   [4CF575\C010E3] Auto-router pass #278 on board '075395ef5833bf05b297c73156782783' was completed in 0.37 seconds with the score of 702.69 (39 unrouted), using 5623.45 CPU seconds and 130564 MB memory.
2026-09-11 18:16:46.387 INFO   [4CF575\C010E3] Auto-router pass #279 on board '075395ef5833bf05b297c73156782783' was completed in 0.37 seconds with the score of 702.69 (39 unrouted), using 5728.47 CPU seconds and 131808 MB memory.
2026-09-11 18:16:46.789 INFO   [4CF575\C010E3] Auto-router pass #280 on board '075395ef5833bf05b297c73156782783' was completed in 0.40 seconds with the score of 702.69 (39 unrouted), using 5728.47 CPU seconds and 131808 MB memory.
2026-09-11 18:16:47.164 INFO   [4CF575\C010E3] Auto-router pass #281 on board '075395ef5833bf05b297c73156782783' was completed in 0.37 seconds with the score of 702.69 (39 unrouted), using 5834.45 CPU seconds and 133044 MB memory.
2026-09-11 18:16:47.535 INFO   [4CF575\C010E3] Auto-router pass #282 on board '075395ef5833bf05b297c73156782783' was completed in 0.37 seconds with the score of 702.69 (39 unrouted), using 5834.45 CPU seconds and 133044 MB memory.
2026-09-11 18:16:47.906 INFO   [4CF575\C010E3] Auto-router pass #283 on board '075395ef5833bf05b297c73156782783' was completed in 0.37 seconds with the score of 702.69 (39 unrouted), using 5834.45 CPU seconds and 133044 MB memory.
2026-09-11 18:16:48.314 INFO   [4CF575\C010E3] Auto-router pass #284 on board '075395ef5833bf05b297c73156782783' was completed in 0.41 seconds with the score of 702.69 (39 unrouted), using 5941.41 CPU seconds and 134284 MB memory.
2026-09-11 18:16:48.688 INFO   [4CF575\C010E3] Auto-router pass #285 on board '075395ef5833bf05b297c73156782783' was completed in 0.37 seconds with the score of 702.69 (39 unrouted), using 5941.41 CPU seconds and 134284 MB memory.
2026-09-11 18:16:49.055 INFO   [4CF575\C010E3] Auto-router pass #286 on board '075395ef5833bf05b297c73156782783' was completed in 0.36 seconds with the score of 702.69 (39 unrouted), using 5941.41 CPU seconds and 134284 MB memory.
2026-09-11 18:16:49.423 INFO   [4CF575\C010E3] Auto-router pass #287 on board '075395ef5833bf05b297c73156782783' was completed in 0.37 seconds with the score of 702.69 (39 unrouted), using 6049.35 CPU seconds and 135526 MB memory.
2026-09-11 18:16:49.826 INFO   [4CF575\C010E3] Auto-router pass #288 on board '075395ef5833bf05b297c73156782783' was completed in 0.40 seconds with the score of 702.69 (39 unrouted), using 6049.35 CPU seconds and 135526 MB memory.
2026-09-11 18:16:50.202 INFO   [4CF575\C010E3] Auto-router pass #289 on board '075395ef5833bf05b297c73156782783' was completed in 0.37 seconds with the score of 702.69 (39 unrouted), using 6158.25 CPU seconds and 136770 MB memory.
2026-09-11 18:16:50.575 INFO   [4CF575\C010E3] Auto-router pass #290 on board '075395ef5833bf05b297c73156782783' was completed in 0.37 seconds with the score of 702.69 (39 unrouted), using 6158.25 CPU seconds and 136770 MB memory.
2026-09-11 18:16:50.950 INFO   [4CF575\C010E3] Auto-router pass #291 on board '075395ef5833bf05b297c73156782783' was completed in 0.37 seconds with the score of 702.69 (39 unrouted), using 6158.25 CPU seconds and 136770 MB memory.
2026-09-11 18:16:51.353 INFO   [4CF575\C010E3] Auto-router pass #292 on board '075395ef5833bf05b297c73156782783' was completed in 0.40 seconds with the score of 702.69 (39 unrouted), using 6268.13 CPU seconds and 138002 MB memory.
2026-09-11 18:16:51.724 INFO   [4CF575\C010E3] Auto-router pass #293 on board '075395ef5833bf05b297c73156782783' was completed in 0.37 seconds with the score of 702.69 (39 unrouted), using 6268.13 CPU seconds and 138002 MB memory.
2026-09-11 18:16:52.097 INFO   [4CF575\C010E3] Auto-router pass #294 on board '075395ef5833bf05b297c73156782783' was completed in 0.37 seconds with the score of 702.69 (39 unrouted), using 6268.13 CPU seconds and 138002 MB memory.
2026-09-11 18:16:52.468 INFO   [4CF575\C010E3] Auto-router pass #295 on board '075395ef5833bf05b297c73156782783' was completed in 0.37 seconds with the score of 702.69 (39 unrouted), using 6378.98 CPU seconds and 139242 MB memory.
2026-09-11 18:16:52.872 INFO   [4CF575\C010E3] Auto-router pass #296 on board '075395ef5833bf05b297c73156782783' was completed in 0.40 seconds with the score of 702.69 (39 unrouted), using 6378.98 CPU seconds and 139242 MB memory.
2026-09-11 18:16:53.244 INFO   [4CF575\C010E3] Auto-router pass #297 on board '075395ef5833bf05b297c73156782783' was completed in 0.37 seconds with the score of 702.69 (39 unrouted), using 6490.80 CPU seconds and 140483 MB memory.
2026-09-11 18:16:53.612 INFO   [4CF575\C010E3] Auto-router pass #298 on board '075395ef5833bf05b297c73156782783' was completed in 0.37 seconds with the score of 702.69 (39 unrouted), using 6490.80 CPU seconds and 140483 MB memory.
2026-09-11 18:16:53.976 INFO   [4CF575\C010E3] Auto-router pass #299 on board '075395ef5833bf05b297c73156782783' was completed in 0.36 seconds with the score of 702.69 (39 unrouted), using 6490.80 CPU seconds and 140483 MB memory.
2026-09-11 18:16:54.390 INFO   [4CF575\C010E3] Auto-router pass #300 on board '075395ef5833bf05b297c73156782783' was completed in 0.41 seconds with the score of 702.69 (39 unrouted), using 6603.59 CPU seconds and 141732 MB memory.
2026-09-11 18:16:54.766 INFO   [4CF575\C010E3] Auto-router pass #301 on board '075395ef5833bf05b297c73156782783' was completed in 0.37 seconds with the score of 702.69 (39 unrouted), using 6603.59 CPU seconds and 141732 MB memory.
2026-09-11 18:16:55.142 INFO   [4CF575\C010E3] Auto-router pass #302 on board '075395ef5833bf05b297c73156782783' was completed in 0.37 seconds with the score of 702.69 (39 unrouted), using 6603.59 CPU seconds and 141732 MB memory.
2026-09-11 18:16:55.513 INFO   [4CF575\C010E3] Auto-router pass #303 on board '075395ef5833bf05b297c73156782783' was completed in 0.37 seconds with the score of 702.69 (39 unrouted), using 6717.36 CPU seconds and 142953 MB memory.
2026-09-11 18:16:55.919 INFO   [4CF575\C010E3] Auto-router pass #304 on board '075395ef5833bf05b297c73156782783' was completed in 0.40 seconds with the score of 702.69 (39 unrouted), using 6717.36 CPU seconds and 142953 MB memory.
2026-09-11 18:16:56.287 INFO   [4CF575\C010E3] Auto-router pass #305 on board '075395ef5833bf05b297c73156782783' was completed in 0.37 seconds with the score of 702.69 (39 unrouted), using 6832.10 CPU seconds and 144200 MB memory.
2026-09-11 18:16:56.663 INFO   [4CF575\C010E3] Auto-router pass #306 on board '075395ef5833bf05b297c73156782783' was completed in 0.37 seconds with the score of 702.69 (39 unrouted), using 6832.10 CPU seconds and 144200 MB memory.
2026-09-11 18:16:57.040 INFO   [4CF575\C010E3] Auto-router pass #307 on board '075395ef5833bf05b297c73156782783' was completed in 0.37 seconds with the score of 702.69 (39 unrouted), using 6832.10 CPU seconds and 144200 MB memory.
2026-09-11 18:16:57.442 INFO   [4CF575\C010E3] Auto-router pass #308 on board '075395ef5833bf05b297c73156782783' was completed in 0.40 seconds with the score of 702.69 (39 unrouted), using 6947.82 CPU seconds and 145430 MB memory.
2026-09-11 18:16:57.812 INFO   [4CF575\C010E3] Auto-router pass #309 on board '075395ef5833bf05b297c73156782783' was completed in 0.37 seconds with the score of 702.69 (39 unrouted), using 6947.82 CPU seconds and 145430 MB memory.
2026-09-11 18:16:58.176 INFO   [4CF575\C010E3] Auto-router pass #310 on board '075395ef5833bf05b297c73156782783' was completed in 0.36 seconds with the score of 702.69 (39 unrouted), using 7064.50 CPU seconds and 146684 MB memory.
2026-09-11 18:16:58.546 INFO   [4CF575\C010E3] Auto-router pass #311 on board '075395ef5833bf05b297c73156782783' was completed in 0.37 seconds with the score of 702.69 (39 unrouted), using 7064.50 CPU seconds and 146684 MB memory.
2026-09-11 18:16:58.942 INFO   [4CF575\C010E3] Auto-router pass #312 on board '075395ef5833bf05b297c73156782783' was completed in 0.39 seconds with the score of 702.69 (39 unrouted), using 7064.50 CPU seconds and 146684 MB memory.
2026-09-11 18:16:59.315 INFO   [4CF575\C010E3] Auto-router pass #313 on board '075395ef5833bf05b297c73156782783' was completed in 0.37 seconds with the score of 702.69 (39 unrouted), using 7182.17 CPU seconds and 147931 MB memory.
2026-09-11 18:16:59.689 INFO   [4CF575\C010E3] Auto-router pass #314 on board '075395ef5833bf05b297c73156782783' was completed in 0.37 seconds with the score of 702.69 (39 unrouted), using 7182.17 CPU seconds and 147931 MB memory.
2026-09-11 18:17:00.060 INFO   [4CF575\C010E3] Auto-router pass #315 on board '075395ef5833bf05b297c73156782783' was completed in 0.37 seconds with the score of 702.69 (39 unrouted), using 7182.17 CPU seconds and 147931 MB memory.
2026-09-11 18:17:00.463 INFO   [4CF575\C010E3] Auto-router pass #316 on board '075395ef5833bf05b297c73156782783' was completed in 0.40 seconds with the score of 702.69 (39 unrouted), using 7300.81 CPU seconds and 149168 MB memory.
2026-09-11 18:17:00.831 INFO   [4CF575\C010E3] Auto-router pass #317 on board '075395ef5833bf05b297c73156782783' was completed in 0.37 seconds with the score of 702.69 (39 unrouted), using 7300.81 CPU seconds and 149168 MB memory.
2026-09-11 18:17:01.207 INFO   [4CF575\C010E3] Auto-router pass #318 on board '075395ef5833bf05b297c73156782783' was completed in 0.37 seconds with the score of 702.69 (39 unrouted), using 7420.42 CPU seconds and 150412 MB memory.
2026-09-11 18:17:01.582 INFO   [4CF575\C010E3] Auto-router pass #319 on board '075395ef5833bf05b297c73156782783' was completed in 0.37 seconds with the score of 702.69 (39 unrouted), using 7420.42 CPU seconds and 150412 MB memory.
2026-09-11 18:17:01.990 INFO   [4CF575\C010E3] Auto-router pass #320 on board '075395ef5833bf05b297c73156782783' was completed in 0.41 seconds with the score of 702.69 (39 unrouted), using 7420.42 CPU seconds and 150412 MB memory.
2026-09-11 18:17:02.366 INFO   [4CF575\C010E3] Auto-router pass #321 on board '075395ef5833bf05b297c73156782783' was completed in 0.37 seconds with the score of 702.69 (39 unrouted), using 7540.99 CPU seconds and 151631 MB memory.
2026-09-11 18:17:02.739 INFO   [4CF575\C010E3] Auto-router pass #322 on board '075395ef5833bf05b297c73156782783' was completed in 0.37 seconds with the score of 702.69 (39 unrouted), using 7540.99 CPU seconds and 151631 MB memory.
2026-09-11 18:17:03.116 INFO   [4CF575\C010E3] Auto-router pass #323 on board '075395ef5833bf05b297c73156782783' was completed in 0.37 seconds with the score of 702.69 (39 unrouted), using 7540.99 CPU seconds and 151631 MB memory.
2026-09-11 18:17:03.513 INFO   [4CF575\C010E3] Auto-router pass #324 on board '075395ef5833bf05b297c73156782783' was completed in 0.40 seconds with the score of 702.69 (39 unrouted), using 7662.54 CPU seconds and 152871 MB memory.
2026-09-11 18:17:03.892 INFO   [4CF575\C010E3] Auto-router pass #325 on board '075395ef5833bf05b297c73156782783' was completed in 0.38 seconds with the score of 702.69 (39 unrouted), using 7662.54 CPU seconds and 152871 MB memory.
2026-09-11 18:17:04.271 INFO   [4CF575\C010E3] Auto-router pass #326 on board '075395ef5833bf05b297c73156782783' was completed in 0.38 seconds with the score of 702.69 (39 unrouted), using 7785.06 CPU seconds and 154104 MB memory.
2026-09-11 18:17:04.645 INFO   [4CF575\C010E3] Auto-router pass #327 on board '075395ef5833bf05b297c73156782783' was completed in 0.37 seconds with the score of 702.69 (39 unrouted), using 7785.06 CPU seconds and 154104 MB memory.
2026-09-11 18:17:05.049 INFO   [4CF575\C010E3] Auto-router pass #328 on board '075395ef5833bf05b297c73156782783' was completed in 0.40 seconds with the score of 702.69 (39 unrouted), using 7785.06 CPU seconds and 154104 MB memory.
2026-09-11 18:17:05.424 INFO   [4CF575\C010E3] Auto-router pass #329 on board '075395ef5833bf05b297c73156782783' was completed in 0.37 seconds with the score of 702.69 (39 unrouted), using 7908.55 CPU seconds and 155335 MB memory.
2026-09-11 18:17:05.802 INFO   [4CF575\C010E3] Auto-router pass #330 on board '075395ef5833bf05b297c73156782783' was completed in 0.38 seconds with the score of 702.69 (39 unrouted), using 7908.55 CPU seconds and 155335 MB memory.
2026-09-11 18:17:06.172 INFO   [4CF575\C010E3] Auto-router pass #331 on board '075395ef5833bf05b297c73156782783' was completed in 0.37 seconds with the score of 702.69 (39 unrouted), using 8033.02 CPU seconds and 156569 MB memory.
2026-09-11 18:17:06.575 INFO   [4CF575\C010E3] Auto-router pass #332 on board '075395ef5833bf05b297c73156782783' was completed in 0.40 seconds with the score of 702.69 (39 unrouted), using 8033.02 CPU seconds and 156569 MB memory.
2026-09-11 18:17:06.953 INFO   [4CF575\C010E3] Auto-router pass #333 on board '075395ef5833bf05b297c73156782783' was completed in 0.38 seconds with the score of 702.69 (39 unrouted), using 8033.02 CPU seconds and 156569 MB memory.
2026-09-11 18:17:07.329 INFO   [4CF575\C010E3] Auto-router pass #334 on board '075395ef5833bf05b297c73156782783' was completed in 0.37 seconds with the score of 702.69 (39 unrouted), using 8158.45 CPU seconds and 157796 MB memory.
2026-09-11 18:17:07.701 INFO   [4CF575\C010E3] Auto-router pass #335 on board '075395ef5833bf05b297c73156782783' was completed in 0.37 seconds with the score of 702.69 (39 unrouted), using 8158.45 CPU seconds and 157796 MB memory.
2026-09-11 18:17:08.101 INFO   [4CF575\C010E3] Auto-router pass #336 on board '075395ef5833bf05b297c73156782783' was completed in 0.40 seconds with the score of 702.69 (39 unrouted), using 8158.45 CPU seconds and 157796 MB memory.
2026-09-11 18:17:08.478 INFO   [4CF575\C010E3] Auto-router pass #337 on board '075395ef5833bf05b297c73156782783' was completed in 0.38 seconds with the score of 702.69 (39 unrouted), using 8284.85 CPU seconds and 159038 MB memory.
2026-09-11 18:17:08.853 INFO   [4CF575\C010E3] Auto-router pass #338 on board '075395ef5833bf05b297c73156782783' was completed in 0.37 seconds with the score of 702.69 (39 unrouted), using 8284.85 CPU seconds and 159038 MB memory.
2026-09-11 18:17:09.223 INFO   [4CF575\C010E3] Auto-router pass #339 on board '075395ef5833bf05b297c73156782783' was completed in 0.37 seconds with the score of 702.69 (39 unrouted), using 8412.23 CPU seconds and 160280 MB memory.
2026-09-11 18:17:09.627 INFO   [4CF575\C010E3] Auto-router pass #340 on board '075395ef5833bf05b297c73156782783' was completed in 0.40 seconds with the score of 702.69 (39 unrouted), using 8412.23 CPU seconds and 160280 MB memory.
2026-09-11 18:17:10.001 INFO   [4CF575\C010E3] Auto-router pass #341 on board '075395ef5833bf05b297c73156782783' was completed in 0.37 seconds with the score of 702.69 (39 unrouted), using 8412.23 CPU seconds and 160280 MB memory.
2026-09-11 18:17:10.373 INFO   [4CF575\C010E3] Auto-router pass #342 on board '075395ef5833bf05b297c73156782783' was completed in 0.37 seconds with the score of 702.69 (39 unrouted), using 8540.58 CPU seconds and 161513 MB memory.
2026-09-11 18:17:10.745 INFO   [4CF575\C010E3] Auto-router pass #343 on board '075395ef5833bf05b297c73156782783' was completed in 0.37 seconds with the score of 702.69 (39 unrouted), using 8540.58 CPU seconds and 161513 MB memory.
2026-09-11 18:17:11.152 INFO   [4CF575\C010E3] Auto-router pass #344 on board '075395ef5833bf05b297c73156782783' was completed in 0.41 seconds with the score of 702.69 (39 unrouted), using 8540.58 CPU seconds and 161513 MB memory.
2026-09-11 18:17:11.531 INFO   [4CF575\C010E3] Auto-router pass #345 on board '075395ef5833bf05b297c73156782783' was completed in 0.38 seconds with the score of 702.69 (39 unrouted), using 8669.91 CPU seconds and 162744 MB memory.
2026-09-11 18:17:11.911 INFO   [4CF575\C010E3] Auto-router pass #346 on board '075395ef5833bf05b297c73156782783' was completed in 0.38 seconds with the score of 702.69 (39 unrouted), using 8669.91 CPU seconds and 162744 MB memory.
2026-09-11 18:17:12.286 INFO   [4CF575\C010E3] Auto-router pass #347 on board '075395ef5833bf05b297c73156782783' was completed in 0.37 seconds with the score of 702.69 (39 unrouted), using 8800.20 CPU seconds and 163965 MB memory.
2026-09-11 18:17:12.694 INFO   [4CF575\C010E3] Auto-router pass #348 on board '075395ef5833bf05b297c73156782783' was completed in 0.41 seconds with the score of 702.69 (39 unrouted), using 8800.20 CPU seconds and 163965 MB memory.
2026-09-11 18:17:13.066 INFO   [4CF575\C010E3] Auto-router pass #349 on board '075395ef5833bf05b297c73156782783' was completed in 0.37 seconds with the score of 702.69 (39 unrouted), using 8800.20 CPU seconds and 163965 MB memory.
2026-09-11 18:17:13.446 INFO   [4CF575\C010E3] Auto-router pass #350 on board '075395ef5833bf05b297c73156782783' was completed in 0.38 seconds with the score of 702.69 (39 unrouted), using 8931.46 CPU seconds and 165195 MB memory.
2026-09-11 18:17:13.828 INFO   [4CF575\C010E3] Auto-router pass #351 on board '075395ef5833bf05b297c73156782783' was completed in 0.38 seconds with the score of 702.69 (39 unrouted), using 8931.46 CPU seconds and 165195 MB memory.
2026-09-11 18:17:14.233 INFO   [4CF575\C010E3] Auto-router pass #352 on board '075395ef5833bf05b297c73156782783' was completed in 0.40 seconds with the score of 702.69 (39 unrouted), using 9063.68 CPU seconds and 166417 MB memory.
2026-09-11 18:17:14.600 INFO   [4CF575\C010E3] Auto-router pass #353 on board '075395ef5833bf05b297c73156782783' was completed in 0.36 seconds with the score of 702.69 (39 unrouted), using 9063.68 CPU seconds and 166417 MB memory.
2026-09-11 18:17:14.967 INFO   [4CF575\C010E3] Auto-router pass #354 on board '075395ef5833bf05b297c73156782783' was completed in 0.36 seconds with the score of 702.69 (39 unrouted), using 9063.68 CPU seconds and 166417 MB memory.
2026-09-11 18:17:15.336 INFO   [4CF575\C010E3] Auto-router pass #355 on board '075395ef5833bf05b297c73156782783' was completed in 0.37 seconds with the score of 702.69 (39 unrouted), using 9196.88 CPU seconds and 167671 MB memory.
2026-09-11 18:17:15.733 INFO   [4CF575\C010E3] Auto-router pass #356 on board '075395ef5833bf05b297c73156782783' was completed in 0.40 seconds with the score of 702.69 (39 unrouted), using 9196.88 CPU seconds and 167671 MB memory.
2026-09-11 18:17:16.103 INFO   [4CF575\C010E3] Auto-router pass #357 on board '075395ef5833bf05b297c73156782783' was completed in 0.37 seconds with the score of 702.69 (39 unrouted), using 9196.88 CPU seconds and 167671 MB memory.
2026-09-11 18:17:16.474 INFO   [4CF575\C010E3] Auto-router pass #358 on board '075395ef5833bf05b297c73156782783' was completed in 0.37 seconds with the score of 702.69 (39 unrouted), using 9331.06 CPU seconds and 168923 MB memory.
2026-09-11 18:17:16.844 INFO   [4CF575\C010E3] Auto-router pass #359 on board '075395ef5833bf05b297c73156782783' was completed in 0.37 seconds with the score of 702.69 (39 unrouted), using 9331.06 CPU seconds and 168923 MB memory.
2026-09-11 18:17:17.245 INFO   [4CF575\C010E3] Auto-router pass #360 on board '075395ef5833bf05b297c73156782783' was completed in 0.40 seconds with the score of 702.69 (39 unrouted), using 9466.20 CPU seconds and 170169 MB memory.
2026-09-11 18:17:17.616 INFO   [4CF575\C010E3] Auto-router pass #361 on board '075395ef5833bf05b297c73156782783' was completed in 0.37 seconds with the score of 702.69 (39 unrouted), using 9466.20 CPU seconds and 170169 MB memory.
2026-09-11 18:17:17.987 INFO   [4CF575\C010E3] Auto-router pass #362 on board '075395ef5833bf05b297c73156782783' was completed in 0.37 seconds with the score of 702.69 (39 unrouted), using 9466.20 CPU seconds and 170169 MB memory.
2026-09-11 18:17:18.354 INFO   [4CF575\C010E3] Auto-router pass #363 on board '075395ef5833bf05b297c73156782783' was completed in 0.36 seconds with the score of 702.69 (39 unrouted), using 9602.32 CPU seconds and 171413 MB memory.
2026-09-11 18:17:18.757 INFO   [4CF575\C010E3] Auto-router pass #364 on board '075395ef5833bf05b297c73156782783' was completed in 0.40 seconds with the score of 702.69 (39 unrouted), using 9602.32 CPU seconds and 171413 MB memory.
2026-09-11 18:17:19.132 INFO   [4CF575\C010E3] Auto-router pass #365 on board '075395ef5833bf05b297c73156782783' was completed in 0.37 seconds with the score of 702.69 (39 unrouted), using 9602.32 CPU seconds and 171413 MB memory.
2026-09-11 18:17:19.495 INFO   [4CF575\C010E3] Auto-router pass #366 on board '075395ef5833bf05b297c73156782783' was completed in 0.36 seconds with the score of 702.69 (39 unrouted), using 9739.42 CPU seconds and 172654 MB memory.
2026-09-11 18:17:19.865 INFO   [4CF575\C010E3] Auto-router pass #367 on board '075395ef5833bf05b297c73156782783' was completed in 0.37 seconds with the score of 702.69 (39 unrouted), using 9739.42 CPU seconds and 172654 MB memory.
2026-09-11 18:17:20.268 INFO   [4CF575\C010E3] Auto-router pass #368 on board '075395ef5833bf05b297c73156782783' was completed in 0.40 seconds with the score of 702.69 (39 unrouted), using 9877.49 CPU seconds and 173906 MB memory.
2026-09-11 18:17:20.633 INFO   [4CF575\C010E3] Auto-router pass #369 on board '075395ef5833bf05b297c73156782783' was completed in 0.36 seconds with the score of 702.69 (39 unrouted), using 9877.49 CPU seconds and 173906 MB memory.
2026-09-11 18:17:21.005 INFO   [4CF575\C010E3] Auto-router pass #370 on board '075395ef5833bf05b297c73156782783' was completed in 0.37 seconds with the score of 702.69 (39 unrouted), using 9877.49 CPU seconds and 173906 MB memory.
2026-09-11 18:17:21.376 INFO   [4CF575\C010E3] Auto-router pass #371 on board '075395ef5833bf05b297c73156782783' was completed in 0.37 seconds with the score of 702.69 (39 unrouted), using 10016.53 CPU seconds and 175156 MB memory.
2026-09-11 18:17:21.776 INFO   [4CF575\C010E3] Auto-router pass #372 on board '075395ef5833bf05b297c73156782783' was completed in 0.40 seconds with the score of 702.69 (39 unrouted), using 10016.53 CPU seconds and 175156 MB memory.
2026-09-11 18:17:22.146 INFO   [4CF575\C010E3] Auto-router pass #373 on board '075395ef5833bf05b297c73156782783' was completed in 0.37 seconds with the score of 702.69 (39 unrouted), using 10016.53 CPU seconds and 175156 MB memory.
2026-09-11 18:17:22.518 INFO   [4CF575\C010E3] Auto-router pass #374 on board '075395ef5833bf05b297c73156782783' was completed in 0.37 seconds with the score of 702.69 (39 unrouted), using 10156.54 CPU seconds and 176402 MB memory.
2026-09-11 18:17:22.888 INFO   [4CF575\C010E3] Auto-router pass #375 on board '075395ef5833bf05b297c73156782783' was completed in 0.37 seconds with the score of 702.69 (39 unrouted), using 10156.54 CPU seconds and 176402 MB memory.
2026-09-11 18:17:23.294 INFO   [4CF575\C010E3] Auto-router pass #376 on board '075395ef5833bf05b297c73156782783' was completed in 0.40 seconds with the score of 702.69 (39 unrouted), using 10297.53 CPU seconds and 177642 MB memory.
2026-09-11 18:17:23.680 INFO   [4CF575\C010E3] Auto-router pass #377 on board '075395ef5833bf05b297c73156782783' was completed in 0.38 seconds with the score of 702.69 (39 unrouted), using 10297.53 CPU seconds and 177642 MB memory.
2026-09-11 18:17:24.055 INFO   [4CF575\C010E3] Auto-router pass #378 on board '075395ef5833bf05b297c73156782783' was completed in 0.37 seconds with the score of 702.69 (39 unrouted), using 10297.53 CPU seconds and 177642 MB memory.
2026-09-11 18:17:24.425 INFO   [4CF575\C010E3] Auto-router pass #379 on board '075395ef5833bf05b297c73156782783' was completed in 0.37 seconds with the score of 702.69 (39 unrouted), using 10439.48 CPU seconds and 178860 MB memory.
2026-09-11 18:17:24.828 INFO   [4CF575\C010E3] Auto-router pass #380 on board '075395ef5833bf05b297c73156782783' was completed in 0.40 seconds with the score of 702.69 (39 unrouted), using 10439.48 CPU seconds and 178860 MB memory.
2026-09-11 18:17:25.211 INFO   [4CF575\C010E3] Auto-router pass #381 on board '075395ef5833bf05b297c73156782783' was completed in 0.38 seconds with the score of 702.69 (39 unrouted), using 10582.41 CPU seconds and 180090 MB memory.
2026-09-11 18:17:25.588 INFO   [4CF575\C010E3] Auto-router pass #382 on board '075395ef5833bf05b297c73156782783' was completed in 0.38 seconds with the score of 702.69 (39 unrouted), using 10582.41 CPU seconds and 180090 MB memory.
2026-09-11 18:17:25.965 INFO   [4CF575\C010E3] Auto-router pass #383 on board '075395ef5833bf05b297c73156782783' was completed in 0.38 seconds with the score of 702.69 (39 unrouted), using 10582.41 CPU seconds and 180090 MB memory.
2026-09-11 18:17:26.372 INFO   [4CF575\C010E3] Auto-router pass #384 on board '075395ef5833bf05b297c73156782783' was completed in 0.40 seconds with the score of 702.69 (39 unrouted), using 10726.31 CPU seconds and 181311 MB memory.
2026-09-11 18:17:26.747 INFO   [4CF575\C010E3] Auto-router pass #385 on board '075395ef5833bf05b297c73156782783' was completed in 0.37 seconds with the score of 702.69 (39 unrouted), using 10726.31 CPU seconds and 181311 MB memory.
2026-09-11 18:17:27.119 INFO   [4CF575\C010E3] Auto-router pass #386 on board '075395ef5833bf05b297c73156782783' was completed in 0.37 seconds with the score of 702.69 (39 unrouted), using 10726.31 CPU seconds and 181311 MB memory.
2026-09-11 18:17:27.493 INFO   [4CF575\C010E3] Auto-router pass #387 on board '075395ef5833bf05b297c73156782783' was completed in 0.37 seconds with the score of 702.69 (39 unrouted), using 10871.18 CPU seconds and 182550 MB memory.
2026-09-11 18:17:27.900 INFO   [4CF575\C010E3] Auto-router pass #388 on board '075395ef5833bf05b297c73156782783' was completed in 0.41 seconds with the score of 702.69 (39 unrouted), using 10871.18 CPU seconds and 182550 MB memory.
2026-09-11 18:17:28.277 INFO   [4CF575\C010E3] Auto-router pass #389 on board '075395ef5833bf05b297c73156782783' was completed in 0.37 seconds with the score of 702.69 (39 unrouted), using 11017.02 CPU seconds and 183780 MB memory.
2026-09-11 18:17:28.668 INFO   [4CF575\C010E3] Auto-router pass #390 on board '075395ef5833bf05b297c73156782783' was completed in 0.39 seconds with the score of 702.69 (39 unrouted), using 11017.02 CPU seconds and 183780 MB memory.
2026-09-11 18:17:29.048 INFO   [4CF575\C010E3] Auto-router pass #391 on board '075395ef5833bf05b297c73156782783' was completed in 0.38 seconds with the score of 702.69 (39 unrouted), using 11017.02 CPU seconds and 183780 MB memory.
2026-09-11 18:17:29.457 INFO   [4CF575\C010E3] Auto-router pass #392 on board '075395ef5833bf05b297c73156782783' was completed in 0.41 seconds with the score of 702.69 (39 unrouted), using 11163.81 CPU seconds and 184980 MB memory.
2026-09-11 18:17:29.839 INFO   [4CF575\C010E3] Auto-router pass #393 on board '075395ef5833bf05b297c73156782783' was completed in 0.38 seconds with the score of 702.69 (39 unrouted), using 11163.81 CPU seconds and 184980 MB memory.
2026-09-11 18:17:30.211 INFO   [4CF575\C010E3] Auto-router pass #394 on board '075395ef5833bf05b297c73156782783' was completed in 0.37 seconds with the score of 702.69 (39 unrouted), using 11311.57 CPU seconds and 186202 MB memory.
2026-09-11 18:17:30.581 INFO   [4CF575\C010E3] Auto-router pass #395 on board '075395ef5833bf05b297c73156782783' was completed in 0.37 seconds with the score of 702.69 (39 unrouted), using 11311.57 CPU seconds and 186202 MB memory.
2026-09-11 18:17:30.982 INFO   [4CF575\C010E3] Auto-router pass #396 on board '075395ef5833bf05b297c73156782783' was completed in 0.40 seconds with the score of 702.69 (39 unrouted), using 11311.57 CPU seconds and 186202 MB memory.
2026-09-11 18:17:31.358 INFO   [4CF575\C010E3] Auto-router pass #397 on board '075395ef5833bf05b297c73156782783' was completed in 0.37 seconds with the score of 702.69 (39 unrouted), using 11460.31 CPU seconds and 187444 MB memory.
2026-09-11 18:17:31.732 INFO   [4CF575\C010E3] Auto-router pass #398 on board '075395ef5833bf05b297c73156782783' was completed in 0.37 seconds with the score of 702.69 (39 unrouted), using 11460.31 CPU seconds and 187444 MB memory.
2026-09-11 18:17:32.105 INFO   [4CF575\C010E3] Auto-router pass #399 on board '075395ef5833bf05b297c73156782783' was completed in 0.37 seconds with the score of 702.69 (39 unrouted), using 11460.31 CPU seconds and 187444 MB memory.
2026-09-11 18:17:32.503 INFO   [4CF575\C010E3] Auto-router pass #400 on board '075395ef5833bf05b297c73156782783' was completed in 0.40 seconds with the score of 702.69 (39 unrouted), using 11610.01 CPU seconds and 188682 MB memory.
2026-09-11 18:17:32.878 INFO   [4CF575\C010E3] Auto-router pass #401 on board '075395ef5833bf05b297c73156782783' was completed in 0.37 seconds with the score of 702.69 (39 unrouted), using 11610.01 CPU seconds and 188682 MB memory.
2026-09-11 18:17:33.249 INFO   [4CF575\C010E3] Auto-router pass #402 on board '075395ef5833bf05b297c73156782783' was completed in 0.37 seconds with the score of 702.69 (39 unrouted), using 11760.69 CPU seconds and 189922 MB memory.
2026-09-11 18:17:33.621 INFO   [4CF575\C010E3] Auto-router pass #403 on board '075395ef5833bf05b297c73156782783' was completed in 0.37 seconds with the score of 702.69 (39 unrouted), using 11760.69 CPU seconds and 189922 MB memory.
2026-09-11 18:17:34.023 INFO   [4CF575\C010E3] Auto-router pass #404 on board '075395ef5833bf05b297c73156782783' was completed in 0.39 seconds with the score of 702.69 (39 unrouted), using 11760.69 CPU seconds and 189922 MB memory.
2026-09-11 18:17:34.396 INFO   [4CF575\C010E3] Auto-router pass #405 on board '075395ef5833bf05b297c73156782783' was completed in 0.37 seconds with the score of 702.69 (39 unrouted), using 11912.33 CPU seconds and 191163 MB memory.
2026-09-11 18:17:34.768 INFO   [4CF575\C010E3] Auto-router pass #406 on board '075395ef5833bf05b297c73156782783' was completed in 0.37 seconds with the score of 702.69 (39 unrouted), using 11912.33 CPU seconds and 191163 MB memory.
2026-09-11 18:17:35.139 INFO   [4CF575\C010E3] Auto-router pass #407 on board '075395ef5833bf05b297c73156782783' was completed in 0.37 seconds with the score of 702.69 (39 unrouted), using 11912.33 CPU seconds and 191163 MB memory.
2026-09-11 18:17:35.542 INFO   [4CF575\C010E3] Auto-router pass #408 on board '075395ef5833bf05b297c73156782783' was completed in 0.40 seconds with the score of 702.69 (39 unrouted), using 12064.94 CPU seconds and 192406 MB memory.
2026-09-11 18:17:35.916 INFO   [4CF575\C010E3] Auto-router pass #409 on board '075395ef5833bf05b297c73156782783' was completed in 0.37 seconds with the score of 702.69 (39 unrouted), using 12064.94 CPU seconds and 192406 MB memory.
2026-09-11 18:17:36.290 INFO   [4CF575\C010E3] Auto-router pass #410 on board '075395ef5833bf05b297c73156782783' was completed in 0.37 seconds with the score of 702.69 (39 unrouted), using 12218.53 CPU seconds and 193640 MB memory.
2026-09-11 18:17:36.660 INFO   [4CF575\C010E3] Auto-router pass #411 on board '075395ef5833bf05b297c73156782783' was completed in 0.37 seconds with the score of 702.69 (39 unrouted), using 12218.53 CPU seconds and 193640 MB memory.
2026-09-11 18:17:37.065 INFO   [4CF575\C010E3] Auto-router pass #412 on board '075395ef5833bf05b297c73156782783' was completed in 0.40 seconds with the score of 702.69 (39 unrouted), using 12218.53 CPU seconds and 193640 MB memory.
2026-09-11 18:17:37.440 INFO   [4CF575\C010E3] Auto-router pass #413 on board '075395ef5833bf05b297c73156782783' was completed in 0.37 seconds with the score of 702.69 (39 unrouted), using 12373.08 CPU seconds and 194875 MB memory.
2026-09-11 18:17:37.813 INFO   [4CF575\C010E3] Auto-router pass #414 on board '075395ef5833bf05b297c73156782783' was completed in 0.37 seconds with the score of 702.69 (39 unrouted), using 12373.08 CPU seconds and 194875 MB memory.
2026-09-11 18:17:38.183 INFO   [4CF575\C010E3] Auto-router pass #415 on board '075395ef5833bf05b297c73156782783' was completed in 0.37 seconds with the score of 702.69 (39 unrouted), using 12528.61 CPU seconds and 196121 MB memory.
2026-09-11 18:17:38.588 INFO   [4CF575\C010E3] Auto-router pass #416 on board '075395ef5833bf05b297c73156782783' was completed in 0.40 seconds with the score of 702.69 (39 unrouted), using 12528.61 CPU seconds and 196121 MB memory.
2026-09-11 18:17:38.971 INFO   [4CF575\C010E3] Auto-router pass #417 on board '075395ef5833bf05b297c73156782783' was completed in 0.38 seconds with the score of 702.69 (39 unrouted), using 12528.61 CPU seconds and 196121 MB memory.
2026-09-11 18:17:39.352 INFO   [4CF575\C010E3] Auto-router pass #418 on board '075395ef5833bf05b297c73156782783' was completed in 0.38 seconds with the score of 702.69 (39 unrouted), using 12685.10 CPU seconds and 197338 MB memory.
2026-09-11 18:17:39.733 INFO   [4CF575\C010E3] Auto-router pass #419 on board '075395ef5833bf05b297c73156782783' was completed in 0.38 seconds with the score of 702.69 (39 unrouted), using 12685.10 CPU seconds and 197338 MB memory.
2026-09-11 18:17:40.142 INFO   [4CF575\C010E3] Auto-router pass #420 on board '075395ef5833bf05b297c73156782783' was completed in 0.41 seconds with the score of 702.69 (39 unrouted), using 12685.10 CPU seconds and 197338 MB memory.
2026-09-11 18:17:40.517 INFO   [4CF575\C010E3] Auto-router pass #421 on board '075395ef5833bf05b297c73156782783' was completed in 0.37 seconds with the score of 702.69 (39 unrouted), using 12842.56 CPU seconds and 198551 MB memory.
2026-09-11 18:17:40.895 INFO   [4CF575\C010E3] Auto-router pass #422 on board '075395ef5833bf05b297c73156782783' was completed in 0.38 seconds with the score of 702.69 (39 unrouted), using 12842.56 CPU seconds and 198551 MB memory.
2026-09-11 18:17:41.270 INFO   [4CF575\C010E3] Auto-router pass #423 on board '075395ef5833bf05b297c73156782783' was completed in 0.37 seconds with the score of 702.69 (39 unrouted), using 13000.99 CPU seconds and 199781 MB memory.
2026-09-11 18:17:41.669 INFO   [4CF575\C010E3] Auto-router pass #424 on board '075395ef5833bf05b297c73156782783' was completed in 0.40 seconds with the score of 702.69 (39 unrouted), using 13000.99 CPU seconds and 199781 MB memory.
2026-09-11 18:17:42.048 INFO   [4CF575\C010E3] Auto-router pass #425 on board '075395ef5833bf05b297c73156782783' was completed in 0.38 seconds with the score of 702.69 (39 unrouted), using 13000.99 CPU seconds and 199781 MB memory.
2026-09-11 18:17:42.425 INFO   [4CF575\C010E3] Auto-router pass #426 on board '075395ef5833bf05b297c73156782783' was completed in 0.37 seconds with the score of 702.69 (39 unrouted), using 13160.40 CPU seconds and 201008 MB memory.
2026-09-11 18:17:42.794 INFO   [4CF575\C010E3] Auto-router pass #427 on board '075395ef5833bf05b297c73156782783' was completed in 0.37 seconds with the score of 702.69 (39 unrouted), using 13160.40 CPU seconds and 201008 MB memory.
2026-09-11 18:17:43.191 INFO   [4CF575\C010E3] Auto-router pass #428 on board '075395ef5833bf05b297c73156782783' was completed in 0.39 seconds with the score of 702.69 (39 unrouted), using 13320.78 CPU seconds and 202256 MB memory.
2026-09-11 18:17:43.567 INFO   [4CF575\C010E3] Auto-router pass #429 on board '075395ef5833bf05b297c73156782783' was completed in 0.37 seconds with the score of 702.69 (39 unrouted), using 13320.78 CPU seconds and 202256 MB memory.
2026-09-11 18:17:43.934 INFO   [4CF575\C010E3] Auto-router pass #430 on board '075395ef5833bf05b297c73156782783' was completed in 0.36 seconds with the score of 702.69 (39 unrouted), using 13320.78 CPU seconds and 202256 MB memory.
2026-09-11 18:17:44.310 INFO   [4CF575\C010E3] Auto-router pass #431 on board '075395ef5833bf05b297c73156782783' was completed in 0.37 seconds with the score of 702.69 (39 unrouted), using 13482.12 CPU seconds and 203500 MB memory.
2026-09-11 18:17:44.725 INFO   [4CF575\C010E3] Auto-router pass #432 on board '075395ef5833bf05b297c73156782783' was completed in 0.41 seconds with the score of 702.69 (39 unrouted), using 13482.12 CPU seconds and 203500 MB memory.
2026-09-11 18:17:45.099 INFO   [4CF575\C010E3] Auto-router pass #433 on board '075395ef5833bf05b297c73156782783' was completed in 0.37 seconds with the score of 702.69 (39 unrouted), using 13482.12 CPU seconds and 203500 MB memory.
2026-09-11 18:17:45.469 INFO   [4CF575\C010E3] Auto-router pass #434 on board '075395ef5833bf05b297c73156782783' was completed in 0.37 seconds with the score of 702.69 (39 unrouted), using 13644.42 CPU seconds and 204719 MB memory.
2026-09-11 18:17:45.845 INFO   [4CF575\C010E3] Auto-router pass #435 on board '075395ef5833bf05b297c73156782783' was completed in 0.37 seconds with the score of 702.69 (39 unrouted), using 13644.42 CPU seconds and 204719 MB memory.
2026-09-11 18:17:46.247 INFO   [4CF575\C010E3] Auto-router pass #436 on board '075395ef5833bf05b297c73156782783' was completed in 0.40 seconds with the score of 702.69 (39 unrouted), using 13807.70 CPU seconds and 205956 MB memory.
2026-09-11 18:17:46.617 INFO   [4CF575\C010E3] Auto-router pass #437 on board '075395ef5833bf05b297c73156782783' was completed in 0.37 seconds with the score of 702.69 (39 unrouted), using 13807.70 CPU seconds and 205956 MB memory.
2026-09-11 18:17:46.990 INFO   [4CF575\C010E3] Auto-router pass #438 on board '075395ef5833bf05b297c73156782783' was completed in 0.37 seconds with the score of 702.69 (39 unrouted), using 13807.70 CPU seconds and 205956 MB memory.
2026-09-11 18:17:47.364 INFO   [4CF575\C010E3] Auto-router pass #439 on board '075395ef5833bf05b297c73156782783' was completed in 0.37 seconds with the score of 702.69 (39 unrouted), using 13971.95 CPU seconds and 207192 MB memory.
2026-09-11 18:17:47.772 INFO   [4CF575\C010E3] Auto-router pass #440 on board '075395ef5833bf05b297c73156782783' was completed in 0.41 seconds with the score of 702.69 (39 unrouted), using 13971.95 CPU seconds and 207192 MB memory.
2026-09-11 18:17:48.145 INFO   [4CF575\C010E3] Auto-router pass #441 on board '075395ef5833bf05b297c73156782783' was completed in 0.37 seconds with the score of 702.69 (39 unrouted), using 13971.95 CPU seconds and 207192 MB memory.
2026-09-11 18:17:48.515 INFO   [4CF575\C010E3] Auto-router pass #442 on board '075395ef5833bf05b297c73156782783' was completed in 0.37 seconds with the score of 702.69 (39 unrouted), using 14137.17 CPU seconds and 208423 MB memory.
2026-09-11 18:17:48.893 INFO   [4CF575\C010E3] Auto-router pass #443 on board '075395ef5833bf05b297c73156782783' was completed in 0.38 seconds with the score of 702.69 (39 unrouted), using 14137.17 CPU seconds and 208423 MB memory.
2026-09-11 18:17:49.292 INFO   [4CF575\C010E3] Auto-router pass #444 on board '075395ef5833bf05b297c73156782783' was completed in 0.40 seconds with the score of 702.69 (39 unrouted), using 14303.35 CPU seconds and 209666 MB memory.
2026-09-11 18:17:49.662 INFO   [4CF575\C010E3] Auto-router pass #445 on board '075395ef5833bf05b297c73156782783' was completed in 0.37 seconds with the score of 702.69 (39 unrouted), using 14303.35 CPU seconds and 209666 MB memory.
2026-09-11 18:17:50.038 INFO   [4CF575\C010E3] Auto-router pass #446 on board '075395ef5833bf05b297c73156782783' was completed in 0.37 seconds with the score of 702.69 (39 unrouted), using 14303.35 CPU seconds and 209666 MB memory.
2026-09-11 18:17:50.416 INFO   [4CF575\C010E3] Auto-router pass #447 on board '075395ef5833bf05b297c73156782783' was completed in 0.38 seconds with the score of 702.69 (39 unrouted), using 14470.50 CPU seconds and 210900 MB memory.
2026-09-11 18:17:50.830 INFO   [4CF575\C010E3] Auto-router pass #448 on board '075395ef5833bf05b297c73156782783' was completed in 0.41 seconds with the score of 702.69 (39 unrouted), using 14470.50 CPU seconds and 210900 MB memory.
2026-09-11 18:17:51.206 INFO   [4CF575\C010E3] Auto-router pass #449 on board '075395ef5833bf05b297c73156782783' was completed in 0.37 seconds with the score of 702.69 (39 unrouted), using 14638.63 CPU seconds and 212118 MB memory.
2026-09-11 18:17:51.582 INFO   [4CF575\C010E3] Auto-router pass #450 on board '075395ef5833bf05b297c73156782783' was completed in 0.37 seconds with the score of 702.69 (39 unrouted), using 14638.63 CPU seconds and 212118 MB memory.
2026-09-11 18:17:51.955 INFO   [4CF575\C010E3] Auto-router pass #451 on board '075395ef5833bf05b297c73156782783' was completed in 0.37 seconds with the score of 702.69 (39 unrouted), using 14638.63 CPU seconds and 212118 MB memory.
2026-09-11 18:17:52.354 INFO   [4CF575\C010E3] Auto-router pass #452 on board '075395ef5833bf05b297c73156782783' was completed in 0.40 seconds with the score of 702.69 (39 unrouted), using 14807.72 CPU seconds and 213352 MB memory.
2026-09-11 18:17:52.729 INFO   [4CF575\C010E3] Auto-router pass #453 on board '075395ef5833bf05b297c73156782783' was completed in 0.37 seconds with the score of 702.69 (39 unrouted), using 14807.72 CPU seconds and 213352 MB memory.
2026-09-11 18:17:53.103 INFO   [4CF575\C010E3] Auto-router pass #454 on board '075395ef5833bf05b297c73156782783' was completed in 0.37 seconds with the score of 702.69 (39 unrouted), using 14807.72 CPU seconds and 213352 MB memory.
2026-09-11 18:17:53.483 INFO   [4CF575\C010E3] Auto-router pass #455 on board '075395ef5833bf05b297c73156782783' was completed in 0.38 seconds with the score of 702.69 (39 unrouted), using 14977.79 CPU seconds and 214588 MB memory.
2026-09-11 18:17:53.894 INFO   [4CF575\C010E3] Auto-router pass #456 on board '075395ef5833bf05b297c73156782783' was completed in 0.41 seconds with the score of 702.69 (39 unrouted), using 14977.79 CPU seconds and 214588 MB memory.
2026-09-11 18:17:54.267 INFO   [4CF575\C010E3] Auto-router pass #457 on board '075395ef5833bf05b297c73156782783' was completed in 0.37 seconds with the score of 702.69 (39 unrouted), using 15148.83 CPU seconds and 215810 MB memory.
2026-09-11 18:17:54.638 INFO   [4CF575\C010E3] Auto-router pass #458 on board '075395ef5833bf05b297c73156782783' was completed in 0.37 seconds with the score of 702.69 (39 unrouted), using 15148.83 CPU seconds and 215810 MB memory.
2026-09-11 18:17:55.008 INFO   [4CF575\C010E3] Auto-router pass #459 on board '075395ef5833bf05b297c73156782783' was completed in 0.37 seconds with the score of 702.69 (39 unrouted), using 15148.83 CPU seconds and 215810 MB memory.
2026-09-11 18:17:55.407 INFO   [4CF575\C010E3] Auto-router pass #460 on board '075395ef5833bf05b297c73156782783' was completed in 0.40 seconds with the score of 702.69 (39 unrouted), using 15320.85 CPU seconds and 217059 MB memory.
2026-09-11 18:17:55.781 INFO   [4CF575\C010E3] Auto-router pass #461 on board '075395ef5833bf05b297c73156782783' was completed in 0.37 seconds with the score of 702.69 (39 unrouted), using 15320.85 CPU seconds and 217059 MB memory.
2026-09-11 18:17:56.152 INFO   [4CF575\C010E3] Auto-router pass #462 on board '075395ef5833bf05b297c73156782783' was completed in 0.37 seconds with the score of 702.69 (39 unrouted), using 15320.85 CPU seconds and 217059 MB memory.
2026-09-11 18:17:56.521 INFO   [4CF575\C010E3] Auto-router pass #463 on board '075395ef5833bf05b297c73156782783' was completed in 0.37 seconds with the score of 702.69 (39 unrouted), using 15493.83 CPU seconds and 218299 MB memory.
2026-09-11 18:17:56.917 INFO   [4CF575\C010E3] Auto-router pass #464 on board '075395ef5833bf05b297c73156782783' was completed in 0.39 seconds with the score of 702.69 (39 unrouted), using 15493.83 CPU seconds and 218299 MB memory.
2026-09-11 18:17:57.289 INFO   [4CF575\C010E3] Auto-router pass #465 on board '075395ef5833bf05b297c73156782783' was completed in 0.37 seconds with the score of 702.69 (39 unrouted), using 15667.79 CPU seconds and 219551 MB memory.
2026-09-11 18:17:57.659 INFO   [4CF575\C010E3] Auto-router pass #466 on board '075395ef5833bf05b297c73156782783' was completed in 0.37 seconds with the score of 702.69 (39 unrouted), using 15667.79 CPU seconds and 219551 MB memory.
2026-09-11 18:17:58.027 INFO   [4CF575\C010E3] Auto-router pass #467 on board '075395ef5833bf05b297c73156782783' was completed in 0.36 seconds with the score of 702.69 (39 unrouted), using 15667.79 CPU seconds and 219551 MB memory.
2026-09-11 18:17:58.424 INFO   [4CF575\C010E3] Auto-router pass #468 on board '075395ef5833bf05b297c73156782783' was completed in 0.39 seconds with the score of 702.69 (39 unrouted), using 15842.72 CPU seconds and 220801 MB memory.
2026-09-11 18:17:58.805 INFO   [4CF575\C010E3] Auto-router pass #469 on board '075395ef5833bf05b297c73156782783' was completed in 0.38 seconds with the score of 702.69 (39 unrouted), using 15842.72 CPU seconds and 220801 MB memory.
2026-09-11 18:17:59.180 INFO   [4CF575\C010E3] Auto-router pass #470 on board '075395ef5833bf05b297c73156782783' was completed in 0.37 seconds with the score of 702.69 (39 unrouted), using 16018.63 CPU seconds and 222031 MB memory.
2026-09-11 18:17:59.558 INFO   [4CF575\C010E3] Auto-router pass #471 on board '075395ef5833bf05b297c73156782783' was completed in 0.38 seconds with the score of 702.69 (39 unrouted), using 16018.63 CPU seconds and 222031 MB memory.
2026-09-11 18:17:59.960 INFO   [4CF575\C010E3] Auto-router pass #472 on board '075395ef5833bf05b297c73156782783' was completed in 0.40 seconds with the score of 702.69 (39 unrouted), using 16018.63 CPU seconds and 222031 MB memory.
2026-09-11 18:18:00.334 INFO   [4CF575\C010E3] Auto-router pass #473 on board '075395ef5833bf05b297c73156782783' was completed in 0.37 seconds with the score of 702.69 (39 unrouted), using 16195.50 CPU seconds and 223265 MB memory.
2026-09-11 18:18:00.708 INFO   [4CF575\C010E3] Auto-router pass #474 on board '075395ef5833bf05b297c73156782783' was completed in 0.37 seconds with the score of 702.69 (39 unrouted), using 16195.50 CPU seconds and 223265 MB memory.
2026-09-11 18:18:01.076 INFO   [4CF575\C010E3] Auto-router pass #475 on board '075395ef5833bf05b297c73156782783' was completed in 0.36 seconds with the score of 702.69 (39 unrouted), using 16195.50 CPU seconds and 223265 MB memory.
2026-09-11 18:18:01.476 INFO   [4CF575\C010E3] Auto-router pass #476 on board '075395ef5833bf05b297c73156782783' was completed in 0.40 seconds with the score of 702.69 (39 unrouted), using 16373.35 CPU seconds and 224511 MB memory.
2026-09-11 18:18:01.846 INFO   [4CF575\C010E3] Auto-router pass #477 on board '075395ef5833bf05b297c73156782783' was completed in 0.37 seconds with the score of 702.69 (39 unrouted), using 16373.35 CPU seconds and 224511 MB memory.
2026-09-11 18:18:02.218 INFO   [4CF575\C010E3] Auto-router pass #478 on board '075395ef5833bf05b297c73156782783' was completed in 0.37 seconds with the score of 702.69 (39 unrouted), using 16552.17 CPU seconds and 225758 MB memory.
2026-09-11 18:18:02.584 INFO   [4CF575\C010E3] Auto-router pass #479 on board '075395ef5833bf05b297c73156782783' was completed in 0.36 seconds with the score of 702.69 (39 unrouted), using 16552.17 CPU seconds and 225758 MB memory.
2026-09-11 18:18:02.997 INFO   [4CF575\C010E3] Auto-router pass #480 on board '075395ef5833bf05b297c73156782783' was completed in 0.41 seconds with the score of 702.69 (39 unrouted), using 16552.17 CPU seconds and 225758 MB memory.
2026-09-11 18:18:03.369 INFO   [4CF575\C010E3] Auto-router pass #481 on board '075395ef5833bf05b297c73156782783' was completed in 0.37 seconds with the score of 702.69 (39 unrouted), using 16731.96 CPU seconds and 226987 MB memory.
2026-09-11 18:18:03.746 INFO   [4CF575\C010E3] Auto-router pass #482 on board '075395ef5833bf05b297c73156782783' was completed in 0.38 seconds with the score of 702.69 (39 unrouted), using 16731.96 CPU seconds and 226987 MB memory.
2026-09-11 18:18:04.122 INFO   [4CF575\C010E3] Auto-router pass #483 on board '075395ef5833bf05b297c73156782783' was completed in 0.37 seconds with the score of 702.69 (39 unrouted), using 16731.96 CPU seconds and 226987 MB memory.
2026-09-11 18:18:04.544 INFO   [4CF575\C010E3] Auto-router pass #484 on board '075395ef5833bf05b297c73156782783' was completed in 0.42 seconds with the score of 702.69 (39 unrouted), using 16912.72 CPU seconds and 228212 MB memory.
2026-09-11 18:18:04.915 INFO   [4CF575\C010E3] Auto-router pass #485 on board '075395ef5833bf05b297c73156782783' was completed in 0.37 seconds with the score of 702.69 (39 unrouted), using 16912.72 CPU seconds and 228212 MB memory.
2026-09-11 18:18:05.289 INFO   [4CF575\C010E3] Auto-router pass #486 on board '075395ef5833bf05b297c73156782783' was completed in 0.37 seconds with the score of 702.69 (39 unrouted), using 17094.44 CPU seconds and 229435 MB memory.
2026-09-11 18:18:05.657 INFO   [4CF575\C010E3] Auto-router pass #487 on board '075395ef5833bf05b297c73156782783' was completed in 0.37 seconds with the score of 702.69 (39 unrouted), using 17094.44 CPU seconds and 229435 MB memory.
2026-09-11 18:18:06.063 INFO   [4CF575\C010E3] Auto-router pass #488 on board '075395ef5833bf05b297c73156782783' was completed in 0.40 seconds with the score of 702.69 (39 unrouted), using 17094.44 CPU seconds and 229435 MB memory.
2026-09-11 18:18:06.437 INFO   [4CF575\C010E3] Auto-router pass #489 on board '075395ef5833bf05b297c73156782783' was completed in 0.37 seconds with the score of 702.69 (39 unrouted), using 17277.13 CPU seconds and 230673 MB memory.
2026-09-11 18:18:06.808 INFO   [4CF575\C010E3] Auto-router pass #490 on board '075395ef5833bf05b297c73156782783' was completed in 0.37 seconds with the score of 702.69 (39 unrouted), using 17277.13 CPU seconds and 230673 MB memory.
2026-09-11 18:18:07.182 INFO   [4CF575\C010E3] Auto-router pass #491 on board '075395ef5833bf05b297c73156782783' was completed in 0.37 seconds with the score of 702.69 (39 unrouted), using 17277.13 CPU seconds and 230673 MB memory.
2026-09-11 18:18:07.578 INFO   [4CF575\C010E3] Auto-router pass #492 on board '075395ef5833bf05b297c73156782783' was completed in 0.39 seconds with the score of 702.69 (39 unrouted), using 17460.79 CPU seconds and 231909 MB memory.
2026-09-11 18:18:07.953 INFO   [4CF575\C010E3] Auto-router pass #493 on board '075395ef5833bf05b297c73156782783' was completed in 0.37 seconds with the score of 702.69 (39 unrouted), using 17460.79 CPU seconds and 231909 MB memory.
2026-09-11 18:18:08.326 INFO   [4CF575\C010E3] Auto-router pass #494 on board '075395ef5833bf05b297c73156782783' was completed in 0.37 seconds with the score of 702.69 (39 unrouted), using 17645.42 CPU seconds and 233152 MB memory.
2026-09-11 18:18:08.699 INFO   [4CF575\C010E3] Auto-router pass #495 on board '075395ef5833bf05b297c73156782783' was completed in 0.37 seconds with the score of 702.69 (39 unrouted), using 17645.42 CPU seconds and 233152 MB memory.
2026-09-11 18:18:09.104 INFO   [4CF575\C010E3] Auto-router pass #496 on board '075395ef5833bf05b297c73156782783' was completed in 0.40 seconds with the score of 702.69 (39 unrouted), using 17645.42 CPU seconds and 233152 MB memory.
2026-09-11 18:18:09.476 INFO   [4CF575\C010E3] Auto-router pass #497 on board '075395ef5833bf05b297c73156782783' was completed in 0.37 seconds with the score of 702.69 (39 unrouted), using 17831.01 CPU seconds and 234384 MB memory.
2026-09-11 18:18:09.847 INFO   [4CF575\C010E3] Auto-router pass #498 on board '075395ef5833bf05b297c73156782783' was completed in 0.37 seconds with the score of 702.69 (39 unrouted), using 17831.01 CPU seconds and 234384 MB memory.
2026-09-11 18:18:10.224 INFO   [4CF575\C010E3] Auto-router pass #499 on board '075395ef5833bf05b297c73156782783' was completed in 0.38 seconds with the score of 702.69 (39 unrouted), using 18017.57 CPU seconds and 235626 MB memory.
2026-09-11 18:18:10.624 INFO   [4CF575\C010E3] Auto-router pass #500 on board '075395ef5833bf05b297c73156782783' was completed in 0.40 seconds with the score of 702.69 (39 unrouted), using 18017.57 CPU seconds and 235626 MB memory.
2026-09-11 18:18:10.996 INFO   [4CF575\C010E3] Auto-router pass #501 on board '075395ef5833bf05b297c73156782783' was completed in 0.37 seconds with the score of 702.69 (39 unrouted), using 18017.57 CPU seconds and 235626 MB memory.
2026-09-11 18:18:11.365 INFO   [4CF575\C010E3] Auto-router pass #502 on board '075395ef5833bf05b297c73156782783' was completed in 0.37 seconds with the score of 702.69 (39 unrouted), using 18205.11 CPU seconds and 236870 MB memory.
2026-09-11 18:18:11.738 INFO   [4CF575\C010E3] Auto-router pass #503 on board '075395ef5833bf05b297c73156782783' was completed in 0.37 seconds with the score of 702.69 (39 unrouted), using 18205.11 CPU seconds and 236870 MB memory.
2026-09-11 18:18:12.147 INFO   [4CF575\C010E3] Auto-router pass #504 on board '075395ef5833bf05b297c73156782783' was completed in 0.41 seconds with the score of 702.69 (39 unrouted), using 18205.11 CPU seconds and 236870 MB memory.
2026-09-11 18:18:12.528 INFO   [4CF575\C010E3] Auto-router pass #505 on board '075395ef5833bf05b297c73156782783' was completed in 0.38 seconds with the score of 702.69 (39 unrouted), using 18393.62 CPU seconds and 238104 MB memory.
2026-09-11 18:18:12.909 INFO   [4CF575\C010E3] Auto-router pass #506 on board '075395ef5833bf05b297c73156782783' was completed in 0.38 seconds with the score of 702.69 (39 unrouted), using 18393.62 CPU seconds and 238104 MB memory.
2026-09-11 18:18:13.284 INFO   [4CF575\C010E3] Auto-router pass #507 on board '075395ef5833bf05b297c73156782783' was completed in 0.37 seconds with the score of 702.69 (39 unrouted), using 18583.09 CPU seconds and 239321 MB memory.
2026-09-11 18:18:13.685 INFO   [4CF575\C010E3] Auto-router pass #508 on board '075395ef5833bf05b297c73156782783' was completed in 0.40 seconds with the score of 702.69 (39 unrouted), using 18583.09 CPU seconds and 239321 MB memory.
2026-09-11 18:18:14.059 INFO   [4CF575\C010E3] Auto-router pass #509 on board '075395ef5833bf05b297c73156782783' was completed in 0.37 seconds with the score of 702.69 (39 unrouted), using 18583.09 CPU seconds and 239321 MB memory.
2026-09-11 18:18:14.431 INFO   [4CF575\C010E3] Auto-router pass #510 on board '075395ef5833bf05b297c73156782783' was completed in 0.37 seconds with the score of 702.69 (39 unrouted), using 18773.54 CPU seconds and 240559 MB memory.
2026-09-11 18:18:14.800 INFO   [4CF575\C010E3] Auto-router pass #511 on board '075395ef5833bf05b297c73156782783' was completed in 0.37 seconds with the score of 702.69 (39 unrouted), using 18773.54 CPU seconds and 240559 MB memory.
2026-09-11 18:18:15.199 INFO   [4CF575\C010E3] Auto-router pass #512 on board '075395ef5833bf05b297c73156782783' was completed in 0.40 seconds with the score of 702.69 (39 unrouted), using 18964.96 CPU seconds and 241807 MB memory.
2026-09-11 18:18:15.569 INFO   [4CF575\C010E3] Auto-router pass #513 on board '075395ef5833bf05b297c73156782783' was completed in 0.37 seconds with the score of 702.69 (39 unrouted), using 18964.96 CPU seconds and 241807 MB memory.
2026-09-11 18:18:15.941 INFO   [4CF575\C010E3] Auto-router pass #514 on board '075395ef5833bf05b297c73156782783' was completed in 0.37 seconds with the score of 702.69 (39 unrouted), using 18964.96 CPU seconds and 241807 MB memory.
2026-09-11 18:18:16.312 INFO   [4CF575\C010E3] Auto-router pass #515 on board '075395ef5833bf05b297c73156782783' was completed in 0.37 seconds with the score of 702.69 (39 unrouted), using 19157.35 CPU seconds and 243055 MB memory.
2026-09-11 18:18:16.714 INFO   [4CF575\C010E3] Auto-router pass #516 on board '075395ef5833bf05b297c73156782783' was completed in 0.40 seconds with the score of 702.69 (39 unrouted), using 19157.35 CPU seconds and 243055 MB memory.
2026-09-11 18:18:17.080 INFO   [4CF575\C010E3] Auto-router pass #517 on board '075395ef5833bf05b297c73156782783' was completed in 0.36 seconds with the score of 702.69 (39 unrouted), using 19157.35 CPU seconds and 243055 MB memory.
2026-09-11 18:18:17.450 INFO   [4CF575\C010E3] Auto-router pass #518 on board '075395ef5833bf05b297c73156782783' was completed in 0.37 seconds with the score of 702.69 (39 unrouted), using 19350.72 CPU seconds and 244300 MB memory.
2026-09-11 18:18:17.826 INFO   [4CF575\C010E3] Auto-router pass #519 on board '075395ef5833bf05b297c73156782783' was completed in 0.37 seconds with the score of 702.69 (39 unrouted), using 19350.72 CPU seconds and 244300 MB memory.
2026-09-11 18:18:18.225 INFO   [4CF575\C010E3] Auto-router pass #520 on board '075395ef5833bf05b297c73156782783' was completed in 0.40 seconds with the score of 702.69 (39 unrouted), using 19545.06 CPU seconds and 245541 MB memory.
2026-09-11 18:18:18.598 INFO   [4CF575\C010E3] Auto-router pass #521 on board '075395ef5833bf05b297c73156782783' was completed in 0.37 seconds with the score of 702.69 (39 unrouted), using 19545.06 CPU seconds and 245541 MB memory.
2026-09-11 18:18:18.968 INFO   [4CF575\C010E3] Auto-router pass #522 on board '075395ef5833bf05b297c73156782783' was completed in 0.37 seconds with the score of 702.69 (39 unrouted), using 19545.06 CPU seconds and 245541 MB memory.
2026-09-11 18:18:19.336 INFO   [4CF575\C010E3] Auto-router pass #523 on board '075395ef5833bf05b297c73156782783' was completed in 0.36 seconds with the score of 702.69 (39 unrouted), using 19740.37 CPU seconds and 246791 MB memory.
2026-09-11 18:18:19.735 INFO   [4CF575\C010E3] Auto-router pass #524 on board '075395ef5833bf05b297c73156782783' was completed in 0.40 seconds with the score of 702.69 (39 unrouted), using 19740.37 CPU seconds and 246791 MB memory.
2026-09-11 18:18:20.108 INFO   [4CF575\C010E3] Auto-router pass #525 on board '075395ef5833bf05b297c73156782783' was completed in 0.37 seconds with the score of 702.69 (39 unrouted), using 19740.37 CPU seconds and 246791 MB memory.
2026-09-11 18:18:20.482 INFO   [4CF575\C010E3] Auto-router pass #526 on board '075395ef5833bf05b297c73156782783' was completed in 0.37 seconds with the score of 702.69 (39 unrouted), using 19936.65 CPU seconds and 248035 MB memory.
2026-09-11 18:18:20.849 INFO   [4CF575\C010E3] Auto-router pass #527 on board '075395ef5833bf05b297c73156782783' was completed in 0.36 seconds with the score of 702.69 (39 unrouted), using 19936.65 CPU seconds and 248035 MB memory.
2026-09-11 18:18:21.254 INFO   [4CF575\C010E3] Auto-router pass #528 on board '075395ef5833bf05b297c73156782783' was completed in 0.40 seconds with the score of 702.69 (39 unrouted), using 20133.90 CPU seconds and 249276 MB memory.
2026-09-11 18:18:21.623 INFO   [4CF575\C010E3] Auto-router pass #529 on board '075395ef5833bf05b297c73156782783' was completed in 0.37 seconds with the score of 702.69 (39 unrouted), using 20133.90 CPU seconds and 249276 MB memory.
2026-09-11 18:18:21.990 INFO   [4CF575\C010E3] Auto-router pass #530 on board '075395ef5833bf05b297c73156782783' was completed in 0.36 seconds with the score of 702.69 (39 unrouted), using 20133.90 CPU seconds and 249276 MB memory.
2026-09-11 18:18:22.358 INFO   [4CF575\C010E3] Auto-router pass #531 on board '075395ef5833bf05b297c73156782783' was completed in 0.36 seconds with the score of 702.69 (39 unrouted), using 20332.13 CPU seconds and 250526 MB memory.
2026-09-11 18:18:22.763 INFO   [4CF575\C010E3] Auto-router pass #532 on board '075395ef5833bf05b297c73156782783' was completed in 0.40 seconds with the score of 702.69 (39 unrouted), using 20332.13 CPU seconds and 250526 MB memory.
2026-09-11 18:18:23.138 INFO   [4CF575\C010E3] Auto-router pass #533 on board '075395ef5833bf05b297c73156782783' was completed in 0.37 seconds with the score of 702.69 (39 unrouted), using 20332.13 CPU seconds and 250526 MB memory.
2026-09-11 18:18:23.511 INFO   [4CF575\C010E3] Auto-router pass #534 on board '075395ef5833bf05b297c73156782783' was completed in 0.37 seconds with the score of 702.69 (39 unrouted), using 20531.33 CPU seconds and 251760 MB memory.
2026-09-11 18:18:23.887 INFO   [4CF575\C010E3] Auto-router pass #535 on board '075395ef5833bf05b297c73156782783' was completed in 0.37 seconds with the score of 702.69 (39 unrouted), using 20531.33 CPU seconds and 251760 MB memory.
2026-09-11 18:18:24.291 INFO   [4CF575\C010E3] Auto-router pass #536 on board '075395ef5833bf05b297c73156782783' was completed in 0.40 seconds with the score of 702.69 (39 unrouted), using 20731.51 CPU seconds and 252993 MB memory.
2026-09-11 18:18:24.661 INFO   [4CF575\C010E3] Auto-router pass #537 on board '075395ef5833bf05b297c73156782783' was completed in 0.37 seconds with the score of 702.69 (39 unrouted), using 20731.51 CPU seconds and 252993 MB memory.
2026-09-11 18:18:25.030 INFO   [4CF575\C010E3] Auto-router pass #538 on board '075395ef5833bf05b297c73156782783' was completed in 0.37 seconds with the score of 702.69 (39 unrouted), using 20731.51 CPU seconds and 252993 MB memory.
2026-09-11 18:18:25.399 INFO   [4CF575\C010E3] Auto-router pass #539 on board '075395ef5833bf05b297c73156782783' was completed in 0.37 seconds with the score of 702.69 (39 unrouted), using 20932.66 CPU seconds and 254242 MB memory.
2026-09-11 18:18:25.801 INFO   [4CF575\C010E3] Auto-router pass #540 on board '075395ef5833bf05b297c73156782783' was completed in 0.40 seconds with the score of 702.69 (39 unrouted), using 20932.66 CPU seconds and 254242 MB memory.
2026-09-11 18:18:26.164 INFO   [4CF575\C010E3] Auto-router pass #541 on board '075395ef5833bf05b297c73156782783' was completed in 0.36 seconds with the score of 702.69 (39 unrouted), using 20932.66 CPU seconds and 254242 MB memory.
2026-09-11 18:18:26.529 INFO   [4CF575\C010E3] Auto-router pass #542 on board '075395ef5833bf05b297c73156782783' was completed in 0.36 seconds with the score of 702.69 (39 unrouted), using 21134.79 CPU seconds and 255499 MB memory.
2026-09-11 18:18:26.899 INFO   [4CF575\C010E3] Auto-router pass #543 on board '075395ef5833bf05b297c73156782783' was completed in 0.37 seconds with the score of 702.69 (39 unrouted), using 21134.79 CPU seconds and 255499 MB memory.
2026-09-11 18:18:27.299 INFO   [4CF575\C010E3] Auto-router pass #544 on board '075395ef5833bf05b297c73156782783' was completed in 0.40 seconds with the score of 702.69 (39 unrouted), using 21337.89 CPU seconds and 256754 MB memory.
2026-09-11 18:18:27.668 INFO   [4CF575\C010E3] Auto-router pass #545 on board '075395ef5833bf05b297c73156782783' was completed in 0.37 seconds with the score of 702.69 (39 unrouted), using 21337.89 CPU seconds and 256754 MB memory.
2026-09-11 18:18:28.039 INFO   [4CF575\C010E3] Auto-router pass #546 on board '075395ef5833bf05b297c73156782783' was completed in 0.37 seconds with the score of 702.69 (39 unrouted), using 21337.89 CPU seconds and 256754 MB memory.
2026-09-11 18:18:28.409 INFO   [4CF575\C010E3] Auto-router pass #547 on board '075395ef5833bf05b297c73156782783' was completed in 0.37 seconds with the score of 702.69 (39 unrouted), using 21541.96 CPU seconds and 258003 MB memory.
2026-09-11 18:18:28.809 INFO   [4CF575\C010E3] Auto-router pass #548 on board '075395ef5833bf05b297c73156782783' was completed in 0.40 seconds with the score of 702.69 (39 unrouted), using 21541.96 CPU seconds and 258003 MB memory.
2026-09-11 18:18:29.181 INFO   [4CF575\C010E3] Auto-router pass #549 on board '075395ef5833bf05b297c73156782783' was completed in 0.37 seconds with the score of 702.69 (39 unrouted), using 21541.96 CPU seconds and 258003 MB memory.
2026-09-11 18:18:29.549 INFO   [4CF575\C010E3] Auto-router pass #550 on board '075395ef5833bf05b297c73156782783' was completed in 0.37 seconds with the score of 702.69 (39 unrouted), using 21747.01 CPU seconds and 259245 MB memory.
2026-09-11 18:18:29.917 INFO   [4CF575\C010E3] Auto-router pass #551 on board '075395ef5833bf05b297c73156782783' was completed in 0.37 seconds with the score of 702.69 (39 unrouted), using 21747.01 CPU seconds and 259245 MB memory.
2026-09-11 18:18:30.318 INFO   [4CF575\C010E3] Auto-router pass #552 on board '075395ef5833bf05b297c73156782783' was completed in 0.40 seconds with the score of 702.69 (39 unrouted), using 21953.03 CPU seconds and 260495 MB memory.
2026-09-11 18:18:30.699 INFO   [4CF575\C010E3] Auto-router pass #553 on board '075395ef5833bf05b297c73156782783' was completed in 0.38 seconds with the score of 702.69 (39 unrouted), using 21953.03 CPU seconds and 260495 MB memory.
2026-09-11 18:18:31.072 INFO   [4CF575\C010E3] Auto-router pass #554 on board '075395ef5833bf05b297c73156782783' was completed in 0.37 seconds with the score of 702.69 (39 unrouted), using 21953.03 CPU seconds and 260495 MB memory.
2026-09-11 18:18:31.441 INFO   [4CF575\C010E3] Auto-router pass #555 on board '075395ef5833bf05b297c73156782783' was completed in 0.37 seconds with the score of 702.69 (39 unrouted), using 22160.02 CPU seconds and 261724 MB memory.
2026-09-11 18:18:31.838 INFO   [4CF575\C010E3] Auto-router pass #556 on board '075395ef5833bf05b297c73156782783' was completed in 0.40 seconds with the score of 702.69 (39 unrouted), using 22160.02 CPU seconds and 261724 MB memory.
2026-09-11 18:18:32.211 INFO   [4CF575\C010E3] Auto-router pass #557 on board '075395ef5833bf05b297c73156782783' was completed in 0.37 seconds with the score of 702.69 (39 unrouted), using 22367.98 CPU seconds and 262974 MB memory.
2026-09-11 18:18:32.580 INFO   [4CF575\C010E3] Auto-router pass #558 on board '075395ef5833bf05b297c73156782783' was completed in 0.37 seconds with the score of 702.69 (39 unrouted), using 22367.98 CPU seconds and 262974 MB memory.
2026-09-11 18:18:32.944 INFO   [4CF575\C010E3] Auto-router pass #559 on board '075395ef5833bf05b297c73156782783' was completed in 0.36 seconds with the score of 702.69 (39 unrouted), using 22367.98 CPU seconds and 262974 MB memory.
2026-09-11 18:18:33.344 INFO   [4CF575\C010E3] Auto-router pass #560 on board '075395ef5833bf05b297c73156782783' was completed in 0.40 seconds with the score of 702.69 (39 unrouted), using 22576.92 CPU seconds and 264232 MB memory.
2026-09-11 18:18:33.715 INFO   [4CF575\C010E3] Auto-router pass #561 on board '075395ef5833bf05b297c73156782783' was completed in 0.37 seconds with the score of 702.69 (39 unrouted), using 22576.92 CPU seconds and 264232 MB memory.
2026-09-11 18:18:34.079 INFO   [4CF575\C010E3] Auto-router pass #562 on board '075395ef5833bf05b297c73156782783' was completed in 0.36 seconds with the score of 702.69 (39 unrouted), using 22576.92 CPU seconds and 264232 MB memory.
2026-09-11 18:18:34.447 INFO   [4CF575\C010E3] Auto-router pass #563 on board '075395ef5833bf05b297c73156782783' was completed in 0.36 seconds with the score of 702.69 (39 unrouted), using 22786.84 CPU seconds and 265487 MB memory.
2026-09-11 18:18:34.850 INFO   [4CF575\C010E3] Auto-router pass #564 on board '075395ef5833bf05b297c73156782783' was completed in 0.40 seconds with the score of 702.69 (39 unrouted), using 22786.84 CPU seconds and 265487 MB memory.
2026-09-11 18:18:35.229 INFO   [4CF575\C010E3] Auto-router pass #565 on board '075395ef5833bf05b297c73156782783' was completed in 0.37 seconds with the score of 702.69 (39 unrouted), using 22997.72 CPU seconds and 266719 MB memory.
2026-09-11 18:18:35.603 INFO   [4CF575\C010E3] Auto-router pass #566 on board '075395ef5833bf05b297c73156782783' was completed in 0.37 seconds with the score of 702.69 (39 unrouted), using 22997.72 CPU seconds and 266719 MB memory.
2026-09-11 18:18:35.965 INFO   [4CF575\C010E3] Auto-router pass #567 on board '075395ef5833bf05b297c73156782783' was completed in 0.36 seconds with the score of 702.69 (39 unrouted), using 22997.72 CPU seconds and 266719 MB memory.
2026-09-11 18:18:36.368 INFO   [4CF575\C010E3] Auto-router pass #568 on board '075395ef5833bf05b297c73156782783' was completed in 0.40 seconds with the score of 702.69 (39 unrouted), using 23209.56 CPU seconds and 267963 MB memory.
2026-09-11 18:18:36.738 INFO   [4CF575\C010E3] Auto-router pass #569 on board '075395ef5833bf05b297c73156782783' was completed in 0.37 seconds with the score of 702.69 (39 unrouted), using 23209.56 CPU seconds and 267963 MB memory.
2026-09-11 18:18:37.115 INFO   [4CF575\C010E3] Auto-router pass #570 on board '075395ef5833bf05b297c73156782783' was completed in 0.38 seconds with the score of 702.69 (39 unrouted), using 23209.56 CPU seconds and 267963 MB memory.
2026-09-11 18:18:37.487 INFO   [4CF575\C010E3] Auto-router pass #571 on board '075395ef5833bf05b297c73156782783' was completed in 0.37 seconds with the score of 702.69 (39 unrouted), using 23422.38 CPU seconds and 269206 MB memory.
2026-09-11 18:18:37.886 INFO   [4CF575\C010E3] Auto-router pass #572 on board '075395ef5833bf05b297c73156782783' was completed in 0.40 seconds with the score of 702.69 (39 unrouted), using 23422.38 CPU seconds and 269206 MB memory.
2026-09-11 18:18:38.260 INFO   [4CF575\C010E3] Auto-router pass #573 on board '075395ef5833bf05b297c73156782783' was completed in 0.37 seconds with the score of 702.69 (39 unrouted), using 23636.18 CPU seconds and 270447 MB memory.
2026-09-11 18:18:38.632 INFO   [4CF575\C010E3] Auto-router pass #574 on board '075395ef5833bf05b297c73156782783' was completed in 0.37 seconds with the score of 702.69 (39 unrouted), using 23636.18 CPU seconds and 270447 MB memory.
2026-09-11 18:18:39.003 INFO   [4CF575\C010E3] Auto-router pass #575 on board '075395ef5833bf05b297c73156782783' was completed in 0.37 seconds with the score of 702.69 (39 unrouted), using 23636.18 CPU seconds and 270447 MB memory.
2026-09-11 18:18:39.408 INFO   [4CF575\C010E3] Auto-router pass #576 on board '075395ef5833bf05b297c73156782783' was completed in 0.40 seconds with the score of 702.69 (39 unrouted), using 23850.95 CPU seconds and 271689 MB memory.
2026-09-11 18:18:39.783 INFO   [4CF575\C010E3] Auto-router pass #577 on board '075395ef5833bf05b297c73156782783' was completed in 0.37 seconds with the score of 702.69 (39 unrouted), using 23850.95 CPU seconds and 271689 MB memory.
2026-09-11 18:18:40.154 INFO   [4CF575\C010E3] Auto-router pass #578 on board '075395ef5833bf05b297c73156782783' was completed in 0.37 seconds with the score of 702.69 (39 unrouted), using 23850.95 CPU seconds and 271689 MB memory.
2026-09-11 18:18:40.522 INFO   [4CF575\C010E3] Auto-router pass #579 on board '075395ef5833bf05b297c73156782783' was completed in 0.37 seconds with the score of 702.69 (39 unrouted), using 24066.69 CPU seconds and 272928 MB memory.
2026-09-11 18:18:40.928 INFO   [4CF575\C010E3] Auto-router pass #580 on board '075395ef5833bf05b297c73156782783' was completed in 0.39 seconds with the score of 702.69 (39 unrouted), using 24066.69 CPU seconds and 272928 MB memory.
2026-09-11 18:18:41.302 INFO   [4CF575\C010E3] Auto-router pass #581 on board '075395ef5833bf05b297c73156782783' was completed in 0.37 seconds with the score of 702.69 (39 unrouted), using 24283.40 CPU seconds and 274165 MB memory.
2026-09-11 18:18:41.672 INFO   [4CF575\C010E3] Auto-router pass #582 on board '075395ef5833bf05b297c73156782783' was completed in 0.37 seconds with the score of 702.69 (39 unrouted), using 24283.40 CPU seconds and 274165 MB memory.
2026-09-11 18:18:42.039 INFO   [4CF575\C010E3] Auto-router pass #583 on board '075395ef5833bf05b297c73156782783' was completed in 0.36 seconds with the score of 702.69 (39 unrouted), using 24283.40 CPU seconds and 274165 MB memory.
2026-09-11 18:18:42.444 INFO   [4CF575\C010E3] Auto-router pass #584 on board '075395ef5833bf05b297c73156782783' was completed in 0.40 seconds with the score of 702.69 (39 unrouted), using 24501.08 CPU seconds and 275414 MB memory.
2026-09-11 18:18:42.822 INFO   [4CF575\C010E3] Auto-router pass #585 on board '075395ef5833bf05b297c73156782783' was completed in 0.38 seconds with the score of 702.69 (39 unrouted), using 24501.08 CPU seconds and 275414 MB memory.
2026-09-11 18:18:43.190 INFO   [4CF575\C010E3] Auto-router pass #586 on board '075395ef5833bf05b297c73156782783' was completed in 0.36 seconds with the score of 702.69 (39 unrouted), using 24501.08 CPU seconds and 275414 MB memory.
2026-09-11 18:18:43.561 INFO   [4CF575\C010E3] Auto-router pass #587 on board '075395ef5833bf05b297c73156782783' was completed in 0.37 seconds with the score of 702.69 (39 unrouted), using 24719.73 CPU seconds and 276648 MB memory.
2026-09-11 18:18:43.959 INFO   [4CF575\C010E3] Auto-router pass #588 on board '075395ef5833bf05b297c73156782783' was completed in 0.40 seconds with the score of 702.69 (39 unrouted), using 24719.73 CPU seconds and 276648 MB memory.
2026-09-11 18:18:44.330 INFO   [4CF575\C010E3] Auto-router pass #589 on board '075395ef5833bf05b297c73156782783' was completed in 0.37 seconds with the score of 702.69 (39 unrouted), using 24939.35 CPU seconds and 277899 MB memory.
2026-09-11 18:18:44.705 INFO   [4CF575\C010E3] Auto-router pass #590 on board '075395ef5833bf05b297c73156782783' was completed in 0.37 seconds with the score of 702.69 (39 unrouted), using 24939.35 CPU seconds and 277899 MB memory.
2026-09-11 18:18:45.080 INFO   [4CF575\C010E3] Auto-router pass #591 on board '075395ef5833bf05b297c73156782783' was completed in 0.37 seconds with the score of 702.69 (39 unrouted), using 24939.35 CPU seconds and 277899 MB memory.
2026-09-11 18:18:45.488 INFO   [4CF575\C010E3] Auto-router pass #592 on board '075395ef5833bf05b297c73156782783' was completed in 0.41 seconds with the score of 702.69 (39 unrouted), using 25159.94 CPU seconds and 279127 MB memory.
2026-09-11 18:18:45.863 INFO   [4CF575\C010E3] Auto-router pass #593 on board '075395ef5833bf05b297c73156782783' was completed in 0.37 seconds with the score of 702.69 (39 unrouted), using 25159.94 CPU seconds and 279127 MB memory.
2026-09-11 18:18:46.234 INFO   [4CF575\C010E3] Auto-router pass #594 on board '075395ef5833bf05b297c73156782783' was completed in 0.37 seconds with the score of 702.69 (39 unrouted), using 25381.51 CPU seconds and 280366 MB memory.
2026-09-11 18:18:46.610 INFO   [4CF575\C010E3] Auto-router pass #595 on board '075395ef5833bf05b297c73156782783' was completed in 0.37 seconds with the score of 702.69 (39 unrouted), using 25381.51 CPU seconds and 280366 MB memory.
2026-09-11 18:18:47.017 INFO   [4CF575\C010E3] Auto-router pass #596 on board '075395ef5833bf05b297c73156782783' was completed in 0.40 seconds with the score of 702.69 (39 unrouted), using 25381.51 CPU seconds and 280366 MB memory.
2026-09-11 18:18:47.388 INFO   [4CF575\C010E3] Auto-router pass #597 on board '075395ef5833bf05b297c73156782783' was completed in 0.37 seconds with the score of 702.69 (39 unrouted), using 25604.04 CPU seconds and 281591 MB memory.
2026-09-11 18:18:47.750 INFO   [4CF575\C010E3] Auto-router pass #598 on board '075395ef5833bf05b297c73156782783' was completed in 0.36 seconds with the score of 702.69 (39 unrouted), using 25604.04 CPU seconds and 281591 MB memory.
2026-09-11 18:18:48.110 INFO   [4CF575\C010E3] Auto-router pass #599 on board '075395ef5833bf05b297c73156782783' was completed in 0.36 seconds with the score of 702.69 (39 unrouted), using 25604.04 CPU seconds and 281591 MB memory.
2026-09-11 18:18:48.510 INFO   [4CF575\C010E3] Auto-router pass #600 on board '075395ef5833bf05b297c73156782783' was completed in 0.40 seconds with the score of 702.69 (39 unrouted), using 25827.56 CPU seconds and 282861 MB memory.
2026-09-11 18:18:48.883 INFO   [4CF575\C010E3] Auto-router pass #601 on board '075395ef5833bf05b297c73156782783' was completed in 0.37 seconds with the score of 702.69 (39 unrouted), using 25827.56 CPU seconds and 282861 MB memory.
2026-09-11 18:18:49.259 INFO   [4CF575\C010E3] Auto-router pass #602 on board '075395ef5833bf05b297c73156782783' was completed in 0.37 seconds with the score of 702.69 (39 unrouted), using 26052.04 CPU seconds and 284097 MB memory.
2026-09-11 18:18:49.632 INFO   [4CF575\C010E3] Auto-router pass #603 on board '075395ef5833bf05b297c73156782783' was completed in 0.37 seconds with the score of 702.69 (39 unrouted), using 26052.04 CPU seconds and 284097 MB memory.
2026-09-11 18:18:50.035 INFO   [4CF575\C010E3] Auto-router pass #604 on board '075395ef5833bf05b297c73156782783' was completed in 0.40 seconds with the score of 702.69 (39 unrouted), using 26052.04 CPU seconds and 284097 MB memory.
2026-09-11 18:18:50.412 INFO   [4CF575\C010E3] Auto-router pass #605 on board '075395ef5833bf05b297c73156782783' was completed in 0.38 seconds with the score of 702.69 (39 unrouted), using 26277.50 CPU seconds and 285330 MB memory.
2026-09-11 18:18:50.787 INFO   [4CF575\C010E3] Auto-router pass #606 on board '075395ef5833bf05b297c73156782783' was completed in 0.37 seconds with the score of 702.69 (39 unrouted), using 26277.50 CPU seconds and 285330 MB memory.
2026-09-11 18:18:51.156 INFO   [4CF575\C010E3] Auto-router pass #607 on board '075395ef5833bf05b297c73156782783' was completed in 0.37 seconds with the score of 702.69 (39 unrouted), using 26277.50 CPU seconds and 285330 MB memory.
2026-09-11 18:18:51.561 INFO   [4CF575\C010E3] Auto-router pass #608 on board '075395ef5833bf05b297c73156782783' was completed in 0.40 seconds with the score of 702.69 (39 unrouted), using 26503.93 CPU seconds and 286570 MB memory.
2026-09-11 18:18:51.937 INFO   [4CF575\C010E3] Auto-router pass #609 on board '075395ef5833bf05b297c73156782783' was completed in 0.37 seconds with the score of 702.69 (39 unrouted), using 26503.93 CPU seconds and 286570 MB memory.
2026-09-11 18:18:52.308 INFO   [4CF575\C010E3] Auto-router pass #610 on board '075395ef5833bf05b297c73156782783' was completed in 0.37 seconds with the score of 702.69 (39 unrouted), using 26731.33 CPU seconds and 287807 MB memory.
2026-09-11 18:18:52.684 INFO   [4CF575\C010E3] Auto-router pass #611 on board '075395ef5833bf05b297c73156782783' was completed in 0.37 seconds with the score of 702.69 (39 unrouted), using 26731.33 CPU seconds and 287807 MB memory.
2026-09-11 18:18:53.086 INFO   [4CF575\C010E3] Auto-router pass #612 on board '075395ef5833bf05b297c73156782783' was completed in 0.40 seconds with the score of 702.69 (39 unrouted), using 26731.33 CPU seconds and 287807 MB memory.
2026-09-11 18:18:53.454 INFO   [4CF575\C010E3] Auto-router pass #613 on board '075395ef5833bf05b297c73156782783' was completed in 0.36 seconds with the score of 702.69 (39 unrouted), using 26959.71 CPU seconds and 289042 MB memory.
2026-09-11 18:18:53.823 INFO   [4CF575\C010E3] Auto-router pass #614 on board '075395ef5833bf05b297c73156782783' was completed in 0.37 seconds with the score of 702.69 (39 unrouted), using 26959.71 CPU seconds and 289042 MB memory.
2026-09-11 18:18:54.194 INFO   [4CF575\C010E3] Auto-router pass #615 on board '075395ef5833bf05b297c73156782783' was completed in 0.37 seconds with the score of 702.69 (39 unrouted), using 26959.71 CPU seconds and 289042 MB memory.
2026-09-11 18:18:54.591 INFO   [4CF575\C010E3] Auto-router pass #616 on board '075395ef5833bf05b297c73156782783' was completed in 0.40 seconds with the score of 702.69 (39 unrouted), using 27189.05 CPU seconds and 290294 MB memory.
2026-09-11 18:18:54.960 INFO   [4CF575\C010E3] Auto-router pass #617 on board '075395ef5833bf05b297c73156782783' was completed in 0.37 seconds with the score of 702.69 (39 unrouted), using 27189.05 CPU seconds and 290294 MB memory.
2026-09-11 18:18:55.327 INFO   [4CF575\C010E3] Auto-router pass #618 on board '075395ef5833bf05b297c73156782783' was completed in 0.36 seconds with the score of 702.69 (39 unrouted), using 27419.38 CPU seconds and 291549 MB memory.
2026-09-11 18:18:55.696 INFO   [4CF575\C010E3] Auto-router pass #619 on board '075395ef5833bf05b297c73156782783' was completed in 0.37 seconds with the score of 702.69 (39 unrouted), using 27419.38 CPU seconds and 291549 MB memory.
2026-09-11 18:18:56.096 INFO   [4CF575\C010E3] Auto-router pass #620 on board '075395ef5833bf05b297c73156782783' was completed in 0.40 seconds with the score of 702.69 (39 unrouted), using 27419.38 CPU seconds and 291549 MB memory.
2026-09-11 18:18:56.469 INFO   [4CF575\C010E3] Auto-router pass #621 on board '075395ef5833bf05b297c73156782783' was completed in 0.37 seconds with the score of 702.69 (39 unrouted), using 27650.67 CPU seconds and 292799 MB memory.
2026-09-11 18:18:56.842 INFO   [4CF575\C010E3] Auto-router pass #622 on board '075395ef5833bf05b297c73156782783' was completed in 0.37 seconds with the score of 702.69 (39 unrouted), using 27650.67 CPU seconds and 292799 MB memory.
2026-09-11 18:18:57.212 INFO   [4CF575\C010E3] Auto-router pass #623 on board '075395ef5833bf05b297c73156782783' was completed in 0.37 seconds with the score of 702.69 (39 unrouted), using 27882.94 CPU seconds and 294041 MB memory.
2026-09-11 18:18:57.612 INFO   [4CF575\C010E3] Auto-router pass #624 on board '075395ef5833bf05b297c73156782783' was completed in 0.40 seconds with the score of 702.69 (39 unrouted), using 27882.94 CPU seconds and 294041 MB memory.
2026-09-11 18:18:57.979 INFO   [4CF575\C010E3] Auto-router pass #625 on board '075395ef5833bf05b297c73156782783' was completed in 0.36 seconds with the score of 702.69 (39 unrouted), using 27882.94 CPU seconds and 294041 MB memory.
2026-09-11 18:18:58.348 INFO   [4CF575\C010E3] Auto-router pass #626 on board '075395ef5833bf05b297c73156782783' was completed in 0.37 seconds with the score of 702.69 (39 unrouted), using 28116.18 CPU seconds and 295286 MB memory.
2026-09-11 18:18:58.716 INFO   [4CF575\C010E3] Auto-router pass #627 on board '075395ef5833bf05b297c73156782783' was completed in 0.37 seconds with the score of 702.69 (39 unrouted), using 28116.18 CPU seconds and 295286 MB memory.
2026-09-11 18:18:59.118 INFO   [4CF575\C010E3] Auto-router pass #628 on board '075395ef5833bf05b297c73156782783' was completed in 0.40 seconds with the score of 702.69 (39 unrouted), using 28116.18 CPU seconds and 295286 MB memory.
2026-09-11 18:18:59.486 INFO   [4CF575\C010E3] Auto-router pass #629 on board '075395ef5833bf05b297c73156782783' was completed in 0.37 seconds with the score of 702.69 (39 unrouted), using 28350.39 CPU seconds and 296538 MB memory.
2026-09-11 18:18:59.858 INFO   [4CF575\C010E3] Auto-router pass #630 on board '075395ef5833bf05b297c73156782783' was completed in 0.37 seconds with the score of 702.69 (39 unrouted), using 28350.39 CPU seconds and 296538 MB memory.
2026-09-11 18:19:00.228 INFO   [4CF575\C010E3] Auto-router pass #631 on board '075395ef5833bf05b297c73156782783' was completed in 0.37 seconds with the score of 702.69 (39 unrouted), using 28585.59 CPU seconds and 297791 MB memory.
2026-09-11 18:19:00.631 INFO   [4CF575\C010E3] Auto-router pass #632 on board '075395ef5833bf05b297c73156782783' was completed in 0.40 seconds with the score of 702.69 (39 unrouted), using 28585.59 CPU seconds and 297791 MB memory.
2026-09-11 18:19:01.006 INFO   [4CF575\C010E3] Auto-router pass #633 on board '075395ef5833bf05b297c73156782783' was completed in 0.37 seconds with the score of 702.69 (39 unrouted), using 28585.59 CPU seconds and 297791 MB memory.
2026-09-11 18:19:01.374 INFO   [4CF575\C010E3] Auto-router pass #634 on board '075395ef5833bf05b297c73156782783' was completed in 0.36 seconds with the score of 702.69 (39 unrouted), using 28821.75 CPU seconds and 299027 MB memory.
2026-09-11 18:19:01.738 INFO   [4CF575\C010E3] Auto-router pass #635 on board '075395ef5833bf05b297c73156782783' was completed in 0.36 seconds with the score of 702.69 (39 unrouted), using 28821.75 CPU seconds and 299027 MB memory.
2026-09-11 18:19:02.140 INFO   [4CF575\C010E3] Auto-router pass #636 on board '075395ef5833bf05b297c73156782783' was completed in 0.40 seconds with the score of 702.69 (39 unrouted), using 28821.75 CPU seconds and 299027 MB memory.
2026-09-11 18:19:02.506 INFO   [4CF575\C010E3] Auto-router pass #637 on board '075395ef5833bf05b297c73156782783' was completed in 0.36 seconds with the score of 702.69 (39 unrouted), using 29058.88 CPU seconds and 300278 MB memory.
2026-09-11 18:19:02.872 INFO   [4CF575\C010E3] Auto-router pass #638 on board '075395ef5833bf05b297c73156782783' was completed in 0.36 seconds with the score of 702.69 (39 unrouted), using 29058.88 CPU seconds and 300278 MB memory.
2026-09-11 18:19:03.244 INFO   [4CF575\C010E3] Auto-router pass #639 on board '075395ef5833bf05b297c73156782783' was completed in 0.37 seconds with the score of 702.69 (39 unrouted), using 29296.99 CPU seconds and 301533 MB memory.
2026-09-11 18:19:03.646 INFO   [4CF575\C010E3] Auto-router pass #640 on board '075395ef5833bf05b297c73156782783' was completed in 0.40 seconds with the score of 702.69 (39 unrouted), using 29296.99 CPU seconds and 301533 MB memory.
2026-09-11 18:19:04.017 INFO   [4CF575\C010E3] Auto-router pass #641 on board '075395ef5833bf05b297c73156782783' was completed in 0.37 seconds with the score of 702.69 (39 unrouted), using 29296.99 CPU seconds and 301533 MB memory.
2026-09-11 18:19:04.384 INFO   [4CF575\C010E3] Auto-router pass #642 on board '075395ef5833bf05b297c73156782783' was completed in 0.36 seconds with the score of 702.69 (39 unrouted), using 29536.08 CPU seconds and 302776 MB memory.
2026-09-11 18:19:04.755 INFO   [4CF575\C010E3] Auto-router pass #643 on board '075395ef5833bf05b297c73156782783' was completed in 0.37 seconds with the score of 702.69 (39 unrouted), using 29536.08 CPU seconds and 302776 MB memory.
2026-09-11 18:19:05.158 INFO   [4CF575\C010E3] Auto-router pass #644 on board '075395ef5833bf05b297c73156782783' was completed in 0.40 seconds with the score of 702.69 (39 unrouted), using 29536.08 CPU seconds and 302776 MB memory.
2026-09-11 18:19:05.528 INFO   [4CF575\C010E3] Auto-router pass #645 on board '075395ef5833bf05b297c73156782783' was completed in 0.37 seconds with the score of 702.69 (39 unrouted), using 29776.13 CPU seconds and 304020 MB memory.
2026-09-11 18:19:05.901 INFO   [4CF575\C010E3] Auto-router pass #646 on board '075395ef5833bf05b297c73156782783' was completed in 0.37 seconds with the score of 702.69 (39 unrouted), using 29776.13 CPU seconds and 304020 MB memory.
2026-09-11 18:19:06.273 INFO   [4CF575\C010E3] Auto-router pass #647 on board '075395ef5833bf05b297c73156782783' was completed in 0.37 seconds with the score of 702.69 (39 unrouted), using 30017.15 CPU seconds and 305262 MB memory.
2026-09-11 18:19:06.677 INFO   [4CF575\C010E3] Auto-router pass #648 on board '075395ef5833bf05b297c73156782783' was completed in 0.40 seconds with the score of 702.69 (39 unrouted), using 30017.15 CPU seconds and 305262 MB memory.
2026-09-11 18:19:07.046 INFO   [4CF575\C010E3] Auto-router pass #649 on board '075395ef5833bf05b297c73156782783' was completed in 0.37 seconds with the score of 702.69 (39 unrouted), using 30017.15 CPU seconds and 305262 MB memory.
2026-09-11 18:19:07.417 INFO   [4CF575\C010E3] Auto-router pass #650 on board '075395ef5833bf05b297c73156782783' was completed in 0.37 seconds with the score of 702.69 (39 unrouted), using 30259.15 CPU seconds and 306504 MB memory.
2026-09-11 18:19:07.787 INFO   [4CF575\C010E3] Auto-router pass #651 on board '075395ef5833bf05b297c73156782783' was completed in 0.37 seconds with the score of 702.69 (39 unrouted), using 30259.15 CPU seconds and 306504 MB memory.
2026-09-11 18:19:08.182 INFO   [4CF575\C010E3] Auto-router pass #652 on board '075395ef5833bf05b297c73156782783' was completed in 0.39 seconds with the score of 702.69 (39 unrouted), using 30259.15 CPU seconds and 306504 MB memory.
2026-09-11 18:19:08.549 INFO   [4CF575\C010E3] Auto-router pass #653 on board '075395ef5833bf05b297c73156782783' was completed in 0.36 seconds with the score of 702.69 (39 unrouted), using 30502.12 CPU seconds and 307761 MB memory.
2026-09-11 18:19:08.920 INFO   [4CF575\C010E3] Auto-router pass #654 on board '075395ef5833bf05b297c73156782783' was completed in 0.37 seconds with the score of 702.69 (39 unrouted), using 30502.12 CPU seconds and 307761 MB memory.
2026-09-11 18:19:09.288 INFO   [4CF575\C010E3] Auto-router pass #655 on board '075395ef5833bf05b297c73156782783' was completed in 0.37 seconds with the score of 702.69 (39 unrouted), using 30746.07 CPU seconds and 309014 MB memory.
2026-09-11 18:19:09.683 INFO   [4CF575\C010E3] Auto-router pass #656 on board '075395ef5833bf05b297c73156782783' was completed in 0.39 seconds with the score of 702.69 (39 unrouted), using 30746.07 CPU seconds and 309014 MB memory.
2026-09-11 18:19:10.054 INFO   [4CF575\C010E3] Auto-router pass #657 on board '075395ef5833bf05b297c73156782783' was completed in 0.37 seconds with the score of 702.69 (39 unrouted), using 30746.07 CPU seconds and 309014 MB memory.
2026-09-11 18:19:10.424 INFO   [4CF575\C010E3] Auto-router pass #658 on board '075395ef5833bf05b297c73156782783' was completed in 0.37 seconds with the score of 702.69 (39 unrouted), using 30990.99 CPU seconds and 310268 MB memory.
2026-09-11 18:19:10.797 INFO   [4CF575\C010E3] Auto-router pass #659 on board '075395ef5833bf05b297c73156782783' was completed in 0.37 seconds with the score of 702.69 (39 unrouted), using 30990.99 CPU seconds and 310268 MB memory.
2026-09-11 18:19:11.197 INFO   [4CF575\C010E3] Auto-router pass #660 on board '075395ef5833bf05b297c73156782783' was completed in 0.40 seconds with the score of 702.69 (39 unrouted), using 30990.99 CPU seconds and 310268 MB memory.
2026-09-11 18:19:11.573 INFO   [4CF575\C010E3] Auto-router pass #661 on board '075395ef5833bf05b297c73156782783' was completed in 0.37 seconds with the score of 702.69 (39 unrouted), using 31236.89 CPU seconds and 311508 MB memory.
2026-09-11 18:19:11.946 INFO   [4CF575\C010E3] Auto-router pass #662 on board '075395ef5833bf05b297c73156782783' was completed in 0.37 seconds with the score of 702.69 (39 unrouted), using 31236.89 CPU seconds and 311508 MB memory.
2026-09-11 18:19:12.310 INFO   [4CF575\C010E3] Auto-router pass #663 on board '075395ef5833bf05b297c73156782783' was completed in 0.36 seconds with the score of 702.69 (39 unrouted), using 31483.76 CPU seconds and 312746 MB memory.
2026-09-11 18:19:12.717 INFO   [4CF575\C010E3] Auto-router pass #664 on board '075395ef5833bf05b297c73156782783' was completed in 0.40 seconds with the score of 702.69 (39 unrouted), using 31483.76 CPU seconds and 312746 MB memory.
2026-09-11 18:19:13.087 INFO   [4CF575\C010E3] Auto-router pass #665 on board '075395ef5833bf05b297c73156782783' was completed in 0.37 seconds with the score of 702.69 (39 unrouted), using 31483.76 CPU seconds and 312746 MB memory.
2026-09-11 18:19:13.452 INFO   [4CF575\C010E3] Auto-router pass #666 on board '075395ef5833bf05b297c73156782783' was completed in 0.36 seconds with the score of 702.69 (39 unrouted), using 31731.60 CPU seconds and 313991 MB memory.
2026-09-11 18:19:13.822 INFO   [4CF575\C010E3] Auto-router pass #667 on board '075395ef5833bf05b297c73156782783' was completed in 0.37 seconds with the score of 702.69 (39 unrouted), using 31731.60 CPU seconds and 313991 MB memory.
2026-09-11 18:19:14.219 INFO   [4CF575\C010E3] Auto-router pass #668 on board '075395ef5833bf05b297c73156782783' was completed in 0.39 seconds with the score of 702.69 (39 unrouted), using 31980.41 CPU seconds and 315249 MB memory.
2026-09-11 18:19:14.587 INFO   [4CF575\C010E3] Auto-router pass #669 on board '075395ef5833bf05b297c73156782783' was completed in 0.36 seconds with the score of 702.69 (39 unrouted), using 31980.41 CPU seconds and 315249 MB memory.
2026-09-11 18:19:14.953 INFO   [4CF575\C010E3] Auto-router pass #670 on board '075395ef5833bf05b297c73156782783' was completed in 0.36 seconds with the score of 702.69 (39 unrouted), using 31980.41 CPU seconds and 315249 MB memory.
2026-09-11 18:19:15.322 INFO   [4CF575\C010E3] Auto-router pass #671 on board '075395ef5833bf05b297c73156782783' was completed in 0.37 seconds with the score of 702.69 (39 unrouted), using 32230.20 CPU seconds and 316504 MB memory.
2026-09-11 18:19:15.718 INFO   [4CF575\C010E3] Auto-router pass #672 on board '075395ef5833bf05b297c73156782783' was completed in 0.39 seconds with the score of 702.69 (39 unrouted), using 32230.20 CPU seconds and 316504 MB memory.
2026-09-11 18:19:16.082 INFO   [4CF575\C010E3] Auto-router pass #673 on board '075395ef5833bf05b297c73156782783' was completed in 0.36 seconds with the score of 702.69 (39 unrouted), using 32230.20 CPU seconds and 316504 MB memory.
2026-09-11 18:19:16.447 INFO   [4CF575\C010E3] Auto-router pass #674 on board '075395ef5833bf05b297c73156782783' was completed in 0.36 seconds with the score of 702.69 (39 unrouted), using 32480.96 CPU seconds and 317767 MB memory.
2026-09-11 18:19:16.817 INFO   [4CF575\C010E3] Auto-router pass #675 on board '075395ef5833bf05b297c73156782783' was completed in 0.37 seconds with the score of 702.69 (39 unrouted), using 32480.96 CPU seconds and 317767 MB memory.
2026-09-11 18:19:17.215 INFO   [4CF575\C010E3] Auto-router pass #676 on board '075395ef5833bf05b297c73156782783' was completed in 0.40 seconds with the score of 702.69 (39 unrouted), using 32480.96 CPU seconds and 317767 MB memory.
2026-09-11 18:19:17.584 INFO   [4CF575\C010E3] Auto-router pass #677 on board '075395ef5833bf05b297c73156782783' was completed in 0.37 seconds with the score of 702.69 (39 unrouted), using 32732.70 CPU seconds and 319019 MB memory.
2026-09-11 18:19:17.952 INFO   [4CF575\C010E3] Auto-router pass #678 on board '075395ef5833bf05b297c73156782783' was completed in 0.36 seconds with the score of 702.69 (39 unrouted), using 32732.70 CPU seconds and 319019 MB memory.
2026-09-11 18:19:18.320 INFO   [4CF575\C010E3] Auto-router pass #679 on board '075395ef5833bf05b297c73156782783' was completed in 0.37 seconds with the score of 702.69 (39 unrouted), using 32985.42 CPU seconds and 320273 MB memory.
2026-09-11 18:19:18.717 INFO   [4CF575\C010E3] Auto-router pass #680 on board '075395ef5833bf05b297c73156782783' was completed in 0.39 seconds with the score of 702.69 (39 unrouted), using 32985.42 CPU seconds and 320273 MB memory.
2026-09-11 18:19:19.081 INFO   [4CF575\C010E3] Auto-router pass #681 on board '075395ef5833bf05b297c73156782783' was completed in 0.36 seconds with the score of 702.69 (39 unrouted), using 32985.42 CPU seconds and 320273 MB memory.
2026-09-11 18:19:19.449 INFO   [4CF575\C010E3] Auto-router pass #682 on board '075395ef5833bf05b297c73156782783' was completed in 0.36 seconds with the score of 702.69 (39 unrouted), using 33239.11 CPU seconds and 321534 MB memory.
2026-09-11 18:19:19.822 INFO   [4CF575\C010E3] Auto-router pass #683 on board '075395ef5833bf05b297c73156782783' was completed in 0.37 seconds with the score of 702.69 (39 unrouted), using 33239.11 CPU seconds and 321534 MB memory.
2026-09-11 18:19:20.225 INFO   [4CF575\C010E3] Auto-router pass #684 on board '075395ef5833bf05b297c73156782783' was completed in 0.40 seconds with the score of 702.69 (39 unrouted), using 33493.78 CPU seconds and 322774 MB memory.
2026-09-11 18:19:20.595 INFO   [4CF575\C010E3] Auto-router pass #685 on board '075395ef5833bf05b297c73156782783' was completed in 0.37 seconds with the score of 702.69 (39 unrouted), using 33493.78 CPU seconds and 322774 MB memory.
2026-09-11 18:19:20.963 INFO   [4CF575\C010E3] Auto-router pass #686 on board '075395ef5833bf05b297c73156782783' was completed in 0.36 seconds with the score of 702.69 (39 unrouted), using 33493.78 CPU seconds and 322774 MB memory.
2026-09-11 18:19:21.334 INFO   [4CF575\C010E3] Auto-router pass #687 on board '075395ef5833bf05b297c73156782783' was completed in 0.37 seconds with the score of 702.69 (39 unrouted), using 33749.43 CPU seconds and 324022 MB memory.
2026-09-11 18:19:21.739 INFO   [4CF575\C010E3] Auto-router pass #688 on board '075395ef5833bf05b297c73156782783' was completed in 0.40 seconds with the score of 702.69 (39 unrouted), using 33749.43 CPU seconds and 324022 MB memory.
2026-09-11 18:19:22.105 INFO   [4CF575\C010E3] Auto-router pass #689 on board '075395ef5833bf05b297c73156782783' was completed in 0.36 seconds with the score of 702.69 (39 unrouted), using 33749.43 CPU seconds and 324022 MB memory.
2026-09-11 18:19:22.473 INFO   [4CF575\C010E3] Auto-router pass #690 on board '075395ef5833bf05b297c73156782783' was completed in 0.37 seconds with the score of 702.69 (39 unrouted), using 34006.05 CPU seconds and 325271 MB memory.
2026-09-11 18:19:22.836 INFO   [4CF575\C010E3] Auto-router pass #691 on board '075395ef5833bf05b297c73156782783' was completed in 0.36 seconds with the score of 702.69 (39 unrouted), using 34006.05 CPU seconds and 325271 MB memory.
2026-09-11 18:19:23.242 INFO   [4CF575\C010E3] Auto-router pass #692 on board '075395ef5833bf05b297c73156782783' was completed in 0.40 seconds with the score of 702.69 (39 unrouted), using 34263.64 CPU seconds and 326525 MB memory.
2026-09-11 18:19:23.607 INFO   [4CF575\C010E3] Auto-router pass #693 on board '075395ef5833bf05b297c73156782783' was completed in 0.36 seconds with the score of 702.69 (39 unrouted), using 34263.64 CPU seconds and 326525 MB memory.
2026-09-11 18:19:23.974 INFO   [4CF575\C010E3] Auto-router pass #694 on board '075395ef5833bf05b297c73156782783' was completed in 0.36 seconds with the score of 702.69 (39 unrouted), using 34263.64 CPU seconds and 326525 MB memory.
2026-09-11 18:19:24.346 INFO   [4CF575\C010E3] Auto-router pass #695 on board '075395ef5833bf05b297c73156782783' was completed in 0.37 seconds with the score of 702.69 (39 unrouted), using 34522.21 CPU seconds and 327777 MB memory.
2026-09-11 18:19:24.746 INFO   [4CF575\C010E3] Auto-router pass #696 on board '075395ef5833bf05b297c73156782783' was completed in 0.40 seconds with the score of 702.69 (39 unrouted), using 34522.21 CPU seconds and 327777 MB memory.
2026-09-11 18:19:25.120 INFO   [4CF575\C010E3] Auto-router pass #697 on board '075395ef5833bf05b297c73156782783' was completed in 0.37 seconds with the score of 702.69 (39 unrouted), using 34522.21 CPU seconds and 327777 MB memory.
2026-09-11 18:19:25.497 INFO   [4CF575\C010E3] Auto-router pass #698 on board '075395ef5833bf05b297c73156782783' was completed in 0.37 seconds with the score of 702.69 (39 unrouted), using 34781.75 CPU seconds and 329015 MB memory.
2026-09-11 18:19:25.869 INFO   [4CF575\C010E3] Auto-router pass #699 on board '075395ef5833bf05b297c73156782783' was completed in 0.37 seconds with the score of 702.69 (39 unrouted), using 34781.75 CPU seconds and 329015 MB memory.
2026-09-11 18:19:26.276 INFO   [4CF575\C010E3] Auto-router pass #700 on board '075395ef5833bf05b297c73156782783' was completed in 0.40 seconds with the score of 702.69 (39 unrouted), using 35042.26 CPU seconds and 330246 MB memory.
2026-09-11 18:19:26.647 INFO   [4CF575\C010E3] Auto-router pass #701 on board '075395ef5833bf05b297c73156782783' was completed in 0.37 seconds with the score of 702.69 (39 unrouted), using 35042.26 CPU seconds and 330246 MB memory.
2026-09-11 18:19:27.016 INFO   [4CF575\C010E3] Auto-router pass #702 on board '075395ef5833bf05b297c73156782783' was completed in 0.37 seconds with the score of 702.69 (39 unrouted), using 35042.26 CPU seconds and 330246 MB memory.
2026-09-11 18:19:27.388 INFO   [4CF575\C010E3] Auto-router pass #703 on board '075395ef5833bf05b297c73156782783' was completed in 0.37 seconds with the score of 702.69 (39 unrouted), using 35303.74 CPU seconds and 331494 MB memory.
2026-09-11 18:19:27.791 INFO   [4CF575\C010E3] Auto-router pass #704 on board '075395ef5833bf05b297c73156782783' was completed in 0.40 seconds with the score of 702.69 (39 unrouted), using 35303.74 CPU seconds and 331494 MB memory.
2026-09-11 18:19:28.163 INFO   [4CF575\C010E3] Auto-router pass #705 on board '075395ef5833bf05b297c73156782783' was completed in 0.37 seconds with the score of 702.69 (39 unrouted), using 35303.74 CPU seconds and 331494 MB memory.
2026-09-11 18:19:28.538 INFO   [4CF575\C010E3] Auto-router pass #706 on board '075395ef5833bf05b297c73156782783' was completed in 0.37 seconds with the score of 702.69 (39 unrouted), using 35566.18 CPU seconds and 332730 MB memory.
2026-09-11 18:19:28.912 INFO   [4CF575\C010E3] Auto-router pass #707 on board '075395ef5833bf05b297c73156782783' was completed in 0.37 seconds with the score of 702.69 (39 unrouted), using 35566.18 CPU seconds and 332730 MB memory.
2026-09-11 18:19:29.318 INFO   [4CF575\C010E3] Auto-router pass #708 on board '075395ef5833bf05b297c73156782783' was completed in 0.40 seconds with the score of 702.69 (39 unrouted), using 35829.60 CPU seconds and 333967 MB memory.
2026-09-11 18:19:29.689 INFO   [4CF575\C010E3] Auto-router pass #709 on board '075395ef5833bf05b297c73156782783' was completed in 0.37 seconds with the score of 702.69 (39 unrouted), using 35829.60 CPU seconds and 333967 MB memory.
2026-09-11 18:19:30.060 INFO   [4CF575\C010E3] Auto-router pass #710 on board '075395ef5833bf05b297c73156782783' was completed in 0.37 seconds with the score of 702.69 (39 unrouted), using 35829.60 CPU seconds and 333967 MB memory.
2026-09-11 18:19:30.430 INFO   [4CF575\C010E3] Auto-router pass #711 on board '075395ef5833bf05b297c73156782783' was completed in 0.37 seconds with the score of 702.69 (39 unrouted), using 36093.99 CPU seconds and 335209 MB memory.
2026-09-11 18:19:30.831 INFO   [4CF575\C010E3] Auto-router pass #712 on board '075395ef5833bf05b297c73156782783' was completed in 0.40 seconds with the score of 702.69 (39 unrouted), using 36093.99 CPU seconds and 335209 MB memory.
2026-09-11 18:19:31.205 INFO   [4CF575\C010E3] Auto-router pass #713 on board '075395ef5833bf05b297c73156782783' was completed in 0.37 seconds with the score of 702.69 (39 unrouted), using 36093.99 CPU seconds and 335209 MB memory.
2026-09-11 18:19:31.568 INFO   [4CF575\C010E3] Auto-router pass #714 on board '075395ef5833bf05b297c73156782783' was completed in 0.36 seconds with the score of 702.69 (39 unrouted), using 36359.34 CPU seconds and 336450 MB memory.
2026-09-11 18:19:31.938 INFO   [4CF575\C010E3] Auto-router pass #715 on board '075395ef5833bf05b297c73156782783' was completed in 0.37 seconds with the score of 702.69 (39 unrouted), using 36359.34 CPU seconds and 336450 MB memory.
2026-09-11 18:19:32.338 INFO   [4CF575\C010E3] Auto-router pass #716 on board '075395ef5833bf05b297c73156782783' was completed in 0.40 seconds with the score of 702.69 (39 unrouted), using 36625.66 CPU seconds and 337708 MB memory.
2026-09-11 18:19:32.712 INFO   [4CF575\C010E3] Auto-router pass #717 on board '075395ef5833bf05b297c73156782783' was completed in 0.37 seconds with the score of 702.69 (39 unrouted), using 36625.66 CPU seconds and 337708 MB memory.
2026-09-11 18:19:33.088 INFO   [4CF575\C010E3] Auto-router pass #718 on board '075395ef5833bf05b297c73156782783' was completed in 0.37 seconds with the score of 702.69 (39 unrouted), using 36625.66 CPU seconds and 337708 MB memory.
2026-09-11 18:19:33.456 INFO   [4CF575\C010E3] Auto-router pass #719 on board '075395ef5833bf05b297c73156782783' was completed in 0.37 seconds with the score of 702.69 (39 unrouted), using 36892.96 CPU seconds and 338941 MB memory.
2026-09-11 18:19:33.854 INFO   [4CF575\C010E3] Auto-router pass #720 on board '075395ef5833bf05b297c73156782783' was completed in 0.40 seconds with the score of 702.69 (39 unrouted), using 36892.96 CPU seconds and 338941 MB memory.
2026-09-11 18:19:34.232 INFO   [4CF575\C010E3] Auto-router pass #721 on board '075395ef5833bf05b297c73156782783' was completed in 0.38 seconds with the score of 702.69 (39 unrouted), using 37161.22 CPU seconds and 340183 MB memory.
2026-09-11 18:19:34.605 INFO   [4CF575\C010E3] Auto-router pass #722 on board '075395ef5833bf05b297c73156782783' was completed in 0.37 seconds with the score of 702.69 (39 unrouted), using 37161.22 CPU seconds and 340183 MB memory.
2026-09-11 18:19:34.971 INFO   [4CF575\C010E3] Auto-router pass #723 on board '075395ef5833bf05b297c73156782783' was completed in 0.36 seconds with the score of 702.69 (39 unrouted), using 37161.22 CPU seconds and 340183 MB memory.
2026-09-11 18:19:35.386 INFO   [4CF575\C010E3] Auto-router pass #724 on board '075395ef5833bf05b297c73156782783' was completed in 0.41 seconds with the score of 702.69 (39 unrouted), using 37430.46 CPU seconds and 341430 MB memory.
2026-09-11 18:19:35.761 INFO   [4CF575\C010E3] Auto-router pass #725 on board '075395ef5833bf05b297c73156782783' was completed in 0.37 seconds with the score of 702.69 (39 unrouted), using 37430.46 CPU seconds and 341430 MB memory.
2026-09-11 18:19:36.126 INFO   [4CF575\C010E3] Auto-router pass #726 on board '075395ef5833bf05b297c73156782783' was completed in 0.36 seconds with the score of 702.69 (39 unrouted), using 37430.46 CPU seconds and 341430 MB memory.
2026-09-11 18:19:36.514 INFO   [4CF575\C010E3] Auto-router pass #727 on board '075395ef5833bf05b297c73156782783' was completed in 0.39 seconds with the score of 702.69 (39 unrouted), using 37700.67 CPU seconds and 342661 MB memory.
2026-09-11 18:19:36.918 INFO   [4CF575\C010E3] Auto-router pass #728 on board '075395ef5833bf05b297c73156782783' was completed in 0.40 seconds with the score of 702.69 (39 unrouted), using 37700.67 CPU seconds and 342661 MB memory.
2026-09-11 18:19:37.290 INFO   [4CF575\C010E3] Auto-router pass #729 on board '075395ef5833bf05b297c73156782783' was completed in 0.37 seconds with the score of 702.69 (39 unrouted), using 37971.84 CPU seconds and 343885 MB memory.
2026-09-11 18:19:37.658 INFO   [4CF575\C010E3] Auto-router pass #730 on board '075395ef5833bf05b297c73156782783' was completed in 0.37 seconds with the score of 702.69 (39 unrouted), using 37971.84 CPU seconds and 343885 MB memory.
2026-09-11 18:19:38.035 INFO   [4CF575\C010E3] Auto-router pass #731 on board '075395ef5833bf05b297c73156782783' was completed in 0.37 seconds with the score of 702.69 (39 unrouted), using 37971.84 CPU seconds and 343885 MB memory.
2026-09-11 18:19:38.443 INFO   [4CF575\C010E3] Auto-router pass #732 on board '075395ef5833bf05b297c73156782783' was completed in 0.41 seconds with the score of 702.69 (39 unrouted), using 38243.98 CPU seconds and 345115 MB memory.
2026-09-11 18:19:38.810 INFO   [4CF575\C010E3] Auto-router pass #733 on board '075395ef5833bf05b297c73156782783' was completed in 0.36 seconds with the score of 702.69 (39 unrouted), using 38243.98 CPU seconds and 345115 MB memory.
2026-09-11 18:19:39.179 INFO   [4CF575\C010E3] Auto-router pass #734 on board '075395ef5833bf05b297c73156782783' was completed in 0.37 seconds with the score of 702.69 (39 unrouted), using 38243.98 CPU seconds and 345115 MB memory.
2026-09-11 18:19:39.547 INFO   [4CF575\C010E3] Auto-router pass #735 on board '075395ef5833bf05b297c73156782783' was completed in 0.37 seconds with the score of 702.69 (39 unrouted), using 38517.09 CPU seconds and 346359 MB memory.
2026-09-11 18:19:39.947 INFO   [4CF575\C010E3] Auto-router pass #736 on board '075395ef5833bf05b297c73156782783' was completed in 0.40 seconds with the score of 702.69 (39 unrouted), using 38517.09 CPU seconds and 346359 MB memory.
2026-09-11 18:19:40.319 INFO   [4CF575\C010E3] Auto-router pass #737 on board '075395ef5833bf05b297c73156782783' was completed in 0.37 seconds with the score of 702.69 (39 unrouted), using 38791.18 CPU seconds and 347613 MB memory.
2026-09-11 18:19:40.688 INFO   [4CF575\C010E3] Auto-router pass #738 on board '075395ef5833bf05b297c73156782783' was completed in 0.37 seconds with the score of 702.69 (39 unrouted), using 38791.18 CPU seconds and 347613 MB memory.
2026-09-11 18:19:41.057 INFO   [4CF575\C010E3] Auto-router pass #739 on board '075395ef5833bf05b297c73156782783' was completed in 0.37 seconds with the score of 702.69 (39 unrouted), using 38791.18 CPU seconds and 347613 MB memory.
2026-09-11 18:19:41.452 INFO   [4CF575\C010E3] Auto-router pass #740 on board '075395ef5833bf05b297c73156782783' was completed in 0.39 seconds with the score of 702.69 (39 unrouted), using 39066.24 CPU seconds and 348864 MB memory.
2026-09-11 18:19:41.818 INFO   [4CF575\C010E3] Auto-router pass #741 on board '075395ef5833bf05b297c73156782783' was completed in 0.36 seconds with the score of 702.69 (39 unrouted), using 39066.24 CPU seconds and 348864 MB memory.
2026-09-11 18:19:42.183 INFO   [4CF575\C010E3] Auto-router pass #742 on board '075395ef5833bf05b297c73156782783' was completed in 0.36 seconds with the score of 702.69 (39 unrouted), using 39066.24 CPU seconds and 348864 MB memory.
2026-09-11 18:19:42.549 INFO   [4CF575\C010E3] Auto-router pass #743 on board '075395ef5833bf05b297c73156782783' was completed in 0.36 seconds with the score of 702.69 (39 unrouted), using 39342.28 CPU seconds and 350130 MB memory.
2026-09-11 18:19:42.945 INFO   [4CF575\C010E3] Auto-router pass #744 on board '075395ef5833bf05b297c73156782783' was completed in 0.39 seconds with the score of 702.69 (39 unrouted), using 39342.28 CPU seconds and 350130 MB memory.
2026-09-11 18:19:43.318 INFO   [4CF575\C010E3] Auto-router pass #745 on board '075395ef5833bf05b297c73156782783' was completed in 0.37 seconds with the score of 702.69 (39 unrouted), using 39619.30 CPU seconds and 351384 MB memory.
2026-09-11 18:19:43.693 INFO   [4CF575\C010E3] Auto-router pass #746 on board '075395ef5833bf05b297c73156782783' was completed in 0.37 seconds with the score of 702.69 (39 unrouted), using 39619.30 CPU seconds and 351384 MB memory.
2026-09-11 18:19:44.061 INFO   [4CF575\C010E3] Auto-router pass #747 on board '075395ef5833bf05b297c73156782783' was completed in 0.37 seconds with the score of 702.69 (39 unrouted), using 39619.30 CPU seconds and 351384 MB memory.
2026-09-11 18:19:44.464 INFO   [4CF575\C010E3] Auto-router pass #748 on board '075395ef5833bf05b297c73156782783' was completed in 0.40 seconds with the score of 702.69 (39 unrouted), using 39897.29 CPU seconds and 352625 MB memory.
2026-09-11 18:19:44.834 INFO   [4CF575\C010E3] Auto-router pass #749 on board '075395ef5833bf05b297c73156782783' was completed in 0.37 seconds with the score of 702.69 (39 unrouted), using 39897.29 CPU seconds and 352625 MB memory.
2026-09-11 18:19:45.210 INFO   [4CF575\C010E3] Auto-router pass #750 on board '075395ef5833bf05b297c73156782783' was completed in 0.37 seconds with the score of 702.69 (39 unrouted), using 39897.29 CPU seconds and 352625 MB memory.
2026-09-11 18:19:45.590 INFO   [4CF575\C010E3] Auto-router pass #751 on board '075395ef5833bf05b297c73156782783' was completed in 0.38 seconds with the score of 702.69 (39 unrouted), using 40176.25 CPU seconds and 353859 MB memory.
2026-09-11 18:19:45.988 INFO   [4CF575\C010E3] Auto-router pass #752 on board '075395ef5833bf05b297c73156782783' was completed in 0.40 seconds with the score of 702.69 (39 unrouted), using 40176.25 CPU seconds and 353859 MB memory.
2026-09-11 18:19:46.359 INFO   [4CF575\C010E3] Auto-router pass #753 on board '075395ef5833bf05b297c73156782783' was completed in 0.37 seconds with the score of 702.69 (39 unrouted), using 40456.19 CPU seconds and 355096 MB memory.
2026-09-11 18:19:46.728 INFO   [4CF575\C010E3] Auto-router pass #754 on board '075395ef5833bf05b297c73156782783' was completed in 0.37 seconds with the score of 702.69 (39 unrouted), using 40456.19 CPU seconds and 355096 MB memory.
2026-09-11 18:19:47.095 INFO   [4CF575\C010E3] Auto-router pass #755 on board '075395ef5833bf05b297c73156782783' was completed in 0.36 seconds with the score of 702.69 (39 unrouted), using 40456.19 CPU seconds and 355096 MB memory.
2026-09-11 18:19:47.489 INFO   [4CF575\C010E3] Auto-router pass #756 on board '075395ef5833bf05b297c73156782783' was completed in 0.39 seconds with the score of 702.69 (39 unrouted), using 40737.09 CPU seconds and 356349 MB memory.
2026-09-11 18:19:47.855 INFO   [4CF575\C010E3] Auto-router pass #757 on board '075395ef5833bf05b297c73156782783' was completed in 0.36 seconds with the score of 702.69 (39 unrouted), using 40737.09 CPU seconds and 356349 MB memory.
2026-09-11 18:19:48.221 INFO   [4CF575\C010E3] Auto-router pass #758 on board '075395ef5833bf05b297c73156782783' was completed in 0.36 seconds with the score of 702.69 (39 unrouted), using 40737.09 CPU seconds and 356349 MB memory.
2026-09-11 18:19:48.587 INFO   [4CF575\C010E3] Auto-router pass #759 on board '075395ef5833bf05b297c73156782783' was completed in 0.36 seconds with the score of 702.69 (39 unrouted), using 41018.98 CPU seconds and 357615 MB memory.
2026-09-11 18:19:48.994 INFO   [4CF575\C010E3] Auto-router pass #760 on board '075395ef5833bf05b297c73156782783' was completed in 0.40 seconds with the score of 702.69 (39 unrouted), using 41018.98 CPU seconds and 357615 MB memory.
2026-09-11 18:19:49.353 INFO   [4CF575\C010E3] Auto-router pass #761 on board '075395ef5833bf05b297c73156782783' was completed in 0.36 seconds with the score of 702.69 (39 unrouted), using 41301.85 CPU seconds and 358863 MB memory.
2026-09-11 18:19:49.725 INFO   [4CF575\C010E3] Auto-router pass #762 on board '075395ef5833bf05b297c73156782783' was completed in 0.37 seconds with the score of 702.69 (39 unrouted), using 41301.85 CPU seconds and 358863 MB memory.
2026-09-11 18:19:50.095 INFO   [4CF575\C010E3] Auto-router pass #763 on board '075395ef5833bf05b297c73156782783' was completed in 0.37 seconds with the score of 702.69 (39 unrouted), using 41301.85 CPU seconds and 358863 MB memory.
2026-09-11 18:19:50.498 INFO   [4CF575\C010E3] Auto-router pass #764 on board '075395ef5833bf05b297c73156782783' was completed in 0.40 seconds with the score of 702.69 (39 unrouted), using 41585.70 CPU seconds and 360118 MB memory.
2026-09-11 18:19:50.863 INFO   [4CF575\C010E3] Auto-router pass #765 on board '075395ef5833bf05b297c73156782783' was completed in 0.36 seconds with the score of 702.69 (39 unrouted), using 41585.70 CPU seconds and 360118 MB memory.
2026-09-11 18:19:51.235 INFO   [4CF575\C010E3] Auto-router pass #766 on board '075395ef5833bf05b297c73156782783' was completed in 0.37 seconds with the score of 702.69 (39 unrouted), using 41585.70 CPU seconds and 360118 MB memory.
2026-09-11 18:19:51.612 INFO   [4CF575\C010E3] Auto-router pass #767 on board '075395ef5833bf05b297c73156782783' was completed in 0.37 seconds with the score of 702.69 (39 unrouted), using 41870.51 CPU seconds and 361363 MB memory.
2026-09-11 18:19:52.018 INFO   [4CF575\C010E3] Auto-router pass #768 on board '075395ef5833bf05b297c73156782783' was completed in 0.40 seconds with the score of 702.69 (39 unrouted), using 41870.51 CPU seconds and 361363 MB memory.
2026-09-11 18:19:52.389 INFO   [4CF575\C010E3] Auto-router pass #769 on board '075395ef5833bf05b297c73156782783' was completed in 0.37 seconds with the score of 702.69 (39 unrouted), using 42156.30 CPU seconds and 362590 MB memory.
2026-09-11 18:19:52.760 INFO   [4CF575\C010E3] Auto-router pass #770 on board '075395ef5833bf05b297c73156782783' was completed in 0.37 seconds with the score of 702.69 (39 unrouted), using 42156.30 CPU seconds and 362590 MB memory.
2026-09-11 18:19:53.126 INFO   [4CF575\C010E3] Auto-router pass #771 on board '075395ef5833bf05b297c73156782783' was completed in 0.36 seconds with the score of 702.69 (39 unrouted), using 42156.30 CPU seconds and 362590 MB memory.
2026-09-11 18:19:53.518 INFO   [4CF575\C010E3] Auto-router pass #772 on board '075395ef5833bf05b297c73156782783' was completed in 0.39 seconds with the score of 702.69 (39 unrouted), using 42443.07 CPU seconds and 363846 MB memory.
2026-09-11 18:19:53.888 INFO   [4CF575\C010E3] Auto-router pass #773 on board '075395ef5833bf05b297c73156782783' was completed in 0.37 seconds with the score of 702.69 (39 unrouted), using 42443.07 CPU seconds and 363846 MB memory.
2026-09-11 18:19:54.258 INFO   [4CF575\C010E3] Auto-router pass #774 on board '075395ef5833bf05b297c73156782783' was completed in 0.37 seconds with the score of 702.69 (39 unrouted), using 42730.81 CPU seconds and 365104 MB memory.
2026-09-11 18:19:54.627 INFO   [4CF575\C010E3] Auto-router pass #775 on board '075395ef5833bf05b297c73156782783' was completed in 0.37 seconds with the score of 702.69 (39 unrouted), using 42730.81 CPU seconds and 365104 MB memory.
2026-09-11 18:19:55.024 INFO   [4CF575\C010E3] Auto-router pass #776 on board '075395ef5833bf05b297c73156782783' was completed in 0.39 seconds with the score of 702.69 (39 unrouted), using 42730.81 CPU seconds and 365104 MB memory.
2026-09-11 18:19:55.398 INFO   [4CF575\C010E3] Auto-router pass #777 on board '075395ef5833bf05b297c73156782783' was completed in 0.37 seconds with the score of 702.69 (39 unrouted), using 43019.53 CPU seconds and 366354 MB memory.
2026-09-11 18:19:55.765 INFO   [4CF575\C010E3] Auto-router pass #778 on board '075395ef5833bf05b297c73156782783' was completed in 0.36 seconds with the score of 702.69 (39 unrouted), using 43019.53 CPU seconds and 366354 MB memory.
2026-09-11 18:19:56.132 INFO   [4CF575\C010E3] Auto-router pass #779 on board '075395ef5833bf05b297c73156782783' was completed in 0.36 seconds with the score of 702.69 (39 unrouted), using 43019.53 CPU seconds and 366354 MB memory.
2026-09-11 18:19:56.533 INFO   [4CF575\C010E3] Auto-router pass #780 on board '075395ef5833bf05b297c73156782783' was completed in 0.40 seconds with the score of 702.69 (39 unrouted), using 43309.22 CPU seconds and 367606 MB memory.
2026-09-11 18:19:56.899 INFO   [4CF575\C010E3] Auto-router pass #781 on board '075395ef5833bf05b297c73156782783' was completed in 0.36 seconds with the score of 702.69 (39 unrouted), using 43309.22 CPU seconds and 367606 MB memory.
2026-09-11 18:19:57.266 INFO   [4CF575\C010E3] Auto-router pass #782 on board '075395ef5833bf05b297c73156782783' was completed in 0.36 seconds with the score of 702.69 (39 unrouted), using 43599.89 CPU seconds and 368862 MB memory.
2026-09-11 18:19:57.630 INFO   [4CF575\C010E3] Auto-router pass #783 on board '075395ef5833bf05b297c73156782783' was completed in 0.36 seconds with the score of 702.69 (39 unrouted), using 43599.89 CPU seconds and 368862 MB memory.
2026-09-11 18:19:58.028 INFO   [4CF575\C010E3] Auto-router pass #784 on board '075395ef5833bf05b297c73156782783' was completed in 0.40 seconds with the score of 702.69 (39 unrouted), using 43599.89 CPU seconds and 368862 MB memory.
2026-09-11 18:19:58.396 INFO   [4CF575\C010E3] Auto-router pass #785 on board '075395ef5833bf05b297c73156782783' was completed in 0.37 seconds with the score of 702.69 (39 unrouted), using 43891.54 CPU seconds and 370121 MB memory.
2026-09-11 18:19:58.762 INFO   [4CF575\C010E3] Auto-router pass #786 on board '075395ef5833bf05b297c73156782783' was completed in 0.36 seconds with the score of 702.69 (39 unrouted), using 43891.54 CPU seconds and 370121 MB memory.
2026-09-11 18:19:59.139 INFO   [4CF575\C010E3] Auto-router pass #787 on board '075395ef5833bf05b297c73156782783' was completed in 0.37 seconds with the score of 702.69 (39 unrouted), using 43891.54 CPU seconds and 370121 MB memory.
2026-09-11 18:19:59.547 INFO   [4CF575\C010E3] Auto-router pass #788 on board '075395ef5833bf05b297c73156782783' was completed in 0.41 seconds with the score of 702.69 (39 unrouted), using 44184.16 CPU seconds and 371365 MB memory.
2026-09-11 18:19:59.919 INFO   [4CF575\C010E3] Auto-router pass #789 on board '075395ef5833bf05b297c73156782783' was completed in 0.37 seconds with the score of 702.69 (39 unrouted), using 44184.16 CPU seconds and 371365 MB memory.
2026-09-11 18:20:00.288 INFO   [4CF575\C010E3] Auto-router pass #790 on board '075395ef5833bf05b297c73156782783' was completed in 0.37 seconds with the score of 702.69 (39 unrouted), using 44477.77 CPU seconds and 372605 MB memory.
2026-09-11 18:20:00.664 INFO   [4CF575\C010E3] Auto-router pass #791 on board '075395ef5833bf05b297c73156782783' was completed in 0.37 seconds with the score of 702.69 (39 unrouted), using 44477.77 CPU seconds and 372605 MB memory.
2026-09-11 18:20:01.062 INFO   [4CF575\C010E3] Auto-router pass #792 on board '075395ef5833bf05b297c73156782783' was completed in 0.40 seconds with the score of 702.69 (39 unrouted), using 44477.77 CPU seconds and 372605 MB memory.
2026-09-11 18:20:01.430 INFO   [4CF575\C010E3] Auto-router pass #793 on board '075395ef5833bf05b297c73156782783' was completed in 0.37 seconds with the score of 702.69 (39 unrouted), using 44772.34 CPU seconds and 373844 MB memory.
2026-09-11 18:20:01.796 INFO   [4CF575\C010E3] Auto-router pass #794 on board '075395ef5833bf05b297c73156782783' was completed in 0.36 seconds with the score of 702.69 (39 unrouted), using 44772.34 CPU seconds and 373844 MB memory.
2026-09-11 18:20:02.166 INFO   [4CF575\C010E3] Auto-router pass #795 on board '075395ef5833bf05b297c73156782783' was completed in 0.37 seconds with the score of 702.69 (39 unrouted), using 44772.34 CPU seconds and 373844 MB memory.
2026-09-11 18:20:02.567 INFO   [4CF575\C010E3] Auto-router pass #796 on board '075395ef5833bf05b297c73156782783' was completed in 0.40 seconds with the score of 702.69 (39 unrouted), using 45067.89 CPU seconds and 375095 MB memory.
2026-09-11 18:20:02.934 INFO   [4CF575\C010E3] Auto-router pass #797 on board '075395ef5833bf05b297c73156782783' was completed in 0.36 seconds with the score of 702.69 (39 unrouted), using 45067.89 CPU seconds and 375095 MB memory.
2026-09-11 18:20:03.305 INFO   [4CF575\C010E3] Auto-router pass #798 on board '075395ef5833bf05b297c73156782783' was completed in 0.37 seconds with the score of 702.69 (39 unrouted), using 45364.41 CPU seconds and 376346 MB memory.
2026-09-11 18:20:03.675 INFO   [4CF575\C010E3] Auto-router pass #799 on board '075395ef5833bf05b297c73156782783' was completed in 0.37 seconds with the score of 702.69 (39 unrouted), using 45364.41 CPU seconds and 376346 MB memory.
2026-09-11 18:20:04.071 INFO   [4CF575\C010E3] Auto-router pass #800 on board '075395ef5833bf05b297c73156782783' was completed in 0.39 seconds with the score of 702.69 (39 unrouted), using 45364.41 CPU seconds and 376346 MB memory.
2026-09-11 18:20:04.439 INFO   [4CF575\C010E3] Auto-router pass #801 on board '075395ef5833bf05b297c73156782783' was completed in 0.37 seconds with the score of 702.69 (39 unrouted), using 45661.91 CPU seconds and 377597 MB memory.
2026-09-11 18:20:04.811 INFO   [4CF575\C010E3] Auto-router pass #802 on board '075395ef5833bf05b297c73156782783' was completed in 0.37 seconds with the score of 702.69 (39 unrouted), using 45661.91 CPU seconds and 377597 MB memory.
2026-09-11 18:20:05.180 INFO   [4CF575\C010E3] Auto-router pass #803 on board '075395ef5833bf05b297c73156782783' was completed in 0.37 seconds with the score of 702.69 (39 unrouted), using 45661.91 CPU seconds and 377597 MB memory.
2026-09-11 18:20:05.584 INFO   [4CF575\C010E3] Auto-router pass #804 on board '075395ef5833bf05b297c73156782783' was completed in 0.40 seconds with the score of 702.69 (39 unrouted), using 45960.39 CPU seconds and 378845 MB memory.
2026-09-11 18:20:05.957 INFO   [4CF575\C010E3] Auto-router pass #805 on board '075395ef5833bf05b297c73156782783' was completed in 0.37 seconds with the score of 702.69 (39 unrouted), using 45960.39 CPU seconds and 378845 MB memory.
2026-09-11 18:20:06.326 INFO   [4CF575\C010E3] Auto-router pass #806 on board '075395ef5833bf05b297c73156782783' was completed in 0.37 seconds with the score of 702.69 (39 unrouted), using 46259.83 CPU seconds and 380090 MB memory.
2026-09-11 18:20:06.696 INFO   [4CF575\C010E3] Auto-router pass #807 on board '075395ef5833bf05b297c73156782783' was completed in 0.37 seconds with the score of 702.69 (39 unrouted), using 46259.83 CPU seconds and 380090 MB memory.
2026-09-11 18:20:07.098 INFO   [4CF575\C010E3] Auto-router pass #808 on board '075395ef5833bf05b297c73156782783' was completed in 0.40 seconds with the score of 702.69 (39 unrouted), using 46259.83 CPU seconds and 380090 MB memory.
2026-09-11 18:20:07.479 INFO   [4CF575\C010E3] Auto-router pass #809 on board '075395ef5833bf05b297c73156782783' was completed in 0.38 seconds with the score of 702.69 (39 unrouted), using 46560.25 CPU seconds and 381320 MB memory.
2026-09-11 18:20:07.850 INFO   [4CF575\C010E3] Auto-router pass #810 on board '075395ef5833bf05b297c73156782783' was completed in 0.37 seconds with the score of 702.69 (39 unrouted), using 46560.25 CPU seconds and 381320 MB memory.
2026-09-11 18:20:08.219 INFO   [4CF575\C010E3] Auto-router pass #811 on board '075395ef5833bf05b297c73156782783' was completed in 0.37 seconds with the score of 702.69 (39 unrouted), using 46560.25 CPU seconds and 381320 MB memory.
2026-09-11 18:20:08.620 INFO   [4CF575\C010E3] Auto-router pass #812 on board '075395ef5833bf05b297c73156782783' was completed in 0.40 seconds with the score of 702.69 (39 unrouted), using 46861.64 CPU seconds and 382566 MB memory.
2026-09-11 18:20:08.993 INFO   [4CF575\C010E3] Auto-router pass #813 on board '075395ef5833bf05b297c73156782783' was completed in 0.37 seconds with the score of 702.69 (39 unrouted), using 46861.64 CPU seconds and 382566 MB memory.
2026-09-11 18:20:09.362 INFO   [4CF575\C010E3] Auto-router pass #814 on board '075395ef5833bf05b297c73156782783' was completed in 0.37 seconds with the score of 702.69 (39 unrouted), using 47164.01 CPU seconds and 383809 MB memory.
2026-09-11 18:20:09.728 INFO   [4CF575\C010E3] Auto-router pass #815 on board '075395ef5833bf05b297c73156782783' was completed in 0.36 seconds with the score of 702.69 (39 unrouted), using 47164.01 CPU seconds and 383809 MB memory.
2026-09-11 18:20:10.129 INFO   [4CF575\C010E3] Auto-router pass #816 on board '075395ef5833bf05b297c73156782783' was completed in 0.40 seconds with the score of 702.69 (39 unrouted), using 47164.01 CPU seconds and 383809 MB memory.
2026-09-11 18:20:10.501 INFO   [4CF575\C010E3] Auto-router pass #817 on board '075395ef5833bf05b297c73156782783' was completed in 0.37 seconds with the score of 702.69 (39 unrouted), using 47467.35 CPU seconds and 385059 MB memory.
2026-09-11 18:20:10.867 INFO   [4CF575\C010E3] Auto-router pass #818 on board '075395ef5833bf05b297c73156782783' was completed in 0.36 seconds with the score of 702.69 (39 unrouted), using 47467.35 CPU seconds and 385059 MB memory.
2026-09-11 18:20:11.231 INFO   [4CF575\C010E3] Auto-router pass #819 on board '075395ef5833bf05b297c73156782783' was completed in 0.36 seconds with the score of 702.69 (39 unrouted), using 47467.35 CPU seconds and 385059 MB memory.
2026-09-11 18:20:11.628 INFO   [4CF575\C010E3] Auto-router pass #820 on board '075395ef5833bf05b297c73156782783' was completed in 0.40 seconds with the score of 702.69 (39 unrouted), using 47771.66 CPU seconds and 386320 MB memory.
2026-09-11 18:20:11.998 INFO   [4CF575\C010E3] Auto-router pass #821 on board '075395ef5833bf05b297c73156782783' was completed in 0.37 seconds with the score of 702.69 (39 unrouted), using 47771.66 CPU seconds and 386320 MB memory.
2026-09-11 18:20:12.366 INFO   [4CF575\C010E3] Auto-router pass #822 on board '075395ef5833bf05b297c73156782783' was completed in 0.37 seconds with the score of 702.69 (39 unrouted), using 48076.95 CPU seconds and 387572 MB memory.
2026-09-11 18:20:12.744 INFO   [4CF575\C010E3] Auto-router pass #823 on board '075395ef5833bf05b297c73156782783' was completed in 0.38 seconds with the score of 702.69 (39 unrouted), using 48076.95 CPU seconds and 387572 MB memory.
2026-09-11 18:20:13.141 INFO   [4CF575\C010E3] Auto-router pass #824 on board '075395ef5833bf05b297c73156782783' was completed in 0.39 seconds with the score of 702.69 (39 unrouted), using 48076.95 CPU seconds and 387572 MB memory.
2026-09-11 18:20:13.508 INFO   [4CF575\C010E3] Auto-router pass #825 on board '075395ef5833bf05b297c73156782783' was completed in 0.36 seconds with the score of 702.69 (39 unrouted), using 48383.21 CPU seconds and 388817 MB memory.
2026-09-11 18:20:13.874 INFO   [4CF575\C010E3] Auto-router pass #826 on board '075395ef5833bf05b297c73156782783' was completed in 0.36 seconds with the score of 702.69 (39 unrouted), using 48383.21 CPU seconds and 388817 MB memory.
2026-09-11 18:20:14.250 INFO   [4CF575\C010E3] Auto-router pass #827 on board '075395ef5833bf05b297c73156782783' was completed in 0.37 seconds with the score of 702.69 (39 unrouted), using 48690.45 CPU seconds and 390062 MB memory.
2026-09-11 18:20:14.655 INFO   [4CF575\C010E3] Auto-router pass #828 on board '075395ef5833bf05b297c73156782783' was completed in 0.40 seconds with the score of 702.69 (39 unrouted), using 48690.45 CPU seconds and 390062 MB memory.
2026-09-11 18:20:15.022 INFO   [4CF575\C010E3] Auto-router pass #829 on board '075395ef5833bf05b297c73156782783' was completed in 0.36 seconds with the score of 702.69 (39 unrouted), using 48690.45 CPU seconds and 390062 MB memory.
2026-09-11 18:20:15.395 INFO   [4CF575\C010E3] Auto-router pass #830 on board '075395ef5833bf05b297c73156782783' was completed in 0.37 seconds with the score of 702.69 (39 unrouted), using 48998.65 CPU seconds and 391302 MB memory.
2026-09-11 18:20:15.763 INFO   [4CF575\C010E3] Auto-router pass #831 on board '075395ef5833bf05b297c73156782783' was completed in 0.37 seconds with the score of 702.69 (39 unrouted), using 48998.65 CPU seconds and 391302 MB memory.
2026-09-11 18:20:16.162 INFO   [4CF575\C010E3] Auto-router pass #832 on board '075395ef5833bf05b297c73156782783' was completed in 0.40 seconds with the score of 702.69 (39 unrouted), using 48998.65 CPU seconds and 391302 MB memory.
2026-09-11 18:20:16.527 INFO   [4CF575\C010E3] Auto-router pass #833 on board '075395ef5833bf05b297c73156782783' was completed in 0.36 seconds with the score of 702.69 (39 unrouted), using 49307.83 CPU seconds and 392552 MB memory.
2026-09-11 18:20:16.903 INFO   [4CF575\C010E3] Auto-router pass #834 on board '075395ef5833bf05b297c73156782783' was completed in 0.37 seconds with the score of 702.69 (39 unrouted), using 49307.83 CPU seconds and 392552 MB memory.
2026-09-11 18:20:17.273 INFO   [4CF575\C010E3] Auto-router pass #835 on board '075395ef5833bf05b297c73156782783' was completed in 0.37 seconds with the score of 702.69 (39 unrouted), using 49617.98 CPU seconds and 393800 MB memory.
2026-09-11 18:20:17.669 INFO   [4CF575\C010E3] Auto-router pass #836 on board '075395ef5833bf05b297c73156782783' was completed in 0.39 seconds with the score of 702.69 (39 unrouted), using 49617.98 CPU seconds and 393800 MB memory.
2026-09-11 18:20:18.040 INFO   [4CF575\C010E3] Auto-router pass #837 on board '075395ef5833bf05b297c73156782783' was completed in 0.37 seconds with the score of 702.69 (39 unrouted), using 49617.98 CPU seconds and 393800 MB memory.
2026-09-11 18:20:18.407 INFO   [4CF575\C010E3] Auto-router pass #838 on board '075395ef5833bf05b297c73156782783' was completed in 0.36 seconds with the score of 702.69 (39 unrouted), using 49929.09 CPU seconds and 395048 MB memory.
2026-09-11 18:20:18.772 INFO   [4CF575\C010E3] Auto-router pass #839 on board '075395ef5833bf05b297c73156782783' was completed in 0.36 seconds with the score of 702.69 (39 unrouted), using 49929.09 CPU seconds and 395048 MB memory.
2026-09-11 18:20:19.171 INFO   [4CF575\C010E3] Auto-router pass #840 on board '075395ef5833bf05b297c73156782783' was completed in 0.40 seconds with the score of 702.69 (39 unrouted), using 49929.09 CPU seconds and 395048 MB memory.
2026-09-11 18:20:19.538 INFO   [4CF575\C010E3] Auto-router pass #841 on board '075395ef5833bf05b297c73156782783' was completed in 0.36 seconds with the score of 702.69 (39 unrouted), using 50241.19 CPU seconds and 396308 MB memory.
2026-09-11 18:20:19.908 INFO   [4CF575\C010E3] Auto-router pass #842 on board '075395ef5833bf05b297c73156782783' was completed in 0.37 seconds with the score of 702.69 (39 unrouted), using 50241.19 CPU seconds and 396308 MB memory.
2026-09-11 18:20:20.277 INFO   [4CF575\C010E3] Auto-router pass #843 on board '075395ef5833bf05b297c73156782783' was completed in 0.37 seconds with the score of 702.69 (39 unrouted), using 50554.26 CPU seconds and 397567 MB memory.
2026-09-11 18:20:20.677 INFO   [4CF575\C010E3] Auto-router pass #844 on board '075395ef5833bf05b297c73156782783' was completed in 0.40 seconds with the score of 702.69 (39 unrouted), using 50554.26 CPU seconds and 397567 MB memory.
2026-09-11 18:20:21.043 INFO   [4CF575\C010E3] Auto-router pass #845 on board '075395ef5833bf05b297c73156782783' was completed in 0.36 seconds with the score of 702.69 (39 unrouted), using 50554.26 CPU seconds and 397567 MB memory.
2026-09-11 18:20:21.408 INFO   [4CF575\C010E3] Auto-router pass #846 on board '075395ef5833bf05b297c73156782783' was completed in 0.36 seconds with the score of 702.69 (39 unrouted), using 50868.30 CPU seconds and 398818 MB memory.
2026-09-11 18:20:21.770 INFO   [4CF575\C010E3] Auto-router pass #847 on board '075395ef5833bf05b297c73156782783' was completed in 0.36 seconds with the score of 702.69 (39 unrouted), using 50868.30 CPU seconds and 398818 MB memory.
2026-09-11 18:20:22.176 INFO   [4CF575\C010E3] Auto-router pass #848 on board '075395ef5833bf05b297c73156782783' was completed in 0.40 seconds with the score of 702.69 (39 unrouted), using 50868.30 CPU seconds and 398818 MB memory.
2026-09-11 18:20:22.544 INFO   [4CF575\C010E3] Auto-router pass #849 on board '075395ef5833bf05b297c73156782783' was completed in 0.36 seconds with the score of 702.69 (39 unrouted), using 51183.32 CPU seconds and 400072 MB memory.
2026-09-11 18:20:22.908 INFO   [4CF575\C010E3] Auto-router pass #850 on board '075395ef5833bf05b297c73156782783' was completed in 0.36 seconds with the score of 702.69 (39 unrouted), using 51183.32 CPU seconds and 400072 MB memory.
2026-09-11 18:20:23.275 INFO   [4CF575\C010E3] Auto-router pass #851 on board '075395ef5833bf05b297c73156782783' was completed in 0.36 seconds with the score of 702.69 (39 unrouted), using 51499.30 CPU seconds and 401328 MB memory.
2026-09-11 18:20:23.675 INFO   [4CF575\C010E3] Auto-router pass #852 on board '075395ef5833bf05b297c73156782783' was completed in 0.40 seconds with the score of 702.69 (39 unrouted), using 51499.30 CPU seconds and 401328 MB memory.
2026-09-11 18:20:24.048 INFO   [4CF575\C010E3] Auto-router pass #853 on board '075395ef5833bf05b297c73156782783' was completed in 0.37 seconds with the score of 702.69 (39 unrouted), using 51499.30 CPU seconds and 401328 MB memory.
2026-09-11 18:20:24.419 INFO   [4CF575\C010E3] Auto-router pass #854 on board '075395ef5833bf05b297c73156782783' was completed in 0.37 seconds with the score of 702.69 (39 unrouted), using 51816.27 CPU seconds and 402571 MB memory.
2026-09-11 18:20:24.797 INFO   [4CF575\C010E3] Auto-router pass #855 on board '075395ef5833bf05b297c73156782783' was completed in 0.38 seconds with the score of 702.69 (39 unrouted), using 51816.27 CPU seconds and 402571 MB memory.
2026-09-11 18:20:25.198 INFO   [4CF575\C010E3] Auto-router pass #856 on board '075395ef5833bf05b297c73156782783' was completed in 0.40 seconds with the score of 702.69 (39 unrouted), using 51816.27 CPU seconds and 402571 MB memory.
2026-09-11 18:20:25.566 INFO   [4CF575\C010E3] Auto-router pass #857 on board '075395ef5833bf05b297c73156782783' was completed in 0.36 seconds with the score of 702.69 (39 unrouted), using 52134.21 CPU seconds and 403806 MB memory.
2026-09-11 18:20:25.933 INFO   [4CF575\C010E3] Auto-router pass #858 on board '075395ef5833bf05b297c73156782783' was completed in 0.36 seconds with the score of 702.69 (39 unrouted), using 52134.21 CPU seconds and 403806 MB memory.
2026-09-11 18:20:26.308 INFO   [4CF575\C010E3] Auto-router pass #859 on board '075395ef5833bf05b297c73156782783' was completed in 0.37 seconds with the score of 702.69 (39 unrouted), using 52453.13 CPU seconds and 405056 MB memory.
2026-09-11 18:20:26.708 INFO   [4CF575\C010E3] Auto-router pass #860 on board '075395ef5833bf05b297c73156782783' was completed in 0.40 seconds with the score of 702.69 (39 unrouted), using 52453.13 CPU seconds and 405056 MB memory.
2026-09-11 18:20:27.081 INFO   [4CF575\C010E3] Auto-router pass #861 on board '075395ef5833bf05b297c73156782783' was completed in 0.37 seconds with the score of 702.69 (39 unrouted), using 52453.13 CPU seconds and 405056 MB memory.
2026-09-11 18:20:27.455 INFO   [4CF575\C010E3] Auto-router pass #862 on board '075395ef5833bf05b297c73156782783' was completed in 0.37 seconds with the score of 702.69 (39 unrouted), using 52773.02 CPU seconds and 406295 MB memory.
2026-09-11 18:20:27.823 INFO   [4CF575\C010E3] Auto-router pass #863 on board '075395ef5833bf05b297c73156782783' was completed in 0.37 seconds with the score of 702.69 (39 unrouted), using 52773.02 CPU seconds and 406295 MB memory.
2026-09-11 18:20:28.219 INFO   [4CF575\C010E3] Auto-router pass #864 on board '075395ef5833bf05b297c73156782783' was completed in 0.39 seconds with the score of 702.69 (39 unrouted), using 52773.02 CPU seconds and 406295 MB memory.
2026-09-11 18:20:28.591 INFO   [4CF575\C010E3] Auto-router pass #865 on board '075395ef5833bf05b297c73156782783' was completed in 0.37 seconds with the score of 702.69 (39 unrouted), using 53093.88 CPU seconds and 407552 MB memory.
2026-09-11 18:20:28.957 INFO   [4CF575\C010E3] Auto-router pass #866 on board '075395ef5833bf05b297c73156782783' was completed in 0.36 seconds with the score of 702.69 (39 unrouted), using 53093.88 CPU seconds and 407552 MB memory.
2026-09-11 18:20:29.328 INFO   [4CF575\C010E3] Auto-router pass #867 on board '075395ef5833bf05b297c73156782783' was completed in 0.37 seconds with the score of 702.69 (39 unrouted), using 53415.71 CPU seconds and 408810 MB memory.
2026-09-11 18:20:29.727 INFO   [4CF575\C010E3] Auto-router pass #868 on board '075395ef5833bf05b297c73156782783' was completed in 0.40 seconds with the score of 702.69 (39 unrouted), using 53415.71 CPU seconds and 408810 MB memory.
2026-09-11 18:20:30.098 INFO   [4CF575\C010E3] Auto-router pass #869 on board '075395ef5833bf05b297c73156782783' was completed in 0.37 seconds with the score of 702.69 (39 unrouted), using 53415.71 CPU seconds and 408810 MB memory.
2026-09-11 18:20:30.474 INFO   [4CF575\C010E3] Auto-router pass #870 on board '075395ef5833bf05b297c73156782783' was completed in 0.37 seconds with the score of 702.69 (39 unrouted), using 53738.52 CPU seconds and 410047 MB memory.
2026-09-11 18:20:30.851 INFO   [4CF575\C010E3] Auto-router pass #871 on board '075395ef5833bf05b297c73156782783' was completed in 0.37 seconds with the score of 702.69 (39 unrouted), using 53738.52 CPU seconds and 410047 MB memory.
2026-09-11 18:20:31.248 INFO   [4CF575\C010E3] Auto-router pass #872 on board '075395ef5833bf05b297c73156782783' was completed in 0.40 seconds with the score of 702.69 (39 unrouted), using 53738.52 CPU seconds and 410047 MB memory.
2026-09-11 18:20:31.622 INFO   [4CF575\C010E3] Auto-router pass #873 on board '075395ef5833bf05b297c73156782783' was completed in 0.37 seconds with the score of 702.69 (39 unrouted), using 54062.29 CPU seconds and 411280 MB memory.
2026-09-11 18:20:31.993 INFO   [4CF575\C010E3] Auto-router pass #874 on board '075395ef5833bf05b297c73156782783' was completed in 0.37 seconds with the score of 702.69 (39 unrouted), using 54062.29 CPU seconds and 411280 MB memory.
2026-09-11 18:20:32.360 INFO   [4CF575\C010E3] Auto-router pass #875 on board '075395ef5833bf05b297c73156782783' was completed in 0.36 seconds with the score of 702.69 (39 unrouted), using 54387.04 CPU seconds and 412529 MB memory.
2026-09-11 18:20:32.754 INFO   [4CF575\C010E3] Auto-router pass #876 on board '075395ef5833bf05b297c73156782783' was completed in 0.39 seconds with the score of 702.69 (39 unrouted), using 54387.04 CPU seconds and 412529 MB memory.
2026-09-11 18:20:33.123 INFO   [4CF575\C010E3] Auto-router pass #877 on board '075395ef5833bf05b297c73156782783' was completed in 0.37 seconds with the score of 702.69 (39 unrouted), using 54387.04 CPU seconds and 412529 MB memory.
2026-09-11 18:20:33.499 INFO   [4CF575\C010E3] Auto-router pass #878 on board '075395ef5833bf05b297c73156782783' was completed in 0.37 seconds with the score of 702.69 (39 unrouted), using 54712.77 CPU seconds and 413781 MB memory.
2026-09-11 18:20:33.862 INFO   [4CF575\C010E3] Auto-router pass #879 on board '075395ef5833bf05b297c73156782783' was completed in 0.36 seconds with the score of 702.69 (39 unrouted), using 54712.77 CPU seconds and 413781 MB memory.
2026-09-11 18:20:34.265 INFO   [4CF575\C010E3] Auto-router pass #880 on board '075395ef5833bf05b297c73156782783' was completed in 0.40 seconds with the score of 702.69 (39 unrouted), using 55039.46 CPU seconds and 415028 MB memory.
2026-09-11 18:20:34.639 INFO   [4CF575\C010E3] Auto-router pass #881 on board '075395ef5833bf05b297c73156782783' was completed in 0.37 seconds with the score of 702.69 (39 unrouted), using 55039.46 CPU seconds and 415028 MB memory.
2026-09-11 18:20:35.007 INFO   [4CF575\C010E3] Auto-router pass #882 on board '075395ef5833bf05b297c73156782783' was completed in 0.37 seconds with the score of 702.69 (39 unrouted), using 55039.46 CPU seconds and 415028 MB memory.
2026-09-11 18:20:35.376 INFO   [4CF575\C010E3] Auto-router pass #883 on board '075395ef5833bf05b297c73156782783' was completed in 0.37 seconds with the score of 702.69 (39 unrouted), using 55367.13 CPU seconds and 416271 MB memory.
2026-09-11 18:20:35.771 INFO   [4CF575\C010E3] Auto-router pass #884 on board '075395ef5833bf05b297c73156782783' was completed in 0.39 seconds with the score of 702.69 (39 unrouted), using 55367.13 CPU seconds and 416271 MB memory.
2026-09-11 18:20:36.142 INFO   [4CF575\C010E3] Auto-router pass #885 on board '075395ef5833bf05b297c73156782783' was completed in 0.37 seconds with the score of 702.69 (39 unrouted), using 55367.13 CPU seconds and 416271 MB memory.
2026-09-11 18:20:36.512 INFO   [4CF575\C010E3] Auto-router pass #886 on board '075395ef5833bf05b297c73156782783' was completed in 0.37 seconds with the score of 702.69 (39 unrouted), using 55695.78 CPU seconds and 417529 MB memory.
2026-09-11 18:20:36.887 INFO   [4CF575\C010E3] Auto-router pass #887 on board '075395ef5833bf05b297c73156782783' was completed in 0.37 seconds with the score of 702.69 (39 unrouted), using 55695.78 CPU seconds and 417529 MB memory.
2026-09-11 18:20:37.289 INFO   [4CF575\C010E3] Auto-router pass #888 on board '075395ef5833bf05b297c73156782783' was completed in 0.40 seconds with the score of 702.69 (39 unrouted), using 56025.39 CPU seconds and 418764 MB memory.
2026-09-11 18:20:37.657 INFO   [4CF575\C010E3] Auto-router pass #889 on board '075395ef5833bf05b297c73156782783' was completed in 0.36 seconds with the score of 702.69 (39 unrouted), using 56025.39 CPU seconds and 418764 MB memory.
2026-09-11 18:20:38.024 INFO   [4CF575\C010E3] Auto-router pass #890 on board '075395ef5833bf05b297c73156782783' was completed in 0.36 seconds with the score of 702.69 (39 unrouted), using 56025.39 CPU seconds and 418764 MB memory.
2026-09-11 18:20:38.391 INFO   [4CF575\C010E3] Auto-router pass #891 on board '075395ef5833bf05b297c73156782783' was completed in 0.36 seconds with the score of 702.69 (39 unrouted), using 56355.98 CPU seconds and 420022 MB memory.
2026-09-11 18:20:38.789 INFO   [4CF575\C010E3] Auto-router pass #892 on board '075395ef5833bf05b297c73156782783' was completed in 0.40 seconds with the score of 702.69 (39 unrouted), using 56355.98 CPU seconds and 420022 MB memory.
2026-09-11 18:20:39.160 INFO   [4CF575\C010E3] Auto-router pass #893 on board '075395ef5833bf05b297c73156782783' was completed in 0.37 seconds with the score of 702.69 (39 unrouted), using 56355.98 CPU seconds and 420022 MB memory.
2026-09-11 18:20:39.532 INFO   [4CF575\C010E3] Auto-router pass #894 on board '075395ef5833bf05b297c73156782783' was completed in 0.37 seconds with the score of 702.69 (39 unrouted), using 56687.53 CPU seconds and 421272 MB memory.
2026-09-11 18:20:39.899 INFO   [4CF575\C010E3] Auto-router pass #895 on board '075395ef5833bf05b297c73156782783' was completed in 0.36 seconds with the score of 702.69 (39 unrouted), using 56687.53 CPU seconds and 421272 MB memory.
2026-09-11 18:20:40.296 INFO   [4CF575\C010E3] Auto-router pass #896 on board '075395ef5833bf05b297c73156782783' was completed in 0.39 seconds with the score of 702.69 (39 unrouted), using 57020.05 CPU seconds and 422529 MB memory.
2026-09-11 18:20:40.669 INFO   [4CF575\C010E3] Auto-router pass #897 on board '075395ef5833bf05b297c73156782783' was completed in 0.37 seconds with the score of 702.69 (39 unrouted), using 57020.05 CPU seconds and 422529 MB memory.
2026-09-11 18:20:41.046 INFO   [4CF575\C010E3] Auto-router pass #898 on board '075395ef5833bf05b297c73156782783' was completed in 0.37 seconds with the score of 702.69 (39 unrouted), using 57020.05 CPU seconds and 422529 MB memory.
2026-09-11 18:20:41.416 INFO   [4CF575\C010E3] Auto-router pass #899 on board '075395ef5833bf05b297c73156782783' was completed in 0.37 seconds with the score of 702.69 (39 unrouted), using 57353.55 CPU seconds and 423764 MB memory.
2026-09-11 18:20:41.809 INFO   [4CF575\C010E3] Auto-router pass #900 on board '075395ef5833bf05b297c73156782783' was completed in 0.39 seconds with the score of 702.69 (39 unrouted), using 57353.55 CPU seconds and 423764 MB memory.
2026-09-11 18:20:42.177 INFO   [4CF575\C010E3] Auto-router pass #901 on board '075395ef5833bf05b297c73156782783' was completed in 0.36 seconds with the score of 702.69 (39 unrouted), using 57353.55 CPU seconds and 423764 MB memory.
2026-09-11 18:20:42.547 INFO   [4CF575\C010E3] Auto-router pass #902 on board '075395ef5833bf05b297c73156782783' was completed in 0.37 seconds with the score of 702.69 (39 unrouted), using 57688.02 CPU seconds and 425025 MB memory.
2026-09-11 18:20:42.921 INFO   [4CF575\C010E3] Auto-router pass #903 on board '075395ef5833bf05b297c73156782783' was completed in 0.37 seconds with the score of 702.69 (39 unrouted), using 57688.02 CPU seconds and 425025 MB memory.
2026-09-11 18:20:43.329 INFO   [4CF575\C010E3] Auto-router pass #904 on board '075395ef5833bf05b297c73156782783' was completed in 0.41 seconds with the score of 702.69 (39 unrouted), using 58023.46 CPU seconds and 426256 MB memory.
2026-09-11 18:20:43.699 INFO   [4CF575\C010E3] Auto-router pass #905 on board '075395ef5833bf05b297c73156782783' was completed in 0.37 seconds with the score of 702.69 (39 unrouted), using 58023.46 CPU seconds and 426256 MB memory.
2026-09-11 18:20:44.070 INFO   [4CF575\C010E3] Auto-router pass #906 on board '075395ef5833bf05b297c73156782783' was completed in 0.37 seconds with the score of 702.69 (39 unrouted), using 58023.46 CPU seconds and 426256 MB memory.
2026-09-11 18:20:44.452 INFO   [4CF575\C010E3] Auto-router pass #907 on board '075395ef5833bf05b297c73156782783' was completed in 0.38 seconds with the score of 702.69 (39 unrouted), using 58359.88 CPU seconds and 427499 MB memory.
2026-09-11 18:20:44.855 INFO   [4CF575\C010E3] Auto-router pass #908 on board '075395ef5833bf05b297c73156782783' was completed in 0.40 seconds with the score of 702.69 (39 unrouted), using 58359.88 CPU seconds and 427499 MB memory.
2026-09-11 18:20:45.219 INFO   [4CF575\C010E3] Auto-router pass #909 on board '075395ef5833bf05b297c73156782783' was completed in 0.36 seconds with the score of 702.69 (39 unrouted), using 58359.88 CPU seconds and 427499 MB memory.
2026-09-11 18:20:45.594 INFO   [4CF575\C010E3] Auto-router pass #910 on board '075395ef5833bf05b297c73156782783' was completed in 0.37 seconds with the score of 702.69 (39 unrouted), using 58697.26 CPU seconds and 428733 MB memory.
2026-09-11 18:20:45.965 INFO   [4CF575\C010E3] Auto-router pass #911 on board '075395ef5833bf05b297c73156782783' was completed in 0.37 seconds with the score of 702.69 (39 unrouted), using 58697.26 CPU seconds and 428733 MB memory.
2026-09-11 18:20:46.370 INFO   [4CF575\C010E3] Auto-router pass #912 on board '075395ef5833bf05b297c73156782783' was completed in 0.40 seconds with the score of 702.69 (39 unrouted), using 59035.62 CPU seconds and 429971 MB memory.
2026-09-11 18:20:46.745 INFO   [4CF575\C010E3] Auto-router pass #913 on board '075395ef5833bf05b297c73156782783' was completed in 0.37 seconds with the score of 702.69 (39 unrouted), using 59035.62 CPU seconds and 429971 MB memory.
2026-09-11 18:20:47.117 INFO   [4CF575\C010E3] Auto-router pass #914 on board '075395ef5833bf05b297c73156782783' was completed in 0.37 seconds with the score of 702.69 (39 unrouted), using 59035.62 CPU seconds and 429971 MB memory.
2026-09-11 18:20:47.486 INFO   [4CF575\C010E3] Auto-router pass #915 on board '075395ef5833bf05b297c73156782783' was completed in 0.37 seconds with the score of 702.69 (39 unrouted), using 59374.95 CPU seconds and 431211 MB memory.
2026-09-11 18:20:47.883 INFO   [4CF575\C010E3] Auto-router pass #916 on board '075395ef5833bf05b297c73156782783' was completed in 0.39 seconds with the score of 702.69 (39 unrouted), using 59374.95 CPU seconds and 431211 MB memory.
2026-09-11 18:20:48.253 INFO   [4CF575\C010E3] Auto-router pass #917 on board '075395ef5833bf05b297c73156782783' was completed in 0.37 seconds with the score of 702.69 (39 unrouted), using 59374.95 CPU seconds and 431211 MB memory.
2026-09-11 18:20:48.625 INFO   [4CF575\C010E3] Auto-router pass #918 on board '075395ef5833bf05b297c73156782783' was completed in 0.37 seconds with the score of 702.69 (39 unrouted), using 59715.25 CPU seconds and 432461 MB memory.
2026-09-11 18:20:48.997 INFO   [4CF575\C010E3] Auto-router pass #919 on board '075395ef5833bf05b297c73156782783' was completed in 0.37 seconds with the score of 702.69 (39 unrouted), using 59715.25 CPU seconds and 432461 MB memory.
2026-09-11 18:20:49.402 INFO   [4CF575\C010E3] Auto-router pass #920 on board '075395ef5833bf05b297c73156782783' was completed in 0.40 seconds with the score of 702.69 (39 unrouted), using 60056.54 CPU seconds and 433702 MB memory.
2026-09-11 18:20:49.778 INFO   [4CF575\C010E3] Auto-router pass #921 on board '075395ef5833bf05b297c73156782783' was completed in 0.37 seconds with the score of 702.69 (39 unrouted), using 60056.54 CPU seconds and 433702 MB memory.
2026-09-11 18:20:50.145 INFO   [4CF575\C010E3] Auto-router pass #922 on board '075395ef5833bf05b297c73156782783' was completed in 0.36 seconds with the score of 702.69 (39 unrouted), using 60056.54 CPU seconds and 433702 MB memory.
2026-09-11 18:20:50.512 INFO   [4CF575\C010E3] Auto-router pass #923 on board '075395ef5833bf05b297c73156782783' was completed in 0.36 seconds with the score of 702.69 (39 unrouted), using 60398.79 CPU seconds and 434944 MB memory.
2026-09-11 18:20:50.911 INFO   [4CF575\C010E3] Auto-router pass #924 on board '075395ef5833bf05b297c73156782783' was completed in 0.40 seconds with the score of 702.69 (39 unrouted), using 60398.79 CPU seconds and 434944 MB memory.
2026-09-11 18:20:51.281 INFO   [4CF575\C010E3] Auto-router pass #925 on board '075395ef5833bf05b297c73156782783' was completed in 0.37 seconds with the score of 702.69 (39 unrouted), using 60742.01 CPU seconds and 436194 MB memory.
2026-09-11 18:20:51.648 INFO   [4CF575\C010E3] Auto-router pass #926 on board '075395ef5833bf05b297c73156782783' was completed in 0.36 seconds with the score of 702.69 (39 unrouted), using 60742.01 CPU seconds and 436194 MB memory.
2026-09-11 18:20:52.021 INFO   [4CF575\C010E3] Auto-router pass #927 on board '075395ef5833bf05b297c73156782783' was completed in 0.37 seconds with the score of 702.69 (39 unrouted), using 60742.01 CPU seconds and 436194 MB memory.
2026-09-11 18:20:52.423 INFO   [4CF575\C010E3] Auto-router pass #928 on board '075395ef5833bf05b297c73156782783' was completed in 0.40 seconds with the score of 702.69 (39 unrouted), using 61086.20 CPU seconds and 437441 MB memory.
2026-09-11 18:20:52.796 INFO   [4CF575\C010E3] Auto-router pass #929 on board '075395ef5833bf05b297c73156782783' was completed in 0.37 seconds with the score of 702.69 (39 unrouted), using 61086.20 CPU seconds and 437441 MB memory.
2026-09-11 18:20:53.164 INFO   [4CF575\C010E3] Auto-router pass #930 on board '075395ef5833bf05b297c73156782783' was completed in 0.37 seconds with the score of 702.69 (39 unrouted), using 61086.20 CPU seconds and 437441 MB memory.
2026-09-11 18:20:53.534 INFO   [4CF575\C010E3] Auto-router pass #931 on board '075395ef5833bf05b297c73156782783' was completed in 0.37 seconds with the score of 702.69 (39 unrouted), using 61431.37 CPU seconds and 438680 MB memory.
2026-09-11 18:20:53.938 INFO   [4CF575\C010E3] Auto-router pass #932 on board '075395ef5833bf05b297c73156782783' was completed in 0.40 seconds with the score of 702.69 (39 unrouted), using 61431.37 CPU seconds and 438680 MB memory.
2026-09-11 18:20:54.305 INFO   [4CF575\C010E3] Auto-router pass #933 on board '075395ef5833bf05b297c73156782783' was completed in 0.36 seconds with the score of 702.69 (39 unrouted), using 61777.52 CPU seconds and 439937 MB memory.
2026-09-11 18:20:54.678 INFO   [4CF575\C010E3] Auto-router pass #934 on board '075395ef5833bf05b297c73156782783' was completed in 0.37 seconds with the score of 702.69 (39 unrouted), using 61777.52 CPU seconds and 439937 MB memory.
2026-09-11 18:20:55.046 INFO   [4CF575\C010E3] Auto-router pass #935 on board '075395ef5833bf05b297c73156782783' was completed in 0.37 seconds with the score of 702.69 (39 unrouted), using 61777.52 CPU seconds and 439937 MB memory.
2026-09-11 18:20:55.444 INFO   [4CF575\C010E3] Auto-router pass #936 on board '075395ef5833bf05b297c73156782783' was completed in 0.40 seconds with the score of 702.69 (39 unrouted), using 62124.63 CPU seconds and 441184 MB memory.
2026-09-11 18:20:55.808 INFO   [4CF575\C010E3] Auto-router pass #937 on board '075395ef5833bf05b297c73156782783' was completed in 0.36 seconds with the score of 702.69 (39 unrouted), using 62124.63 CPU seconds and 441184 MB memory.
2026-09-11 18:20:56.170 INFO   [4CF575\C010E3] Auto-router pass #938 on board '075395ef5833bf05b297c73156782783' was completed in 0.36 seconds with the score of 702.69 (39 unrouted), using 62124.63 CPU seconds and 441184 MB memory.
2026-09-11 18:20:56.534 INFO   [4CF575\C010E3] Auto-router pass #939 on board '075395ef5833bf05b297c73156782783' was completed in 0.36 seconds with the score of 702.69 (39 unrouted), using 62472.72 CPU seconds and 442447 MB memory.
2026-09-11 18:20:56.931 INFO   [4CF575\C010E3] Auto-router pass #940 on board '075395ef5833bf05b297c73156782783' was completed in 0.39 seconds with the score of 702.69 (39 unrouted), using 62472.72 CPU seconds and 442447 MB memory.
2026-09-11 18:20:57.297 INFO   [4CF575\C010E3] Auto-router pass #941 on board '075395ef5833bf05b297c73156782783' was completed in 0.36 seconds with the score of 702.69 (39 unrouted), using 62821.78 CPU seconds and 443707 MB memory.
2026-09-11 18:20:57.666 INFO   [4CF575\C010E3] Auto-router pass #942 on board '075395ef5833bf05b297c73156782783' was completed in 0.37 seconds with the score of 702.69 (39 unrouted), using 62821.78 CPU seconds and 443707 MB memory.
2026-09-11 18:20:58.036 INFO   [4CF575\C010E3] Auto-router pass #943 on board '075395ef5833bf05b297c73156782783' was completed in 0.37 seconds with the score of 702.69 (39 unrouted), using 62821.78 CPU seconds and 443707 MB memory.
2026-09-11 18:20:58.436 INFO   [4CF575\C010E3] Auto-router pass #944 on board '075395ef5833bf05b297c73156782783' was completed in 0.40 seconds with the score of 702.69 (39 unrouted), using 63171.82 CPU seconds and 444953 MB memory.
2026-09-11 18:20:58.802 INFO   [4CF575\C010E3] Auto-router pass #945 on board '075395ef5833bf05b297c73156782783' was completed in 0.36 seconds with the score of 702.69 (39 unrouted), using 63171.82 CPU seconds and 444953 MB memory.
2026-09-11 18:20:59.172 INFO   [4CF575\C010E3] Auto-router pass #946 on board '075395ef5833bf05b297c73156782783' was completed in 0.37 seconds with the score of 702.69 (39 unrouted), using 63171.82 CPU seconds and 444953 MB memory.
2026-09-11 18:20:59.548 INFO   [4CF575\C010E3] Auto-router pass #947 on board '075395ef5833bf05b297c73156782783' was completed in 0.37 seconds with the score of 702.69 (39 unrouted), using 63522.82 CPU seconds and 446208 MB memory.
2026-09-11 18:20:59.950 INFO   [4CF575\C010E3] Auto-router pass #948 on board '075395ef5833bf05b297c73156782783' was completed in 0.40 seconds with the score of 702.69 (39 unrouted), using 63522.82 CPU seconds and 446208 MB memory.
2026-09-11 18:21:00.321 INFO   [4CF575\C010E3] Auto-router pass #949 on board '075395ef5833bf05b297c73156782783' was completed in 0.37 seconds with the score of 702.69 (39 unrouted), using 63874.80 CPU seconds and 447444 MB memory.
2026-09-11 18:21:00.691 INFO   [4CF575\C010E3] Auto-router pass #950 on board '075395ef5833bf05b297c73156782783' was completed in 0.37 seconds with the score of 702.69 (39 unrouted), using 63874.80 CPU seconds and 447444 MB memory.
2026-09-11 18:21:01.061 INFO   [4CF575\C010E3] Auto-router pass #951 on board '075395ef5833bf05b297c73156782783' was completed in 0.37 seconds with the score of 702.69 (39 unrouted), using 63874.80 CPU seconds and 447444 MB memory.
2026-09-11 18:21:01.459 INFO   [4CF575\C010E3] Auto-router pass #952 on board '075395ef5833bf05b297c73156782783' was completed in 0.40 seconds with the score of 702.69 (39 unrouted), using 64227.75 CPU seconds and 448695 MB memory.
2026-09-11 18:21:01.825 INFO   [4CF575\C010E3] Auto-router pass #953 on board '075395ef5833bf05b297c73156782783' was completed in 0.36 seconds with the score of 702.69 (39 unrouted), using 64227.75 CPU seconds and 448695 MB memory.
2026-09-11 18:21:02.198 INFO   [4CF575\C010E3] Auto-router pass #954 on board '075395ef5833bf05b297c73156782783' was completed in 0.37 seconds with the score of 702.69 (39 unrouted), using 64227.75 CPU seconds and 448695 MB memory.
2026-09-11 18:21:02.568 INFO   [4CF575\C010E3] Auto-router pass #955 on board '075395ef5833bf05b297c73156782783' was completed in 0.37 seconds with the score of 702.69 (39 unrouted), using 64581.68 CPU seconds and 449952 MB memory.
2026-09-11 18:21:02.968 INFO   [4CF575\C010E3] Auto-router pass #956 on board '075395ef5833bf05b297c73156782783' was completed in 0.40 seconds with the score of 702.69 (39 unrouted), using 64581.68 CPU seconds and 449952 MB memory.
2026-09-11 18:21:03.339 INFO   [4CF575\C010E3] Auto-router pass #957 on board '075395ef5833bf05b297c73156782783' was completed in 0.37 seconds with the score of 702.69 (39 unrouted), using 64936.58 CPU seconds and 451200 MB memory.
2026-09-11 18:21:03.707 INFO   [4CF575\C010E3] Auto-router pass #958 on board '075395ef5833bf05b297c73156782783' was completed in 0.37 seconds with the score of 702.69 (39 unrouted), using 64936.58 CPU seconds and 451200 MB memory.
2026-09-11 18:21:04.077 INFO   [4CF575\C010E3] Auto-router pass #959 on board '075395ef5833bf05b297c73156782783' was completed in 0.37 seconds with the score of 702.69 (39 unrouted), using 64936.58 CPU seconds and 451200 MB memory.
2026-09-11 18:21:04.478 INFO   [4CF575\C010E3] Auto-router pass #960 on board '075395ef5833bf05b297c73156782783' was completed in 0.40 seconds with the score of 702.69 (39 unrouted), using 65292.45 CPU seconds and 452448 MB memory.
2026-09-11 18:21:04.851 INFO   [4CF575\C010E3] Auto-router pass #961 on board '075395ef5833bf05b297c73156782783' was completed in 0.37 seconds with the score of 702.69 (39 unrouted), using 65292.45 CPU seconds and 452448 MB memory.
2026-09-11 18:21:05.217 INFO   [4CF575\C010E3] Auto-router pass #962 on board '075395ef5833bf05b297c73156782783' was completed in 0.36 seconds with the score of 702.69 (39 unrouted), using 65292.45 CPU seconds and 452448 MB memory.
2026-09-11 18:21:05.580 INFO   [4CF575\C010E3] Auto-router pass #963 on board '075395ef5833bf05b297c73156782783' was completed in 0.36 seconds with the score of 702.69 (39 unrouted), using 65649.29 CPU seconds and 453695 MB memory.
2026-09-11 18:21:05.980 INFO   [4CF575\C010E3] Auto-router pass #964 on board '075395ef5833bf05b297c73156782783' was completed in 0.40 seconds with the score of 702.69 (39 unrouted), using 65649.29 CPU seconds and 453695 MB memory.
2026-09-11 18:21:06.346 INFO   [4CF575\C010E3] Auto-router pass #965 on board '075395ef5833bf05b297c73156782783' was completed in 0.36 seconds with the score of 702.69 (39 unrouted), using 66007.10 CPU seconds and 454948 MB memory.
2026-09-11 18:21:06.719 INFO   [4CF575\C010E3] Auto-router pass #966 on board '075395ef5833bf05b297c73156782783' was completed in 0.37 seconds with the score of 702.69 (39 unrouted), using 66007.10 CPU seconds and 454948 MB memory.
2026-09-11 18:21:07.089 INFO   [4CF575\C010E3] Auto-router pass #967 on board '075395ef5833bf05b297c73156782783' was completed in 0.37 seconds with the score of 702.69 (39 unrouted), using 66007.10 CPU seconds and 454948 MB memory.
2026-09-11 18:21:07.487 INFO   [4CF575\C010E3] Auto-router pass #968 on board '075395ef5833bf05b297c73156782783' was completed in 0.40 seconds with the score of 702.69 (39 unrouted), using 66365.89 CPU seconds and 456194 MB memory.
2026-09-11 18:21:07.854 INFO   [4CF575\C010E3] Auto-router pass #969 on board '075395ef5833bf05b297c73156782783' was completed in 0.36 seconds with the score of 702.69 (39 unrouted), using 66365.89 CPU seconds and 456194 MB memory.
2026-09-11 18:21:08.222 INFO   [4CF575\C010E3] Auto-router pass #970 on board '075395ef5833bf05b297c73156782783' was completed in 0.36 seconds with the score of 702.69 (39 unrouted), using 66365.89 CPU seconds and 456194 MB memory.
2026-09-11 18:21:08.588 INFO   [4CF575\C010E3] Auto-router pass #971 on board '075395ef5833bf05b297c73156782783' was completed in 0.36 seconds with the score of 702.69 (39 unrouted), using 66725.66 CPU seconds and 457449 MB memory.
2026-09-11 18:21:08.997 INFO   [4CF575\C010E3] Auto-router pass #972 on board '075395ef5833bf05b297c73156782783' was completed in 0.41 seconds with the score of 702.69 (39 unrouted), using 66725.66 CPU seconds and 457449 MB memory.
2026-09-11 18:21:09.366 INFO   [4CF575\C010E3] Auto-router pass #973 on board '075395ef5833bf05b297c73156782783' was completed in 0.37 seconds with the score of 702.69 (39 unrouted), using 67086.39 CPU seconds and 458694 MB memory.
2026-09-11 18:21:09.736 INFO   [4CF575\C010E3] Auto-router pass #974 on board '075395ef5833bf05b297c73156782783' was completed in 0.37 seconds with the score of 702.69 (39 unrouted), using 67086.39 CPU seconds and 458694 MB memory.
2026-09-11 18:21:10.107 INFO   [4CF575\C010E3] Auto-router pass #975 on board '075395ef5833bf05b297c73156782783' was completed in 0.37 seconds with the score of 702.69 (39 unrouted), using 67086.39 CPU seconds and 458694 MB memory.
2026-09-11 18:21:10.514 INFO   [4CF575\C010E3] Auto-router pass #976 on board '075395ef5833bf05b297c73156782783' was completed in 0.40 seconds with the score of 702.69 (39 unrouted), using 67448.09 CPU seconds and 459939 MB memory.
2026-09-11 18:21:10.888 INFO   [4CF575\C010E3] Auto-router pass #977 on board '075395ef5833bf05b297c73156782783' was completed in 0.37 seconds with the score of 702.69 (39 unrouted), using 67448.09 CPU seconds and 459939 MB memory.
2026-09-11 18:21:11.260 INFO   [4CF575\C010E3] Auto-router pass #978 on board '075395ef5833bf05b297c73156782783' was completed in 0.37 seconds with the score of 702.69 (39 unrouted), using 67448.09 CPU seconds and 459939 MB memory.
2026-09-11 18:21:11.628 INFO   [4CF575\C010E3] Auto-router pass #979 on board '075395ef5833bf05b297c73156782783' was completed in 0.37 seconds with the score of 702.69 (39 unrouted), using 67810.77 CPU seconds and 461172 MB memory.
2026-09-11 18:21:12.030 INFO   [4CF575\C010E3] Auto-router pass #980 on board '075395ef5833bf05b297c73156782783' was completed in 0.40 seconds with the score of 702.69 (39 unrouted), using 67810.77 CPU seconds and 461172 MB memory.
2026-09-11 18:21:12.398 INFO   [4CF575\C010E3] Auto-router pass #981 on board '075395ef5833bf05b297c73156782783' was completed in 0.37 seconds with the score of 702.69 (39 unrouted), using 68174.42 CPU seconds and 462420 MB memory.
2026-09-11 18:21:12.775 INFO   [4CF575\C010E3] Auto-router pass #982 on board '075395ef5833bf05b297c73156782783' was completed in 0.38 seconds with the score of 702.69 (39 unrouted), using 68174.42 CPU seconds and 462420 MB memory.
2026-09-11 18:21:13.149 INFO   [4CF575\C010E3] Auto-router pass #983 on board '075395ef5833bf05b297c73156782783' was completed in 0.37 seconds with the score of 702.69 (39 unrouted), using 68174.42 CPU seconds and 462420 MB memory.
2026-09-11 18:21:13.549 INFO   [4CF575\C010E3] Auto-router pass #984 on board '075395ef5833bf05b297c73156782783' was completed in 0.40 seconds with the score of 702.69 (39 unrouted), using 68539.04 CPU seconds and 463652 MB memory.
2026-09-11 18:21:13.914 INFO   [4CF575\C010E3] Auto-router pass #985 on board '075395ef5833bf05b297c73156782783' was completed in 0.36 seconds with the score of 702.69 (39 unrouted), using 68539.04 CPU seconds and 463652 MB memory.
2026-09-11 18:21:14.281 INFO   [4CF575\C010E3] Auto-router pass #986 on board '075395ef5833bf05b297c73156782783' was completed in 0.36 seconds with the score of 702.69 (39 unrouted), using 68904.63 CPU seconds and 464913 MB memory.
2026-09-11 18:21:14.649 INFO   [4CF575\C010E3] Auto-router pass #987 on board '075395ef5833bf05b297c73156782783' was completed in 0.37 seconds with the score of 702.69 (39 unrouted), using 68904.63 CPU seconds and 464913 MB memory.
2026-09-11 18:21:15.051 INFO   [4CF575\C010E3] Auto-router pass #988 on board '075395ef5833bf05b297c73156782783' was completed in 0.40 seconds with the score of 702.69 (39 unrouted), using 68904.63 CPU seconds and 464913 MB memory.
2026-09-11 18:21:15.423 INFO   [4CF575\C010E3] Auto-router pass #989 on board '075395ef5833bf05b297c73156782783' was completed in 0.37 seconds with the score of 702.69 (39 unrouted), using 69271.20 CPU seconds and 466156 MB memory.
2026-09-11 18:21:15.792 INFO   [4CF575\C010E3] Auto-router pass #990 on board '075395ef5833bf05b297c73156782783' was completed in 0.37 seconds with the score of 702.69 (39 unrouted), using 69271.20 CPU seconds and 466156 MB memory.
2026-09-11 18:21:16.164 INFO   [4CF575\C010E3] Auto-router pass #991 on board '075395ef5833bf05b297c73156782783' was completed in 0.37 seconds with the score of 702.69 (39 unrouted), using 69271.20 CPU seconds and 466156 MB memory.
2026-09-11 18:21:16.563 INFO   [4CF575\C010E3] Auto-router pass #992 on board '075395ef5833bf05b297c73156782783' was completed in 0.40 seconds with the score of 702.69 (39 unrouted), using 69638.73 CPU seconds and 467408 MB memory.
2026-09-11 18:21:16.928 INFO   [4CF575\C010E3] Auto-router pass #993 on board '075395ef5833bf05b297c73156782783' was completed in 0.36 seconds with the score of 702.69 (39 unrouted), using 69638.73 CPU seconds and 467408 MB memory.
2026-09-11 18:21:17.288 INFO   [4CF575\C010E3] Auto-router pass #994 on board '075395ef5833bf05b297c73156782783' was completed in 0.36 seconds with the score of 702.69 (39 unrouted), using 70007.25 CPU seconds and 468670 MB memory.
2026-09-11 18:21:17.659 INFO   [4CF575\C010E3] Auto-router pass #995 on board '075395ef5833bf05b297c73156782783' was completed in 0.37 seconds with the score of 702.69 (39 unrouted), using 70007.25 CPU seconds and 468670 MB memory.
2026-09-11 18:21:18.058 INFO   [4CF575\C010E3] Auto-router pass #996 on board '075395ef5833bf05b297c73156782783' was completed in 0.40 seconds with the score of 702.69 (39 unrouted), using 70007.25 CPU seconds and 468670 MB memory.
2026-09-11 18:21:18.426 INFO   [4CF575\C010E3] Auto-router pass #997 on board '075395ef5833bf05b297c73156782783' was completed in 0.36 seconds with the score of 702.69 (39 unrouted), using 70376.73 CPU seconds and 469918 MB memory.
2026-09-11 18:21:18.802 INFO   [4CF575\C010E3] Auto-router pass #998 on board '075395ef5833bf05b297c73156782783' was completed in 0.37 seconds with the score of 702.69 (39 unrouted), using 70376.73 CPU seconds and 469918 MB memory.
2026-09-11 18:21:19.170 INFO   [4CF575\C010E3] Auto-router pass #999 on board '075395ef5833bf05b297c73156782783' was completed in 0.36 seconds with the score of 702.69 (39 unrouted), using 70376.73 CPU seconds and 469918 MB memory.
{
  "host": "KiCad's Pcbnew,9.0.9.1-unknown-202605141413~ce707d0a6c~ubuntu24.04.1",
  "unit": "mm",
  "board": {
    "bounding_box": {
      "x": 661.0,
      "y": 1.0,
      "width": -1.0,
      "height": -751.0
    },
    "size": {
      "x": 0.0,
      "y": 0.0,
      "width": 662.0,
      "height": 752.0
    }
  },
  "layers": {
    "total_count": 2,
    "signal_count": 2
  },
  "items": {
    "total_count": 641,
    "trace_count": 34,
    "via_count": 5,
    "conduction_area_count": 2,
    "drill_item_count": 134,
    "pin_count": 0,
    "component_count": 446,
    "other_count": 20
  },
  "components": {
    "total_count": 46
  },
  "pads": {
    "total_count": 134
  },
  "nets": {
    "total_count": 40,
    "class_count": 2
  },
  "connections": {
    "maximum_count": 135,
    "incomplete_count": 39
  },
  "traces": {
    "total_count": 34,
    "total_segment_count": 78,
    "total_length": 3855.1416,
    "total_weighted_length": 6969505.0,
    "average_length": 113.38651,
    "total_vertical_length": 979.529,
    "total_horizontal_length": 894.056,
    "total_angled_length": 1346.5946
  },
  "bends": {
    "total_count": 44,
    "90_degree_count": 1,
    "45_degree_count": 43,
    "other_angle_count": 0
  },
  "vias": {
    "total_count": 5,
    "through_hole_count": 5,
    "blind_count": 0,
    "buried_count": 0
  },
  "clearance_violations": {
    "total_count": 0
  }
}
