2026-09-11 18:27:58.323 INFO   Freerouting v2.1.0 (build-date: 2025-04-12)
2026-09-11 18:27:58.356 WARN   No default constructor found for field: currentLocale
2026-09-11 18:27:58.356 INFO   Settings were loaded from freerouting.json
2026-09-11 18:27:58.359 WARN   Couldn't get screen resolution. If you are running in a headless environment, disable the GUI by setting gui.enabled to false.
2026-09-11 18:27:59.607 INFO   [61525A\3C179E] Job '61525A\3C179E' started at 2026-09-11T18:27:59.607464401Z
2026-09-11 18:27:59.710 INFO   New version available: v2.4.1
2026-09-11 18:28:00.505 INFO   [61525A\3C179E] Auto-router pass #1 on board '0ab1d48554fcfae01694aaaefeabbe2e' was completed in 0.81 seconds with the score of 850.49 (30 unrouted).
2026-09-11 18:28:00.923 INFO   [61525A\3C179E] Auto-router pass #2 on board 'c4a0951c82284b2a788da11f7809f198' was completed in 0.40 seconds with the score of 850.49 (30 unrouted), using 0.92 CPU seconds and 794 MB memory.
2026-09-11 18:28:01.326 INFO   [61525A\3C179E] Auto-router pass #3 on board 'c4a0951c82284b2a788da11f7809f198' was completed in 0.40 seconds with the score of 850.49 (30 unrouted), using 0.92 CPU seconds and 794 MB memory.
2026-09-11 18:28:02.136 INFO   [61525A\3C179E] Auto-router pass #4 on board 'c4a0951c82284b2a788da11f7809f198' was completed in 0.81 seconds with the score of 855.65 (29 unrouted), using 2.81 CPU seconds and 1925 MB memory.
2026-09-11 18:28:02.523 INFO   [61525A\3C179E] Auto-router pass #5 on board '1048ef02b8fd4dd21f7f7cd38fa41244' was completed in 0.37 seconds with the score of 855.65 (29 unrouted), using 2.81 CPU seconds and 1925 MB memory.
2026-09-11 18:28:02.911 INFO   [61525A\3C179E] Auto-router pass #6 on board '1048ef02b8fd4dd21f7f7cd38fa41244' was completed in 0.38 seconds with the score of 855.65 (29 unrouted), using 5.66 CPU seconds and 3102 MB memory.
2026-09-11 18:28:03.299 INFO   [61525A\3C179E] Auto-router pass #7 on board '1048ef02b8fd4dd21f7f7cd38fa41244' was completed in 0.39 seconds with the score of 855.65 (29 unrouted), using 5.66 CPU seconds and 3102 MB memory.
2026-09-11 18:28:03.723 INFO   [61525A\3C179E] Auto-router pass #8 on board '1048ef02b8fd4dd21f7f7cd38fa41244' was completed in 0.42 seconds with the score of 855.65 (29 unrouted), using 9.49 CPU seconds and 4277 MB memory.
2026-09-11 18:28:04.103 INFO   [61525A\3C179E] Auto-router pass #9 on board '1048ef02b8fd4dd21f7f7cd38fa41244' was completed in 0.38 seconds with the score of 855.65 (29 unrouted), using 9.49 CPU seconds and 4277 MB memory.
2026-09-11 18:28:04.476 INFO   [61525A\3C179E] Auto-router pass #10 on board '1048ef02b8fd4dd21f7f7cd38fa41244' was completed in 0.37 seconds with the score of 855.65 (29 unrouted), using 9.49 CPU seconds and 4277 MB memory.
2026-09-11 18:28:04.856 INFO   [61525A\3C179E] Auto-router pass #11 on board '1048ef02b8fd4dd21f7f7cd38fa41244' was completed in 0.38 seconds with the score of 855.65 (29 unrouted), using 14.30 CPU seconds and 5483 MB memory.
2026-09-11 18:28:05.263 INFO   [61525A\3C179E] Auto-router pass #12 on board '1048ef02b8fd4dd21f7f7cd38fa41244' was completed in 0.40 seconds with the score of 855.65 (29 unrouted), using 14.30 CPU seconds and 5483 MB memory.
2026-09-11 18:28:05.647 INFO   [61525A\3C179E] Auto-router pass #13 on board '1048ef02b8fd4dd21f7f7cd38fa41244' was completed in 0.38 seconds with the score of 855.65 (29 unrouted), using 20.08 CPU seconds and 6682 MB memory.
2026-09-11 18:28:06.030 INFO   [61525A\3C179E] Auto-router pass #14 on board '1048ef02b8fd4dd21f7f7cd38fa41244' was completed in 0.38 seconds with the score of 855.65 (29 unrouted), using 20.08 CPU seconds and 6682 MB memory.
2026-09-11 18:28:06.407 INFO   [61525A\3C179E] Auto-router pass #15 on board '1048ef02b8fd4dd21f7f7cd38fa41244' was completed in 0.37 seconds with the score of 855.65 (29 unrouted), using 20.08 CPU seconds and 6682 MB memory.
2026-09-11 18:28:06.815 INFO   [61525A\3C179E] Auto-router pass #16 on board '1048ef02b8fd4dd21f7f7cd38fa41244' was completed in 0.41 seconds with the score of 855.65 (29 unrouted), using 26.84 CPU seconds and 7883 MB memory.
2026-09-11 18:28:07.190 INFO   [61525A\3C179E] Auto-router pass #17 on board '1048ef02b8fd4dd21f7f7cd38fa41244' was completed in 0.37 seconds with the score of 855.65 (29 unrouted), using 26.84 CPU seconds and 7883 MB memory.
2026-09-11 18:28:07.579 INFO   [61525A\3C179E] Auto-router pass #18 on board '1048ef02b8fd4dd21f7f7cd38fa41244' was completed in 0.39 seconds with the score of 855.65 (29 unrouted), using 26.84 CPU seconds and 7883 MB memory.
2026-09-11 18:28:07.960 INFO   [61525A\3C179E] Auto-router pass #19 on board '1048ef02b8fd4dd21f7f7cd38fa41244' was completed in 0.38 seconds with the score of 855.65 (29 unrouted), using 34.57 CPU seconds and 9077 MB memory.
2026-09-11 18:28:08.370 INFO   [61525A\3C179E] Auto-router pass #20 on board '1048ef02b8fd4dd21f7f7cd38fa41244' was completed in 0.41 seconds with the score of 855.65 (29 unrouted), using 34.57 CPU seconds and 9077 MB memory.
2026-09-11 18:28:08.757 INFO   [61525A\3C179E] Auto-router pass #21 on board '1048ef02b8fd4dd21f7f7cd38fa41244' was completed in 0.38 seconds with the score of 855.65 (29 unrouted), using 43.27 CPU seconds and 10265 MB memory.
2026-09-11 18:28:09.140 INFO   [61525A\3C179E] Auto-router pass #22 on board '1048ef02b8fd4dd21f7f7cd38fa41244' was completed in 0.38 seconds with the score of 855.65 (29 unrouted), using 43.27 CPU seconds and 10265 MB memory.
2026-09-11 18:28:09.520 INFO   [61525A\3C179E] Auto-router pass #23 on board '1048ef02b8fd4dd21f7f7cd38fa41244' was completed in 0.38 seconds with the score of 855.65 (29 unrouted), using 43.27 CPU seconds and 10265 MB memory.
2026-09-11 18:28:09.929 INFO   [61525A\3C179E] Auto-router pass #24 on board '1048ef02b8fd4dd21f7f7cd38fa41244' was completed in 0.41 seconds with the score of 855.65 (29 unrouted), using 52.95 CPU seconds and 11461 MB memory.
2026-09-11 18:28:10.316 INFO   [61525A\3C179E] Auto-router pass #25 on board '1048ef02b8fd4dd21f7f7cd38fa41244' was completed in 0.38 seconds with the score of 855.65 (29 unrouted), using 52.95 CPU seconds and 11461 MB memory.
2026-09-11 18:28:10.700 INFO   [61525A\3C179E] Auto-router pass #26 on board '1048ef02b8fd4dd21f7f7cd38fa41244' was completed in 0.38 seconds with the score of 855.65 (29 unrouted), using 63.60 CPU seconds and 12654 MB memory.
2026-09-11 18:28:11.082 INFO   [61525A\3C179E] Auto-router pass #27 on board '1048ef02b8fd4dd21f7f7cd38fa41244' was completed in 0.38 seconds with the score of 855.65 (29 unrouted), using 63.60 CPU seconds and 12654 MB memory.
2026-09-11 18:28:11.481 INFO   [61525A\3C179E] Auto-router pass #28 on board '1048ef02b8fd4dd21f7f7cd38fa41244' was completed in 0.40 seconds with the score of 855.65 (29 unrouted), using 63.60 CPU seconds and 12654 MB memory.
2026-09-11 18:28:11.858 INFO   [61525A\3C179E] Auto-router pass #29 on board '1048ef02b8fd4dd21f7f7cd38fa41244' was completed in 0.37 seconds with the score of 855.65 (29 unrouted), using 75.22 CPU seconds and 13856 MB memory.
2026-09-11 18:28:12.236 INFO   [61525A\3C179E] Auto-router pass #30 on board '1048ef02b8fd4dd21f7f7cd38fa41244' was completed in 0.38 seconds with the score of 855.65 (29 unrouted), using 75.22 CPU seconds and 13856 MB memory.
2026-09-11 18:28:12.619 INFO   [61525A\3C179E] Auto-router pass #31 on board '1048ef02b8fd4dd21f7f7cd38fa41244' was completed in 0.38 seconds with the score of 855.65 (29 unrouted), using 75.22 CPU seconds and 13856 MB memory.
2026-09-11 18:28:13.026 INFO   [61525A\3C179E] Auto-router pass #32 on board '1048ef02b8fd4dd21f7f7cd38fa41244' was completed in 0.40 seconds with the score of 855.65 (29 unrouted), using 87.81 CPU seconds and 15058 MB memory.
2026-09-11 18:28:13.404 INFO   [61525A\3C179E] Auto-router pass #33 on board '1048ef02b8fd4dd21f7f7cd38fa41244' was completed in 0.38 seconds with the score of 855.65 (29 unrouted), using 87.81 CPU seconds and 15058 MB memory.
2026-09-11 18:28:13.787 INFO   [61525A\3C179E] Auto-router pass #34 on board '1048ef02b8fd4dd21f7f7cd38fa41244' was completed in 0.38 seconds with the score of 855.65 (29 unrouted), using 101.38 CPU seconds and 16260 MB memory.
2026-09-11 18:28:14.167 INFO   [61525A\3C179E] Auto-router pass #35 on board '1048ef02b8fd4dd21f7f7cd38fa41244' was completed in 0.38 seconds with the score of 855.65 (29 unrouted), using 101.38 CPU seconds and 16260 MB memory.
2026-09-11 18:28:14.573 INFO   [61525A\3C179E] Auto-router pass #36 on board '1048ef02b8fd4dd21f7f7cd38fa41244' was completed in 0.40 seconds with the score of 855.65 (29 unrouted), using 101.38 CPU seconds and 16260 MB memory.
2026-09-11 18:28:14.955 INFO   [61525A\3C179E] Auto-router pass #37 on board '1048ef02b8fd4dd21f7f7cd38fa41244' was completed in 0.38 seconds with the score of 855.65 (29 unrouted), using 115.93 CPU seconds and 17456 MB memory.
2026-09-11 18:28:15.337 INFO   [61525A\3C179E] Auto-router pass #38 on board '1048ef02b8fd4dd21f7f7cd38fa41244' was completed in 0.38 seconds with the score of 855.65 (29 unrouted), using 115.93 CPU seconds and 17456 MB memory.
2026-09-11 18:28:15.716 INFO   [61525A\3C179E] Auto-router pass #39 on board '1048ef02b8fd4dd21f7f7cd38fa41244' was completed in 0.38 seconds with the score of 855.65 (29 unrouted), using 131.44 CPU seconds and 18650 MB memory.
2026-09-11 18:28:16.123 INFO   [61525A\3C179E] Auto-router pass #40 on board '1048ef02b8fd4dd21f7f7cd38fa41244' was completed in 0.40 seconds with the score of 855.65 (29 unrouted), using 131.44 CPU seconds and 18650 MB memory.
2026-09-11 18:28:16.501 INFO   [61525A\3C179E] Auto-router pass #41 on board '1048ef02b8fd4dd21f7f7cd38fa41244' was completed in 0.38 seconds with the score of 855.65 (29 unrouted), using 131.44 CPU seconds and 18650 MB memory.
2026-09-11 18:28:16.884 INFO   [61525A\3C179E] Auto-router pass #42 on board '1048ef02b8fd4dd21f7f7cd38fa41244' was completed in 0.38 seconds with the score of 855.65 (29 unrouted), using 147.93 CPU seconds and 19854 MB memory.
2026-09-11 18:28:17.269 INFO   [61525A\3C179E] Auto-router pass #43 on board '1048ef02b8fd4dd21f7f7cd38fa41244' was completed in 0.38 seconds with the score of 855.65 (29 unrouted), using 147.93 CPU seconds and 19854 MB memory.
2026-09-11 18:28:17.665 INFO   [61525A\3C179E] Auto-router pass #44 on board '1048ef02b8fd4dd21f7f7cd38fa41244' was completed in 0.39 seconds with the score of 855.65 (29 unrouted), using 165.39 CPU seconds and 21062 MB memory.
2026-09-11 18:28:18.055 INFO   [61525A\3C179E] Auto-router pass #45 on board '1048ef02b8fd4dd21f7f7cd38fa41244' was completed in 0.39 seconds with the score of 855.65 (29 unrouted), using 165.39 CPU seconds and 21062 MB memory.
2026-09-11 18:28:18.427 INFO   [61525A\3C179E] Auto-router pass #46 on board '1048ef02b8fd4dd21f7f7cd38fa41244' was completed in 0.37 seconds with the score of 855.65 (29 unrouted), using 165.39 CPU seconds and 21062 MB memory.
2026-09-11 18:28:18.801 INFO   [61525A\3C179E] Auto-router pass #47 on board '1048ef02b8fd4dd21f7f7cd38fa41244' was completed in 0.37 seconds with the score of 855.65 (29 unrouted), using 183.82 CPU seconds and 22263 MB memory.
2026-09-11 18:28:19.208 INFO   [61525A\3C179E] Auto-router pass #48 on board '1048ef02b8fd4dd21f7f7cd38fa41244' was completed in 0.40 seconds with the score of 855.65 (29 unrouted), using 183.82 CPU seconds and 22263 MB memory.
2026-09-11 18:28:19.584 INFO   [61525A\3C179E] Auto-router pass #49 on board '1048ef02b8fd4dd21f7f7cd38fa41244' was completed in 0.37 seconds with the score of 855.65 (29 unrouted), using 183.82 CPU seconds and 22263 MB memory.
2026-09-11 18:28:19.955 INFO   [61525A\3C179E] Auto-router pass #50 on board '1048ef02b8fd4dd21f7f7cd38fa41244' was completed in 0.37 seconds with the score of 855.65 (29 unrouted), using 203.23 CPU seconds and 23472 MB memory.
2026-09-11 18:28:20.325 INFO   [61525A\3C179E] Auto-router pass #51 on board '1048ef02b8fd4dd21f7f7cd38fa41244' was completed in 0.37 seconds with the score of 855.65 (29 unrouted), using 203.23 CPU seconds and 23472 MB memory.
2026-09-11 18:28:20.720 INFO   [61525A\3C179E] Auto-router pass #52 on board '1048ef02b8fd4dd21f7f7cd38fa41244' was completed in 0.39 seconds with the score of 855.65 (29 unrouted), using 223.61 CPU seconds and 24702 MB memory.
2026-09-11 18:28:21.102 INFO   [61525A\3C179E] Auto-router pass #53 on board '1048ef02b8fd4dd21f7f7cd38fa41244' was completed in 0.38 seconds with the score of 855.65 (29 unrouted), using 223.61 CPU seconds and 24702 MB memory.
2026-09-11 18:28:21.474 INFO   [61525A\3C179E] Auto-router pass #54 on board '1048ef02b8fd4dd21f7f7cd38fa41244' was completed in 0.37 seconds with the score of 855.65 (29 unrouted), using 223.61 CPU seconds and 24702 MB memory.
2026-09-11 18:28:21.847 INFO   [61525A\3C179E] Auto-router pass #55 on board '1048ef02b8fd4dd21f7f7cd38fa41244' was completed in 0.37 seconds with the score of 855.65 (29 unrouted), using 244.97 CPU seconds and 25915 MB memory.
2026-09-11 18:28:22.242 INFO   [61525A\3C179E] Auto-router pass #56 on board '1048ef02b8fd4dd21f7f7cd38fa41244' was completed in 0.39 seconds with the score of 855.65 (29 unrouted), using 244.97 CPU seconds and 25915 MB memory.
2026-09-11 18:28:22.623 INFO   [61525A\3C179E] Auto-router pass #57 on board '1048ef02b8fd4dd21f7f7cd38fa41244' was completed in 0.38 seconds with the score of 855.65 (29 unrouted), using 244.97 CPU seconds and 25915 MB memory.
2026-09-11 18:28:23.000 INFO   [61525A\3C179E] Auto-router pass #58 on board '1048ef02b8fd4dd21f7f7cd38fa41244' was completed in 0.37 seconds with the score of 855.65 (29 unrouted), using 267.30 CPU seconds and 27134 MB memory.
2026-09-11 18:28:23.382 INFO   [61525A\3C179E] Auto-router pass #59 on board '1048ef02b8fd4dd21f7f7cd38fa41244' was completed in 0.38 seconds with the score of 855.65 (29 unrouted), using 267.30 CPU seconds and 27134 MB memory.
2026-09-11 18:28:23.785 INFO   [61525A\3C179E] Auto-router pass #60 on board '1048ef02b8fd4dd21f7f7cd38fa41244' was completed in 0.40 seconds with the score of 855.65 (29 unrouted), using 290.60 CPU seconds and 28339 MB memory.
2026-09-11 18:28:24.165 INFO   [61525A\3C179E] Auto-router pass #61 on board '1048ef02b8fd4dd21f7f7cd38fa41244' was completed in 0.38 seconds with the score of 855.65 (29 unrouted), using 290.60 CPU seconds and 28339 MB memory.
2026-09-11 18:28:24.542 INFO   [61525A\3C179E] Auto-router pass #62 on board '1048ef02b8fd4dd21f7f7cd38fa41244' was completed in 0.37 seconds with the score of 855.65 (29 unrouted), using 290.60 CPU seconds and 28339 MB memory.
2026-09-11 18:28:24.918 INFO   [61525A\3C179E] Auto-router pass #63 on board '1048ef02b8fd4dd21f7f7cd38fa41244' was completed in 0.37 seconds with the score of 855.65 (29 unrouted), using 314.88 CPU seconds and 29546 MB memory.
2026-09-11 18:28:25.316 INFO   [61525A\3C179E] Auto-router pass #64 on board '1048ef02b8fd4dd21f7f7cd38fa41244' was completed in 0.39 seconds with the score of 855.65 (29 unrouted), using 314.88 CPU seconds and 29546 MB memory.
2026-09-11 18:28:25.685 INFO   [61525A\3C179E] Auto-router pass #65 on board '1048ef02b8fd4dd21f7f7cd38fa41244' was completed in 0.37 seconds with the score of 855.65 (29 unrouted), using 340.13 CPU seconds and 30772 MB memory.
2026-09-11 18:28:26.053 INFO   [61525A\3C179E] Auto-router pass #66 on board '1048ef02b8fd4dd21f7f7cd38fa41244' was completed in 0.37 seconds with the score of 855.65 (29 unrouted), using 340.13 CPU seconds and 30772 MB memory.
2026-09-11 18:28:26.429 INFO   [61525A\3C179E] Auto-router pass #67 on board '1048ef02b8fd4dd21f7f7cd38fa41244' was completed in 0.37 seconds with the score of 855.65 (29 unrouted), using 340.13 CPU seconds and 30772 MB memory.
2026-09-11 18:28:26.832 INFO   [61525A\3C179E] Auto-router pass #68 on board '1048ef02b8fd4dd21f7f7cd38fa41244' was completed in 0.40 seconds with the score of 855.65 (29 unrouted), using 366.37 CPU seconds and 31996 MB memory.
2026-09-11 18:28:27.212 INFO   [61525A\3C179E] Auto-router pass #69 on board '1048ef02b8fd4dd21f7f7cd38fa41244' was completed in 0.38 seconds with the score of 855.65 (29 unrouted), using 366.37 CPU seconds and 31996 MB memory.
2026-09-11 18:28:27.592 INFO   [61525A\3C179E] Auto-router pass #70 on board '1048ef02b8fd4dd21f7f7cd38fa41244' was completed in 0.38 seconds with the score of 855.65 (29 unrouted), using 366.37 CPU seconds and 31996 MB memory.
2026-09-11 18:28:27.976 INFO   [61525A\3C179E] Auto-router pass #71 on board '1048ef02b8fd4dd21f7f7cd38fa41244' was completed in 0.38 seconds with the score of 855.65 (29 unrouted), using 393.58 CPU seconds and 33198 MB memory.
2026-09-11 18:28:28.379 INFO   [61525A\3C179E] Auto-router pass #72 on board '1048ef02b8fd4dd21f7f7cd38fa41244' was completed in 0.40 seconds with the score of 855.65 (29 unrouted), using 393.58 CPU seconds and 33198 MB memory.
2026-09-11 18:28:28.752 INFO   [61525A\3C179E] Auto-router pass #73 on board '1048ef02b8fd4dd21f7f7cd38fa41244' was completed in 0.37 seconds with the score of 855.65 (29 unrouted), using 421.76 CPU seconds and 34404 MB memory.
2026-09-11 18:28:29.133 INFO   [61525A\3C179E] Auto-router pass #74 on board '1048ef02b8fd4dd21f7f7cd38fa41244' was completed in 0.38 seconds with the score of 855.65 (29 unrouted), using 421.76 CPU seconds and 34404 MB memory.
2026-09-11 18:28:29.510 INFO   [61525A\3C179E] Auto-router pass #75 on board '1048ef02b8fd4dd21f7f7cd38fa41244' was completed in 0.37 seconds with the score of 855.65 (29 unrouted), using 421.76 CPU seconds and 34404 MB memory.
2026-09-11 18:28:29.904 INFO   [61525A\3C179E] Auto-router pass #76 on board '1048ef02b8fd4dd21f7f7cd38fa41244' was completed in 0.39 seconds with the score of 855.65 (29 unrouted), using 450.92 CPU seconds and 35612 MB memory.
2026-09-11 18:28:30.277 INFO   [61525A\3C179E] Auto-router pass #77 on board '1048ef02b8fd4dd21f7f7cd38fa41244' was completed in 0.37 seconds with the score of 855.65 (29 unrouted), using 450.92 CPU seconds and 35612 MB memory.
2026-09-11 18:28:30.651 INFO   [61525A\3C179E] Auto-router pass #78 on board '1048ef02b8fd4dd21f7f7cd38fa41244' was completed in 0.37 seconds with the score of 855.65 (29 unrouted), using 481.05 CPU seconds and 36844 MB memory.
2026-09-11 18:28:31.023 INFO   [61525A\3C179E] Auto-router pass #79 on board '1048ef02b8fd4dd21f7f7cd38fa41244' was completed in 0.37 seconds with the score of 855.65 (29 unrouted), using 481.05 CPU seconds and 36844 MB memory.
2026-09-11 18:28:31.420 INFO   [61525A\3C179E] Auto-router pass #80 on board '1048ef02b8fd4dd21f7f7cd38fa41244' was completed in 0.39 seconds with the score of 855.65 (29 unrouted), using 481.05 CPU seconds and 36844 MB memory.
2026-09-11 18:28:31.796 INFO   [61525A\3C179E] Auto-router pass #81 on board '1048ef02b8fd4dd21f7f7cd38fa41244' was completed in 0.37 seconds with the score of 855.65 (29 unrouted), using 512.16 CPU seconds and 38067 MB memory.
2026-09-11 18:28:32.176 INFO   [61525A\3C179E] Auto-router pass #82 on board '1048ef02b8fd4dd21f7f7cd38fa41244' was completed in 0.38 seconds with the score of 855.65 (29 unrouted), using 512.16 CPU seconds and 38067 MB memory.
2026-09-11 18:28:32.558 INFO   [61525A\3C179E] Auto-router pass #83 on board '1048ef02b8fd4dd21f7f7cd38fa41244' was completed in 0.38 seconds with the score of 855.65 (29 unrouted), using 512.16 CPU seconds and 38067 MB memory.
2026-09-11 18:28:32.967 INFO   [61525A\3C179E] Auto-router pass #84 on board '1048ef02b8fd4dd21f7f7cd38fa41244' was completed in 0.41 seconds with the score of 855.65 (29 unrouted), using 544.24 CPU seconds and 39265 MB memory.
2026-09-11 18:28:33.347 INFO   [61525A\3C179E] Auto-router pass #85 on board '1048ef02b8fd4dd21f7f7cd38fa41244' was completed in 0.38 seconds with the score of 855.65 (29 unrouted), using 544.24 CPU seconds and 39265 MB memory.
2026-09-11 18:28:33.727 INFO   [61525A\3C179E] Auto-router pass #86 on board '1048ef02b8fd4dd21f7f7cd38fa41244' was completed in 0.38 seconds with the score of 855.65 (29 unrouted), using 577.30 CPU seconds and 40465 MB memory.
2026-09-11 18:28:34.105 INFO   [61525A\3C179E] Auto-router pass #87 on board '1048ef02b8fd4dd21f7f7cd38fa41244' was completed in 0.38 seconds with the score of 855.65 (29 unrouted), using 577.30 CPU seconds and 40465 MB memory.
2026-09-11 18:28:34.508 INFO   [61525A\3C179E] Auto-router pass #88 on board '1048ef02b8fd4dd21f7f7cd38fa41244' was completed in 0.40 seconds with the score of 855.65 (29 unrouted), using 577.30 CPU seconds and 40465 MB memory.
2026-09-11 18:28:34.887 INFO   [61525A\3C179E] Auto-router pass #89 on board '1048ef02b8fd4dd21f7f7cd38fa41244' was completed in 0.38 seconds with the score of 855.65 (29 unrouted), using 611.34 CPU seconds and 41667 MB memory.
2026-09-11 18:28:35.265 INFO   [61525A\3C179E] Auto-router pass #90 on board '1048ef02b8fd4dd21f7f7cd38fa41244' was completed in 0.38 seconds with the score of 855.65 (29 unrouted), using 611.34 CPU seconds and 41667 MB memory.
2026-09-11 18:28:35.639 INFO   [61525A\3C179E] Auto-router pass #91 on board '1048ef02b8fd4dd21f7f7cd38fa41244' was completed in 0.37 seconds with the score of 855.65 (29 unrouted), using 646.35 CPU seconds and 42881 MB memory.
2026-09-11 18:28:36.048 INFO   [61525A\3C179E] Auto-router pass #92 on board '1048ef02b8fd4dd21f7f7cd38fa41244' was completed in 0.41 seconds with the score of 855.65 (29 unrouted), using 646.35 CPU seconds and 42881 MB memory.
2026-09-11 18:28:36.428 INFO   [61525A\3C179E] Auto-router pass #93 on board '1048ef02b8fd4dd21f7f7cd38fa41244' was completed in 0.38 seconds with the score of 855.65 (29 unrouted), using 646.35 CPU seconds and 42881 MB memory.
2026-09-11 18:28:36.804 INFO   [61525A\3C179E] Auto-router pass #94 on board '1048ef02b8fd4dd21f7f7cd38fa41244' was completed in 0.37 seconds with the score of 855.65 (29 unrouted), using 682.34 CPU seconds and 44081 MB memory.
2026-09-11 18:28:37.179 INFO   [61525A\3C179E] Auto-router pass #95 on board '1048ef02b8fd4dd21f7f7cd38fa41244' was completed in 0.37 seconds with the score of 855.65 (29 unrouted), using 682.34 CPU seconds and 44081 MB memory.
2026-09-11 18:28:37.578 INFO   [61525A\3C179E] Auto-router pass #96 on board '1048ef02b8fd4dd21f7f7cd38fa41244' was completed in 0.40 seconds with the score of 855.65 (29 unrouted), using 682.34 CPU seconds and 44081 MB memory.
2026-09-11 18:28:37.960 INFO   [61525A\3C179E] Auto-router pass #97 on board '1048ef02b8fd4dd21f7f7cd38fa41244' was completed in 0.38 seconds with the score of 855.65 (29 unrouted), using 719.30 CPU seconds and 45297 MB memory.
2026-09-11 18:28:38.335 INFO   [61525A\3C179E] Auto-router pass #98 on board '1048ef02b8fd4dd21f7f7cd38fa41244' was completed in 0.37 seconds with the score of 855.65 (29 unrouted), using 719.30 CPU seconds and 45297 MB memory.
2026-09-11 18:28:38.704 INFO   [61525A\3C179E] Auto-router pass #99 on board '1048ef02b8fd4dd21f7f7cd38fa41244' was completed in 0.37 seconds with the score of 855.65 (29 unrouted), using 757.23 CPU seconds and 46510 MB memory.
2026-09-11 18:28:39.101 INFO   [61525A\3C179E] Auto-router pass #100 on board '1048ef02b8fd4dd21f7f7cd38fa41244' was completed in 0.39 seconds with the score of 855.65 (29 unrouted), using 757.23 CPU seconds and 46510 MB memory.
2026-09-11 18:28:39.482 INFO   [61525A\3C179E] Auto-router pass #101 on board '1048ef02b8fd4dd21f7f7cd38fa41244' was completed in 0.38 seconds with the score of 855.65 (29 unrouted), using 757.23 CPU seconds and 46510 MB memory.
2026-09-11 18:28:39.858 INFO   [61525A\3C179E] Auto-router pass #102 on board '1048ef02b8fd4dd21f7f7cd38fa41244' was completed in 0.37 seconds with the score of 855.65 (29 unrouted), using 796.14 CPU seconds and 47726 MB memory.
2026-09-11 18:28:40.236 INFO   [61525A\3C179E] Auto-router pass #103 on board '1048ef02b8fd4dd21f7f7cd38fa41244' was completed in 0.38 seconds with the score of 855.65 (29 unrouted), using 796.14 CPU seconds and 47726 MB memory.
2026-09-11 18:28:40.640 INFO   [61525A\3C179E] Auto-router pass #104 on board '1048ef02b8fd4dd21f7f7cd38fa41244' was completed in 0.40 seconds with the score of 855.65 (29 unrouted), using 836.03 CPU seconds and 48938 MB memory.
2026-09-11 18:28:41.028 INFO   [61525A\3C179E] Auto-router pass #105 on board '1048ef02b8fd4dd21f7f7cd38fa41244' was completed in 0.39 seconds with the score of 855.65 (29 unrouted), using 836.03 CPU seconds and 48938 MB memory.
2026-09-11 18:28:41.405 INFO   [61525A\3C179E] Auto-router pass #106 on board '1048ef02b8fd4dd21f7f7cd38fa41244' was completed in 0.37 seconds with the score of 855.65 (29 unrouted), using 836.03 CPU seconds and 48938 MB memory.
2026-09-11 18:28:41.782 INFO   [61525A\3C179E] Auto-router pass #107 on board '1048ef02b8fd4dd21f7f7cd38fa41244' was completed in 0.38 seconds with the score of 855.65 (29 unrouted), using 876.88 CPU seconds and 50132 MB memory.
2026-09-11 18:28:42.184 INFO   [61525A\3C179E] Auto-router pass #108 on board '1048ef02b8fd4dd21f7f7cd38fa41244' was completed in 0.40 seconds with the score of 855.65 (29 unrouted), using 876.88 CPU seconds and 50132 MB memory.
2026-09-11 18:28:42.563 INFO   [61525A\3C179E] Auto-router pass #109 on board '1048ef02b8fd4dd21f7f7cd38fa41244' was completed in 0.38 seconds with the score of 855.65 (29 unrouted), using 876.88 CPU seconds and 50132 MB memory.
2026-09-11 18:28:42.939 INFO   [61525A\3C179E] Auto-router pass #110 on board '1048ef02b8fd4dd21f7f7cd38fa41244' was completed in 0.37 seconds with the score of 855.65 (29 unrouted), using 918.71 CPU seconds and 51344 MB memory.
2026-09-11 18:28:43.318 INFO   [61525A\3C179E] Auto-router pass #111 on board '1048ef02b8fd4dd21f7f7cd38fa41244' was completed in 0.38 seconds with the score of 855.65 (29 unrouted), using 918.71 CPU seconds and 51344 MB memory.
2026-09-11 18:28:43.725 INFO   [61525A\3C179E] Auto-router pass #112 on board '1048ef02b8fd4dd21f7f7cd38fa41244' was completed in 0.40 seconds with the score of 855.65 (29 unrouted), using 961.52 CPU seconds and 52547 MB memory.
2026-09-11 18:28:44.104 INFO   [61525A\3C179E] Auto-router pass #113 on board '1048ef02b8fd4dd21f7f7cd38fa41244' was completed in 0.38 seconds with the score of 855.65 (29 unrouted), using 961.52 CPU seconds and 52547 MB memory.
2026-09-11 18:28:44.474 INFO   [61525A\3C179E] Auto-router pass #114 on board '1048ef02b8fd4dd21f7f7cd38fa41244' was completed in 0.37 seconds with the score of 855.65 (29 unrouted), using 961.52 CPU seconds and 52547 MB memory.
2026-09-11 18:28:44.850 INFO   [61525A\3C179E] Auto-router pass #115 on board '1048ef02b8fd4dd21f7f7cd38fa41244' was completed in 0.37 seconds with the score of 855.65 (29 unrouted), using 1005.30 CPU seconds and 53763 MB memory.
2026-09-11 18:28:45.257 INFO   [61525A\3C179E] Auto-router pass #116 on board '1048ef02b8fd4dd21f7f7cd38fa41244' was completed in 0.40 seconds with the score of 855.65 (29 unrouted), using 1005.30 CPU seconds and 53763 MB memory.
2026-09-11 18:28:45.608 INFO   [61525A\3C179E] Auto-router pass #117 on board '1048ef02b8fd4dd21f7f7cd38fa41244' was completed in 0.35 seconds with the score of 855.65 (29 unrouted), using 1005.30 CPU seconds and 53763 MB memory.
2026-09-11 18:28:45.875 INFO   [61525A\3C179E] Auto-router pass #118 on board '1048ef02b8fd4dd21f7f7cd38fa41244' was completed in 0.26 seconds with the score of 855.65 (29 unrouted), using 1050.04 CPU seconds and 55008 MB memory.
2026-09-11 18:28:46.144 INFO   [61525A\3C179E] Auto-router pass #119 on board '1048ef02b8fd4dd21f7f7cd38fa41244' was completed in 0.27 seconds with the score of 855.65 (29 unrouted), using 1050.04 CPU seconds and 55008 MB memory.
2026-09-11 18:28:46.441 INFO   [61525A\3C179E] Auto-router pass #120 on board '1048ef02b8fd4dd21f7f7cd38fa41244' was completed in 0.29 seconds with the score of 855.65 (29 unrouted), using 1050.04 CPU seconds and 55008 MB memory.
2026-09-11 18:28:46.713 INFO   [61525A\3C179E] Auto-router pass #121 on board '1048ef02b8fd4dd21f7f7cd38fa41244' was completed in 0.27 seconds with the score of 855.65 (29 unrouted), using 1095.76 CPU seconds and 56690 MB memory.
2026-09-11 18:28:46.980 INFO   [61525A\3C179E] Auto-router pass #122 on board '1048ef02b8fd4dd21f7f7cd38fa41244' was completed in 0.26 seconds with the score of 855.65 (29 unrouted), using 1095.76 CPU seconds and 56690 MB memory.
2026-09-11 18:28:47.249 INFO   [61525A\3C179E] Auto-router pass #123 on board '1048ef02b8fd4dd21f7f7cd38fa41244' was completed in 0.27 seconds with the score of 855.65 (29 unrouted), using 1095.76 CPU seconds and 56690 MB memory.
2026-09-11 18:28:47.543 INFO   [61525A\3C179E] Auto-router pass #124 on board '1048ef02b8fd4dd21f7f7cd38fa41244' was completed in 0.29 seconds with the score of 855.65 (29 unrouted), using 1095.76 CPU seconds and 56690 MB memory.
2026-09-11 18:28:47.809 INFO   [61525A\3C179E] Auto-router pass #125 on board '1048ef02b8fd4dd21f7f7cd38fa41244' was completed in 0.26 seconds with the score of 855.65 (29 unrouted), using 1142.45 CPU seconds and 58377 MB memory.
2026-09-11 18:28:48.076 INFO   [61525A\3C179E] Auto-router pass #126 on board '1048ef02b8fd4dd21f7f7cd38fa41244' was completed in 0.26 seconds with the score of 855.65 (29 unrouted), using 1142.45 CPU seconds and 58377 MB memory.
2026-09-11 18:28:48.343 INFO   [61525A\3C179E] Auto-router pass #127 on board '1048ef02b8fd4dd21f7f7cd38fa41244' was completed in 0.26 seconds with the score of 855.65 (29 unrouted), using 1142.45 CPU seconds and 58377 MB memory.
2026-09-11 18:28:48.634 INFO   [61525A\3C179E] Auto-router pass #128 on board '1048ef02b8fd4dd21f7f7cd38fa41244' was completed in 0.29 seconds with the score of 855.65 (29 unrouted), using 1142.45 CPU seconds and 58377 MB memory.
2026-09-11 18:28:48.904 INFO   [61525A\3C179E] Auto-router pass #129 on board '1048ef02b8fd4dd21f7f7cd38fa41244' was completed in 0.27 seconds with the score of 855.65 (29 unrouted), using 1190.11 CPU seconds and 60077 MB memory.
2026-09-11 18:28:49.174 INFO   [61525A\3C179E] Auto-router pass #130 on board '1048ef02b8fd4dd21f7f7cd38fa41244' was completed in 0.27 seconds with the score of 855.65 (29 unrouted), using 1190.11 CPU seconds and 60077 MB memory.
2026-09-11 18:28:49.446 INFO   [61525A\3C179E] Auto-router pass #131 on board '1048ef02b8fd4dd21f7f7cd38fa41244' was completed in 0.27 seconds with the score of 855.65 (29 unrouted), using 1190.11 CPU seconds and 60077 MB memory.
2026-09-11 18:28:49.741 INFO   [61525A\3C179E] Auto-router pass #132 on board '1048ef02b8fd4dd21f7f7cd38fa41244' was completed in 0.29 seconds with the score of 855.65 (29 unrouted), using 1238.74 CPU seconds and 61759 MB memory.
2026-09-11 18:28:50.004 INFO   [61525A\3C179E] Auto-router pass #133 on board '1048ef02b8fd4dd21f7f7cd38fa41244' was completed in 0.26 seconds with the score of 855.65 (29 unrouted), using 1238.74 CPU seconds and 61759 MB memory.
2026-09-11 18:28:50.276 INFO   [61525A\3C179E] Auto-router pass #134 on board '1048ef02b8fd4dd21f7f7cd38fa41244' was completed in 0.27 seconds with the score of 855.65 (29 unrouted), using 1238.74 CPU seconds and 61759 MB memory.
2026-09-11 18:28:50.544 INFO   [61525A\3C179E] Auto-router pass #135 on board '1048ef02b8fd4dd21f7f7cd38fa41244' was completed in 0.26 seconds with the score of 855.65 (29 unrouted), using 1238.74 CPU seconds and 61759 MB memory.
2026-09-11 18:28:50.832 INFO   [61525A\3C179E] Auto-router pass #136 on board '1048ef02b8fd4dd21f7f7cd38fa41244' was completed in 0.29 seconds with the score of 855.65 (29 unrouted), using 1288.35 CPU seconds and 63456 MB memory.
2026-09-11 18:28:51.106 INFO   [61525A\3C179E] Auto-router pass #137 on board '1048ef02b8fd4dd21f7f7cd38fa41244' was completed in 0.27 seconds with the score of 855.65 (29 unrouted), using 1288.35 CPU seconds and 63456 MB memory.
2026-09-11 18:28:51.377 INFO   [61525A\3C179E] Auto-router pass #138 on board '1048ef02b8fd4dd21f7f7cd38fa41244' was completed in 0.27 seconds with the score of 855.65 (29 unrouted), using 1288.35 CPU seconds and 63456 MB memory.
2026-09-11 18:28:51.646 INFO   [61525A\3C179E] Auto-router pass #139 on board '1048ef02b8fd4dd21f7f7cd38fa41244' was completed in 0.27 seconds with the score of 855.65 (29 unrouted), using 1338.92 CPU seconds and 65143 MB memory.
2026-09-11 18:28:51.939 INFO   [61525A\3C179E] Auto-router pass #140 on board '1048ef02b8fd4dd21f7f7cd38fa41244' was completed in 0.29 seconds with the score of 855.65 (29 unrouted), using 1338.92 CPU seconds and 65143 MB memory.
2026-09-11 18:28:52.208 INFO   [61525A\3C179E] Auto-router pass #141 on board '1048ef02b8fd4dd21f7f7cd38fa41244' was completed in 0.27 seconds with the score of 855.65 (29 unrouted), using 1338.92 CPU seconds and 65143 MB memory.
2026-09-11 18:28:52.474 INFO   [61525A\3C179E] Auto-router pass #142 on board '1048ef02b8fd4dd21f7f7cd38fa41244' was completed in 0.26 seconds with the score of 855.65 (29 unrouted), using 1338.92 CPU seconds and 65143 MB memory.
2026-09-11 18:28:52.746 INFO   [61525A\3C179E] Auto-router pass #143 on board '1048ef02b8fd4dd21f7f7cd38fa41244' was completed in 0.27 seconds with the score of 855.65 (29 unrouted), using 1390.47 CPU seconds and 66830 MB memory.
2026-09-11 18:28:53.046 INFO   [61525A\3C179E] Auto-router pass #144 on board '1048ef02b8fd4dd21f7f7cd38fa41244' was completed in 0.30 seconds with the score of 855.65 (29 unrouted), using 1390.47 CPU seconds and 66830 MB memory.
2026-09-11 18:28:53.318 INFO   [61525A\3C179E] Auto-router pass #145 on board '1048ef02b8fd4dd21f7f7cd38fa41244' was completed in 0.27 seconds with the score of 855.65 (29 unrouted), using 1390.47 CPU seconds and 66830 MB memory.
2026-09-11 18:28:53.587 INFO   [61525A\3C179E] Auto-router pass #146 on board '1048ef02b8fd4dd21f7f7cd38fa41244' was completed in 0.27 seconds with the score of 855.65 (29 unrouted), using 1390.47 CPU seconds and 66830 MB memory.
2026-09-11 18:28:53.858 INFO   [61525A\3C179E] Auto-router pass #147 on board '1048ef02b8fd4dd21f7f7cd38fa41244' was completed in 0.27 seconds with the score of 855.65 (29 unrouted), using 1442.99 CPU seconds and 68493 MB memory.
2026-09-11 18:28:54.159 INFO   [61525A\3C179E] Auto-router pass #148 on board '1048ef02b8fd4dd21f7f7cd38fa41244' was completed in 0.30 seconds with the score of 855.65 (29 unrouted), using 1442.99 CPU seconds and 68493 MB memory.
2026-09-11 18:28:54.432 INFO   [61525A\3C179E] Auto-router pass #149 on board '1048ef02b8fd4dd21f7f7cd38fa41244' was completed in 0.27 seconds with the score of 855.65 (29 unrouted), using 1442.99 CPU seconds and 68493 MB memory.
2026-09-11 18:28:54.702 INFO   [61525A\3C179E] Auto-router pass #150 on board '1048ef02b8fd4dd21f7f7cd38fa41244' was completed in 0.27 seconds with the score of 855.65 (29 unrouted), using 1496.48 CPU seconds and 70160 MB memory.
2026-09-11 18:28:54.973 INFO   [61525A\3C179E] Auto-router pass #151 on board '1048ef02b8fd4dd21f7f7cd38fa41244' was completed in 0.27 seconds with the score of 855.65 (29 unrouted), using 1496.48 CPU seconds and 70160 MB memory.
2026-09-11 18:28:55.274 INFO   [61525A\3C179E] Auto-router pass #152 on board '1048ef02b8fd4dd21f7f7cd38fa41244' was completed in 0.30 seconds with the score of 855.65 (29 unrouted), using 1496.48 CPU seconds and 70160 MB memory.
2026-09-11 18:28:55.547 INFO   [61525A\3C179E] Auto-router pass #153 on board '1048ef02b8fd4dd21f7f7cd38fa41244' was completed in 0.27 seconds with the score of 855.65 (29 unrouted), using 1496.48 CPU seconds and 70160 MB memory.
2026-09-11 18:28:55.810 INFO   [61525A\3C179E] Auto-router pass #154 on board '1048ef02b8fd4dd21f7f7cd38fa41244' was completed in 0.26 seconds with the score of 855.65 (29 unrouted), using 1550.94 CPU seconds and 71822 MB memory.
2026-09-11 18:28:56.080 INFO   [61525A\3C179E] Auto-router pass #155 on board '1048ef02b8fd4dd21f7f7cd38fa41244' was completed in 0.27 seconds with the score of 855.65 (29 unrouted), using 1550.94 CPU seconds and 71822 MB memory.
2026-09-11 18:28:56.372 INFO   [61525A\3C179E] Auto-router pass #156 on board '1048ef02b8fd4dd21f7f7cd38fa41244' was completed in 0.29 seconds with the score of 855.65 (29 unrouted), using 1550.94 CPU seconds and 71822 MB memory.
2026-09-11 18:28:56.641 INFO   [61525A\3C179E] Auto-router pass #157 on board '1048ef02b8fd4dd21f7f7cd38fa41244' was completed in 0.27 seconds with the score of 855.65 (29 unrouted), using 1550.94 CPU seconds and 71822 MB memory.
2026-09-11 18:28:56.911 INFO   [61525A\3C179E] Auto-router pass #158 on board '1048ef02b8fd4dd21f7f7cd38fa41244' was completed in 0.27 seconds with the score of 855.65 (29 unrouted), using 1606.38 CPU seconds and 73516 MB memory.
2026-09-11 18:28:57.187 INFO   [61525A\3C179E] Auto-router pass #159 on board '1048ef02b8fd4dd21f7f7cd38fa41244' was completed in 0.27 seconds with the score of 855.65 (29 unrouted), using 1606.38 CPU seconds and 73516 MB memory.
2026-09-11 18:28:57.480 INFO   [61525A\3C179E] Auto-router pass #160 on board '1048ef02b8fd4dd21f7f7cd38fa41244' was completed in 0.29 seconds with the score of 855.65 (29 unrouted), using 1606.38 CPU seconds and 73516 MB memory.
2026-09-11 18:28:57.750 INFO   [61525A\3C179E] Auto-router pass #161 on board '1048ef02b8fd4dd21f7f7cd38fa41244' was completed in 0.27 seconds with the score of 855.65 (29 unrouted), using 1662.79 CPU seconds and 75184 MB memory.
2026-09-11 18:28:58.020 INFO   [61525A\3C179E] Auto-router pass #162 on board '1048ef02b8fd4dd21f7f7cd38fa41244' was completed in 0.27 seconds with the score of 855.65 (29 unrouted), using 1662.79 CPU seconds and 75184 MB memory.
2026-09-11 18:28:58.288 INFO   [61525A\3C179E] Auto-router pass #163 on board '1048ef02b8fd4dd21f7f7cd38fa41244' was completed in 0.27 seconds with the score of 855.65 (29 unrouted), using 1662.79 CPU seconds and 75184 MB memory.
2026-09-11 18:28:58.588 INFO   [61525A\3C179E] Auto-router pass #164 on board '1048ef02b8fd4dd21f7f7cd38fa41244' was completed in 0.30 seconds with the score of 855.65 (29 unrouted), using 1662.79 CPU seconds and 75184 MB memory.
2026-09-11 18:28:58.851 INFO   [61525A\3C179E] Auto-router pass #165 on board '1048ef02b8fd4dd21f7f7cd38fa41244' was completed in 0.26 seconds with the score of 855.65 (29 unrouted), using 1720.18 CPU seconds and 76863 MB memory.
2026-09-11 18:28:59.121 INFO   [61525A\3C179E] Auto-router pass #166 on board '1048ef02b8fd4dd21f7f7cd38fa41244' was completed in 0.27 seconds with the score of 855.65 (29 unrouted), using 1720.18 CPU seconds and 76863 MB memory.
2026-09-11 18:28:59.392 INFO   [61525A\3C179E] Auto-router pass #167 on board '1048ef02b8fd4dd21f7f7cd38fa41244' was completed in 0.27 seconds with the score of 855.65 (29 unrouted), using 1720.18 CPU seconds and 76863 MB memory.
2026-09-11 18:28:59.688 INFO   [61525A\3C179E] Auto-router pass #168 on board '1048ef02b8fd4dd21f7f7cd38fa41244' was completed in 0.29 seconds with the score of 855.65 (29 unrouted), using 1778.54 CPU seconds and 78549 MB memory.
2026-09-11 18:28:59.961 INFO   [61525A\3C179E] Auto-router pass #169 on board '1048ef02b8fd4dd21f7f7cd38fa41244' was completed in 0.27 seconds with the score of 855.65 (29 unrouted), using 1778.54 CPU seconds and 78549 MB memory.
2026-09-11 18:29:00.238 INFO   [61525A\3C179E] Auto-router pass #170 on board '1048ef02b8fd4dd21f7f7cd38fa41244' was completed in 0.27 seconds with the score of 855.65 (29 unrouted), using 1778.54 CPU seconds and 78549 MB memory.
2026-09-11 18:29:00.504 INFO   [61525A\3C179E] Auto-router pass #171 on board '1048ef02b8fd4dd21f7f7cd38fa41244' was completed in 0.26 seconds with the score of 855.65 (29 unrouted), using 1778.54 CPU seconds and 78549 MB memory.
2026-09-11 18:29:00.798 INFO   [61525A\3C179E] Auto-router pass #172 on board '1048ef02b8fd4dd21f7f7cd38fa41244' was completed in 0.29 seconds with the score of 855.65 (29 unrouted), using 1837.87 CPU seconds and 80228 MB memory.
2026-09-11 18:29:01.069 INFO   [61525A\3C179E] Auto-router pass #173 on board '1048ef02b8fd4dd21f7f7cd38fa41244' was completed in 0.27 seconds with the score of 855.65 (29 unrouted), using 1837.87 CPU seconds and 80228 MB memory.
2026-09-11 18:29:01.333 INFO   [61525A\3C179E] Auto-router pass #174 on board '1048ef02b8fd4dd21f7f7cd38fa41244' was completed in 0.26 seconds with the score of 855.65 (29 unrouted), using 1837.87 CPU seconds and 80228 MB memory.
2026-09-11 18:29:01.609 INFO   [61525A\3C179E] Auto-router pass #175 on board '1048ef02b8fd4dd21f7f7cd38fa41244' was completed in 0.27 seconds with the score of 855.65 (29 unrouted), using 1837.87 CPU seconds and 80228 MB memory.
2026-09-11 18:29:01.904 INFO   [61525A\3C179E] Auto-router pass #176 on board '1048ef02b8fd4dd21f7f7cd38fa41244' was completed in 0.29 seconds with the score of 855.65 (29 unrouted), using 1898.16 CPU seconds and 81905 MB memory.
2026-09-11 18:29:02.175 INFO   [61525A\3C179E] Auto-router pass #177 on board '1048ef02b8fd4dd21f7f7cd38fa41244' was completed in 0.27 seconds with the score of 855.65 (29 unrouted), using 1898.16 CPU seconds and 81905 MB memory.
2026-09-11 18:29:02.450 INFO   [61525A\3C179E] Auto-router pass #178 on board '1048ef02b8fd4dd21f7f7cd38fa41244' was completed in 0.27 seconds with the score of 855.65 (29 unrouted), using 1898.16 CPU seconds and 81905 MB memory.
2026-09-11 18:29:02.725 INFO   [61525A\3C179E] Auto-router pass #179 on board '1048ef02b8fd4dd21f7f7cd38fa41244' was completed in 0.27 seconds with the score of 855.65 (29 unrouted), using 1959.42 CPU seconds and 83571 MB memory.
2026-09-11 18:29:03.026 INFO   [61525A\3C179E] Auto-router pass #180 on board '1048ef02b8fd4dd21f7f7cd38fa41244' was completed in 0.30 seconds with the score of 855.65 (29 unrouted), using 1959.42 CPU seconds and 83571 MB memory.
2026-09-11 18:29:03.299 INFO   [61525A\3C179E] Auto-router pass #181 on board '1048ef02b8fd4dd21f7f7cd38fa41244' was completed in 0.27 seconds with the score of 855.65 (29 unrouted), using 1959.42 CPU seconds and 83571 MB memory.
2026-09-11 18:29:03.571 INFO   [61525A\3C179E] Auto-router pass #182 on board '1048ef02b8fd4dd21f7f7cd38fa41244' was completed in 0.27 seconds with the score of 855.65 (29 unrouted), using 1959.42 CPU seconds and 83571 MB memory.
2026-09-11 18:29:03.844 INFO   [61525A\3C179E] Auto-router pass #183 on board '1048ef02b8fd4dd21f7f7cd38fa41244' was completed in 0.27 seconds with the score of 855.65 (29 unrouted), using 2021.65 CPU seconds and 85229 MB memory.
2026-09-11 18:29:04.141 INFO   [61525A\3C179E] Auto-router pass #184 on board '1048ef02b8fd4dd21f7f7cd38fa41244' was completed in 0.29 seconds with the score of 855.65 (29 unrouted), using 2021.65 CPU seconds and 85229 MB memory.
2026-09-11 18:29:04.408 INFO   [61525A\3C179E] Auto-router pass #185 on board '1048ef02b8fd4dd21f7f7cd38fa41244' was completed in 0.26 seconds with the score of 855.65 (29 unrouted), using 2021.65 CPU seconds and 85229 MB memory.
2026-09-11 18:29:04.678 INFO   [61525A\3C179E] Auto-router pass #186 on board '1048ef02b8fd4dd21f7f7cd38fa41244' was completed in 0.26 seconds with the score of 855.65 (29 unrouted), using 2084.85 CPU seconds and 86908 MB memory.
2026-09-11 18:29:04.951 INFO   [61525A\3C179E] Auto-router pass #187 on board '1048ef02b8fd4dd21f7f7cd38fa41244' was completed in 0.27 seconds with the score of 855.65 (29 unrouted), using 2084.85 CPU seconds and 86908 MB memory.
2026-09-11 18:29:05.253 INFO   [61525A\3C179E] Auto-router pass #188 on board '1048ef02b8fd4dd21f7f7cd38fa41244' was completed in 0.30 seconds with the score of 855.65 (29 unrouted), using 2084.85 CPU seconds and 86908 MB memory.
2026-09-11 18:29:05.528 INFO   [61525A\3C179E] Auto-router pass #189 on board '1048ef02b8fd4dd21f7f7cd38fa41244' was completed in 0.27 seconds with the score of 855.65 (29 unrouted), using 2084.85 CPU seconds and 86908 MB memory.
2026-09-11 18:29:05.802 INFO   [61525A\3C179E] Auto-router pass #190 on board '1048ef02b8fd4dd21f7f7cd38fa41244' was completed in 0.27 seconds with the score of 855.65 (29 unrouted), using 2149.02 CPU seconds and 88559 MB memory.
2026-09-11 18:29:06.072 INFO   [61525A\3C179E] Auto-router pass #191 on board '1048ef02b8fd4dd21f7f7cd38fa41244' was completed in 0.27 seconds with the score of 855.65 (29 unrouted), using 2149.02 CPU seconds and 88559 MB memory.
2026-09-11 18:29:06.370 INFO   [61525A\3C179E] Auto-router pass #192 on board '1048ef02b8fd4dd21f7f7cd38fa41244' was completed in 0.29 seconds with the score of 855.65 (29 unrouted), using 2149.02 CPU seconds and 88559 MB memory.
2026-09-11 18:29:06.643 INFO   [61525A\3C179E] Auto-router pass #193 on board '1048ef02b8fd4dd21f7f7cd38fa41244' was completed in 0.27 seconds with the score of 855.65 (29 unrouted), using 2149.02 CPU seconds and 88559 MB memory.
2026-09-11 18:29:06.915 INFO   [61525A\3C179E] Auto-router pass #194 on board '1048ef02b8fd4dd21f7f7cd38fa41244' was completed in 0.27 seconds with the score of 855.65 (29 unrouted), using 2214.14 CPU seconds and 90220 MB memory.
2026-09-11 18:29:07.182 INFO   [61525A\3C179E] Auto-router pass #195 on board '1048ef02b8fd4dd21f7f7cd38fa41244' was completed in 0.26 seconds with the score of 855.65 (29 unrouted), using 2214.14 CPU seconds and 90220 MB memory.
2026-09-11 18:29:07.482 INFO   [61525A\3C179E] Auto-router pass #196 on board '1048ef02b8fd4dd21f7f7cd38fa41244' was completed in 0.30 seconds with the score of 855.65 (29 unrouted), using 2214.14 CPU seconds and 90220 MB memory.
2026-09-11 18:29:07.753 INFO   [61525A\3C179E] Auto-router pass #197 on board '1048ef02b8fd4dd21f7f7cd38fa41244' was completed in 0.27 seconds with the score of 855.65 (29 unrouted), using 2280.23 CPU seconds and 91893 MB memory.
2026-09-11 18:29:08.025 INFO   [61525A\3C179E] Auto-router pass #198 on board '1048ef02b8fd4dd21f7f7cd38fa41244' was completed in 0.27 seconds with the score of 855.65 (29 unrouted), using 2280.23 CPU seconds and 91893 MB memory.
2026-09-11 18:29:08.299 INFO   [61525A\3C179E] Auto-router pass #199 on board '1048ef02b8fd4dd21f7f7cd38fa41244' was completed in 0.27 seconds with the score of 855.65 (29 unrouted), using 2280.23 CPU seconds and 91893 MB memory.
2026-09-11 18:29:08.600 INFO   [61525A\3C179E] Auto-router pass #200 on board '1048ef02b8fd4dd21f7f7cd38fa41244' was completed in 0.30 seconds with the score of 855.65 (29 unrouted), using 2280.23 CPU seconds and 91893 MB memory.
2026-09-11 18:29:08.873 INFO   [61525A\3C179E] Auto-router pass #201 on board '1048ef02b8fd4dd21f7f7cd38fa41244' was completed in 0.27 seconds with the score of 855.65 (29 unrouted), using 2347.30 CPU seconds and 93546 MB memory.
2026-09-11 18:29:09.141 INFO   [61525A\3C179E] Auto-router pass #202 on board '1048ef02b8fd4dd21f7f7cd38fa41244' was completed in 0.27 seconds with the score of 855.65 (29 unrouted), using 2347.30 CPU seconds and 93546 MB memory.
2026-09-11 18:29:09.411 INFO   [61525A\3C179E] Auto-router pass #203 on board '1048ef02b8fd4dd21f7f7cd38fa41244' was completed in 0.27 seconds with the score of 855.65 (29 unrouted), using 2347.30 CPU seconds and 93546 MB memory.
2026-09-11 18:29:09.704 INFO   [61525A\3C179E] Auto-router pass #204 on board '1048ef02b8fd4dd21f7f7cd38fa41244' was completed in 0.29 seconds with the score of 855.65 (29 unrouted), using 2415.33 CPU seconds and 95237 MB memory.
2026-09-11 18:29:09.970 INFO   [61525A\3C179E] Auto-router pass #205 on board '1048ef02b8fd4dd21f7f7cd38fa41244' was completed in 0.26 seconds with the score of 855.65 (29 unrouted), using 2415.33 CPU seconds and 95237 MB memory.
2026-09-11 18:29:10.233 INFO   [61525A\3C179E] Auto-router pass #206 on board '1048ef02b8fd4dd21f7f7cd38fa41244' was completed in 0.26 seconds with the score of 855.65 (29 unrouted), using 2415.33 CPU seconds and 95237 MB memory.
2026-09-11 18:29:10.501 INFO   [61525A\3C179E] Auto-router pass #207 on board '1048ef02b8fd4dd21f7f7cd38fa41244' was completed in 0.26 seconds with the score of 855.65 (29 unrouted), using 2415.33 CPU seconds and 95237 MB memory.
2026-09-11 18:29:10.798 INFO   [61525A\3C179E] Auto-router pass #208 on board '1048ef02b8fd4dd21f7f7cd38fa41244' was completed in 0.29 seconds with the score of 855.65 (29 unrouted), using 2484.34 CPU seconds and 96936 MB memory.
2026-09-11 18:29:11.068 INFO   [61525A\3C179E] Auto-router pass #209 on board '1048ef02b8fd4dd21f7f7cd38fa41244' was completed in 0.27 seconds with the score of 855.65 (29 unrouted), using 2484.34 CPU seconds and 96936 MB memory.
2026-09-11 18:29:11.338 INFO   [61525A\3C179E] Auto-router pass #210 on board '1048ef02b8fd4dd21f7f7cd38fa41244' was completed in 0.27 seconds with the score of 855.65 (29 unrouted), using 2484.34 CPU seconds and 96936 MB memory.
2026-09-11 18:29:11.605 INFO   [61525A\3C179E] Auto-router pass #211 on board '1048ef02b8fd4dd21f7f7cd38fa41244' was completed in 0.26 seconds with the score of 855.65 (29 unrouted), using 2484.34 CPU seconds and 96936 MB memory.
2026-09-11 18:29:11.902 INFO   [61525A\3C179E] Auto-router pass #212 on board '1048ef02b8fd4dd21f7f7cd38fa41244' was completed in 0.29 seconds with the score of 855.65 (29 unrouted), using 2554.33 CPU seconds and 98625 MB memory.
2026-09-11 18:29:12.175 INFO   [61525A\3C179E] Auto-router pass #213 on board '1048ef02b8fd4dd21f7f7cd38fa41244' was completed in 0.27 seconds with the score of 855.65 (29 unrouted), using 2554.33 CPU seconds and 98625 MB memory.
2026-09-11 18:29:12.444 INFO   [61525A\3C179E] Auto-router pass #214 on board '1048ef02b8fd4dd21f7f7cd38fa41244' was completed in 0.27 seconds with the score of 855.65 (29 unrouted), using 2554.33 CPU seconds and 98625 MB memory.
2026-09-11 18:29:12.710 INFO   [61525A\3C179E] Auto-router pass #215 on board '1048ef02b8fd4dd21f7f7cd38fa41244' was completed in 0.26 seconds with the score of 855.65 (29 unrouted), using 2625.29 CPU seconds and 100303 MB memory.
2026-09-11 18:29:13.019 INFO   [61525A\3C179E] Auto-router pass #216 on board '1048ef02b8fd4dd21f7f7cd38fa41244' was completed in 0.31 seconds with the score of 855.65 (29 unrouted), using 2625.29 CPU seconds and 100303 MB memory.
2026-09-11 18:29:13.288 INFO   [61525A\3C179E] Auto-router pass #217 on board '1048ef02b8fd4dd21f7f7cd38fa41244' was completed in 0.27 seconds with the score of 855.65 (29 unrouted), using 2625.29 CPU seconds and 100303 MB memory.
2026-09-11 18:29:13.560 INFO   [61525A\3C179E] Auto-router pass #218 on board '1048ef02b8fd4dd21f7f7cd38fa41244' was completed in 0.27 seconds with the score of 855.65 (29 unrouted), using 2625.29 CPU seconds and 100303 MB memory.
2026-09-11 18:29:13.834 INFO   [61525A\3C179E] Auto-router pass #219 on board '1048ef02b8fd4dd21f7f7cd38fa41244' was completed in 0.27 seconds with the score of 855.65 (29 unrouted), using 2697.21 CPU seconds and 101954 MB memory.
2026-09-11 18:29:14.131 INFO   [61525A\3C179E] Auto-router pass #220 on board '1048ef02b8fd4dd21f7f7cd38fa41244' was completed in 0.29 seconds with the score of 855.65 (29 unrouted), using 2697.21 CPU seconds and 101954 MB memory.
2026-09-11 18:29:14.401 INFO   [61525A\3C179E] Auto-router pass #221 on board '1048ef02b8fd4dd21f7f7cd38fa41244' was completed in 0.27 seconds with the score of 855.65 (29 unrouted), using 2697.21 CPU seconds and 101954 MB memory.
2026-09-11 18:29:14.675 INFO   [61525A\3C179E] Auto-router pass #222 on board '1048ef02b8fd4dd21f7f7cd38fa41244' was completed in 0.27 seconds with the score of 855.65 (29 unrouted), using 2770.10 CPU seconds and 103622 MB memory.
2026-09-11 18:29:14.950 INFO   [61525A\3C179E] Auto-router pass #223 on board '1048ef02b8fd4dd21f7f7cd38fa41244' was completed in 0.27 seconds with the score of 855.65 (29 unrouted), using 2770.10 CPU seconds and 103622 MB memory.
2026-09-11 18:29:15.250 INFO   [61525A\3C179E] Auto-router pass #224 on board '1048ef02b8fd4dd21f7f7cd38fa41244' was completed in 0.30 seconds with the score of 855.65 (29 unrouted), using 2770.10 CPU seconds and 103622 MB memory.
2026-09-11 18:29:15.526 INFO   [61525A\3C179E] Auto-router pass #225 on board '1048ef02b8fd4dd21f7f7cd38fa41244' was completed in 0.27 seconds with the score of 855.65 (29 unrouted), using 2770.10 CPU seconds and 103622 MB memory.
2026-09-11 18:29:15.800 INFO   [61525A\3C179E] Auto-router pass #226 on board '1048ef02b8fd4dd21f7f7cd38fa41244' was completed in 0.27 seconds with the score of 855.65 (29 unrouted), using 2843.96 CPU seconds and 105269 MB memory.
2026-09-11 18:29:16.072 INFO   [61525A\3C179E] Auto-router pass #227 on board '1048ef02b8fd4dd21f7f7cd38fa41244' was completed in 0.27 seconds with the score of 855.65 (29 unrouted), using 2843.96 CPU seconds and 105269 MB memory.
2026-09-11 18:29:16.380 INFO   [61525A\3C179E] Auto-router pass #228 on board '1048ef02b8fd4dd21f7f7cd38fa41244' was completed in 0.30 seconds with the score of 855.65 (29 unrouted), using 2843.96 CPU seconds and 105269 MB memory.
2026-09-11 18:29:16.652 INFO   [61525A\3C179E] Auto-router pass #229 on board '1048ef02b8fd4dd21f7f7cd38fa41244' was completed in 0.27 seconds with the score of 855.65 (29 unrouted), using 2843.96 CPU seconds and 105269 MB memory.
2026-09-11 18:29:16.926 INFO   [61525A\3C179E] Auto-router pass #230 on board '1048ef02b8fd4dd21f7f7cd38fa41244' was completed in 0.27 seconds with the score of 855.65 (29 unrouted), using 2918.79 CPU seconds and 106913 MB memory.
2026-09-11 18:29:17.201 INFO   [61525A\3C179E] Auto-router pass #231 on board '1048ef02b8fd4dd21f7f7cd38fa41244' was completed in 0.27 seconds with the score of 855.65 (29 unrouted), using 2918.79 CPU seconds and 106913 MB memory.
2026-09-11 18:29:17.493 INFO   [61525A\3C179E] Auto-router pass #232 on board '1048ef02b8fd4dd21f7f7cd38fa41244' was completed in 0.29 seconds with the score of 855.65 (29 unrouted), using 2918.79 CPU seconds and 106913 MB memory.
2026-09-11 18:29:17.765 INFO   [61525A\3C179E] Auto-router pass #233 on board '1048ef02b8fd4dd21f7f7cd38fa41244' was completed in 0.27 seconds with the score of 855.65 (29 unrouted), using 2994.59 CPU seconds and 108580 MB memory.
2026-09-11 18:29:18.042 INFO   [61525A\3C179E] Auto-router pass #234 on board '1048ef02b8fd4dd21f7f7cd38fa41244' was completed in 0.27 seconds with the score of 855.65 (29 unrouted), using 2994.59 CPU seconds and 108580 MB memory.
2026-09-11 18:29:18.313 INFO   [61525A\3C179E] Auto-router pass #235 on board '1048ef02b8fd4dd21f7f7cd38fa41244' was completed in 0.27 seconds with the score of 855.65 (29 unrouted), using 2994.59 CPU seconds and 108580 MB memory.
2026-09-11 18:29:18.607 INFO   [61525A\3C179E] Auto-router pass #236 on board '1048ef02b8fd4dd21f7f7cd38fa41244' was completed in 0.29 seconds with the score of 855.65 (29 unrouted), using 2994.59 CPU seconds and 108580 MB memory.
2026-09-11 18:29:18.881 INFO   [61525A\3C179E] Auto-router pass #237 on board '1048ef02b8fd4dd21f7f7cd38fa41244' was completed in 0.27 seconds with the score of 855.65 (29 unrouted), using 3071.35 CPU seconds and 110250 MB memory.
2026-09-11 18:29:19.146 INFO   [61525A\3C179E] Auto-router pass #238 on board '1048ef02b8fd4dd21f7f7cd38fa41244' was completed in 0.26 seconds with the score of 855.65 (29 unrouted), using 3071.35 CPU seconds and 110250 MB memory.
2026-09-11 18:29:19.409 INFO   [61525A\3C179E] Auto-router pass #239 on board '1048ef02b8fd4dd21f7f7cd38fa41244' was completed in 0.26 seconds with the score of 855.65 (29 unrouted), using 3071.35 CPU seconds and 110250 MB memory.
2026-09-11 18:29:19.700 INFO   [61525A\3C179E] Auto-router pass #240 on board '1048ef02b8fd4dd21f7f7cd38fa41244' was completed in 0.29 seconds with the score of 855.65 (29 unrouted), using 3149.09 CPU seconds and 111944 MB memory.
2026-09-11 18:29:19.971 INFO   [61525A\3C179E] Auto-router pass #241 on board '1048ef02b8fd4dd21f7f7cd38fa41244' was completed in 0.27 seconds with the score of 855.65 (29 unrouted), using 3149.09 CPU seconds and 111944 MB memory.
2026-09-11 18:29:20.240 INFO   [61525A\3C179E] Auto-router pass #242 on board '1048ef02b8fd4dd21f7f7cd38fa41244' was completed in 0.27 seconds with the score of 855.65 (29 unrouted), using 3149.09 CPU seconds and 111944 MB memory.
2026-09-11 18:29:20.513 INFO   [61525A\3C179E] Auto-router pass #243 on board '1048ef02b8fd4dd21f7f7cd38fa41244' was completed in 0.27 seconds with the score of 855.65 (29 unrouted), using 3149.09 CPU seconds and 111944 MB memory.
2026-09-11 18:29:20.804 INFO   [61525A\3C179E] Auto-router pass #244 on board '1048ef02b8fd4dd21f7f7cd38fa41244' was completed in 0.29 seconds with the score of 855.65 (29 unrouted), using 3227.80 CPU seconds and 113635 MB memory.
2026-09-11 18:29:21.073 INFO   [61525A\3C179E] Auto-router pass #245 on board '1048ef02b8fd4dd21f7f7cd38fa41244' was completed in 0.27 seconds with the score of 855.65 (29 unrouted), using 3227.80 CPU seconds and 113635 MB memory.
2026-09-11 18:29:21.343 INFO   [61525A\3C179E] Auto-router pass #246 on board '1048ef02b8fd4dd21f7f7cd38fa41244' was completed in 0.27 seconds with the score of 855.65 (29 unrouted), using 3227.80 CPU seconds and 113635 MB memory.
2026-09-11 18:29:21.617 INFO   [61525A\3C179E] Auto-router pass #247 on board '1048ef02b8fd4dd21f7f7cd38fa41244' was completed in 0.27 seconds with the score of 855.65 (29 unrouted), using 3227.80 CPU seconds and 113635 MB memory.
2026-09-11 18:29:21.917 INFO   [61525A\3C179E] Auto-router pass #248 on board '1048ef02b8fd4dd21f7f7cd38fa41244' was completed in 0.30 seconds with the score of 855.65 (29 unrouted), using 3307.48 CPU seconds and 115313 MB memory.
2026-09-11 18:29:22.189 INFO   [61525A\3C179E] Auto-router pass #249 on board '1048ef02b8fd4dd21f7f7cd38fa41244' was completed in 0.27 seconds with the score of 855.65 (29 unrouted), using 3307.48 CPU seconds and 115313 MB memory.
2026-09-11 18:29:22.465 INFO   [61525A\3C179E] Auto-router pass #250 on board '1048ef02b8fd4dd21f7f7cd38fa41244' was completed in 0.27 seconds with the score of 855.65 (29 unrouted), using 3307.48 CPU seconds and 115313 MB memory.
2026-09-11 18:29:22.735 INFO   [61525A\3C179E] Auto-router pass #251 on board '1048ef02b8fd4dd21f7f7cd38fa41244' was completed in 0.27 seconds with the score of 855.65 (29 unrouted), using 3388.12 CPU seconds and 116973 MB memory.
2026-09-11 18:29:23.031 INFO   [61525A\3C179E] Auto-router pass #252 on board '1048ef02b8fd4dd21f7f7cd38fa41244' was completed in 0.29 seconds with the score of 855.65 (29 unrouted), using 3388.12 CPU seconds and 116973 MB memory.
2026-09-11 18:29:23.306 INFO   [61525A\3C179E] Auto-router pass #253 on board '1048ef02b8fd4dd21f7f7cd38fa41244' was completed in 0.27 seconds with the score of 855.65 (29 unrouted), using 3388.12 CPU seconds and 116973 MB memory.
2026-09-11 18:29:23.573 INFO   [61525A\3C179E] Auto-router pass #254 on board '1048ef02b8fd4dd21f7f7cd38fa41244' was completed in 0.26 seconds with the score of 855.65 (29 unrouted), using 3388.12 CPU seconds and 116973 MB memory.
2026-09-11 18:29:23.845 INFO   [61525A\3C179E] Auto-router pass #255 on board '1048ef02b8fd4dd21f7f7cd38fa41244' was completed in 0.27 seconds with the score of 855.65 (29 unrouted), using 3469.73 CPU seconds and 118642 MB memory.
2026-09-11 18:29:24.139 INFO   [61525A\3C179E] Auto-router pass #256 on board '1048ef02b8fd4dd21f7f7cd38fa41244' was completed in 0.29 seconds with the score of 855.65 (29 unrouted), using 3469.73 CPU seconds and 118642 MB memory.
2026-09-11 18:29:24.413 INFO   [61525A\3C179E] Auto-router pass #257 on board '1048ef02b8fd4dd21f7f7cd38fa41244' was completed in 0.27 seconds with the score of 855.65 (29 unrouted), using 3469.73 CPU seconds and 118642 MB memory.
2026-09-11 18:29:24.679 INFO   [61525A\3C179E] Auto-router pass #258 on board '1048ef02b8fd4dd21f7f7cd38fa41244' was completed in 0.26 seconds with the score of 855.65 (29 unrouted), using 3552.31 CPU seconds and 120323 MB memory.
2026-09-11 18:29:24.957 INFO   [61525A\3C179E] Auto-router pass #259 on board '1048ef02b8fd4dd21f7f7cd38fa41244' was completed in 0.28 seconds with the score of 855.65 (29 unrouted), using 3552.31 CPU seconds and 120323 MB memory.
2026-09-11 18:29:25.257 INFO   [61525A\3C179E] Auto-router pass #260 on board '1048ef02b8fd4dd21f7f7cd38fa41244' was completed in 0.30 seconds with the score of 855.65 (29 unrouted), using 3552.31 CPU seconds and 120323 MB memory.
2026-09-11 18:29:25.527 INFO   [61525A\3C179E] Auto-router pass #261 on board '1048ef02b8fd4dd21f7f7cd38fa41244' was completed in 0.27 seconds with the score of 855.65 (29 unrouted), using 3552.31 CPU seconds and 120323 MB memory.
2026-09-11 18:29:25.798 INFO   [61525A\3C179E] Auto-router pass #262 on board '1048ef02b8fd4dd21f7f7cd38fa41244' was completed in 0.27 seconds with the score of 855.65 (29 unrouted), using 3635.86 CPU seconds and 121969 MB memory.
2026-09-11 18:29:26.072 INFO   [61525A\3C179E] Auto-router pass #263 on board '1048ef02b8fd4dd21f7f7cd38fa41244' was completed in 0.27 seconds with the score of 855.65 (29 unrouted), using 3635.86 CPU seconds and 121969 MB memory.
2026-09-11 18:29:26.366 INFO   [61525A\3C179E] Auto-router pass #264 on board '1048ef02b8fd4dd21f7f7cd38fa41244' was completed in 0.29 seconds with the score of 855.65 (29 unrouted), using 3635.86 CPU seconds and 121969 MB memory.
2026-09-11 18:29:26.640 INFO   [61525A\3C179E] Auto-router pass #265 on board '1048ef02b8fd4dd21f7f7cd38fa41244' was completed in 0.27 seconds with the score of 855.65 (29 unrouted), using 3635.86 CPU seconds and 121969 MB memory.
2026-09-11 18:29:26.911 INFO   [61525A\3C179E] Auto-router pass #266 on board '1048ef02b8fd4dd21f7f7cd38fa41244' was completed in 0.27 seconds with the score of 855.65 (29 unrouted), using 3720.38 CPU seconds and 123643 MB memory.
2026-09-11 18:29:27.184 INFO   [61525A\3C179E] Auto-router pass #267 on board '1048ef02b8fd4dd21f7f7cd38fa41244' was completed in 0.27 seconds with the score of 855.65 (29 unrouted), using 3720.38 CPU seconds and 123643 MB memory.
2026-09-11 18:29:27.479 INFO   [61525A\3C179E] Auto-router pass #268 on board '1048ef02b8fd4dd21f7f7cd38fa41244' was completed in 0.29 seconds with the score of 855.65 (29 unrouted), using 3720.38 CPU seconds and 123643 MB memory.
2026-09-11 18:29:27.746 INFO   [61525A\3C179E] Auto-router pass #269 on board '1048ef02b8fd4dd21f7f7cd38fa41244' was completed in 0.26 seconds with the score of 855.65 (29 unrouted), using 3805.87 CPU seconds and 125319 MB memory.
2026-09-11 18:29:28.019 INFO   [61525A\3C179E] Auto-router pass #270 on board '1048ef02b8fd4dd21f7f7cd38fa41244' was completed in 0.27 seconds with the score of 855.65 (29 unrouted), using 3805.87 CPU seconds and 125319 MB memory.
2026-09-11 18:29:28.289 INFO   [61525A\3C179E] Auto-router pass #271 on board '1048ef02b8fd4dd21f7f7cd38fa41244' was completed in 0.27 seconds with the score of 855.65 (29 unrouted), using 3805.87 CPU seconds and 125319 MB memory.
2026-09-11 18:29:28.588 INFO   [61525A\3C179E] Auto-router pass #272 on board '1048ef02b8fd4dd21f7f7cd38fa41244' was completed in 0.29 seconds with the score of 855.65 (29 unrouted), using 3805.87 CPU seconds and 125319 MB memory.
2026-09-11 18:29:28.861 INFO   [61525A\3C179E] Auto-router pass #273 on board '1048ef02b8fd4dd21f7f7cd38fa41244' was completed in 0.27 seconds with the score of 855.65 (29 unrouted), using 3892.34 CPU seconds and 126985 MB memory.
2026-09-11 18:29:29.131 INFO   [61525A\3C179E] Auto-router pass #274 on board '1048ef02b8fd4dd21f7f7cd38fa41244' was completed in 0.27 seconds with the score of 855.65 (29 unrouted), using 3892.34 CPU seconds and 126985 MB memory.
2026-09-11 18:29:29.401 INFO   [61525A\3C179E] Auto-router pass #275 on board '1048ef02b8fd4dd21f7f7cd38fa41244' was completed in 0.27 seconds with the score of 855.65 (29 unrouted), using 3892.34 CPU seconds and 126985 MB memory.
2026-09-11 18:29:29.698 INFO   [61525A\3C179E] Auto-router pass #276 on board '1048ef02b8fd4dd21f7f7cd38fa41244' was completed in 0.29 seconds with the score of 855.65 (29 unrouted), using 3979.78 CPU seconds and 128658 MB memory.
2026-09-11 18:29:29.972 INFO   [61525A\3C179E] Auto-router pass #277 on board '1048ef02b8fd4dd21f7f7cd38fa41244' was completed in 0.27 seconds with the score of 855.65 (29 unrouted), using 3979.78 CPU seconds and 128658 MB memory.
2026-09-11 18:29:30.240 INFO   [61525A\3C179E] Auto-router pass #278 on board '1048ef02b8fd4dd21f7f7cd38fa41244' was completed in 0.27 seconds with the score of 855.65 (29 unrouted), using 3979.78 CPU seconds and 128658 MB memory.
2026-09-11 18:29:30.506 INFO   [61525A\3C179E] Auto-router pass #279 on board '1048ef02b8fd4dd21f7f7cd38fa41244' was completed in 0.26 seconds with the score of 855.65 (29 unrouted), using 3979.78 CPU seconds and 128658 MB memory.
2026-09-11 18:29:30.806 INFO   [61525A\3C179E] Auto-router pass #280 on board '1048ef02b8fd4dd21f7f7cd38fa41244' was completed in 0.30 seconds with the score of 855.65 (29 unrouted), using 4068.18 CPU seconds and 130343 MB memory.
2026-09-11 18:29:31.071 INFO   [61525A\3C179E] Auto-router pass #281 on board '1048ef02b8fd4dd21f7f7cd38fa41244' was completed in 0.26 seconds with the score of 855.65 (29 unrouted), using 4068.18 CPU seconds and 130343 MB memory.
2026-09-11 18:29:31.343 INFO   [61525A\3C179E] Auto-router pass #282 on board '1048ef02b8fd4dd21f7f7cd38fa41244' was completed in 0.27 seconds with the score of 855.65 (29 unrouted), using 4068.18 CPU seconds and 130343 MB memory.
2026-09-11 18:29:31.613 INFO   [61525A\3C179E] Auto-router pass #283 on board '1048ef02b8fd4dd21f7f7cd38fa41244' was completed in 0.27 seconds with the score of 855.65 (29 unrouted), using 4068.18 CPU seconds and 130343 MB memory.
2026-09-11 18:29:31.918 INFO   [61525A\3C179E] Auto-router pass #284 on board '1048ef02b8fd4dd21f7f7cd38fa41244' was completed in 0.30 seconds with the score of 855.65 (29 unrouted), using 4157.56 CPU seconds and 132022 MB memory.
2026-09-11 18:29:32.194 INFO   [61525A\3C179E] Auto-router pass #285 on board '1048ef02b8fd4dd21f7f7cd38fa41244' was completed in 0.27 seconds with the score of 855.65 (29 unrouted), using 4157.56 CPU seconds and 132022 MB memory.
2026-09-11 18:29:32.466 INFO   [61525A\3C179E] Auto-router pass #286 on board '1048ef02b8fd4dd21f7f7cd38fa41244' was completed in 0.27 seconds with the score of 855.65 (29 unrouted), using 4157.56 CPU seconds and 132022 MB memory.
2026-09-11 18:29:32.741 INFO   [61525A\3C179E] Auto-router pass #287 on board '1048ef02b8fd4dd21f7f7cd38fa41244' was completed in 0.27 seconds with the score of 855.65 (29 unrouted), using 4247.91 CPU seconds and 133674 MB memory.
2026-09-11 18:29:33.034 INFO   [61525A\3C179E] Auto-router pass #288 on board '1048ef02b8fd4dd21f7f7cd38fa41244' was completed in 0.29 seconds with the score of 855.65 (29 unrouted), using 4247.91 CPU seconds and 133674 MB memory.
2026-09-11 18:29:33.305 INFO   [61525A\3C179E] Auto-router pass #289 on board '1048ef02b8fd4dd21f7f7cd38fa41244' was completed in 0.27 seconds with the score of 855.65 (29 unrouted), using 4247.91 CPU seconds and 133674 MB memory.
2026-09-11 18:29:33.576 INFO   [61525A\3C179E] Auto-router pass #290 on board '1048ef02b8fd4dd21f7f7cd38fa41244' was completed in 0.27 seconds with the score of 855.65 (29 unrouted), using 4247.91 CPU seconds and 133674 MB memory.
2026-09-11 18:29:33.847 INFO   [61525A\3C179E] Auto-router pass #291 on board '1048ef02b8fd4dd21f7f7cd38fa41244' was completed in 0.27 seconds with the score of 855.65 (29 unrouted), using 4339.22 CPU seconds and 135342 MB memory.
2026-09-11 18:29:34.141 INFO   [61525A\3C179E] Auto-router pass #292 on board '1048ef02b8fd4dd21f7f7cd38fa41244' was completed in 0.29 seconds with the score of 855.65 (29 unrouted), using 4339.22 CPU seconds and 135342 MB memory.
2026-09-11 18:29:34.407 INFO   [61525A\3C179E] Auto-router pass #293 on board '1048ef02b8fd4dd21f7f7cd38fa41244' was completed in 0.26 seconds with the score of 855.65 (29 unrouted), using 4339.22 CPU seconds and 135342 MB memory.
2026-09-11 18:29:34.675 INFO   [61525A\3C179E] Auto-router pass #294 on board '1048ef02b8fd4dd21f7f7cd38fa41244' was completed in 0.27 seconds with the score of 855.65 (29 unrouted), using 4431.51 CPU seconds and 137038 MB memory.
2026-09-11 18:29:34.948 INFO   [61525A\3C179E] Auto-router pass #295 on board '1048ef02b8fd4dd21f7f7cd38fa41244' was completed in 0.27 seconds with the score of 855.65 (29 unrouted), using 4431.51 CPU seconds and 137038 MB memory.
2026-09-11 18:29:35.244 INFO   [61525A\3C179E] Auto-router pass #296 on board '1048ef02b8fd4dd21f7f7cd38fa41244' was completed in 0.29 seconds with the score of 855.65 (29 unrouted), using 4431.51 CPU seconds and 137038 MB memory.
2026-09-11 18:29:35.520 INFO   [61525A\3C179E] Auto-router pass #297 on board '1048ef02b8fd4dd21f7f7cd38fa41244' was completed in 0.27 seconds with the score of 855.65 (29 unrouted), using 4431.51 CPU seconds and 137038 MB memory.
2026-09-11 18:29:35.794 INFO   [61525A\3C179E] Auto-router pass #298 on board '1048ef02b8fd4dd21f7f7cd38fa41244' was completed in 0.27 seconds with the score of 855.65 (29 unrouted), using 4524.77 CPU seconds and 138701 MB memory.
2026-09-11 18:29:36.068 INFO   [61525A\3C179E] Auto-router pass #299 on board '1048ef02b8fd4dd21f7f7cd38fa41244' was completed in 0.27 seconds with the score of 855.65 (29 unrouted), using 4524.77 CPU seconds and 138701 MB memory.
2026-09-11 18:29:36.365 INFO   [61525A\3C179E] Auto-router pass #300 on board '1048ef02b8fd4dd21f7f7cd38fa41244' was completed in 0.29 seconds with the score of 855.65 (29 unrouted), using 4524.77 CPU seconds and 138701 MB memory.
2026-09-11 18:29:36.638 INFO   [61525A\3C179E] Auto-router pass #301 on board '1048ef02b8fd4dd21f7f7cd38fa41244' was completed in 0.27 seconds with the score of 855.65 (29 unrouted), using 4524.77 CPU seconds and 138701 MB memory.
2026-09-11 18:29:36.912 INFO   [61525A\3C179E] Auto-router pass #302 on board '1048ef02b8fd4dd21f7f7cd38fa41244' was completed in 0.27 seconds with the score of 855.65 (29 unrouted), using 4618.99 CPU seconds and 140356 MB memory.
2026-09-11 18:29:37.181 INFO   [61525A\3C179E] Auto-router pass #303 on board '1048ef02b8fd4dd21f7f7cd38fa41244' was completed in 0.27 seconds with the score of 855.65 (29 unrouted), using 4618.99 CPU seconds and 140356 MB memory.
2026-09-11 18:29:37.474 INFO   [61525A\3C179E] Auto-router pass #304 on board '1048ef02b8fd4dd21f7f7cd38fa41244' was completed in 0.29 seconds with the score of 855.65 (29 unrouted), using 4618.99 CPU seconds and 140356 MB memory.
2026-09-11 18:29:37.740 INFO   [61525A\3C179E] Auto-router pass #305 on board '1048ef02b8fd4dd21f7f7cd38fa41244' was completed in 0.26 seconds with the score of 855.65 (29 unrouted), using 4714.19 CPU seconds and 142042 MB memory.
2026-09-11 18:29:38.010 INFO   [61525A\3C179E] Auto-router pass #306 on board '1048ef02b8fd4dd21f7f7cd38fa41244' was completed in 0.27 seconds with the score of 855.65 (29 unrouted), using 4714.19 CPU seconds and 142042 MB memory.
2026-09-11 18:29:38.278 INFO   [61525A\3C179E] Auto-router pass #307 on board '1048ef02b8fd4dd21f7f7cd38fa41244' was completed in 0.27 seconds with the score of 855.65 (29 unrouted), using 4714.19 CPU seconds and 142042 MB memory.
2026-09-11 18:29:38.567 INFO   [61525A\3C179E] Auto-router pass #308 on board '1048ef02b8fd4dd21f7f7cd38fa41244' was completed in 0.29 seconds with the score of 855.65 (29 unrouted), using 4714.19 CPU seconds and 142042 MB memory.
2026-09-11 18:29:38.832 INFO   [61525A\3C179E] Auto-router pass #309 on board '1048ef02b8fd4dd21f7f7cd38fa41244' was completed in 0.26 seconds with the score of 855.65 (29 unrouted), using 4810.36 CPU seconds and 143734 MB memory.
2026-09-11 18:29:39.096 INFO   [61525A\3C179E] Auto-router pass #310 on board '1048ef02b8fd4dd21f7f7cd38fa41244' was completed in 0.26 seconds with the score of 855.65 (29 unrouted), using 4810.36 CPU seconds and 143734 MB memory.
2026-09-11 18:29:39.365 INFO   [61525A\3C179E] Auto-router pass #311 on board '1048ef02b8fd4dd21f7f7cd38fa41244' was completed in 0.27 seconds with the score of 855.65 (29 unrouted), using 4810.36 CPU seconds and 143734 MB memory.
2026-09-11 18:29:39.661 INFO   [61525A\3C179E] Auto-router pass #312 on board '1048ef02b8fd4dd21f7f7cd38fa41244' was completed in 0.29 seconds with the score of 855.65 (29 unrouted), using 4810.36 CPU seconds and 143734 MB memory.
2026-09-11 18:29:39.929 INFO   [61525A\3C179E] Auto-router pass #313 on board '1048ef02b8fd4dd21f7f7cd38fa41244' was completed in 0.27 seconds with the score of 855.65 (29 unrouted), using 4907.50 CPU seconds and 145429 MB memory.
2026-09-11 18:29:40.199 INFO   [61525A\3C179E] Auto-router pass #314 on board '1048ef02b8fd4dd21f7f7cd38fa41244' was completed in 0.27 seconds with the score of 855.65 (29 unrouted), using 4907.50 CPU seconds and 145429 MB memory.
2026-09-11 18:29:40.470 INFO   [61525A\3C179E] Auto-router pass #315 on board '1048ef02b8fd4dd21f7f7cd38fa41244' was completed in 0.27 seconds with the score of 855.65 (29 unrouted), using 4907.50 CPU seconds and 145429 MB memory.
2026-09-11 18:29:40.765 INFO   [61525A\3C179E] Auto-router pass #316 on board '1048ef02b8fd4dd21f7f7cd38fa41244' was completed in 0.29 seconds with the score of 855.65 (29 unrouted), using 5005.61 CPU seconds and 147110 MB memory.
2026-09-11 18:29:41.035 INFO   [61525A\3C179E] Auto-router pass #317 on board '1048ef02b8fd4dd21f7f7cd38fa41244' was completed in 0.27 seconds with the score of 855.65 (29 unrouted), using 5005.61 CPU seconds and 147110 MB memory.
2026-09-11 18:29:41.307 INFO   [61525A\3C179E] Auto-router pass #318 on board '1048ef02b8fd4dd21f7f7cd38fa41244' was completed in 0.27 seconds with the score of 855.65 (29 unrouted), using 5005.61 CPU seconds and 147110 MB memory.
2026-09-11 18:29:41.573 INFO   [61525A\3C179E] Auto-router pass #319 on board '1048ef02b8fd4dd21f7f7cd38fa41244' was completed in 0.26 seconds with the score of 855.65 (29 unrouted), using 5005.61 CPU seconds and 147110 MB memory.
2026-09-11 18:29:41.869 INFO   [61525A\3C179E] Auto-router pass #320 on board '1048ef02b8fd4dd21f7f7cd38fa41244' was completed in 0.29 seconds with the score of 855.65 (29 unrouted), using 5104.70 CPU seconds and 148801 MB memory.
2026-09-11 18:29:42.143 INFO   [61525A\3C179E] Auto-router pass #321 on board '1048ef02b8fd4dd21f7f7cd38fa41244' was completed in 0.27 seconds with the score of 855.65 (29 unrouted), using 5104.70 CPU seconds and 148801 MB memory.
2026-09-11 18:29:42.413 INFO   [61525A\3C179E] Auto-router pass #322 on board '1048ef02b8fd4dd21f7f7cd38fa41244' was completed in 0.27 seconds with the score of 855.65 (29 unrouted), using 5104.70 CPU seconds and 148801 MB memory.
2026-09-11 18:29:42.686 INFO   [61525A\3C179E] Auto-router pass #323 on board '1048ef02b8fd4dd21f7f7cd38fa41244' was completed in 0.27 seconds with the score of 855.65 (29 unrouted), using 5204.75 CPU seconds and 150471 MB memory.
2026-09-11 18:29:42.980 INFO   [61525A\3C179E] Auto-router pass #324 on board '1048ef02b8fd4dd21f7f7cd38fa41244' was completed in 0.29 seconds with the score of 855.65 (29 unrouted), using 5204.75 CPU seconds and 150471 MB memory.
2026-09-11 18:29:43.255 INFO   [61525A\3C179E] Auto-router pass #325 on board '1048ef02b8fd4dd21f7f7cd38fa41244' was completed in 0.27 seconds with the score of 855.65 (29 unrouted), using 5204.75 CPU seconds and 150471 MB memory.
2026-09-11 18:29:43.528 INFO   [61525A\3C179E] Auto-router pass #326 on board '1048ef02b8fd4dd21f7f7cd38fa41244' was completed in 0.27 seconds with the score of 855.65 (29 unrouted), using 5204.75 CPU seconds and 150471 MB memory.
2026-09-11 18:29:43.801 INFO   [61525A\3C179E] Auto-router pass #327 on board '1048ef02b8fd4dd21f7f7cd38fa41244' was completed in 0.27 seconds with the score of 855.65 (29 unrouted), using 5305.78 CPU seconds and 152137 MB memory.
2026-09-11 18:29:44.090 INFO   [61525A\3C179E] Auto-router pass #328 on board '1048ef02b8fd4dd21f7f7cd38fa41244' was completed in 0.29 seconds with the score of 855.65 (29 unrouted), using 5305.78 CPU seconds and 152137 MB memory.
2026-09-11 18:29:44.356 INFO   [61525A\3C179E] Auto-router pass #329 on board '1048ef02b8fd4dd21f7f7cd38fa41244' was completed in 0.26 seconds with the score of 855.65 (29 unrouted), using 5305.78 CPU seconds and 152137 MB memory.
2026-09-11 18:29:44.622 INFO   [61525A\3C179E] Auto-router pass #330 on board '1048ef02b8fd4dd21f7f7cd38fa41244' was completed in 0.26 seconds with the score of 855.65 (29 unrouted), using 5305.78 CPU seconds and 152137 MB memory.
2026-09-11 18:29:44.897 INFO   [61525A\3C179E] Auto-router pass #331 on board '1048ef02b8fd4dd21f7f7cd38fa41244' was completed in 0.27 seconds with the score of 855.65 (29 unrouted), using 5407.78 CPU seconds and 153826 MB memory.
2026-09-11 18:29:45.196 INFO   [61525A\3C179E] Auto-router pass #332 on board '1048ef02b8fd4dd21f7f7cd38fa41244' was completed in 0.30 seconds with the score of 855.65 (29 unrouted), using 5407.78 CPU seconds and 153826 MB memory.
2026-09-11 18:29:45.470 INFO   [61525A\3C179E] Auto-router pass #333 on board '1048ef02b8fd4dd21f7f7cd38fa41244' was completed in 0.27 seconds with the score of 855.65 (29 unrouted), using 5407.78 CPU seconds and 153826 MB memory.
2026-09-11 18:29:45.741 INFO   [61525A\3C179E] Auto-router pass #334 on board '1048ef02b8fd4dd21f7f7cd38fa41244' was completed in 0.27 seconds with the score of 855.65 (29 unrouted), using 5510.75 CPU seconds and 155498 MB memory.
2026-09-11 18:29:46.015 INFO   [61525A\3C179E] Auto-router pass #335 on board '1048ef02b8fd4dd21f7f7cd38fa41244' was completed in 0.27 seconds with the score of 855.65 (29 unrouted), using 5510.75 CPU seconds and 155498 MB memory.
2026-09-11 18:29:46.311 INFO   [61525A\3C179E] Auto-router pass #336 on board '1048ef02b8fd4dd21f7f7cd38fa41244' was completed in 0.29 seconds with the score of 855.65 (29 unrouted), using 5510.75 CPU seconds and 155498 MB memory.
2026-09-11 18:29:46.580 INFO   [61525A\3C179E] Auto-router pass #337 on board '1048ef02b8fd4dd21f7f7cd38fa41244' was completed in 0.27 seconds with the score of 855.65 (29 unrouted), using 5510.75 CPU seconds and 155498 MB memory.
2026-09-11 18:29:46.848 INFO   [61525A\3C179E] Auto-router pass #338 on board '1048ef02b8fd4dd21f7f7cd38fa41244' was completed in 0.27 seconds with the score of 855.65 (29 unrouted), using 5614.68 CPU seconds and 157161 MB memory.
2026-09-11 18:29:47.121 INFO   [61525A\3C179E] Auto-router pass #339 on board '1048ef02b8fd4dd21f7f7cd38fa41244' was completed in 0.27 seconds with the score of 855.65 (29 unrouted), using 5614.68 CPU seconds and 157161 MB memory.
2026-09-11 18:29:47.413 INFO   [61525A\3C179E] Auto-router pass #340 on board '1048ef02b8fd4dd21f7f7cd38fa41244' was completed in 0.29 seconds with the score of 855.65 (29 unrouted), using 5614.68 CPU seconds and 157161 MB memory.
2026-09-11 18:29:47.687 INFO   [61525A\3C179E] Auto-router pass #341 on board '1048ef02b8fd4dd21f7f7cd38fa41244' was completed in 0.27 seconds with the score of 855.65 (29 unrouted), using 5719.58 CPU seconds and 158838 MB memory.
2026-09-11 18:29:47.955 INFO   [61525A\3C179E] Auto-router pass #342 on board '1048ef02b8fd4dd21f7f7cd38fa41244' was completed in 0.27 seconds with the score of 855.65 (29 unrouted), using 5719.58 CPU seconds and 158838 MB memory.
2026-09-11 18:29:48.222 INFO   [61525A\3C179E] Auto-router pass #343 on board '1048ef02b8fd4dd21f7f7cd38fa41244' was completed in 0.26 seconds with the score of 855.65 (29 unrouted), using 5719.58 CPU seconds and 158838 MB memory.
2026-09-11 18:29:48.511 INFO   [61525A\3C179E] Auto-router pass #344 on board '1048ef02b8fd4dd21f7f7cd38fa41244' was completed in 0.29 seconds with the score of 855.65 (29 unrouted), using 5719.58 CPU seconds and 158838 MB memory.
2026-09-11 18:29:48.781 INFO   [61525A\3C179E] Auto-router pass #345 on board '1048ef02b8fd4dd21f7f7cd38fa41244' was completed in 0.27 seconds with the score of 855.65 (29 unrouted), using 5825.45 CPU seconds and 160530 MB memory.
2026-09-11 18:29:49.049 INFO   [61525A\3C179E] Auto-router pass #346 on board '1048ef02b8fd4dd21f7f7cd38fa41244' was completed in 0.27 seconds with the score of 855.65 (29 unrouted), using 5825.45 CPU seconds and 160530 MB memory.
2026-09-11 18:29:49.311 INFO   [61525A\3C179E] Auto-router pass #347 on board '1048ef02b8fd4dd21f7f7cd38fa41244' was completed in 0.26 seconds with the score of 855.65 (29 unrouted), using 5825.45 CPU seconds and 160530 MB memory.
2026-09-11 18:29:49.608 INFO   [61525A\3C179E] Auto-router pass #348 on board '1048ef02b8fd4dd21f7f7cd38fa41244' was completed in 0.29 seconds with the score of 855.65 (29 unrouted), using 5825.45 CPU seconds and 160530 MB memory.
2026-09-11 18:29:49.873 INFO   [61525A\3C179E] Auto-router pass #349 on board '1048ef02b8fd4dd21f7f7cd38fa41244' was completed in 0.26 seconds with the score of 855.65 (29 unrouted), using 5932.30 CPU seconds and 162231 MB memory.
2026-09-11 18:29:50.140 INFO   [61525A\3C179E] Auto-router pass #350 on board '1048ef02b8fd4dd21f7f7cd38fa41244' was completed in 0.26 seconds with the score of 855.65 (29 unrouted), using 5932.30 CPU seconds and 162231 MB memory.
2026-09-11 18:29:50.414 INFO   [61525A\3C179E] Auto-router pass #351 on board '1048ef02b8fd4dd21f7f7cd38fa41244' was completed in 0.27 seconds with the score of 855.65 (29 unrouted), using 5932.30 CPU seconds and 162231 MB memory.
2026-09-11 18:29:50.712 INFO   [61525A\3C179E] Auto-router pass #352 on board '1048ef02b8fd4dd21f7f7cd38fa41244' was completed in 0.29 seconds with the score of 855.65 (29 unrouted), using 6040.12 CPU seconds and 163905 MB memory.
2026-09-11 18:29:50.982 INFO   [61525A\3C179E] Auto-router pass #353 on board '1048ef02b8fd4dd21f7f7cd38fa41244' was completed in 0.27 seconds with the score of 855.65 (29 unrouted), using 6040.12 CPU seconds and 163905 MB memory.
2026-09-11 18:29:51.251 INFO   [61525A\3C179E] Auto-router pass #354 on board '1048ef02b8fd4dd21f7f7cd38fa41244' was completed in 0.27 seconds with the score of 855.65 (29 unrouted), using 6040.12 CPU seconds and 163905 MB memory.
2026-09-11 18:29:51.518 INFO   [61525A\3C179E] Auto-router pass #355 on board '1048ef02b8fd4dd21f7f7cd38fa41244' was completed in 0.26 seconds with the score of 855.65 (29 unrouted), using 6040.12 CPU seconds and 163905 MB memory.
2026-09-11 18:29:51.811 INFO   [61525A\3C179E] Auto-router pass #356 on board '1048ef02b8fd4dd21f7f7cd38fa41244' was completed in 0.29 seconds with the score of 855.65 (29 unrouted), using 6148.91 CPU seconds and 165608 MB memory.
2026-09-11 18:29:52.077 INFO   [61525A\3C179E] Auto-router pass #357 on board '1048ef02b8fd4dd21f7f7cd38fa41244' was completed in 0.26 seconds with the score of 855.65 (29 unrouted), using 6148.91 CPU seconds and 165608 MB memory.
2026-09-11 18:29:52.356 INFO   [61525A\3C179E] Auto-router pass #358 on board '1048ef02b8fd4dd21f7f7cd38fa41244' was completed in 0.28 seconds with the score of 855.65 (29 unrouted), using 6148.91 CPU seconds and 165608 MB memory.
2026-09-11 18:29:52.628 INFO   [61525A\3C179E] Auto-router pass #359 on board '1048ef02b8fd4dd21f7f7cd38fa41244' was completed in 0.27 seconds with the score of 855.65 (29 unrouted), using 6148.91 CPU seconds and 165608 MB memory.
2026-09-11 18:29:52.923 INFO   [61525A\3C179E] Auto-router pass #360 on board '1048ef02b8fd4dd21f7f7cd38fa41244' was completed in 0.29 seconds with the score of 855.65 (29 unrouted), using 6258.66 CPU seconds and 167270 MB memory.
2026-09-11 18:29:53.192 INFO   [61525A\3C179E] Auto-router pass #361 on board '1048ef02b8fd4dd21f7f7cd38fa41244' was completed in 0.27 seconds with the score of 855.65 (29 unrouted), using 6258.66 CPU seconds and 167270 MB memory.
2026-09-11 18:29:53.462 INFO   [61525A\3C179E] Auto-router pass #362 on board '1048ef02b8fd4dd21f7f7cd38fa41244' was completed in 0.27 seconds with the score of 855.65 (29 unrouted), using 6258.66 CPU seconds and 167270 MB memory.
2026-09-11 18:29:53.728 INFO   [61525A\3C179E] Auto-router pass #363 on board '1048ef02b8fd4dd21f7f7cd38fa41244' was completed in 0.26 seconds with the score of 855.65 (29 unrouted), using 6369.38 CPU seconds and 168963 MB memory.
2026-09-11 18:29:54.027 INFO   [61525A\3C179E] Auto-router pass #364 on board '1048ef02b8fd4dd21f7f7cd38fa41244' was completed in 0.29 seconds with the score of 855.65 (29 unrouted), using 6369.38 CPU seconds and 168963 MB memory.
2026-09-11 18:29:54.299 INFO   [61525A\3C179E] Auto-router pass #365 on board '1048ef02b8fd4dd21f7f7cd38fa41244' was completed in 0.27 seconds with the score of 855.65 (29 unrouted), using 6369.38 CPU seconds and 168963 MB memory.
2026-09-11 18:29:54.572 INFO   [61525A\3C179E] Auto-router pass #366 on board '1048ef02b8fd4dd21f7f7cd38fa41244' was completed in 0.27 seconds with the score of 855.65 (29 unrouted), using 6369.38 CPU seconds and 168963 MB memory.
2026-09-11 18:29:54.839 INFO   [61525A\3C179E] Auto-router pass #367 on board '1048ef02b8fd4dd21f7f7cd38fa41244' was completed in 0.26 seconds with the score of 855.65 (29 unrouted), using 6481.08 CPU seconds and 170627 MB memory.
2026-09-11 18:29:55.136 INFO   [61525A\3C179E] Auto-router pass #368 on board '1048ef02b8fd4dd21f7f7cd38fa41244' was completed in 0.29 seconds with the score of 855.65 (29 unrouted), using 6481.08 CPU seconds and 170627 MB memory.
2026-09-11 18:29:55.406 INFO   [61525A\3C179E] Auto-router pass #369 on board '1048ef02b8fd4dd21f7f7cd38fa41244' was completed in 0.26 seconds with the score of 855.65 (29 unrouted), using 6481.08 CPU seconds and 170627 MB memory.
2026-09-11 18:29:55.676 INFO   [61525A\3C179E] Auto-router pass #370 on board '1048ef02b8fd4dd21f7f7cd38fa41244' was completed in 0.27 seconds with the score of 855.65 (29 unrouted), using 6481.08 CPU seconds and 170627 MB memory.
2026-09-11 18:29:55.945 INFO   [61525A\3C179E] Auto-router pass #371 on board '1048ef02b8fd4dd21f7f7cd38fa41244' was completed in 0.27 seconds with the score of 855.65 (29 unrouted), using 6593.74 CPU seconds and 172307 MB memory.
2026-09-11 18:29:56.238 INFO   [61525A\3C179E] Auto-router pass #372 on board '1048ef02b8fd4dd21f7f7cd38fa41244' was completed in 0.29 seconds with the score of 855.65 (29 unrouted), using 6593.74 CPU seconds and 172307 MB memory.
2026-09-11 18:29:56.509 INFO   [61525A\3C179E] Auto-router pass #373 on board '1048ef02b8fd4dd21f7f7cd38fa41244' was completed in 0.27 seconds with the score of 855.65 (29 unrouted), using 6593.74 CPU seconds and 172307 MB memory.
2026-09-11 18:29:56.782 INFO   [61525A\3C179E] Auto-router pass #374 on board '1048ef02b8fd4dd21f7f7cd38fa41244' was completed in 0.27 seconds with the score of 855.65 (29 unrouted), using 6707.37 CPU seconds and 173984 MB memory.
2026-09-11 18:29:57.050 INFO   [61525A\3C179E] Auto-router pass #375 on board '1048ef02b8fd4dd21f7f7cd38fa41244' was completed in 0.27 seconds with the score of 855.65 (29 unrouted), using 6707.37 CPU seconds and 173984 MB memory.
2026-09-11 18:29:57.352 INFO   [61525A\3C179E] Auto-router pass #376 on board '1048ef02b8fd4dd21f7f7cd38fa41244' was completed in 0.30 seconds with the score of 855.65 (29 unrouted), using 6707.37 CPU seconds and 173984 MB memory.
2026-09-11 18:29:57.615 INFO   [61525A\3C179E] Auto-router pass #377 on board '1048ef02b8fd4dd21f7f7cd38fa41244' was completed in 0.26 seconds with the score of 855.65 (29 unrouted), using 6707.37 CPU seconds and 173984 MB memory.
2026-09-11 18:29:57.888 INFO   [61525A\3C179E] Auto-router pass #378 on board '1048ef02b8fd4dd21f7f7cd38fa41244' was completed in 0.27 seconds with the score of 855.65 (29 unrouted), using 6821.97 CPU seconds and 175660 MB memory.
2026-09-11 18:29:58.158 INFO   [61525A\3C179E] Auto-router pass #379 on board '1048ef02b8fd4dd21f7f7cd38fa41244' was completed in 0.27 seconds with the score of 855.65 (29 unrouted), using 6821.97 CPU seconds and 175660 MB memory.
2026-09-11 18:29:58.456 INFO   [61525A\3C179E] Auto-router pass #380 on board '1048ef02b8fd4dd21f7f7cd38fa41244' was completed in 0.29 seconds with the score of 855.65 (29 unrouted), using 6821.97 CPU seconds and 175660 MB memory.
2026-09-11 18:29:58.726 INFO   [61525A\3C179E] Auto-router pass #381 on board '1048ef02b8fd4dd21f7f7cd38fa41244' was completed in 0.27 seconds with the score of 855.65 (29 unrouted), using 6937.54 CPU seconds and 177334 MB memory.
2026-09-11 18:29:58.995 INFO   [61525A\3C179E] Auto-router pass #382 on board '1048ef02b8fd4dd21f7f7cd38fa41244' was completed in 0.27 seconds with the score of 855.65 (29 unrouted), using 6937.54 CPU seconds and 177334 MB memory.
2026-09-11 18:29:59.262 INFO   [61525A\3C179E] Auto-router pass #383 on board '1048ef02b8fd4dd21f7f7cd38fa41244' was completed in 0.26 seconds with the score of 855.65 (29 unrouted), using 6937.54 CPU seconds and 177334 MB memory.
2026-09-11 18:29:59.561 INFO   [61525A\3C179E] Auto-router pass #384 on board '1048ef02b8fd4dd21f7f7cd38fa41244' was completed in 0.30 seconds with the score of 855.65 (29 unrouted), using 6937.54 CPU seconds and 177334 MB memory.
2026-09-11 18:29:59.833 INFO   [61525A\3C179E] Auto-router pass #385 on board '1048ef02b8fd4dd21f7f7cd38fa41244' was completed in 0.27 seconds with the score of 855.65 (29 unrouted), using 7054.09 CPU seconds and 179010 MB memory.
2026-09-11 18:30:00.107 INFO   [61525A\3C179E] Auto-router pass #386 on board '1048ef02b8fd4dd21f7f7cd38fa41244' was completed in 0.27 seconds with the score of 855.65 (29 unrouted), using 7054.09 CPU seconds and 179010 MB memory.
2026-09-11 18:30:00.377 INFO   [61525A\3C179E] Auto-router pass #387 on board '1048ef02b8fd4dd21f7f7cd38fa41244' was completed in 0.27 seconds with the score of 855.65 (29 unrouted), using 7054.09 CPU seconds and 179010 MB memory.
2026-09-11 18:30:00.669 INFO   [61525A\3C179E] Auto-router pass #388 on board '1048ef02b8fd4dd21f7f7cd38fa41244' was completed in 0.29 seconds with the score of 855.65 (29 unrouted), using 7054.09 CPU seconds and 179010 MB memory.
2026-09-11 18:30:00.936 INFO   [61525A\3C179E] Auto-router pass #389 on board '1048ef02b8fd4dd21f7f7cd38fa41244' was completed in 0.26 seconds with the score of 855.65 (29 unrouted), using 7171.61 CPU seconds and 180680 MB memory.
2026-09-11 18:30:01.214 INFO   [61525A\3C179E] Auto-router pass #390 on board '1048ef02b8fd4dd21f7f7cd38fa41244' was completed in 0.28 seconds with the score of 855.65 (29 unrouted), using 7171.61 CPU seconds and 180680 MB memory.
2026-09-11 18:30:01.487 INFO   [61525A\3C179E] Auto-router pass #391 on board '1048ef02b8fd4dd21f7f7cd38fa41244' was completed in 0.27 seconds with the score of 855.65 (29 unrouted), using 7171.61 CPU seconds and 180680 MB memory.
2026-09-11 18:30:01.783 INFO   [61525A\3C179E] Auto-router pass #392 on board '1048ef02b8fd4dd21f7f7cd38fa41244' was completed in 0.29 seconds with the score of 855.65 (29 unrouted), using 7290.09 CPU seconds and 182356 MB memory.
2026-09-11 18:30:02.060 INFO   [61525A\3C179E] Auto-router pass #393 on board '1048ef02b8fd4dd21f7f7cd38fa41244' was completed in 0.27 seconds with the score of 855.65 (29 unrouted), using 7290.09 CPU seconds and 182356 MB memory.
2026-09-11 18:30:02.338 INFO   [61525A\3C179E] Auto-router pass #394 on board '1048ef02b8fd4dd21f7f7cd38fa41244' was completed in 0.27 seconds with the score of 855.65 (29 unrouted), using 7290.09 CPU seconds and 182356 MB memory.
2026-09-11 18:30:02.608 INFO   [61525A\3C179E] Auto-router pass #395 on board '1048ef02b8fd4dd21f7f7cd38fa41244' was completed in 0.27 seconds with the score of 855.65 (29 unrouted), using 7290.09 CPU seconds and 182356 MB memory.
2026-09-11 18:30:02.902 INFO   [61525A\3C179E] Auto-router pass #396 on board '1048ef02b8fd4dd21f7f7cd38fa41244' was completed in 0.29 seconds with the score of 855.65 (29 unrouted), using 7409.54 CPU seconds and 184015 MB memory.
2026-09-11 18:30:03.171 INFO   [61525A\3C179E] Auto-router pass #397 on board '1048ef02b8fd4dd21f7f7cd38fa41244' was completed in 0.27 seconds with the score of 855.65 (29 unrouted), using 7409.54 CPU seconds and 184015 MB memory.
2026-09-11 18:30:03.437 INFO   [61525A\3C179E] Auto-router pass #398 on board '1048ef02b8fd4dd21f7f7cd38fa41244' was completed in 0.26 seconds with the score of 855.65 (29 unrouted), using 7409.54 CPU seconds and 184015 MB memory.
2026-09-11 18:30:03.708 INFO   [61525A\3C179E] Auto-router pass #399 on board '1048ef02b8fd4dd21f7f7cd38fa41244' was completed in 0.27 seconds with the score of 855.65 (29 unrouted), using 7529.96 CPU seconds and 185702 MB memory.
2026-09-11 18:30:03.998 INFO   [61525A\3C179E] Auto-router pass #400 on board '1048ef02b8fd4dd21f7f7cd38fa41244' was completed in 0.29 seconds with the score of 855.65 (29 unrouted), using 7529.96 CPU seconds and 185702 MB memory.
2026-09-11 18:30:04.267 INFO   [61525A\3C179E] Auto-router pass #401 on board '1048ef02b8fd4dd21f7f7cd38fa41244' was completed in 0.27 seconds with the score of 855.65 (29 unrouted), using 7529.96 CPU seconds and 185702 MB memory.
2026-09-11 18:30:04.541 INFO   [61525A\3C179E] Auto-router pass #402 on board '1048ef02b8fd4dd21f7f7cd38fa41244' was completed in 0.27 seconds with the score of 855.65 (29 unrouted), using 7529.96 CPU seconds and 185702 MB memory.
2026-09-11 18:30:04.814 INFO   [61525A\3C179E] Auto-router pass #403 on board '1048ef02b8fd4dd21f7f7cd38fa41244' was completed in 0.27 seconds with the score of 855.65 (29 unrouted), using 7651.35 CPU seconds and 187387 MB memory.
2026-09-11 18:30:05.112 INFO   [61525A\3C179E] Auto-router pass #404 on board '1048ef02b8fd4dd21f7f7cd38fa41244' was completed in 0.29 seconds with the score of 855.65 (29 unrouted), using 7651.35 CPU seconds and 187387 MB memory.
2026-09-11 18:30:05.387 INFO   [61525A\3C179E] Auto-router pass #405 on board '1048ef02b8fd4dd21f7f7cd38fa41244' was completed in 0.27 seconds with the score of 855.65 (29 unrouted), using 7651.35 CPU seconds and 187387 MB memory.
2026-09-11 18:30:05.658 INFO   [61525A\3C179E] Auto-router pass #406 on board '1048ef02b8fd4dd21f7f7cd38fa41244' was completed in 0.27 seconds with the score of 855.65 (29 unrouted), using 7651.35 CPU seconds and 187387 MB memory.
2026-09-11 18:30:05.927 INFO   [61525A\3C179E] Auto-router pass #407 on board '1048ef02b8fd4dd21f7f7cd38fa41244' was completed in 0.27 seconds with the score of 855.65 (29 unrouted), using 7773.70 CPU seconds and 189045 MB memory.
2026-09-11 18:30:06.231 INFO   [61525A\3C179E] Auto-router pass #408 on board '1048ef02b8fd4dd21f7f7cd38fa41244' was completed in 0.30 seconds with the score of 855.65 (29 unrouted), using 7773.70 CPU seconds and 189045 MB memory.
2026-09-11 18:30:06.501 INFO   [61525A\3C179E] Auto-router pass #409 on board '1048ef02b8fd4dd21f7f7cd38fa41244' was completed in 0.27 seconds with the score of 855.65 (29 unrouted), using 7773.70 CPU seconds and 189045 MB memory.
2026-09-11 18:30:06.773 INFO   [61525A\3C179E] Auto-router pass #410 on board '1048ef02b8fd4dd21f7f7cd38fa41244' was completed in 0.27 seconds with the score of 855.65 (29 unrouted), using 7897.02 CPU seconds and 190708 MB memory.
2026-09-11 18:30:07.045 INFO   [61525A\3C179E] Auto-router pass #411 on board '1048ef02b8fd4dd21f7f7cd38fa41244' was completed in 0.27 seconds with the score of 855.65 (29 unrouted), using 7897.02 CPU seconds and 190708 MB memory.
2026-09-11 18:30:07.352 INFO   [61525A\3C179E] Auto-router pass #412 on board '1048ef02b8fd4dd21f7f7cd38fa41244' was completed in 0.30 seconds with the score of 855.65 (29 unrouted), using 7897.02 CPU seconds and 190708 MB memory.
2026-09-11 18:30:07.619 INFO   [61525A\3C179E] Auto-router pass #413 on board '1048ef02b8fd4dd21f7f7cd38fa41244' was completed in 0.27 seconds with the score of 855.65 (29 unrouted), using 7897.02 CPU seconds and 190708 MB memory.
2026-09-11 18:30:07.889 INFO   [61525A\3C179E] Auto-router pass #414 on board '1048ef02b8fd4dd21f7f7cd38fa41244' was completed in 0.27 seconds with the score of 855.65 (29 unrouted), using 8021.31 CPU seconds and 192366 MB memory.
2026-09-11 18:30:08.159 INFO   [61525A\3C179E] Auto-router pass #415 on board '1048ef02b8fd4dd21f7f7cd38fa41244' was completed in 0.27 seconds with the score of 855.65 (29 unrouted), using 8021.31 CPU seconds and 192366 MB memory.
2026-09-11 18:30:08.453 INFO   [61525A\3C179E] Auto-router pass #416 on board '1048ef02b8fd4dd21f7f7cd38fa41244' was completed in 0.29 seconds with the score of 855.65 (29 unrouted), using 8021.31 CPU seconds and 192366 MB memory.
2026-09-11 18:30:08.722 INFO   [61525A\3C179E] Auto-router pass #417 on board '1048ef02b8fd4dd21f7f7cd38fa41244' was completed in 0.27 seconds with the score of 855.65 (29 unrouted), using 8146.56 CPU seconds and 194053 MB memory.
2026-09-11 18:30:08.993 INFO   [61525A\3C179E] Auto-router pass #418 on board '1048ef02b8fd4dd21f7f7cd38fa41244' was completed in 0.27 seconds with the score of 855.65 (29 unrouted), using 8146.56 CPU seconds and 194053 MB memory.
2026-09-11 18:30:09.257 INFO   [61525A\3C179E] Auto-router pass #419 on board '1048ef02b8fd4dd21f7f7cd38fa41244' was completed in 0.26 seconds with the score of 855.65 (29 unrouted), using 8146.56 CPU seconds and 194053 MB memory.
2026-09-11 18:30:09.546 INFO   [61525A\3C179E] Auto-router pass #420 on board '1048ef02b8fd4dd21f7f7cd38fa41244' was completed in 0.29 seconds with the score of 855.65 (29 unrouted), using 8146.56 CPU seconds and 194053 MB memory.
2026-09-11 18:30:09.812 INFO   [61525A\3C179E] Auto-router pass #421 on board '1048ef02b8fd4dd21f7f7cd38fa41244' was completed in 0.26 seconds with the score of 855.65 (29 unrouted), using 8272.80 CPU seconds and 195748 MB memory.
2026-09-11 18:30:10.083 INFO   [61525A\3C179E] Auto-router pass #422 on board '1048ef02b8fd4dd21f7f7cd38fa41244' was completed in 0.27 seconds with the score of 855.65 (29 unrouted), using 8272.80 CPU seconds and 195748 MB memory.
2026-09-11 18:30:10.354 INFO   [61525A\3C179E] Auto-router pass #423 on board '1048ef02b8fd4dd21f7f7cd38fa41244' was completed in 0.27 seconds with the score of 855.65 (29 unrouted), using 8272.80 CPU seconds and 195748 MB memory.
2026-09-11 18:30:10.649 INFO   [61525A\3C179E] Auto-router pass #424 on board '1048ef02b8fd4dd21f7f7cd38fa41244' was completed in 0.29 seconds with the score of 855.65 (29 unrouted), using 8272.80 CPU seconds and 195748 MB memory.
2026-09-11 18:30:10.919 INFO   [61525A\3C179E] Auto-router pass #425 on board '1048ef02b8fd4dd21f7f7cd38fa41244' was completed in 0.27 seconds with the score of 855.65 (29 unrouted), using 8400.01 CPU seconds and 197428 MB memory.
2026-09-11 18:30:11.191 INFO   [61525A\3C179E] Auto-router pass #426 on board '1048ef02b8fd4dd21f7f7cd38fa41244' was completed in 0.27 seconds with the score of 855.65 (29 unrouted), using 8400.01 CPU seconds and 197428 MB memory.
2026-09-11 18:30:11.459 INFO   [61525A\3C179E] Auto-router pass #427 on board '1048ef02b8fd4dd21f7f7cd38fa41244' was completed in 0.27 seconds with the score of 855.65 (29 unrouted), using 8400.01 CPU seconds and 197428 MB memory.
2026-09-11 18:30:11.755 INFO   [61525A\3C179E] Auto-router pass #428 on board '1048ef02b8fd4dd21f7f7cd38fa41244' was completed in 0.29 seconds with the score of 855.65 (29 unrouted), using 8528.18 CPU seconds and 199107 MB memory.
2026-09-11 18:30:12.022 INFO   [61525A\3C179E] Auto-router pass #429 on board '1048ef02b8fd4dd21f7f7cd38fa41244' was completed in 0.26 seconds with the score of 855.65 (29 unrouted), using 8528.18 CPU seconds and 199107 MB memory.
2026-09-11 18:30:12.289 INFO   [61525A\3C179E] Auto-router pass #430 on board '1048ef02b8fd4dd21f7f7cd38fa41244' was completed in 0.27 seconds with the score of 855.65 (29 unrouted), using 8528.18 CPU seconds and 199107 MB memory.
2026-09-11 18:30:12.556 INFO   [61525A\3C179E] Auto-router pass #431 on board '1048ef02b8fd4dd21f7f7cd38fa41244' was completed in 0.26 seconds with the score of 855.65 (29 unrouted), using 8528.18 CPU seconds and 199107 MB memory.
2026-09-11 18:30:12.846 INFO   [61525A\3C179E] Auto-router pass #432 on board '1048ef02b8fd4dd21f7f7cd38fa41244' was completed in 0.29 seconds with the score of 855.65 (29 unrouted), using 8657.33 CPU seconds and 200806 MB memory.
2026-09-11 18:30:13.121 INFO   [61525A\3C179E] Auto-router pass #433 on board '1048ef02b8fd4dd21f7f7cd38fa41244' was completed in 0.27 seconds with the score of 855.65 (29 unrouted), using 8657.33 CPU seconds and 200806 MB memory.
2026-09-11 18:30:13.388 INFO   [61525A\3C179E] Auto-router pass #434 on board '1048ef02b8fd4dd21f7f7cd38fa41244' was completed in 0.26 seconds with the score of 855.65 (29 unrouted), using 8657.33 CPU seconds and 200806 MB memory.
2026-09-11 18:30:13.652 INFO   [61525A\3C179E] Auto-router pass #435 on board '1048ef02b8fd4dd21f7f7cd38fa41244' was completed in 0.26 seconds with the score of 855.65 (29 unrouted), using 8657.33 CPU seconds and 200806 MB memory.
2026-09-11 18:30:13.944 INFO   [61525A\3C179E] Auto-router pass #436 on board '1048ef02b8fd4dd21f7f7cd38fa41244' was completed in 0.29 seconds with the score of 855.65 (29 unrouted), using 8787.46 CPU seconds and 202503 MB memory.
2026-09-11 18:30:14.210 INFO   [61525A\3C179E] Auto-router pass #437 on board '1048ef02b8fd4dd21f7f7cd38fa41244' was completed in 0.26 seconds with the score of 855.65 (29 unrouted), using 8787.46 CPU seconds and 202503 MB memory.
2026-09-11 18:30:14.477 INFO   [61525A\3C179E] Auto-router pass #438 on board '1048ef02b8fd4dd21f7f7cd38fa41244' was completed in 0.26 seconds with the score of 855.65 (29 unrouted), using 8787.46 CPU seconds and 202503 MB memory.
2026-09-11 18:30:14.747 INFO   [61525A\3C179E] Auto-router pass #439 on board '1048ef02b8fd4dd21f7f7cd38fa41244' was completed in 0.27 seconds with the score of 855.65 (29 unrouted), using 8918.55 CPU seconds and 204202 MB memory.
2026-09-11 18:30:15.044 INFO   [61525A\3C179E] Auto-router pass #440 on board '1048ef02b8fd4dd21f7f7cd38fa41244' was completed in 0.29 seconds with the score of 855.65 (29 unrouted), using 8918.55 CPU seconds and 204202 MB memory.
2026-09-11 18:30:15.312 INFO   [61525A\3C179E] Auto-router pass #441 on board '1048ef02b8fd4dd21f7f7cd38fa41244' was completed in 0.27 seconds with the score of 855.65 (29 unrouted), using 8918.55 CPU seconds and 204202 MB memory.
2026-09-11 18:30:15.582 INFO   [61525A\3C179E] Auto-router pass #442 on board '1048ef02b8fd4dd21f7f7cd38fa41244' was completed in 0.27 seconds with the score of 855.65 (29 unrouted), using 8918.55 CPU seconds and 204202 MB memory.
2026-09-11 18:30:15.850 INFO   [61525A\3C179E] Auto-router pass #443 on board '1048ef02b8fd4dd21f7f7cd38fa41244' was completed in 0.27 seconds with the score of 855.65 (29 unrouted), using 9050.63 CPU seconds and 205885 MB memory.
2026-09-11 18:30:16.146 INFO   [61525A\3C179E] Auto-router pass #444 on board '1048ef02b8fd4dd21f7f7cd38fa41244' was completed in 0.29 seconds with the score of 855.65 (29 unrouted), using 9050.63 CPU seconds and 205885 MB memory.
2026-09-11 18:30:16.414 INFO   [61525A\3C179E] Auto-router pass #445 on board '1048ef02b8fd4dd21f7f7cd38fa41244' was completed in 0.27 seconds with the score of 855.65 (29 unrouted), using 9050.63 CPU seconds and 205885 MB memory.
2026-09-11 18:30:16.678 INFO   [61525A\3C179E] Auto-router pass #446 on board '1048ef02b8fd4dd21f7f7cd38fa41244' was completed in 0.26 seconds with the score of 855.65 (29 unrouted), using 9050.63 CPU seconds and 205885 MB memory.
2026-09-11 18:30:16.948 INFO   [61525A\3C179E] Auto-router pass #447 on board '1048ef02b8fd4dd21f7f7cd38fa41244' was completed in 0.27 seconds with the score of 855.65 (29 unrouted), using 9183.67 CPU seconds and 207569 MB memory.
2026-09-11 18:30:17.245 INFO   [61525A\3C179E] Auto-router pass #448 on board '1048ef02b8fd4dd21f7f7cd38fa41244' was completed in 0.29 seconds with the score of 855.65 (29 unrouted), using 9183.67 CPU seconds and 207569 MB memory.
2026-09-11 18:30:17.518 INFO   [61525A\3C179E] Auto-router pass #449 on board '1048ef02b8fd4dd21f7f7cd38fa41244' was completed in 0.27 seconds with the score of 855.65 (29 unrouted), using 9183.67 CPU seconds and 207569 MB memory.
2026-09-11 18:30:17.784 INFO   [61525A\3C179E] Auto-router pass #450 on board '1048ef02b8fd4dd21f7f7cd38fa41244' was completed in 0.26 seconds with the score of 855.65 (29 unrouted), using 9317.69 CPU seconds and 209254 MB memory.
2026-09-11 18:30:18.059 INFO   [61525A\3C179E] Auto-router pass #451 on board '1048ef02b8fd4dd21f7f7cd38fa41244' was completed in 0.27 seconds with the score of 855.65 (29 unrouted), using 9317.69 CPU seconds and 209254 MB memory.
2026-09-11 18:30:18.350 INFO   [61525A\3C179E] Auto-router pass #452 on board '1048ef02b8fd4dd21f7f7cd38fa41244' was completed in 0.29 seconds with the score of 855.65 (29 unrouted), using 9317.69 CPU seconds and 209254 MB memory.
2026-09-11 18:30:18.621 INFO   [61525A\3C179E] Auto-router pass #453 on board '1048ef02b8fd4dd21f7f7cd38fa41244' was completed in 0.27 seconds with the score of 855.65 (29 unrouted), using 9317.69 CPU seconds and 209254 MB memory.
2026-09-11 18:30:18.890 INFO   [61525A\3C179E] Auto-router pass #454 on board '1048ef02b8fd4dd21f7f7cd38fa41244' was completed in 0.27 seconds with the score of 855.65 (29 unrouted), using 9452.67 CPU seconds and 210932 MB memory.
2026-09-11 18:30:19.156 INFO   [61525A\3C179E] Auto-router pass #455 on board '1048ef02b8fd4dd21f7f7cd38fa41244' was completed in 0.26 seconds with the score of 855.65 (29 unrouted), using 9452.67 CPU seconds and 210932 MB memory.
2026-09-11 18:30:19.448 INFO   [61525A\3C179E] Auto-router pass #456 on board '1048ef02b8fd4dd21f7f7cd38fa41244' was completed in 0.29 seconds with the score of 855.65 (29 unrouted), using 9452.67 CPU seconds and 210932 MB memory.
2026-09-11 18:30:19.719 INFO   [61525A\3C179E] Auto-router pass #457 on board '1048ef02b8fd4dd21f7f7cd38fa41244' was completed in 0.27 seconds with the score of 855.65 (29 unrouted), using 9588.62 CPU seconds and 212616 MB memory.
2026-09-11 18:30:19.988 INFO   [61525A\3C179E] Auto-router pass #458 on board '1048ef02b8fd4dd21f7f7cd38fa41244' was completed in 0.27 seconds with the score of 855.65 (29 unrouted), using 9588.62 CPU seconds and 212616 MB memory.
2026-09-11 18:30:20.256 INFO   [61525A\3C179E] Auto-router pass #459 on board '1048ef02b8fd4dd21f7f7cd38fa41244' was completed in 0.27 seconds with the score of 855.65 (29 unrouted), using 9588.62 CPU seconds and 212616 MB memory.
2026-09-11 18:30:20.561 INFO   [61525A\3C179E] Auto-router pass #460 on board '1048ef02b8fd4dd21f7f7cd38fa41244' was completed in 0.30 seconds with the score of 855.65 (29 unrouted), using 9588.62 CPU seconds and 212616 MB memory.
2026-09-11 18:30:20.838 INFO   [61525A\3C179E] Auto-router pass #461 on board '1048ef02b8fd4dd21f7f7cd38fa41244' was completed in 0.28 seconds with the score of 855.65 (29 unrouted), using 9725.53 CPU seconds and 214280 MB memory.
2026-09-11 18:30:21.109 INFO   [61525A\3C179E] Auto-router pass #462 on board '1048ef02b8fd4dd21f7f7cd38fa41244' was completed in 0.27 seconds with the score of 855.65 (29 unrouted), using 9725.53 CPU seconds and 214280 MB memory.
2026-09-11 18:30:21.379 INFO   [61525A\3C179E] Auto-router pass #463 on board '1048ef02b8fd4dd21f7f7cd38fa41244' was completed in 0.27 seconds with the score of 855.65 (29 unrouted), using 9725.53 CPU seconds and 214280 MB memory.
2026-09-11 18:30:21.678 INFO   [61525A\3C179E] Auto-router pass #464 on board '1048ef02b8fd4dd21f7f7cd38fa41244' was completed in 0.30 seconds with the score of 855.65 (29 unrouted), using 9725.53 CPU seconds and 214280 MB memory.
2026-09-11 18:30:21.952 INFO   [61525A\3C179E] Auto-router pass #465 on board '1048ef02b8fd4dd21f7f7cd38fa41244' was completed in 0.27 seconds with the score of 855.65 (29 unrouted), using 9863.40 CPU seconds and 215941 MB memory.
2026-09-11 18:30:22.220 INFO   [61525A\3C179E] Auto-router pass #466 on board '1048ef02b8fd4dd21f7f7cd38fa41244' was completed in 0.27 seconds with the score of 855.65 (29 unrouted), using 9863.40 CPU seconds and 215941 MB memory.
2026-09-11 18:30:22.489 INFO   [61525A\3C179E] Auto-router pass #467 on board '1048ef02b8fd4dd21f7f7cd38fa41244' was completed in 0.27 seconds with the score of 855.65 (29 unrouted), using 9863.40 CPU seconds and 215941 MB memory.
2026-09-11 18:30:22.781 INFO   [61525A\3C179E] Auto-router pass #468 on board '1048ef02b8fd4dd21f7f7cd38fa41244' was completed in 0.29 seconds with the score of 855.65 (29 unrouted), using 10002.26 CPU seconds and 217628 MB memory.
2026-09-11 18:30:23.057 INFO   [61525A\3C179E] Auto-router pass #469 on board '1048ef02b8fd4dd21f7f7cd38fa41244' was completed in 0.27 seconds with the score of 855.65 (29 unrouted), using 10002.26 CPU seconds and 217628 MB memory.
2026-09-11 18:30:23.325 INFO   [61525A\3C179E] Auto-router pass #470 on board '1048ef02b8fd4dd21f7f7cd38fa41244' was completed in 0.27 seconds with the score of 855.65 (29 unrouted), using 10002.26 CPU seconds and 217628 MB memory.
2026-09-11 18:30:23.595 INFO   [61525A\3C179E] Auto-router pass #471 on board '1048ef02b8fd4dd21f7f7cd38fa41244' was completed in 0.27 seconds with the score of 855.65 (29 unrouted), using 10002.26 CPU seconds and 217628 MB memory.
2026-09-11 18:30:23.886 INFO   [61525A\3C179E] Auto-router pass #472 on board '1048ef02b8fd4dd21f7f7cd38fa41244' was completed in 0.29 seconds with the score of 855.65 (29 unrouted), using 10142.08 CPU seconds and 219305 MB memory.
2026-09-11 18:30:24.154 INFO   [61525A\3C179E] Auto-router pass #473 on board '1048ef02b8fd4dd21f7f7cd38fa41244' was completed in 0.26 seconds with the score of 855.65 (29 unrouted), using 10142.08 CPU seconds and 219305 MB memory.
2026-09-11 18:30:24.421 INFO   [61525A\3C179E] Auto-router pass #474 on board '1048ef02b8fd4dd21f7f7cd38fa41244' was completed in 0.26 seconds with the score of 855.65 (29 unrouted), using 10142.08 CPU seconds and 219305 MB memory.
2026-09-11 18:30:24.692 INFO   [61525A\3C179E] Auto-router pass #475 on board '1048ef02b8fd4dd21f7f7cd38fa41244' was completed in 0.27 seconds with the score of 855.65 (29 unrouted), using 10142.08 CPU seconds and 219305 MB memory.
2026-09-11 18:30:24.983 INFO   [61525A\3C179E] Auto-router pass #476 on board '1048ef02b8fd4dd21f7f7cd38fa41244' was completed in 0.29 seconds with the score of 855.65 (29 unrouted), using 10282.88 CPU seconds and 221002 MB memory.
2026-09-11 18:30:25.252 INFO   [61525A\3C179E] Auto-router pass #477 on board '1048ef02b8fd4dd21f7f7cd38fa41244' was completed in 0.27 seconds with the score of 855.65 (29 unrouted), using 10282.88 CPU seconds and 221002 MB memory.
2026-09-11 18:30:25.524 INFO   [61525A\3C179E] Auto-router pass #478 on board '1048ef02b8fd4dd21f7f7cd38fa41244' was completed in 0.27 seconds with the score of 855.65 (29 unrouted), using 10282.88 CPU seconds and 221002 MB memory.
2026-09-11 18:30:25.796 INFO   [61525A\3C179E] Auto-router pass #479 on board '1048ef02b8fd4dd21f7f7cd38fa41244' was completed in 0.27 seconds with the score of 855.65 (29 unrouted), using 10424.65 CPU seconds and 222683 MB memory.
2026-09-11 18:30:26.091 INFO   [61525A\3C179E] Auto-router pass #480 on board '1048ef02b8fd4dd21f7f7cd38fa41244' was completed in 0.29 seconds with the score of 855.65 (29 unrouted), using 10424.65 CPU seconds and 222683 MB memory.
2026-09-11 18:30:26.362 INFO   [61525A\3C179E] Auto-router pass #481 on board '1048ef02b8fd4dd21f7f7cd38fa41244' was completed in 0.27 seconds with the score of 855.65 (29 unrouted), using 10424.65 CPU seconds and 222683 MB memory.
2026-09-11 18:30:26.632 INFO   [61525A\3C179E] Auto-router pass #482 on board '1048ef02b8fd4dd21f7f7cd38fa41244' was completed in 0.27 seconds with the score of 855.65 (29 unrouted), using 10424.65 CPU seconds and 222683 MB memory.
2026-09-11 18:30:26.898 INFO   [61525A\3C179E] Auto-router pass #483 on board '1048ef02b8fd4dd21f7f7cd38fa41244' was completed in 0.26 seconds with the score of 855.65 (29 unrouted), using 10567.39 CPU seconds and 224363 MB memory.
2026-09-11 18:30:27.192 INFO   [61525A\3C179E] Auto-router pass #484 on board '1048ef02b8fd4dd21f7f7cd38fa41244' was completed in 0.29 seconds with the score of 855.65 (29 unrouted), using 10567.39 CPU seconds and 224363 MB memory.
2026-09-11 18:30:27.463 INFO   [61525A\3C179E] Auto-router pass #485 on board '1048ef02b8fd4dd21f7f7cd38fa41244' was completed in 0.27 seconds with the score of 855.65 (29 unrouted), using 10567.39 CPU seconds and 224363 MB memory.
2026-09-11 18:30:27.732 INFO   [61525A\3C179E] Auto-router pass #486 on board '1048ef02b8fd4dd21f7f7cd38fa41244' was completed in 0.27 seconds with the score of 855.65 (29 unrouted), using 10711.10 CPU seconds and 226044 MB memory.
2026-09-11 18:30:28.006 INFO   [61525A\3C179E] Auto-router pass #487 on board '1048ef02b8fd4dd21f7f7cd38fa41244' was completed in 0.27 seconds with the score of 855.65 (29 unrouted), using 10711.10 CPU seconds and 226044 MB memory.
2026-09-11 18:30:28.295 INFO   [61525A\3C179E] Auto-router pass #488 on board '1048ef02b8fd4dd21f7f7cd38fa41244' was completed in 0.29 seconds with the score of 855.65 (29 unrouted), using 10711.10 CPU seconds and 226044 MB memory.
2026-09-11 18:30:28.561 INFO   [61525A\3C179E] Auto-router pass #489 on board '1048ef02b8fd4dd21f7f7cd38fa41244' was completed in 0.26 seconds with the score of 855.65 (29 unrouted), using 10711.10 CPU seconds and 226044 MB memory.
2026-09-11 18:30:28.827 INFO   [61525A\3C179E] Auto-router pass #490 on board '1048ef02b8fd4dd21f7f7cd38fa41244' was completed in 0.26 seconds with the score of 855.65 (29 unrouted), using 10855.77 CPU seconds and 227739 MB memory.
2026-09-11 18:30:29.092 INFO   [61525A\3C179E] Auto-router pass #491 on board '1048ef02b8fd4dd21f7f7cd38fa41244' was completed in 0.26 seconds with the score of 855.65 (29 unrouted), using 10855.77 CPU seconds and 227739 MB memory.
2026-09-11 18:30:29.386 INFO   [61525A\3C179E] Auto-router pass #492 on board '1048ef02b8fd4dd21f7f7cd38fa41244' was completed in 0.29 seconds with the score of 855.65 (29 unrouted), using 10855.77 CPU seconds and 227739 MB memory.
2026-09-11 18:30:29.655 INFO   [61525A\3C179E] Auto-router pass #493 on board '1048ef02b8fd4dd21f7f7cd38fa41244' was completed in 0.27 seconds with the score of 855.65 (29 unrouted), using 10855.77 CPU seconds and 227739 MB memory.
2026-09-11 18:30:29.921 INFO   [61525A\3C179E] Auto-router pass #494 on board '1048ef02b8fd4dd21f7f7cd38fa41244' was completed in 0.26 seconds with the score of 855.65 (29 unrouted), using 11001.42 CPU seconds and 229428 MB memory.
2026-09-11 18:30:30.190 INFO   [61525A\3C179E] Auto-router pass #495 on board '1048ef02b8fd4dd21f7f7cd38fa41244' was completed in 0.27 seconds with the score of 855.65 (29 unrouted), using 11001.42 CPU seconds and 229428 MB memory.
2026-09-11 18:30:30.495 INFO   [61525A\3C179E] Auto-router pass #496 on board '1048ef02b8fd4dd21f7f7cd38fa41244' was completed in 0.30 seconds with the score of 855.65 (29 unrouted), using 11001.42 CPU seconds and 229428 MB memory.
2026-09-11 18:30:30.767 INFO   [61525A\3C179E] Auto-router pass #497 on board '1048ef02b8fd4dd21f7f7cd38fa41244' was completed in 0.27 seconds with the score of 855.65 (29 unrouted), using 11148.04 CPU seconds and 231104 MB memory.
2026-09-11 18:30:31.037 INFO   [61525A\3C179E] Auto-router pass #498 on board '1048ef02b8fd4dd21f7f7cd38fa41244' was completed in 0.27 seconds with the score of 855.65 (29 unrouted), using 11148.04 CPU seconds and 231104 MB memory.
2026-09-11 18:30:31.312 INFO   [61525A\3C179E] Auto-router pass #499 on board '1048ef02b8fd4dd21f7f7cd38fa41244' was completed in 0.27 seconds with the score of 855.65 (29 unrouted), using 11148.04 CPU seconds and 231104 MB memory.
2026-09-11 18:30:31.606 INFO   [61525A\3C179E] Auto-router pass #500 on board '1048ef02b8fd4dd21f7f7cd38fa41244' was completed in 0.29 seconds with the score of 855.65 (29 unrouted), using 11148.04 CPU seconds and 231104 MB memory.
2026-09-11 18:30:31.888 INFO   [61525A\3C179E] Auto-router pass #501 on board '1048ef02b8fd4dd21f7f7cd38fa41244' was completed in 0.28 seconds with the score of 855.65 (29 unrouted), using 11295.64 CPU seconds and 232763 MB memory.
2026-09-11 18:30:32.157 INFO   [61525A\3C179E] Auto-router pass #502 on board '1048ef02b8fd4dd21f7f7cd38fa41244' was completed in 0.27 seconds with the score of 855.65 (29 unrouted), using 11295.64 CPU seconds and 232763 MB memory.
2026-09-11 18:30:32.429 INFO   [61525A\3C179E] Auto-router pass #503 on board '1048ef02b8fd4dd21f7f7cd38fa41244' was completed in 0.27 seconds with the score of 855.65 (29 unrouted), using 11295.64 CPU seconds and 232763 MB memory.
2026-09-11 18:30:32.726 INFO   [61525A\3C179E] Auto-router pass #504 on board '1048ef02b8fd4dd21f7f7cd38fa41244' was completed in 0.29 seconds with the score of 855.65 (29 unrouted), using 11444.20 CPU seconds and 234423 MB memory.
2026-09-11 18:30:33.006 INFO   [61525A\3C179E] Auto-router pass #505 on board '1048ef02b8fd4dd21f7f7cd38fa41244' was completed in 0.28 seconds with the score of 855.65 (29 unrouted), using 11444.20 CPU seconds and 234423 MB memory.
2026-09-11 18:30:33.282 INFO   [61525A\3C179E] Auto-router pass #506 on board '1048ef02b8fd4dd21f7f7cd38fa41244' was completed in 0.27 seconds with the score of 855.65 (29 unrouted), using 11444.20 CPU seconds and 234423 MB memory.
2026-09-11 18:30:33.550 INFO   [61525A\3C179E] Auto-router pass #507 on board '1048ef02b8fd4dd21f7f7cd38fa41244' was completed in 0.27 seconds with the score of 855.65 (29 unrouted), using 11444.20 CPU seconds and 234423 MB memory.
2026-09-11 18:30:33.840 INFO   [61525A\3C179E] Auto-router pass #508 on board '1048ef02b8fd4dd21f7f7cd38fa41244' was completed in 0.29 seconds with the score of 855.65 (29 unrouted), using 11593.73 CPU seconds and 236086 MB memory.
2026-09-11 18:30:34.109 INFO   [61525A\3C179E] Auto-router pass #509 on board '1048ef02b8fd4dd21f7f7cd38fa41244' was completed in 0.27 seconds with the score of 855.65 (29 unrouted), using 11593.73 CPU seconds and 236086 MB memory.
2026-09-11 18:30:34.377 INFO   [61525A\3C179E] Auto-router pass #510 on board '1048ef02b8fd4dd21f7f7cd38fa41244' was completed in 0.27 seconds with the score of 855.65 (29 unrouted), using 11593.73 CPU seconds and 236086 MB memory.
2026-09-11 18:30:34.640 INFO   [61525A\3C179E] Auto-router pass #511 on board '1048ef02b8fd4dd21f7f7cd38fa41244' was completed in 0.26 seconds with the score of 855.65 (29 unrouted), using 11593.73 CPU seconds and 236086 MB memory.
2026-09-11 18:30:34.946 INFO   [61525A\3C179E] Auto-router pass #512 on board '1048ef02b8fd4dd21f7f7cd38fa41244' was completed in 0.30 seconds with the score of 855.65 (29 unrouted), using 11744.23 CPU seconds and 237786 MB memory.
2026-09-11 18:30:35.217 INFO   [61525A\3C179E] Auto-router pass #513 on board '1048ef02b8fd4dd21f7f7cd38fa41244' was completed in 0.27 seconds with the score of 855.65 (29 unrouted), using 11744.23 CPU seconds and 237786 MB memory.
2026-09-11 18:30:35.492 INFO   [61525A\3C179E] Auto-router pass #514 on board '1048ef02b8fd4dd21f7f7cd38fa41244' was completed in 0.27 seconds with the score of 855.65 (29 unrouted), using 11744.23 CPU seconds and 237786 MB memory.
2026-09-11 18:30:35.762 INFO   [61525A\3C179E] Auto-router pass #515 on board '1048ef02b8fd4dd21f7f7cd38fa41244' was completed in 0.27 seconds with the score of 855.65 (29 unrouted), using 11895.70 CPU seconds and 239446 MB memory.
2026-09-11 18:30:36.054 INFO   [61525A\3C179E] Auto-router pass #516 on board '1048ef02b8fd4dd21f7f7cd38fa41244' was completed in 0.29 seconds with the score of 855.65 (29 unrouted), using 11895.70 CPU seconds and 239446 MB memory.
2026-09-11 18:30:36.326 INFO   [61525A\3C179E] Auto-router pass #517 on board '1048ef02b8fd4dd21f7f7cd38fa41244' was completed in 0.27 seconds with the score of 855.65 (29 unrouted), using 11895.70 CPU seconds and 239446 MB memory.
2026-09-11 18:30:36.602 INFO   [61525A\3C179E] Auto-router pass #518 on board '1048ef02b8fd4dd21f7f7cd38fa41244' was completed in 0.27 seconds with the score of 855.65 (29 unrouted), using 11895.70 CPU seconds and 239446 MB memory.
2026-09-11 18:30:36.876 INFO   [61525A\3C179E] Auto-router pass #519 on board '1048ef02b8fd4dd21f7f7cd38fa41244' was completed in 0.27 seconds with the score of 855.65 (29 unrouted), using 12048.15 CPU seconds and 241120 MB memory.
2026-09-11 18:30:37.168 INFO   [61525A\3C179E] Auto-router pass #520 on board '1048ef02b8fd4dd21f7f7cd38fa41244' was completed in 0.29 seconds with the score of 855.65 (29 unrouted), using 12048.15 CPU seconds and 241120 MB memory.
2026-09-11 18:30:37.434 INFO   [61525A\3C179E] Auto-router pass #521 on board '1048ef02b8fd4dd21f7f7cd38fa41244' was completed in 0.26 seconds with the score of 855.65 (29 unrouted), using 12048.15 CPU seconds and 241120 MB memory.
2026-09-11 18:30:37.697 INFO   [61525A\3C179E] Auto-router pass #522 on board '1048ef02b8fd4dd21f7f7cd38fa41244' was completed in 0.26 seconds with the score of 855.65 (29 unrouted), using 12048.15 CPU seconds and 241120 MB memory.
2026-09-11 18:30:37.965 INFO   [61525A\3C179E] Auto-router pass #523 on board '1048ef02b8fd4dd21f7f7cd38fa41244' was completed in 0.26 seconds with the score of 855.65 (29 unrouted), using 12201.56 CPU seconds and 242810 MB memory.
2026-09-11 18:30:38.256 INFO   [61525A\3C179E] Auto-router pass #524 on board '1048ef02b8fd4dd21f7f7cd38fa41244' was completed in 0.29 seconds with the score of 855.65 (29 unrouted), using 12201.56 CPU seconds and 242810 MB memory.
2026-09-11 18:30:38.531 INFO   [61525A\3C179E] Auto-router pass #525 on board '1048ef02b8fd4dd21f7f7cd38fa41244' was completed in 0.27 seconds with the score of 855.65 (29 unrouted), using 12201.56 CPU seconds and 242810 MB memory.
2026-09-11 18:30:38.803 INFO   [61525A\3C179E] Auto-router pass #526 on board '1048ef02b8fd4dd21f7f7cd38fa41244' was completed in 0.27 seconds with the score of 855.65 (29 unrouted), using 12355.95 CPU seconds and 244491 MB memory.
2026-09-11 18:30:39.076 INFO   [61525A\3C179E] Auto-router pass #527 on board '1048ef02b8fd4dd21f7f7cd38fa41244' was completed in 0.27 seconds with the score of 855.65 (29 unrouted), using 12355.95 CPU seconds and 244491 MB memory.
2026-09-11 18:30:39.369 INFO   [61525A\3C179E] Auto-router pass #528 on board '1048ef02b8fd4dd21f7f7cd38fa41244' was completed in 0.29 seconds with the score of 855.65 (29 unrouted), using 12355.95 CPU seconds and 244491 MB memory.
2026-09-11 18:30:39.637 INFO   [61525A\3C179E] Auto-router pass #529 on board '1048ef02b8fd4dd21f7f7cd38fa41244' was completed in 0.27 seconds with the score of 855.65 (29 unrouted), using 12355.95 CPU seconds and 244491 MB memory.
2026-09-11 18:30:39.907 INFO   [61525A\3C179E] Auto-router pass #530 on board '1048ef02b8fd4dd21f7f7cd38fa41244' was completed in 0.27 seconds with the score of 855.65 (29 unrouted), using 12511.31 CPU seconds and 246172 MB memory.
2026-09-11 18:30:40.179 INFO   [61525A\3C179E] Auto-router pass #531 on board '1048ef02b8fd4dd21f7f7cd38fa41244' was completed in 0.27 seconds with the score of 855.65 (29 unrouted), using 12511.31 CPU seconds and 246172 MB memory.
2026-09-11 18:30:40.475 INFO   [61525A\3C179E] Auto-router pass #532 on board '1048ef02b8fd4dd21f7f7cd38fa41244' was completed in 0.29 seconds with the score of 855.65 (29 unrouted), using 12511.31 CPU seconds and 246172 MB memory.
2026-09-11 18:30:40.740 INFO   [61525A\3C179E] Auto-router pass #533 on board '1048ef02b8fd4dd21f7f7cd38fa41244' was completed in 0.26 seconds with the score of 855.65 (29 unrouted), using 12667.64 CPU seconds and 247849 MB memory.
2026-09-11 18:30:41.012 INFO   [61525A\3C179E] Auto-router pass #534 on board '1048ef02b8fd4dd21f7f7cd38fa41244' was completed in 0.27 seconds with the score of 855.65 (29 unrouted), using 12667.64 CPU seconds and 247849 MB memory.
2026-09-11 18:30:41.279 INFO   [61525A\3C179E] Auto-router pass #535 on board '1048ef02b8fd4dd21f7f7cd38fa41244' was completed in 0.26 seconds with the score of 855.65 (29 unrouted), using 12667.64 CPU seconds and 247849 MB memory.
2026-09-11 18:30:41.571 INFO   [61525A\3C179E] Auto-router pass #536 on board '1048ef02b8fd4dd21f7f7cd38fa41244' was completed in 0.29 seconds with the score of 855.65 (29 unrouted), using 12667.64 CPU seconds and 247849 MB memory.
2026-09-11 18:30:41.837 INFO   [61525A\3C179E] Auto-router pass #537 on board '1048ef02b8fd4dd21f7f7cd38fa41244' was completed in 0.26 seconds with the score of 855.65 (29 unrouted), using 12824.95 CPU seconds and 249536 MB memory.
2026-09-11 18:30:42.112 INFO   [61525A\3C179E] Auto-router pass #538 on board '1048ef02b8fd4dd21f7f7cd38fa41244' was completed in 0.27 seconds with the score of 855.65 (29 unrouted), using 12824.95 CPU seconds and 249536 MB memory.
2026-09-11 18:30:42.380 INFO   [61525A\3C179E] Auto-router pass #539 on board '1048ef02b8fd4dd21f7f7cd38fa41244' was completed in 0.27 seconds with the score of 855.65 (29 unrouted), using 12824.95 CPU seconds and 249536 MB memory.
2026-09-11 18:30:42.677 INFO   [61525A\3C179E] Auto-router pass #540 on board '1048ef02b8fd4dd21f7f7cd38fa41244' was completed in 0.29 seconds with the score of 855.65 (29 unrouted), using 12824.95 CPU seconds and 249536 MB memory.
2026-09-11 18:30:42.949 INFO   [61525A\3C179E] Auto-router pass #541 on board '1048ef02b8fd4dd21f7f7cd38fa41244' was completed in 0.27 seconds with the score of 855.65 (29 unrouted), using 12983.23 CPU seconds and 251214 MB memory.
2026-09-11 18:30:43.210 INFO   [61525A\3C179E] Auto-router pass #542 on board '1048ef02b8fd4dd21f7f7cd38fa41244' was completed in 0.26 seconds with the score of 855.65 (29 unrouted), using 12983.23 CPU seconds and 251214 MB memory.
2026-09-11 18:30:43.476 INFO   [61525A\3C179E] Auto-router pass #543 on board '1048ef02b8fd4dd21f7f7cd38fa41244' was completed in 0.26 seconds with the score of 855.65 (29 unrouted), using 12983.23 CPU seconds and 251214 MB memory.
2026-09-11 18:30:43.769 INFO   [61525A\3C179E] Auto-router pass #544 on board '1048ef02b8fd4dd21f7f7cd38fa41244' was completed in 0.29 seconds with the score of 855.65 (29 unrouted), using 13142.49 CPU seconds and 252917 MB memory.
2026-09-11 18:30:44.039 INFO   [61525A\3C179E] Auto-router pass #545 on board '1048ef02b8fd4dd21f7f7cd38fa41244' was completed in 0.27 seconds with the score of 855.65 (29 unrouted), using 13142.49 CPU seconds and 252917 MB memory.
2026-09-11 18:30:44.308 INFO   [61525A\3C179E] Auto-router pass #546 on board '1048ef02b8fd4dd21f7f7cd38fa41244' was completed in 0.27 seconds with the score of 855.65 (29 unrouted), using 13142.49 CPU seconds and 252917 MB memory.
2026-09-11 18:30:44.580 INFO   [61525A\3C179E] Auto-router pass #547 on board '1048ef02b8fd4dd21f7f7cd38fa41244' was completed in 0.27 seconds with the score of 855.65 (29 unrouted), using 13142.49 CPU seconds and 252917 MB memory.
2026-09-11 18:30:44.874 INFO   [61525A\3C179E] Auto-router pass #548 on board '1048ef02b8fd4dd21f7f7cd38fa41244' was completed in 0.29 seconds with the score of 855.65 (29 unrouted), using 13302.72 CPU seconds and 254604 MB memory.
2026-09-11 18:30:45.140 INFO   [61525A\3C179E] Auto-router pass #549 on board '1048ef02b8fd4dd21f7f7cd38fa41244' was completed in 0.26 seconds with the score of 855.65 (29 unrouted), using 13302.72 CPU seconds and 254604 MB memory.
2026-09-11 18:30:45.410 INFO   [61525A\3C179E] Auto-router pass #550 on board '1048ef02b8fd4dd21f7f7cd38fa41244' was completed in 0.27 seconds with the score of 855.65 (29 unrouted), using 13302.72 CPU seconds and 254604 MB memory.
2026-09-11 18:30:45.674 INFO   [61525A\3C179E] Auto-router pass #551 on board '1048ef02b8fd4dd21f7f7cd38fa41244' was completed in 0.26 seconds with the score of 855.65 (29 unrouted), using 13302.72 CPU seconds and 254604 MB memory.
2026-09-11 18:30:45.971 INFO   [61525A\3C179E] Auto-router pass #552 on board '1048ef02b8fd4dd21f7f7cd38fa41244' was completed in 0.29 seconds with the score of 855.65 (29 unrouted), using 13463.93 CPU seconds and 256295 MB memory.
2026-09-11 18:30:46.241 INFO   [61525A\3C179E] Auto-router pass #553 on board '1048ef02b8fd4dd21f7f7cd38fa41244' was completed in 0.27 seconds with the score of 855.65 (29 unrouted), using 13463.93 CPU seconds and 256295 MB memory.
2026-09-11 18:30:46.511 INFO   [61525A\3C179E] Auto-router pass #554 on board '1048ef02b8fd4dd21f7f7cd38fa41244' was completed in 0.27 seconds with the score of 855.65 (29 unrouted), using 13463.93 CPU seconds and 256295 MB memory.
2026-09-11 18:30:46.780 INFO   [61525A\3C179E] Auto-router pass #555 on board '1048ef02b8fd4dd21f7f7cd38fa41244' was completed in 0.27 seconds with the score of 855.65 (29 unrouted), using 13626.12 CPU seconds and 257980 MB memory.
2026-09-11 18:30:47.078 INFO   [61525A\3C179E] Auto-router pass #556 on board '1048ef02b8fd4dd21f7f7cd38fa41244' was completed in 0.29 seconds with the score of 855.65 (29 unrouted), using 13626.12 CPU seconds and 257980 MB memory.
2026-09-11 18:30:47.349 INFO   [61525A\3C179E] Auto-router pass #557 on board '1048ef02b8fd4dd21f7f7cd38fa41244' was completed in 0.27 seconds with the score of 855.65 (29 unrouted), using 13626.12 CPU seconds and 257980 MB memory.
2026-09-11 18:30:47.622 INFO   [61525A\3C179E] Auto-router pass #558 on board '1048ef02b8fd4dd21f7f7cd38fa41244' was completed in 0.27 seconds with the score of 855.65 (29 unrouted), using 13626.12 CPU seconds and 257980 MB memory.
2026-09-11 18:30:47.892 INFO   [61525A\3C179E] Auto-router pass #559 on board '1048ef02b8fd4dd21f7f7cd38fa41244' was completed in 0.27 seconds with the score of 855.65 (29 unrouted), using 13789.26 CPU seconds and 259645 MB memory.
2026-09-11 18:30:48.190 INFO   [61525A\3C179E] Auto-router pass #560 on board '1048ef02b8fd4dd21f7f7cd38fa41244' was completed in 0.29 seconds with the score of 855.65 (29 unrouted), using 13789.26 CPU seconds and 259645 MB memory.
2026-09-11 18:30:48.456 INFO   [61525A\3C179E] Auto-router pass #561 on board '1048ef02b8fd4dd21f7f7cd38fa41244' was completed in 0.26 seconds with the score of 855.65 (29 unrouted), using 13789.26 CPU seconds and 259645 MB memory.
2026-09-11 18:30:48.726 INFO   [61525A\3C179E] Auto-router pass #562 on board '1048ef02b8fd4dd21f7f7cd38fa41244' was completed in 0.27 seconds with the score of 855.65 (29 unrouted), using 13953.38 CPU seconds and 261328 MB memory.
2026-09-11 18:30:48.999 INFO   [61525A\3C179E] Auto-router pass #563 on board '1048ef02b8fd4dd21f7f7cd38fa41244' was completed in 0.27 seconds with the score of 855.65 (29 unrouted), using 13953.38 CPU seconds and 261328 MB memory.
2026-09-11 18:30:49.302 INFO   [61525A\3C179E] Auto-router pass #564 on board '1048ef02b8fd4dd21f7f7cd38fa41244' was completed in 0.30 seconds with the score of 855.65 (29 unrouted), using 13953.38 CPU seconds and 261328 MB memory.
2026-09-11 18:30:49.575 INFO   [61525A\3C179E] Auto-router pass #565 on board '1048ef02b8fd4dd21f7f7cd38fa41244' was completed in 0.27 seconds with the score of 855.65 (29 unrouted), using 13953.38 CPU seconds and 261328 MB memory.
2026-09-11 18:30:49.846 INFO   [61525A\3C179E] Auto-router pass #566 on board '1048ef02b8fd4dd21f7f7cd38fa41244' was completed in 0.27 seconds with the score of 855.65 (29 unrouted), using 14118.47 CPU seconds and 262979 MB memory.
2026-09-11 18:30:50.116 INFO   [61525A\3C179E] Auto-router pass #567 on board '1048ef02b8fd4dd21f7f7cd38fa41244' was completed in 0.27 seconds with the score of 855.65 (29 unrouted), using 14118.47 CPU seconds and 262979 MB memory.
2026-09-11 18:30:50.415 INFO   [61525A\3C179E] Auto-router pass #568 on board '1048ef02b8fd4dd21f7f7cd38fa41244' was completed in 0.30 seconds with the score of 855.65 (29 unrouted), using 14118.47 CPU seconds and 262979 MB memory.
2026-09-11 18:30:50.690 INFO   [61525A\3C179E] Auto-router pass #569 on board '1048ef02b8fd4dd21f7f7cd38fa41244' was completed in 0.27 seconds with the score of 855.65 (29 unrouted), using 14118.47 CPU seconds and 262979 MB memory.
2026-09-11 18:30:50.963 INFO   [61525A\3C179E] Auto-router pass #570 on board '1048ef02b8fd4dd21f7f7cd38fa41244' was completed in 0.27 seconds with the score of 855.65 (29 unrouted), using 14284.53 CPU seconds and 264647 MB memory.
2026-09-11 18:30:51.234 INFO   [61525A\3C179E] Auto-router pass #571 on board '1048ef02b8fd4dd21f7f7cd38fa41244' was completed in 0.27 seconds with the score of 855.65 (29 unrouted), using 14284.53 CPU seconds and 264647 MB memory.
2026-09-11 18:30:51.527 INFO   [61525A\3C179E] Auto-router pass #572 on board '1048ef02b8fd4dd21f7f7cd38fa41244' was completed in 0.29 seconds with the score of 855.65 (29 unrouted), using 14284.53 CPU seconds and 264647 MB memory.
2026-09-11 18:30:51.795 INFO   [61525A\3C179E] Auto-router pass #573 on board '1048ef02b8fd4dd21f7f7cd38fa41244' was completed in 0.26 seconds with the score of 855.65 (29 unrouted), using 14451.56 CPU seconds and 266326 MB memory.
2026-09-11 18:30:52.061 INFO   [61525A\3C179E] Auto-router pass #574 on board '1048ef02b8fd4dd21f7f7cd38fa41244' was completed in 0.26 seconds with the score of 855.65 (29 unrouted), using 14451.56 CPU seconds and 266326 MB memory.
2026-09-11 18:30:52.329 INFO   [61525A\3C179E] Auto-router pass #575 on board '1048ef02b8fd4dd21f7f7cd38fa41244' was completed in 0.27 seconds with the score of 855.65 (29 unrouted), using 14451.56 CPU seconds and 266326 MB memory.
2026-09-11 18:30:52.624 INFO   [61525A\3C179E] Auto-router pass #576 on board '1048ef02b8fd4dd21f7f7cd38fa41244' was completed in 0.29 seconds with the score of 855.65 (29 unrouted), using 14451.56 CPU seconds and 266326 MB memory.
2026-09-11 18:30:52.897 INFO   [61525A\3C179E] Auto-router pass #577 on board '1048ef02b8fd4dd21f7f7cd38fa41244' was completed in 0.27 seconds with the score of 855.65 (29 unrouted), using 14619.56 CPU seconds and 268011 MB memory.
2026-09-11 18:30:53.169 INFO   [61525A\3C179E] Auto-router pass #578 on board '1048ef02b8fd4dd21f7f7cd38fa41244' was completed in 0.27 seconds with the score of 855.65 (29 unrouted), using 14619.56 CPU seconds and 268011 MB memory.
2026-09-11 18:30:53.442 INFO   [61525A\3C179E] Auto-router pass #579 on board '1048ef02b8fd4dd21f7f7cd38fa41244' was completed in 0.27 seconds with the score of 855.65 (29 unrouted), using 14619.56 CPU seconds and 268011 MB memory.
2026-09-11 18:30:53.737 INFO   [61525A\3C179E] Auto-router pass #580 on board '1048ef02b8fd4dd21f7f7cd38fa41244' was completed in 0.29 seconds with the score of 855.65 (29 unrouted), using 14788.52 CPU seconds and 269684 MB memory.
2026-09-11 18:30:54.004 INFO   [61525A\3C179E] Auto-router pass #581 on board '1048ef02b8fd4dd21f7f7cd38fa41244' was completed in 0.26 seconds with the score of 855.65 (29 unrouted), using 14788.52 CPU seconds and 269684 MB memory.
2026-09-11 18:30:54.277 INFO   [61525A\3C179E] Auto-router pass #582 on board '1048ef02b8fd4dd21f7f7cd38fa41244' was completed in 0.27 seconds with the score of 855.65 (29 unrouted), using 14788.52 CPU seconds and 269684 MB memory.
2026-09-11 18:30:54.545 INFO   [61525A\3C179E] Auto-router pass #583 on board '1048ef02b8fd4dd21f7f7cd38fa41244' was completed in 0.27 seconds with the score of 855.65 (29 unrouted), using 14788.52 CPU seconds and 269684 MB memory.
2026-09-11 18:30:54.838 INFO   [61525A\3C179E] Auto-router pass #584 on board '1048ef02b8fd4dd21f7f7cd38fa41244' was completed in 0.29 seconds with the score of 855.65 (29 unrouted), using 14958.45 CPU seconds and 271364 MB memory.
2026-09-11 18:30:55.110 INFO   [61525A\3C179E] Auto-router pass #585 on board '1048ef02b8fd4dd21f7f7cd38fa41244' was completed in 0.27 seconds with the score of 855.65 (29 unrouted), using 14958.45 CPU seconds and 271364 MB memory.
2026-09-11 18:30:55.386 INFO   [61525A\3C179E] Auto-router pass #586 on board '1048ef02b8fd4dd21f7f7cd38fa41244' was completed in 0.27 seconds with the score of 855.65 (29 unrouted), using 14958.45 CPU seconds and 271364 MB memory.
2026-09-11 18:30:55.662 INFO   [61525A\3C179E] Auto-router pass #587 on board '1048ef02b8fd4dd21f7f7cd38fa41244' was completed in 0.27 seconds with the score of 855.65 (29 unrouted), using 14958.45 CPU seconds and 271364 MB memory.
2026-09-11 18:30:55.965 INFO   [61525A\3C179E] Auto-router pass #588 on board '1048ef02b8fd4dd21f7f7cd38fa41244' was completed in 0.30 seconds with the score of 855.65 (29 unrouted), using 15129.35 CPU seconds and 273033 MB memory.
2026-09-11 18:30:56.237 INFO   [61525A\3C179E] Auto-router pass #589 on board '1048ef02b8fd4dd21f7f7cd38fa41244' was completed in 0.27 seconds with the score of 855.65 (29 unrouted), using 15129.35 CPU seconds and 273033 MB memory.
2026-09-11 18:30:56.497 INFO   [61525A\3C179E] Auto-router pass #590 on board '1048ef02b8fd4dd21f7f7cd38fa41244' was completed in 0.26 seconds with the score of 855.65 (29 unrouted), using 15129.35 CPU seconds and 273033 MB memory.
2026-09-11 18:30:56.762 INFO   [61525A\3C179E] Auto-router pass #591 on board '1048ef02b8fd4dd21f7f7cd38fa41244' was completed in 0.26 seconds with the score of 855.65 (29 unrouted), using 15301.21 CPU seconds and 274717 MB memory.
2026-09-11 18:30:57.053 INFO   [61525A\3C179E] Auto-router pass #592 on board '1048ef02b8fd4dd21f7f7cd38fa41244' was completed in 0.29 seconds with the score of 855.65 (29 unrouted), using 15301.21 CPU seconds and 274717 MB memory.
2026-09-11 18:30:57.321 INFO   [61525A\3C179E] Auto-router pass #593 on board '1048ef02b8fd4dd21f7f7cd38fa41244' was completed in 0.27 seconds with the score of 855.65 (29 unrouted), using 15301.21 CPU seconds and 274717 MB memory.
2026-09-11 18:30:57.591 INFO   [61525A\3C179E] Auto-router pass #594 on board '1048ef02b8fd4dd21f7f7cd38fa41244' was completed in 0.27 seconds with the score of 855.65 (29 unrouted), using 15301.21 CPU seconds and 274717 MB memory.
2026-09-11 18:30:57.863 INFO   [61525A\3C179E] Auto-router pass #595 on board '1048ef02b8fd4dd21f7f7cd38fa41244' was completed in 0.27 seconds with the score of 855.65 (29 unrouted), using 15474.05 CPU seconds and 276408 MB memory.
2026-09-11 18:30:58.161 INFO   [61525A\3C179E] Auto-router pass #596 on board '1048ef02b8fd4dd21f7f7cd38fa41244' was completed in 0.29 seconds with the score of 855.65 (29 unrouted), using 15474.05 CPU seconds and 276408 MB memory.
2026-09-11 18:30:58.431 INFO   [61525A\3C179E] Auto-router pass #597 on board '1048ef02b8fd4dd21f7f7cd38fa41244' was completed in 0.27 seconds with the score of 855.65 (29 unrouted), using 15474.05 CPU seconds and 276408 MB memory.
2026-09-11 18:30:58.703 INFO   [61525A\3C179E] Auto-router pass #598 on board '1048ef02b8fd4dd21f7f7cd38fa41244' was completed in 0.27 seconds with the score of 855.65 (29 unrouted), using 15474.05 CPU seconds and 276408 MB memory.
2026-09-11 18:30:58.971 INFO   [61525A\3C179E] Auto-router pass #599 on board '1048ef02b8fd4dd21f7f7cd38fa41244' was completed in 0.27 seconds with the score of 855.65 (29 unrouted), using 15647.86 CPU seconds and 278073 MB memory.
2026-09-11 18:30:59.273 INFO   [61525A\3C179E] Auto-router pass #600 on board '1048ef02b8fd4dd21f7f7cd38fa41244' was completed in 0.30 seconds with the score of 855.65 (29 unrouted), using 15647.86 CPU seconds and 278073 MB memory.
2026-09-11 18:30:59.536 INFO   [61525A\3C179E] Auto-router pass #601 on board '1048ef02b8fd4dd21f7f7cd38fa41244' was completed in 0.26 seconds with the score of 855.65 (29 unrouted), using 15647.86 CPU seconds and 278073 MB memory.
2026-09-11 18:30:59.805 INFO   [61525A\3C179E] Auto-router pass #602 on board '1048ef02b8fd4dd21f7f7cd38fa41244' was completed in 0.27 seconds with the score of 855.65 (29 unrouted), using 15822.64 CPU seconds and 279761 MB memory.
2026-09-11 18:31:00.077 INFO   [61525A\3C179E] Auto-router pass #603 on board '1048ef02b8fd4dd21f7f7cd38fa41244' was completed in 0.27 seconds with the score of 855.65 (29 unrouted), using 15822.64 CPU seconds and 279761 MB memory.
2026-09-11 18:31:00.375 INFO   [61525A\3C179E] Auto-router pass #604 on board '1048ef02b8fd4dd21f7f7cd38fa41244' was completed in 0.29 seconds with the score of 855.65 (29 unrouted), using 15822.64 CPU seconds and 279761 MB memory.
2026-09-11 18:31:00.644 INFO   [61525A\3C179E] Auto-router pass #605 on board '1048ef02b8fd4dd21f7f7cd38fa41244' was completed in 0.27 seconds with the score of 855.65 (29 unrouted), using 15822.64 CPU seconds and 279761 MB memory.
2026-09-11 18:31:00.913 INFO   [61525A\3C179E] Auto-router pass #606 on board '1048ef02b8fd4dd21f7f7cd38fa41244' was completed in 0.27 seconds with the score of 855.65 (29 unrouted), using 15998.39 CPU seconds and 281430 MB memory.
2026-09-11 18:31:01.182 INFO   [61525A\3C179E] Auto-router pass #607 on board '1048ef02b8fd4dd21f7f7cd38fa41244' was completed in 0.27 seconds with the score of 855.65 (29 unrouted), using 15998.39 CPU seconds and 281430 MB memory.
2026-09-11 18:31:01.486 INFO   [61525A\3C179E] Auto-router pass #608 on board '1048ef02b8fd4dd21f7f7cd38fa41244' was completed in 0.30 seconds with the score of 855.65 (29 unrouted), using 15998.39 CPU seconds and 281430 MB memory.
2026-09-11 18:31:01.756 INFO   [61525A\3C179E] Auto-router pass #609 on board '1048ef02b8fd4dd21f7f7cd38fa41244' was completed in 0.27 seconds with the score of 855.65 (29 unrouted), using 16175.11 CPU seconds and 283092 MB memory.
2026-09-11 18:31:02.026 INFO   [61525A\3C179E] Auto-router pass #610 on board '1048ef02b8fd4dd21f7f7cd38fa41244' was completed in 0.26 seconds with the score of 855.65 (29 unrouted), using 16175.11 CPU seconds and 283092 MB memory.
2026-09-11 18:31:02.297 INFO   [61525A\3C179E] Auto-router pass #611 on board '1048ef02b8fd4dd21f7f7cd38fa41244' was completed in 0.27 seconds with the score of 855.65 (29 unrouted), using 16175.11 CPU seconds and 283092 MB memory.
2026-09-11 18:31:02.590 INFO   [61525A\3C179E] Auto-router pass #612 on board '1048ef02b8fd4dd21f7f7cd38fa41244' was completed in 0.29 seconds with the score of 855.65 (29 unrouted), using 16175.11 CPU seconds and 283092 MB memory.
2026-09-11 18:31:02.863 INFO   [61525A\3C179E] Auto-router pass #613 on board '1048ef02b8fd4dd21f7f7cd38fa41244' was completed in 0.27 seconds with the score of 855.65 (29 unrouted), using 16352.79 CPU seconds and 284774 MB memory.
2026-09-11 18:31:03.131 INFO   [61525A\3C179E] Auto-router pass #614 on board '1048ef02b8fd4dd21f7f7cd38fa41244' was completed in 0.27 seconds with the score of 855.65 (29 unrouted), using 16352.79 CPU seconds and 284774 MB memory.
2026-09-11 18:31:03.400 INFO   [61525A\3C179E] Auto-router pass #615 on board '1048ef02b8fd4dd21f7f7cd38fa41244' was completed in 0.27 seconds with the score of 855.65 (29 unrouted), using 16352.79 CPU seconds and 284774 MB memory.
2026-09-11 18:31:03.696 INFO   [61525A\3C179E] Auto-router pass #616 on board '1048ef02b8fd4dd21f7f7cd38fa41244' was completed in 0.29 seconds with the score of 855.65 (29 unrouted), using 16352.79 CPU seconds and 284774 MB memory.
2026-09-11 18:31:03.962 INFO   [61525A\3C179E] Auto-router pass #617 on board '1048ef02b8fd4dd21f7f7cd38fa41244' was completed in 0.26 seconds with the score of 855.65 (29 unrouted), using 16531.44 CPU seconds and 286454 MB memory.
2026-09-11 18:31:04.238 INFO   [61525A\3C179E] Auto-router pass #618 on board '1048ef02b8fd4dd21f7f7cd38fa41244' was completed in 0.27 seconds with the score of 855.65 (29 unrouted), using 16531.44 CPU seconds and 286454 MB memory.
2026-09-11 18:31:04.509 INFO   [61525A\3C179E] Auto-router pass #619 on board '1048ef02b8fd4dd21f7f7cd38fa41244' was completed in 0.27 seconds with the score of 855.65 (29 unrouted), using 16531.44 CPU seconds and 286454 MB memory.
2026-09-11 18:31:04.805 INFO   [61525A\3C179E] Auto-router pass #620 on board '1048ef02b8fd4dd21f7f7cd38fa41244' was completed in 0.29 seconds with the score of 855.65 (29 unrouted), using 16711.06 CPU seconds and 288129 MB memory.
2026-09-11 18:31:05.074 INFO   [61525A\3C179E] Auto-router pass #621 on board '1048ef02b8fd4dd21f7f7cd38fa41244' was completed in 0.27 seconds with the score of 855.65 (29 unrouted), using 16711.06 CPU seconds and 288129 MB memory.
2026-09-11 18:31:05.342 INFO   [61525A\3C179E] Auto-router pass #622 on board '1048ef02b8fd4dd21f7f7cd38fa41244' was completed in 0.27 seconds with the score of 855.65 (29 unrouted), using 16711.06 CPU seconds and 288129 MB memory.
2026-09-11 18:31:05.612 INFO   [61525A\3C179E] Auto-router pass #623 on board '1048ef02b8fd4dd21f7f7cd38fa41244' was completed in 0.27 seconds with the score of 855.65 (29 unrouted), using 16711.06 CPU seconds and 288129 MB memory.
2026-09-11 18:31:05.915 INFO   [61525A\3C179E] Auto-router pass #624 on board '1048ef02b8fd4dd21f7f7cd38fa41244' was completed in 0.30 seconds with the score of 855.65 (29 unrouted), using 16891.66 CPU seconds and 289816 MB memory.
2026-09-11 18:31:06.189 INFO   [61525A\3C179E] Auto-router pass #625 on board '1048ef02b8fd4dd21f7f7cd38fa41244' was completed in 0.27 seconds with the score of 855.65 (29 unrouted), using 16891.66 CPU seconds and 289816 MB memory.
2026-09-11 18:31:06.461 INFO   [61525A\3C179E] Auto-router pass #626 on board '1048ef02b8fd4dd21f7f7cd38fa41244' was completed in 0.27 seconds with the score of 855.65 (29 unrouted), using 16891.66 CPU seconds and 289816 MB memory.
2026-09-11 18:31:06.732 INFO   [61525A\3C179E] Auto-router pass #627 on board '1048ef02b8fd4dd21f7f7cd38fa41244' was completed in 0.27 seconds with the score of 855.65 (29 unrouted), using 17073.22 CPU seconds and 291488 MB memory.
2026-09-11 18:31:07.022 INFO   [61525A\3C179E] Auto-router pass #628 on board '1048ef02b8fd4dd21f7f7cd38fa41244' was completed in 0.29 seconds with the score of 855.65 (29 unrouted), using 17073.22 CPU seconds and 291488 MB memory.
2026-09-11 18:31:07.287 INFO   [61525A\3C179E] Auto-router pass #629 on board '1048ef02b8fd4dd21f7f7cd38fa41244' was completed in 0.26 seconds with the score of 855.65 (29 unrouted), using 17073.22 CPU seconds and 291488 MB memory.
2026-09-11 18:31:07.558 INFO   [61525A\3C179E] Auto-router pass #630 on board '1048ef02b8fd4dd21f7f7cd38fa41244' was completed in 0.27 seconds with the score of 855.65 (29 unrouted), using 17073.22 CPU seconds and 291488 MB memory.
2026-09-11 18:31:07.832 INFO   [61525A\3C179E] Auto-router pass #631 on board '1048ef02b8fd4dd21f7f7cd38fa41244' was completed in 0.27 seconds with the score of 855.65 (29 unrouted), using 17255.76 CPU seconds and 293168 MB memory.
2026-09-11 18:31:08.131 INFO   [61525A\3C179E] Auto-router pass #632 on board '1048ef02b8fd4dd21f7f7cd38fa41244' was completed in 0.30 seconds with the score of 855.65 (29 unrouted), using 17255.76 CPU seconds and 293168 MB memory.
2026-09-11 18:31:08.404 INFO   [61525A\3C179E] Auto-router pass #633 on board '1048ef02b8fd4dd21f7f7cd38fa41244' was completed in 0.27 seconds with the score of 855.65 (29 unrouted), using 17255.76 CPU seconds and 293168 MB memory.
2026-09-11 18:31:08.679 INFO   [61525A\3C179E] Auto-router pass #634 on board '1048ef02b8fd4dd21f7f7cd38fa41244' was completed in 0.27 seconds with the score of 855.65 (29 unrouted), using 17255.76 CPU seconds and 293168 MB memory.
2026-09-11 18:31:08.949 INFO   [61525A\3C179E] Auto-router pass #635 on board '1048ef02b8fd4dd21f7f7cd38fa41244' was completed in 0.27 seconds with the score of 855.65 (29 unrouted), using 17439.28 CPU seconds and 294827 MB memory.
2026-09-11 18:31:09.244 INFO   [61525A\3C179E] Auto-router pass #636 on board '1048ef02b8fd4dd21f7f7cd38fa41244' was completed in 0.29 seconds with the score of 855.65 (29 unrouted), using 17439.28 CPU seconds and 294827 MB memory.
2026-09-11 18:31:09.517 INFO   [61525A\3C179E] Auto-router pass #637 on board '1048ef02b8fd4dd21f7f7cd38fa41244' was completed in 0.27 seconds with the score of 855.65 (29 unrouted), using 17439.28 CPU seconds and 294827 MB memory.
2026-09-11 18:31:09.790 INFO   [61525A\3C179E] Auto-router pass #638 on board '1048ef02b8fd4dd21f7f7cd38fa41244' was completed in 0.27 seconds with the score of 855.65 (29 unrouted), using 17623.76 CPU seconds and 296497 MB memory.
2026-09-11 18:31:10.059 INFO   [61525A\3C179E] Auto-router pass #639 on board '1048ef02b8fd4dd21f7f7cd38fa41244' was completed in 0.27 seconds with the score of 855.65 (29 unrouted), using 17623.76 CPU seconds and 296497 MB memory.
2026-09-11 18:31:10.356 INFO   [61525A\3C179E] Auto-router pass #640 on board '1048ef02b8fd4dd21f7f7cd38fa41244' was completed in 0.29 seconds with the score of 855.65 (29 unrouted), using 17623.76 CPU seconds and 296497 MB memory.
2026-09-11 18:31:10.627 INFO   [61525A\3C179E] Auto-router pass #641 on board '1048ef02b8fd4dd21f7f7cd38fa41244' was completed in 0.27 seconds with the score of 855.65 (29 unrouted), using 17623.76 CPU seconds and 296497 MB memory.
2026-09-11 18:31:10.896 INFO   [61525A\3C179E] Auto-router pass #642 on board '1048ef02b8fd4dd21f7f7cd38fa41244' was completed in 0.27 seconds with the score of 855.65 (29 unrouted), using 17809.22 CPU seconds and 298167 MB memory.
2026-09-11 18:31:11.162 INFO   [61525A\3C179E] Auto-router pass #643 on board '1048ef02b8fd4dd21f7f7cd38fa41244' was completed in 0.26 seconds with the score of 855.65 (29 unrouted), using 17809.22 CPU seconds and 298167 MB memory.
2026-09-11 18:31:11.456 INFO   [61525A\3C179E] Auto-router pass #644 on board '1048ef02b8fd4dd21f7f7cd38fa41244' was completed in 0.29 seconds with the score of 855.65 (29 unrouted), using 17809.22 CPU seconds and 298167 MB memory.
2026-09-11 18:31:11.726 INFO   [61525A\3C179E] Auto-router pass #645 on board '1048ef02b8fd4dd21f7f7cd38fa41244' was completed in 0.27 seconds with the score of 855.65 (29 unrouted), using 17995.65 CPU seconds and 299857 MB memory.
2026-09-11 18:31:11.994 INFO   [61525A\3C179E] Auto-router pass #646 on board '1048ef02b8fd4dd21f7f7cd38fa41244' was completed in 0.27 seconds with the score of 855.65 (29 unrouted), using 17995.65 CPU seconds and 299857 MB memory.
2026-09-11 18:31:12.268 INFO   [61525A\3C179E] Auto-router pass #647 on board '1048ef02b8fd4dd21f7f7cd38fa41244' was completed in 0.27 seconds with the score of 855.65 (29 unrouted), using 17995.65 CPU seconds and 299857 MB memory.
2026-09-11 18:31:12.564 INFO   [61525A\3C179E] Auto-router pass #648 on board '1048ef02b8fd4dd21f7f7cd38fa41244' was completed in 0.29 seconds with the score of 855.65 (29 unrouted), using 17995.65 CPU seconds and 299857 MB memory.
2026-09-11 18:31:12.838 INFO   [61525A\3C179E] Auto-router pass #649 on board '1048ef02b8fd4dd21f7f7cd38fa41244' was completed in 0.27 seconds with the score of 855.65 (29 unrouted), using 18183.05 CPU seconds and 301527 MB memory.
2026-09-11 18:31:13.115 INFO   [61525A\3C179E] Auto-router pass #650 on board '1048ef02b8fd4dd21f7f7cd38fa41244' was completed in 0.27 seconds with the score of 855.65 (29 unrouted), using 18183.05 CPU seconds and 301527 MB memory.
2026-09-11 18:31:13.383 INFO   [61525A\3C179E] Auto-router pass #651 on board '1048ef02b8fd4dd21f7f7cd38fa41244' was completed in 0.27 seconds with the score of 855.65 (29 unrouted), using 18183.05 CPU seconds and 301527 MB memory.
2026-09-11 18:31:13.679 INFO   [61525A\3C179E] Auto-router pass #652 on board '1048ef02b8fd4dd21f7f7cd38fa41244' was completed in 0.29 seconds with the score of 855.65 (29 unrouted), using 18183.05 CPU seconds and 301527 MB memory.
2026-09-11 18:31:13.950 INFO   [61525A\3C179E] Auto-router pass #653 on board '1048ef02b8fd4dd21f7f7cd38fa41244' was completed in 0.27 seconds with the score of 855.65 (29 unrouted), using 18371.42 CPU seconds and 303191 MB memory.
2026-09-11 18:31:14.222 INFO   [61525A\3C179E] Auto-router pass #654 on board '1048ef02b8fd4dd21f7f7cd38fa41244' was completed in 0.27 seconds with the score of 855.65 (29 unrouted), using 18371.42 CPU seconds and 303191 MB memory.
2026-09-11 18:31:14.495 INFO   [61525A\3C179E] Auto-router pass #655 on board '1048ef02b8fd4dd21f7f7cd38fa41244' was completed in 0.27 seconds with the score of 855.65 (29 unrouted), using 18371.42 CPU seconds and 303191 MB memory.
2026-09-11 18:31:14.792 INFO   [61525A\3C179E] Auto-router pass #656 on board '1048ef02b8fd4dd21f7f7cd38fa41244' was completed in 0.29 seconds with the score of 855.65 (29 unrouted), using 18560.77 CPU seconds and 304864 MB memory.
2026-09-11 18:31:15.059 INFO   [61525A\3C179E] Auto-router pass #657 on board '1048ef02b8fd4dd21f7f7cd38fa41244' was completed in 0.27 seconds with the score of 855.65 (29 unrouted), using 18560.77 CPU seconds and 304864 MB memory.
2026-09-11 18:31:15.327 INFO   [61525A\3C179E] Auto-router pass #658 on board '1048ef02b8fd4dd21f7f7cd38fa41244' was completed in 0.27 seconds with the score of 855.65 (29 unrouted), using 18560.77 CPU seconds and 304864 MB memory.
2026-09-11 18:31:15.596 INFO   [61525A\3C179E] Auto-router pass #659 on board '1048ef02b8fd4dd21f7f7cd38fa41244' was completed in 0.27 seconds with the score of 855.65 (29 unrouted), using 18560.77 CPU seconds and 304864 MB memory.
2026-09-11 18:31:15.887 INFO   [61525A\3C179E] Auto-router pass #660 on board '1048ef02b8fd4dd21f7f7cd38fa41244' was completed in 0.29 seconds with the score of 855.65 (29 unrouted), using 18751.10 CPU seconds and 306562 MB memory.
2026-09-11 18:31:16.157 INFO   [61525A\3C179E] Auto-router pass #661 on board '1048ef02b8fd4dd21f7f7cd38fa41244' was completed in 0.27 seconds with the score of 855.65 (29 unrouted), using 18751.10 CPU seconds and 306562 MB memory.
2026-09-11 18:31:16.422 INFO   [61525A\3C179E] Auto-router pass #662 on board '1048ef02b8fd4dd21f7f7cd38fa41244' was completed in 0.26 seconds with the score of 855.65 (29 unrouted), using 18751.10 CPU seconds and 306562 MB memory.
2026-09-11 18:31:16.695 INFO   [61525A\3C179E] Auto-router pass #663 on board '1048ef02b8fd4dd21f7f7cd38fa41244' was completed in 0.27 seconds with the score of 855.65 (29 unrouted), using 18751.10 CPU seconds and 306562 MB memory.
2026-09-11 18:31:16.990 INFO   [61525A\3C179E] Auto-router pass #664 on board '1048ef02b8fd4dd21f7f7cd38fa41244' was completed in 0.29 seconds with the score of 855.65 (29 unrouted), using 18942.40 CPU seconds and 308242 MB memory.
2026-09-11 18:31:17.259 INFO   [61525A\3C179E] Auto-router pass #665 on board '1048ef02b8fd4dd21f7f7cd38fa41244' was completed in 0.27 seconds with the score of 855.65 (29 unrouted), using 18942.40 CPU seconds and 308242 MB memory.
2026-09-11 18:31:17.525 INFO   [61525A\3C179E] Auto-router pass #666 on board '1048ef02b8fd4dd21f7f7cd38fa41244' was completed in 0.26 seconds with the score of 855.65 (29 unrouted), using 18942.40 CPU seconds and 308242 MB memory.
2026-09-11 18:31:17.795 INFO   [61525A\3C179E] Auto-router pass #667 on board '1048ef02b8fd4dd21f7f7cd38fa41244' was completed in 0.27 seconds with the score of 855.65 (29 unrouted), using 19134.67 CPU seconds and 309936 MB memory.
2026-09-11 18:31:18.090 INFO   [61525A\3C179E] Auto-router pass #668 on board '1048ef02b8fd4dd21f7f7cd38fa41244' was completed in 0.29 seconds with the score of 855.65 (29 unrouted), using 19134.67 CPU seconds and 309936 MB memory.
2026-09-11 18:31:18.359 INFO   [61525A\3C179E] Auto-router pass #669 on board '1048ef02b8fd4dd21f7f7cd38fa41244' was completed in 0.27 seconds with the score of 855.65 (29 unrouted), using 19134.67 CPU seconds and 309936 MB memory.
2026-09-11 18:31:18.627 INFO   [61525A\3C179E] Auto-router pass #670 on board '1048ef02b8fd4dd21f7f7cd38fa41244' was completed in 0.27 seconds with the score of 855.65 (29 unrouted), using 19134.67 CPU seconds and 309936 MB memory.
2026-09-11 18:31:18.895 INFO   [61525A\3C179E] Auto-router pass #671 on board '1048ef02b8fd4dd21f7f7cd38fa41244' was completed in 0.26 seconds with the score of 855.65 (29 unrouted), using 19327.92 CPU seconds and 311618 MB memory.
2026-09-11 18:31:19.195 INFO   [61525A\3C179E] Auto-router pass #672 on board '1048ef02b8fd4dd21f7f7cd38fa41244' was completed in 0.29 seconds with the score of 855.65 (29 unrouted), using 19327.92 CPU seconds and 311618 MB memory.
2026-09-11 18:31:19.467 INFO   [61525A\3C179E] Auto-router pass #673 on board '1048ef02b8fd4dd21f7f7cd38fa41244' was completed in 0.27 seconds with the score of 855.65 (29 unrouted), using 19327.92 CPU seconds and 311618 MB memory.
2026-09-11 18:31:19.738 INFO   [61525A\3C179E] Auto-router pass #674 on board '1048ef02b8fd4dd21f7f7cd38fa41244' was completed in 0.27 seconds with the score of 855.65 (29 unrouted), using 19522.13 CPU seconds and 313289 MB memory.
2026-09-11 18:31:20.006 INFO   [61525A\3C179E] Auto-router pass #675 on board '1048ef02b8fd4dd21f7f7cd38fa41244' was completed in 0.26 seconds with the score of 855.65 (29 unrouted), using 19522.13 CPU seconds and 313289 MB memory.
2026-09-11 18:31:20.296 INFO   [61525A\3C179E] Auto-router pass #676 on board '1048ef02b8fd4dd21f7f7cd38fa41244' was completed in 0.29 seconds with the score of 855.65 (29 unrouted), using 19522.13 CPU seconds and 313289 MB memory.
2026-09-11 18:31:20.563 INFO   [61525A\3C179E] Auto-router pass #677 on board '1048ef02b8fd4dd21f7f7cd38fa41244' was completed in 0.26 seconds with the score of 855.65 (29 unrouted), using 19522.13 CPU seconds and 313289 MB memory.
2026-09-11 18:31:20.827 INFO   [61525A\3C179E] Auto-router pass #678 on board '1048ef02b8fd4dd21f7f7cd38fa41244' was completed in 0.26 seconds with the score of 855.65 (29 unrouted), using 19717.33 CPU seconds and 314988 MB memory.
2026-09-11 18:31:21.094 INFO   [61525A\3C179E] Auto-router pass #679 on board '1048ef02b8fd4dd21f7f7cd38fa41244' was completed in 0.26 seconds with the score of 855.65 (29 unrouted), using 19717.33 CPU seconds and 314988 MB memory.
2026-09-11 18:31:21.386 INFO   [61525A\3C179E] Auto-router pass #680 on board '1048ef02b8fd4dd21f7f7cd38fa41244' was completed in 0.29 seconds with the score of 855.65 (29 unrouted), using 19717.33 CPU seconds and 314988 MB memory.
2026-09-11 18:31:21.659 INFO   [61525A\3C179E] Auto-router pass #681 on board '1048ef02b8fd4dd21f7f7cd38fa41244' was completed in 0.27 seconds with the score of 855.65 (29 unrouted), using 19717.33 CPU seconds and 314988 MB memory.
2026-09-11 18:31:21.925 INFO   [61525A\3C179E] Auto-router pass #682 on board '1048ef02b8fd4dd21f7f7cd38fa41244' was completed in 0.26 seconds with the score of 855.65 (29 unrouted), using 19913.50 CPU seconds and 316680 MB memory.
2026-09-11 18:31:22.194 INFO   [61525A\3C179E] Auto-router pass #683 on board '1048ef02b8fd4dd21f7f7cd38fa41244' was completed in 0.27 seconds with the score of 855.65 (29 unrouted), using 19913.50 CPU seconds and 316680 MB memory.
2026-09-11 18:31:22.489 INFO   [61525A\3C179E] Auto-router pass #684 on board '1048ef02b8fd4dd21f7f7cd38fa41244' was completed in 0.29 seconds with the score of 855.65 (29 unrouted), using 19913.50 CPU seconds and 316680 MB memory.
2026-09-11 18:31:22.755 INFO   [61525A\3C179E] Auto-router pass #685 on board '1048ef02b8fd4dd21f7f7cd38fa41244' was completed in 0.26 seconds with the score of 855.65 (29 unrouted), using 20110.64 CPU seconds and 318369 MB memory.
2026-09-11 18:31:23.029 INFO   [61525A\3C179E] Auto-router pass #686 on board '1048ef02b8fd4dd21f7f7cd38fa41244' was completed in 0.27 seconds with the score of 855.65 (29 unrouted), using 20110.64 CPU seconds and 318369 MB memory.
2026-09-11 18:31:23.299 INFO   [61525A\3C179E] Auto-router pass #687 on board '1048ef02b8fd4dd21f7f7cd38fa41244' was completed in 0.27 seconds with the score of 855.65 (29 unrouted), using 20110.64 CPU seconds and 318369 MB memory.
2026-09-11 18:31:23.595 INFO   [61525A\3C179E] Auto-router pass #688 on board '1048ef02b8fd4dd21f7f7cd38fa41244' was completed in 0.29 seconds with the score of 855.65 (29 unrouted), using 20110.64 CPU seconds and 318369 MB memory.
2026-09-11 18:31:23.865 INFO   [61525A\3C179E] Auto-router pass #689 on board '1048ef02b8fd4dd21f7f7cd38fa41244' was completed in 0.27 seconds with the score of 855.65 (29 unrouted), using 20308.75 CPU seconds and 320050 MB memory.
2026-09-11 18:31:24.139 INFO   [61525A\3C179E] Auto-router pass #690 on board '1048ef02b8fd4dd21f7f7cd38fa41244' was completed in 0.27 seconds with the score of 855.65 (29 unrouted), using 20308.75 CPU seconds and 320050 MB memory.
2026-09-11 18:31:24.412 INFO   [61525A\3C179E] Auto-router pass #691 on board '1048ef02b8fd4dd21f7f7cd38fa41244' was completed in 0.27 seconds with the score of 855.65 (29 unrouted), using 20308.75 CPU seconds and 320050 MB memory.
2026-09-11 18:31:24.711 INFO   [61525A\3C179E] Auto-router pass #692 on board '1048ef02b8fd4dd21f7f7cd38fa41244' was completed in 0.30 seconds with the score of 855.65 (29 unrouted), using 20308.75 CPU seconds and 320050 MB memory.
2026-09-11 18:31:24.976 INFO   [61525A\3C179E] Auto-router pass #693 on board '1048ef02b8fd4dd21f7f7cd38fa41244' was completed in 0.26 seconds with the score of 855.65 (29 unrouted), using 20507.83 CPU seconds and 321698 MB memory.
2026-09-11 18:31:25.246 INFO   [61525A\3C179E] Auto-router pass #694 on board '1048ef02b8fd4dd21f7f7cd38fa41244' was completed in 0.27 seconds with the score of 855.65 (29 unrouted), using 20507.83 CPU seconds and 321698 MB memory.
2026-09-11 18:31:25.519 INFO   [61525A\3C179E] Auto-router pass #695 on board '1048ef02b8fd4dd21f7f7cd38fa41244' was completed in 0.27 seconds with the score of 855.65 (29 unrouted), using 20507.83 CPU seconds and 321698 MB memory.
2026-09-11 18:31:25.812 INFO   [61525A\3C179E] Auto-router pass #696 on board '1048ef02b8fd4dd21f7f7cd38fa41244' was completed in 0.29 seconds with the score of 855.65 (29 unrouted), using 20707.89 CPU seconds and 323391 MB memory.
2026-09-11 18:31:26.084 INFO   [61525A\3C179E] Auto-router pass #697 on board '1048ef02b8fd4dd21f7f7cd38fa41244' was completed in 0.27 seconds with the score of 855.65 (29 unrouted), using 20707.89 CPU seconds and 323391 MB memory.
2026-09-11 18:31:26.359 INFO   [61525A\3C179E] Auto-router pass #698 on board '1048ef02b8fd4dd21f7f7cd38fa41244' was completed in 0.27 seconds with the score of 855.65 (29 unrouted), using 20707.89 CPU seconds and 323391 MB memory.
2026-09-11 18:31:26.631 INFO   [61525A\3C179E] Auto-router pass #699 on board '1048ef02b8fd4dd21f7f7cd38fa41244' was completed in 0.27 seconds with the score of 855.65 (29 unrouted), using 20707.89 CPU seconds and 323391 MB memory.
2026-09-11 18:31:26.930 INFO   [61525A\3C179E] Auto-router pass #700 on board '1048ef02b8fd4dd21f7f7cd38fa41244' was completed in 0.30 seconds with the score of 855.65 (29 unrouted), using 20908.91 CPU seconds and 325058 MB memory.
2026-09-11 18:31:27.202 INFO   [61525A\3C179E] Auto-router pass #701 on board '1048ef02b8fd4dd21f7f7cd38fa41244' was completed in 0.27 seconds with the score of 855.65 (29 unrouted), using 20908.91 CPU seconds and 325058 MB memory.
2026-09-11 18:31:27.476 INFO   [61525A\3C179E] Auto-router pass #702 on board '1048ef02b8fd4dd21f7f7cd38fa41244' was completed in 0.27 seconds with the score of 855.65 (29 unrouted), using 20908.91 CPU seconds and 325058 MB memory.
2026-09-11 18:31:27.745 INFO   [61525A\3C179E] Auto-router pass #703 on board '1048ef02b8fd4dd21f7f7cd38fa41244' was completed in 0.27 seconds with the score of 855.65 (29 unrouted), using 21110.92 CPU seconds and 326726 MB memory.
2026-09-11 18:31:28.052 INFO   [61525A\3C179E] Auto-router pass #704 on board '1048ef02b8fd4dd21f7f7cd38fa41244' was completed in 0.30 seconds with the score of 855.65 (29 unrouted), using 21110.92 CPU seconds and 326726 MB memory.
2026-09-11 18:31:28.311 INFO   [61525A\3C179E] Auto-router pass #705 on board '1048ef02b8fd4dd21f7f7cd38fa41244' was completed in 0.26 seconds with the score of 855.65 (29 unrouted), using 21110.92 CPU seconds and 326726 MB memory.
2026-09-11 18:31:28.572 INFO   [61525A\3C179E] Auto-router pass #706 on board '1048ef02b8fd4dd21f7f7cd38fa41244' was completed in 0.26 seconds with the score of 855.65 (29 unrouted), using 21110.92 CPU seconds and 326726 MB memory.
2026-09-11 18:31:28.833 INFO   [61525A\3C179E] Auto-router pass #707 on board '1048ef02b8fd4dd21f7f7cd38fa41244' was completed in 0.26 seconds with the score of 855.65 (29 unrouted), using 21313.91 CPU seconds and 328425 MB memory.
2026-09-11 18:31:29.117 INFO   [61525A\3C179E] Auto-router pass #708 on board '1048ef02b8fd4dd21f7f7cd38fa41244' was completed in 0.28 seconds with the score of 855.65 (29 unrouted), using 21313.91 CPU seconds and 328425 MB memory.
2026-09-11 18:31:29.380 INFO   [61525A\3C179E] Auto-router pass #709 on board '1048ef02b8fd4dd21f7f7cd38fa41244' was completed in 0.26 seconds with the score of 855.65 (29 unrouted), using 21313.91 CPU seconds and 328425 MB memory.
2026-09-11 18:31:29.646 INFO   [61525A\3C179E] Auto-router pass #710 on board '1048ef02b8fd4dd21f7f7cd38fa41244' was completed in 0.26 seconds with the score of 855.65 (29 unrouted), using 21313.91 CPU seconds and 328425 MB memory.
2026-09-11 18:31:29.911 INFO   [61525A\3C179E] Auto-router pass #711 on board '1048ef02b8fd4dd21f7f7cd38fa41244' was completed in 0.26 seconds with the score of 855.65 (29 unrouted), using 21517.90 CPU seconds and 330150 MB memory.
2026-09-11 18:31:30.198 INFO   [61525A\3C179E] Auto-router pass #712 on board '1048ef02b8fd4dd21f7f7cd38fa41244' was completed in 0.28 seconds with the score of 855.65 (29 unrouted), using 21517.90 CPU seconds and 330150 MB memory.
2026-09-11 18:31:30.459 INFO   [61525A\3C179E] Auto-router pass #713 on board '1048ef02b8fd4dd21f7f7cd38fa41244' was completed in 0.26 seconds with the score of 855.65 (29 unrouted), using 21517.90 CPU seconds and 330150 MB memory.
2026-09-11 18:31:30.720 INFO   [61525A\3C179E] Auto-router pass #714 on board '1048ef02b8fd4dd21f7f7cd38fa41244' was completed in 0.26 seconds with the score of 855.65 (29 unrouted), using 21517.90 CPU seconds and 330150 MB memory.
2026-09-11 18:31:30.981 INFO   [61525A\3C179E] Auto-router pass #715 on board '1048ef02b8fd4dd21f7f7cd38fa41244' was completed in 0.26 seconds with the score of 855.65 (29 unrouted), using 21722.90 CPU seconds and 331875 MB memory.
2026-09-11 18:31:31.266 INFO   [61525A\3C179E] Auto-router pass #716 on board '1048ef02b8fd4dd21f7f7cd38fa41244' was completed in 0.28 seconds with the score of 855.65 (29 unrouted), using 21722.90 CPU seconds and 331875 MB memory.
2026-09-11 18:31:31.527 INFO   [61525A\3C179E] Auto-router pass #717 on board '1048ef02b8fd4dd21f7f7cd38fa41244' was completed in 0.26 seconds with the score of 855.65 (29 unrouted), using 21722.90 CPU seconds and 331875 MB memory.
2026-09-11 18:31:31.790 INFO   [61525A\3C179E] Auto-router pass #718 on board '1048ef02b8fd4dd21f7f7cd38fa41244' was completed in 0.26 seconds with the score of 855.65 (29 unrouted), using 21928.90 CPU seconds and 333618 MB memory.
2026-09-11 18:31:32.055 INFO   [61525A\3C179E] Auto-router pass #719 on board '1048ef02b8fd4dd21f7f7cd38fa41244' was completed in 0.26 seconds with the score of 855.65 (29 unrouted), using 21928.90 CPU seconds and 333618 MB memory.
2026-09-11 18:31:32.345 INFO   [61525A\3C179E] Auto-router pass #720 on board '1048ef02b8fd4dd21f7f7cd38fa41244' was completed in 0.29 seconds with the score of 855.65 (29 unrouted), using 21928.90 CPU seconds and 333618 MB memory.
2026-09-11 18:31:32.610 INFO   [61525A\3C179E] Auto-router pass #721 on board '1048ef02b8fd4dd21f7f7cd38fa41244' was completed in 0.26 seconds with the score of 855.65 (29 unrouted), using 21928.90 CPU seconds and 333618 MB memory.
2026-09-11 18:31:32.873 INFO   [61525A\3C179E] Auto-router pass #722 on board '1048ef02b8fd4dd21f7f7cd38fa41244' was completed in 0.26 seconds with the score of 855.65 (29 unrouted), using 22135.89 CPU seconds and 335327 MB memory.
2026-09-11 18:31:33.140 INFO   [61525A\3C179E] Auto-router pass #723 on board '1048ef02b8fd4dd21f7f7cd38fa41244' was completed in 0.26 seconds with the score of 855.65 (29 unrouted), using 22135.89 CPU seconds and 335327 MB memory.
2026-09-11 18:31:33.438 INFO   [61525A\3C179E] Auto-router pass #724 on board '1048ef02b8fd4dd21f7f7cd38fa41244' was completed in 0.30 seconds with the score of 855.65 (29 unrouted), using 22135.89 CPU seconds and 335327 MB memory.
2026-09-11 18:31:33.699 INFO   [61525A\3C179E] Auto-router pass #725 on board '1048ef02b8fd4dd21f7f7cd38fa41244' was completed in 0.26 seconds with the score of 855.65 (29 unrouted), using 22135.89 CPU seconds and 335327 MB memory.
2026-09-11 18:31:33.962 INFO   [61525A\3C179E] Auto-router pass #726 on board '1048ef02b8fd4dd21f7f7cd38fa41244' was completed in 0.26 seconds with the score of 855.65 (29 unrouted), using 22343.87 CPU seconds and 337024 MB memory.
2026-09-11 18:31:34.226 INFO   [61525A\3C179E] Auto-router pass #727 on board '1048ef02b8fd4dd21f7f7cd38fa41244' was completed in 0.26 seconds with the score of 855.65 (29 unrouted), using 22343.87 CPU seconds and 337024 MB memory.
2026-09-11 18:31:34.514 INFO   [61525A\3C179E] Auto-router pass #728 on board '1048ef02b8fd4dd21f7f7cd38fa41244' was completed in 0.28 seconds with the score of 855.65 (29 unrouted), using 22343.87 CPU seconds and 337024 MB memory.
2026-09-11 18:31:34.779 INFO   [61525A\3C179E] Auto-router pass #729 on board '1048ef02b8fd4dd21f7f7cd38fa41244' was completed in 0.26 seconds with the score of 855.65 (29 unrouted), using 22552.83 CPU seconds and 338741 MB memory.
2026-09-11 18:31:35.043 INFO   [61525A\3C179E] Auto-router pass #730 on board '1048ef02b8fd4dd21f7f7cd38fa41244' was completed in 0.26 seconds with the score of 855.65 (29 unrouted), using 22552.83 CPU seconds and 338741 MB memory.
2026-09-11 18:31:35.306 INFO   [61525A\3C179E] Auto-router pass #731 on board '1048ef02b8fd4dd21f7f7cd38fa41244' was completed in 0.26 seconds with the score of 855.65 (29 unrouted), using 22552.83 CPU seconds and 338741 MB memory.
2026-09-11 18:31:35.599 INFO   [61525A\3C179E] Auto-router pass #732 on board '1048ef02b8fd4dd21f7f7cd38fa41244' was completed in 0.29 seconds with the score of 855.65 (29 unrouted), using 22552.83 CPU seconds and 338741 MB memory.
2026-09-11 18:31:35.865 INFO   [61525A\3C179E] Auto-router pass #733 on board '1048ef02b8fd4dd21f7f7cd38fa41244' was completed in 0.26 seconds with the score of 855.65 (29 unrouted), using 22762.79 CPU seconds and 340458 MB memory.
2026-09-11 18:31:36.128 INFO   [61525A\3C179E] Auto-router pass #734 on board '1048ef02b8fd4dd21f7f7cd38fa41244' was completed in 0.26 seconds with the score of 855.65 (29 unrouted), using 22762.79 CPU seconds and 340458 MB memory.
2026-09-11 18:31:36.396 INFO   [61525A\3C179E] Auto-router pass #735 on board '1048ef02b8fd4dd21f7f7cd38fa41244' was completed in 0.26 seconds with the score of 855.65 (29 unrouted), using 22762.79 CPU seconds and 340458 MB memory.
2026-09-11 18:31:36.684 INFO   [61525A\3C179E] Auto-router pass #736 on board '1048ef02b8fd4dd21f7f7cd38fa41244' was completed in 0.29 seconds with the score of 855.65 (29 unrouted), using 22762.79 CPU seconds and 340458 MB memory.
2026-09-11 18:31:36.950 INFO   [61525A\3C179E] Auto-router pass #737 on board '1048ef02b8fd4dd21f7f7cd38fa41244' was completed in 0.26 seconds with the score of 855.65 (29 unrouted), using 22973.73 CPU seconds and 342156 MB memory.
2026-09-11 18:31:37.215 INFO   [61525A\3C179E] Auto-router pass #738 on board '1048ef02b8fd4dd21f7f7cd38fa41244' was completed in 0.26 seconds with the score of 855.65 (29 unrouted), using 22973.73 CPU seconds and 342156 MB memory.
2026-09-11 18:31:37.481 INFO   [61525A\3C179E] Auto-router pass #739 on board '1048ef02b8fd4dd21f7f7cd38fa41244' was completed in 0.26 seconds with the score of 855.65 (29 unrouted), using 22973.73 CPU seconds and 342156 MB memory.
2026-09-11 18:31:37.770 INFO   [61525A\3C179E] Auto-router pass #740 on board '1048ef02b8fd4dd21f7f7cd38fa41244' was completed in 0.29 seconds with the score of 855.65 (29 unrouted), using 23185.66 CPU seconds and 343870 MB memory.
2026-09-11 18:31:38.040 INFO   [61525A\3C179E] Auto-router pass #741 on board '1048ef02b8fd4dd21f7f7cd38fa41244' was completed in 0.27 seconds with the score of 855.65 (29 unrouted), using 23185.66 CPU seconds and 343870 MB memory.
2026-09-11 18:31:38.309 INFO   [61525A\3C179E] Auto-router pass #742 on board '1048ef02b8fd4dd21f7f7cd38fa41244' was completed in 0.27 seconds with the score of 855.65 (29 unrouted), using 23185.66 CPU seconds and 343870 MB memory.
2026-09-11 18:31:38.575 INFO   [61525A\3C179E] Auto-router pass #743 on board '1048ef02b8fd4dd21f7f7cd38fa41244' was completed in 0.26 seconds with the score of 855.65 (29 unrouted), using 23185.66 CPU seconds and 343870 MB memory.
2026-09-11 18:31:38.867 INFO   [61525A\3C179E] Auto-router pass #744 on board '1048ef02b8fd4dd21f7f7cd38fa41244' was completed in 0.29 seconds with the score of 855.65 (29 unrouted), using 23398.57 CPU seconds and 345571 MB memory.
2026-09-11 18:31:39.132 INFO   [61525A\3C179E] Auto-router pass #745 on board '1048ef02b8fd4dd21f7f7cd38fa41244' was completed in 0.26 seconds with the score of 855.65 (29 unrouted), using 23398.57 CPU seconds and 345571 MB memory.
2026-09-11 18:31:39.400 INFO   [61525A\3C179E] Auto-router pass #746 on board '1048ef02b8fd4dd21f7f7cd38fa41244' was completed in 0.27 seconds with the score of 855.65 (29 unrouted), using 23398.57 CPU seconds and 345571 MB memory.
2026-09-11 18:31:39.667 INFO   [61525A\3C179E] Auto-router pass #747 on board '1048ef02b8fd4dd21f7f7cd38fa41244' was completed in 0.26 seconds with the score of 855.65 (29 unrouted), using 23398.57 CPU seconds and 345571 MB memory.
2026-09-11 18:31:39.956 INFO   [61525A\3C179E] Auto-router pass #748 on board '1048ef02b8fd4dd21f7f7cd38fa41244' was completed in 0.29 seconds with the score of 855.65 (29 unrouted), using 23612.46 CPU seconds and 347268 MB memory.
2026-09-11 18:31:40.223 INFO   [61525A\3C179E] Auto-router pass #749 on board '1048ef02b8fd4dd21f7f7cd38fa41244' was completed in 0.26 seconds with the score of 855.65 (29 unrouted), using 23612.46 CPU seconds and 347268 MB memory.
2026-09-11 18:31:40.491 INFO   [61525A\3C179E] Auto-router pass #750 on board '1048ef02b8fd4dd21f7f7cd38fa41244' was completed in 0.26 seconds with the score of 855.65 (29 unrouted), using 23612.46 CPU seconds and 347268 MB memory.
2026-09-11 18:31:40.760 INFO   [61525A\3C179E] Auto-router pass #751 on board '1048ef02b8fd4dd21f7f7cd38fa41244' was completed in 0.27 seconds with the score of 855.65 (29 unrouted), using 23827.34 CPU seconds and 348978 MB memory.
2026-09-11 18:31:41.052 INFO   [61525A\3C179E] Auto-router pass #752 on board '1048ef02b8fd4dd21f7f7cd38fa41244' was completed in 0.29 seconds with the score of 855.65 (29 unrouted), using 23827.34 CPU seconds and 348978 MB memory.
2026-09-11 18:31:41.324 INFO   [61525A\3C179E] Auto-router pass #753 on board '1048ef02b8fd4dd21f7f7cd38fa41244' was completed in 0.27 seconds with the score of 855.65 (29 unrouted), using 23827.34 CPU seconds and 348978 MB memory.
2026-09-11 18:31:41.596 INFO   [61525A\3C179E] Auto-router pass #754 on board '1048ef02b8fd4dd21f7f7cd38fa41244' was completed in 0.27 seconds with the score of 855.65 (29 unrouted), using 23827.34 CPU seconds and 348978 MB memory.
2026-09-11 18:31:41.871 INFO   [61525A\3C179E] Auto-router pass #755 on board '1048ef02b8fd4dd21f7f7cd38fa41244' was completed in 0.27 seconds with the score of 855.65 (29 unrouted), using 24043.17 CPU seconds and 350638 MB memory.
2026-09-11 18:31:42.168 INFO   [61525A\3C179E] Auto-router pass #756 on board '1048ef02b8fd4dd21f7f7cd38fa41244' was completed in 0.29 seconds with the score of 855.65 (29 unrouted), using 24043.17 CPU seconds and 350638 MB memory.
2026-09-11 18:31:42.438 INFO   [61525A\3C179E] Auto-router pass #757 on board '1048ef02b8fd4dd21f7f7cd38fa41244' was completed in 0.27 seconds with the score of 855.65 (29 unrouted), using 24043.17 CPU seconds and 350638 MB memory.
2026-09-11 18:31:42.708 INFO   [61525A\3C179E] Auto-router pass #758 on board '1048ef02b8fd4dd21f7f7cd38fa41244' was completed in 0.27 seconds with the score of 855.65 (29 unrouted), using 24043.17 CPU seconds and 350638 MB memory.
2026-09-11 18:31:42.991 INFO   [61525A\3C179E] Auto-router pass #759 on board '1048ef02b8fd4dd21f7f7cd38fa41244' was completed in 0.28 seconds with the score of 855.65 (29 unrouted), using 24259.98 CPU seconds and 352313 MB memory.
2026-09-11 18:31:43.281 INFO   [61525A\3C179E] Auto-router pass #760 on board '1048ef02b8fd4dd21f7f7cd38fa41244' was completed in 0.29 seconds with the score of 855.65 (29 unrouted), using 24259.98 CPU seconds and 352313 MB memory.
2026-09-11 18:31:43.557 INFO   [61525A\3C179E] Auto-router pass #761 on board '1048ef02b8fd4dd21f7f7cd38fa41244' was completed in 0.27 seconds with the score of 855.65 (29 unrouted), using 24259.98 CPU seconds and 352313 MB memory.
2026-09-11 18:31:43.828 INFO   [61525A\3C179E] Auto-router pass #762 on board '1048ef02b8fd4dd21f7f7cd38fa41244' was completed in 0.27 seconds with the score of 855.65 (29 unrouted), using 24477.76 CPU seconds and 353963 MB memory.
2026-09-11 18:31:44.097 INFO   [61525A\3C179E] Auto-router pass #763 on board '1048ef02b8fd4dd21f7f7cd38fa41244' was completed in 0.27 seconds with the score of 855.65 (29 unrouted), using 24477.76 CPU seconds and 353963 MB memory.
2026-09-11 18:31:44.393 INFO   [61525A\3C179E] Auto-router pass #764 on board '1048ef02b8fd4dd21f7f7cd38fa41244' was completed in 0.29 seconds with the score of 855.65 (29 unrouted), using 24477.76 CPU seconds and 353963 MB memory.
2026-09-11 18:31:44.665 INFO   [61525A\3C179E] Auto-router pass #765 on board '1048ef02b8fd4dd21f7f7cd38fa41244' was completed in 0.27 seconds with the score of 855.65 (29 unrouted), using 24477.76 CPU seconds and 353963 MB memory.
2026-09-11 18:31:44.931 INFO   [61525A\3C179E] Auto-router pass #766 on board '1048ef02b8fd4dd21f7f7cd38fa41244' was completed in 0.26 seconds with the score of 855.65 (29 unrouted), using 24696.51 CPU seconds and 355644 MB memory.
2026-09-11 18:31:45.194 INFO   [61525A\3C179E] Auto-router pass #767 on board '1048ef02b8fd4dd21f7f7cd38fa41244' was completed in 0.26 seconds with the score of 855.65 (29 unrouted), using 24696.51 CPU seconds and 355644 MB memory.
2026-09-11 18:31:45.482 INFO   [61525A\3C179E] Auto-router pass #768 on board '1048ef02b8fd4dd21f7f7cd38fa41244' was completed in 0.28 seconds with the score of 855.65 (29 unrouted), using 24696.51 CPU seconds and 355644 MB memory.
2026-09-11 18:31:45.745 INFO   [61525A\3C179E] Auto-router pass #769 on board '1048ef02b8fd4dd21f7f7cd38fa41244' was completed in 0.26 seconds with the score of 855.65 (29 unrouted), using 24916.25 CPU seconds and 357361 MB memory.
2026-09-11 18:31:46.012 INFO   [61525A\3C179E] Auto-router pass #770 on board '1048ef02b8fd4dd21f7f7cd38fa41244' was completed in 0.26 seconds with the score of 855.65 (29 unrouted), using 24916.25 CPU seconds and 357361 MB memory.
2026-09-11 18:31:46.278 INFO   [61525A\3C179E] Auto-router pass #771 on board '1048ef02b8fd4dd21f7f7cd38fa41244' was completed in 0.26 seconds with the score of 855.65 (29 unrouted), using 24916.25 CPU seconds and 357361 MB memory.
2026-09-11 18:31:46.568 INFO   [61525A\3C179E] Auto-router pass #772 on board '1048ef02b8fd4dd21f7f7cd38fa41244' was completed in 0.29 seconds with the score of 855.65 (29 unrouted), using 24916.25 CPU seconds and 357361 MB memory.
2026-09-11 18:31:46.833 INFO   [61525A\3C179E] Auto-router pass #773 on board '1048ef02b8fd4dd21f7f7cd38fa41244' was completed in 0.26 seconds with the score of 855.65 (29 unrouted), using 25136.96 CPU seconds and 359069 MB memory.
2026-09-11 18:31:47.104 INFO   [61525A\3C179E] Auto-router pass #774 on board '1048ef02b8fd4dd21f7f7cd38fa41244' was completed in 0.27 seconds with the score of 855.65 (29 unrouted), using 25136.96 CPU seconds and 359069 MB memory.
2026-09-11 18:31:47.375 INFO   [61525A\3C179E] Auto-router pass #775 on board '1048ef02b8fd4dd21f7f7cd38fa41244' was completed in 0.27 seconds with the score of 855.65 (29 unrouted), using 25136.96 CPU seconds and 359069 MB memory.
2026-09-11 18:31:47.667 INFO   [61525A\3C179E] Auto-router pass #776 on board '1048ef02b8fd4dd21f7f7cd38fa41244' was completed in 0.29 seconds with the score of 855.65 (29 unrouted), using 25136.96 CPU seconds and 359069 MB memory.
2026-09-11 18:31:47.939 INFO   [61525A\3C179E] Auto-router pass #777 on board '1048ef02b8fd4dd21f7f7cd38fa41244' was completed in 0.27 seconds with the score of 855.65 (29 unrouted), using 25358.65 CPU seconds and 360745 MB memory.
2026-09-11 18:31:48.212 INFO   [61525A\3C179E] Auto-router pass #778 on board '1048ef02b8fd4dd21f7f7cd38fa41244' was completed in 0.27 seconds with the score of 855.65 (29 unrouted), using 25358.65 CPU seconds and 360745 MB memory.
2026-09-11 18:31:48.478 INFO   [61525A\3C179E] Auto-router pass #779 on board '1048ef02b8fd4dd21f7f7cd38fa41244' was completed in 0.26 seconds with the score of 855.65 (29 unrouted), using 25358.65 CPU seconds and 360745 MB memory.
2026-09-11 18:31:48.771 INFO   [61525A\3C179E] Auto-router pass #780 on board '1048ef02b8fd4dd21f7f7cd38fa41244' was completed in 0.29 seconds with the score of 855.65 (29 unrouted), using 25581.31 CPU seconds and 362433 MB memory.
2026-09-11 18:31:49.043 INFO   [61525A\3C179E] Auto-router pass #781 on board '1048ef02b8fd4dd21f7f7cd38fa41244' was completed in 0.27 seconds with the score of 855.65 (29 unrouted), using 25581.31 CPU seconds and 362433 MB memory.
2026-09-11 18:31:49.310 INFO   [61525A\3C179E] Auto-router pass #782 on board '1048ef02b8fd4dd21f7f7cd38fa41244' was completed in 0.26 seconds with the score of 855.65 (29 unrouted), using 25581.31 CPU seconds and 362433 MB memory.
2026-09-11 18:31:49.574 INFO   [61525A\3C179E] Auto-router pass #783 on board '1048ef02b8fd4dd21f7f7cd38fa41244' was completed in 0.26 seconds with the score of 855.65 (29 unrouted), using 25581.31 CPU seconds and 362433 MB memory.
2026-09-11 18:31:49.863 INFO   [61525A\3C179E] Auto-router pass #784 on board '1048ef02b8fd4dd21f7f7cd38fa41244' was completed in 0.29 seconds with the score of 855.65 (29 unrouted), using 25804.96 CPU seconds and 364133 MB memory.
2026-09-11 18:31:50.130 INFO   [61525A\3C179E] Auto-router pass #785 on board '1048ef02b8fd4dd21f7f7cd38fa41244' was completed in 0.26 seconds with the score of 855.65 (29 unrouted), using 25804.96 CPU seconds and 364133 MB memory.
2026-09-11 18:31:50.395 INFO   [61525A\3C179E] Auto-router pass #786 on board '1048ef02b8fd4dd21f7f7cd38fa41244' was completed in 0.26 seconds with the score of 855.65 (29 unrouted), using 25804.96 CPU seconds and 364133 MB memory.
2026-09-11 18:31:50.664 INFO   [61525A\3C179E] Auto-router pass #787 on board '1048ef02b8fd4dd21f7f7cd38fa41244' was completed in 0.27 seconds with the score of 855.65 (29 unrouted), using 25804.96 CPU seconds and 364133 MB memory.
2026-09-11 18:31:50.963 INFO   [61525A\3C179E] Auto-router pass #788 on board '1048ef02b8fd4dd21f7f7cd38fa41244' was completed in 0.30 seconds with the score of 855.65 (29 unrouted), using 26029.58 CPU seconds and 365833 MB memory.
2026-09-11 18:31:51.235 INFO   [61525A\3C179E] Auto-router pass #789 on board '1048ef02b8fd4dd21f7f7cd38fa41244' was completed in 0.27 seconds with the score of 855.65 (29 unrouted), using 26029.58 CPU seconds and 365833 MB memory.
2026-09-11 18:31:51.502 INFO   [61525A\3C179E] Auto-router pass #790 on board '1048ef02b8fd4dd21f7f7cd38fa41244' was completed in 0.26 seconds with the score of 855.65 (29 unrouted), using 26029.58 CPU seconds and 365833 MB memory.
2026-09-11 18:31:51.771 INFO   [61525A\3C179E] Auto-router pass #791 on board '1048ef02b8fd4dd21f7f7cd38fa41244' was completed in 0.27 seconds with the score of 855.65 (29 unrouted), using 26255.17 CPU seconds and 367515 MB memory.
2026-09-11 18:31:52.061 INFO   [61525A\3C179E] Auto-router pass #792 on board '1048ef02b8fd4dd21f7f7cd38fa41244' was completed in 0.29 seconds with the score of 855.65 (29 unrouted), using 26255.17 CPU seconds and 367515 MB memory.
2026-09-11 18:31:52.326 INFO   [61525A\3C179E] Auto-router pass #793 on board '1048ef02b8fd4dd21f7f7cd38fa41244' was completed in 0.26 seconds with the score of 855.65 (29 unrouted), using 26255.17 CPU seconds and 367515 MB memory.
2026-09-11 18:31:52.595 INFO   [61525A\3C179E] Auto-router pass #794 on board '1048ef02b8fd4dd21f7f7cd38fa41244' was completed in 0.27 seconds with the score of 855.65 (29 unrouted), using 26255.17 CPU seconds and 367515 MB memory.
2026-09-11 18:31:52.863 INFO   [61525A\3C179E] Auto-router pass #795 on board '1048ef02b8fd4dd21f7f7cd38fa41244' was completed in 0.27 seconds with the score of 855.65 (29 unrouted), using 26481.73 CPU seconds and 369208 MB memory.
2026-09-11 18:31:53.162 INFO   [61525A\3C179E] Auto-router pass #796 on board '1048ef02b8fd4dd21f7f7cd38fa41244' was completed in 0.29 seconds with the score of 855.65 (29 unrouted), using 26481.73 CPU seconds and 369208 MB memory.
2026-09-11 18:31:53.435 INFO   [61525A\3C179E] Auto-router pass #797 on board '1048ef02b8fd4dd21f7f7cd38fa41244' was completed in 0.27 seconds with the score of 855.65 (29 unrouted), using 26481.73 CPU seconds and 369208 MB memory.
2026-09-11 18:31:53.704 INFO   [61525A\3C179E] Auto-router pass #798 on board '1048ef02b8fd4dd21f7f7cd38fa41244' was completed in 0.27 seconds with the score of 855.65 (29 unrouted), using 26481.73 CPU seconds and 369208 MB memory.
2026-09-11 18:31:53.970 INFO   [61525A\3C179E] Auto-router pass #799 on board '1048ef02b8fd4dd21f7f7cd38fa41244' was completed in 0.26 seconds with the score of 855.65 (29 unrouted), using 26709.28 CPU seconds and 370885 MB memory.
2026-09-11 18:31:54.265 INFO   [61525A\3C179E] Auto-router pass #800 on board '1048ef02b8fd4dd21f7f7cd38fa41244' was completed in 0.29 seconds with the score of 855.65 (29 unrouted), using 26709.28 CPU seconds and 370885 MB memory.
2026-09-11 18:31:54.536 INFO   [61525A\3C179E] Auto-router pass #801 on board '1048ef02b8fd4dd21f7f7cd38fa41244' was completed in 0.27 seconds with the score of 855.65 (29 unrouted), using 26709.28 CPU seconds and 370885 MB memory.
2026-09-11 18:31:54.801 INFO   [61525A\3C179E] Auto-router pass #802 on board '1048ef02b8fd4dd21f7f7cd38fa41244' was completed in 0.26 seconds with the score of 855.65 (29 unrouted), using 26937.80 CPU seconds and 372570 MB memory.
2026-09-11 18:31:55.072 INFO   [61525A\3C179E] Auto-router pass #803 on board '1048ef02b8fd4dd21f7f7cd38fa41244' was completed in 0.27 seconds with the score of 855.65 (29 unrouted), using 26937.80 CPU seconds and 372570 MB memory.
2026-09-11 18:31:55.363 INFO   [61525A\3C179E] Auto-router pass #804 on board '1048ef02b8fd4dd21f7f7cd38fa41244' was completed in 0.29 seconds with the score of 855.65 (29 unrouted), using 26937.80 CPU seconds and 372570 MB memory.
2026-09-11 18:31:55.633 INFO   [61525A\3C179E] Auto-router pass #805 on board '1048ef02b8fd4dd21f7f7cd38fa41244' was completed in 0.27 seconds with the score of 855.65 (29 unrouted), using 26937.80 CPU seconds and 372570 MB memory.
2026-09-11 18:31:55.913 INFO   [61525A\3C179E] Auto-router pass #806 on board '1048ef02b8fd4dd21f7f7cd38fa41244' was completed in 0.28 seconds with the score of 855.65 (29 unrouted), using 27167.30 CPU seconds and 374257 MB memory.
2026-09-11 18:31:56.179 INFO   [61525A\3C179E] Auto-router pass #807 on board '1048ef02b8fd4dd21f7f7cd38fa41244' was completed in 0.26 seconds with the score of 855.65 (29 unrouted), using 27167.30 CPU seconds and 374257 MB memory.
2026-09-11 18:31:56.470 INFO   [61525A\3C179E] Auto-router pass #808 on board '1048ef02b8fd4dd21f7f7cd38fa41244' was completed in 0.29 seconds with the score of 855.65 (29 unrouted), using 27167.30 CPU seconds and 374257 MB memory.
2026-09-11 18:31:56.736 INFO   [61525A\3C179E] Auto-router pass #809 on board '1048ef02b8fd4dd21f7f7cd38fa41244' was completed in 0.26 seconds with the score of 855.65 (29 unrouted), using 27167.30 CPU seconds and 374257 MB memory.
2026-09-11 18:31:57.003 INFO   [61525A\3C179E] Auto-router pass #810 on board '1048ef02b8fd4dd21f7f7cd38fa41244' was completed in 0.26 seconds with the score of 855.65 (29 unrouted), using 27397.77 CPU seconds and 375937 MB memory.
2026-09-11 18:31:57.266 INFO   [61525A\3C179E] Auto-router pass #811 on board '1048ef02b8fd4dd21f7f7cd38fa41244' was completed in 0.26 seconds with the score of 855.65 (29 unrouted), using 27397.77 CPU seconds and 375937 MB memory.
2026-09-11 18:31:57.557 INFO   [61525A\3C179E] Auto-router pass #812 on board '1048ef02b8fd4dd21f7f7cd38fa41244' was completed in 0.29 seconds with the score of 855.65 (29 unrouted), using 27397.77 CPU seconds and 375937 MB memory.
2026-09-11 18:31:57.818 INFO   [61525A\3C179E] Auto-router pass #813 on board '1048ef02b8fd4dd21f7f7cd38fa41244' was completed in 0.26 seconds with the score of 855.65 (29 unrouted), using 27629.22 CPU seconds and 377653 MB memory.
2026-09-11 18:31:58.089 INFO   [61525A\3C179E] Auto-router pass #814 on board '1048ef02b8fd4dd21f7f7cd38fa41244' was completed in 0.27 seconds with the score of 855.65 (29 unrouted), using 27629.22 CPU seconds and 377653 MB memory.
2026-09-11 18:31:58.360 INFO   [61525A\3C179E] Auto-router pass #815 on board '1048ef02b8fd4dd21f7f7cd38fa41244' was completed in 0.27 seconds with the score of 855.65 (29 unrouted), using 27629.22 CPU seconds and 377653 MB memory.
2026-09-11 18:31:58.655 INFO   [61525A\3C179E] Auto-router pass #816 on board '1048ef02b8fd4dd21f7f7cd38fa41244' was completed in 0.29 seconds with the score of 855.65 (29 unrouted), using 27629.22 CPU seconds and 377653 MB memory.
2026-09-11 18:31:58.924 INFO   [61525A\3C179E] Auto-router pass #817 on board '1048ef02b8fd4dd21f7f7cd38fa41244' was completed in 0.27 seconds with the score of 855.65 (29 unrouted), using 27861.64 CPU seconds and 379330 MB memory.
2026-09-11 18:31:59.195 INFO   [61525A\3C179E] Auto-router pass #818 on board '1048ef02b8fd4dd21f7f7cd38fa41244' was completed in 0.27 seconds with the score of 855.65 (29 unrouted), using 27861.64 CPU seconds and 379330 MB memory.
2026-09-11 18:31:59.461 INFO   [61525A\3C179E] Auto-router pass #819 on board '1048ef02b8fd4dd21f7f7cd38fa41244' was completed in 0.26 seconds with the score of 855.65 (29 unrouted), using 27861.64 CPU seconds and 379330 MB memory.
2026-09-11 18:31:59.752 INFO   [61525A\3C179E] Auto-router pass #820 on board '1048ef02b8fd4dd21f7f7cd38fa41244' was completed in 0.29 seconds with the score of 855.65 (29 unrouted), using 28095.03 CPU seconds and 381027 MB memory.
2026-09-11 18:32:00.017 INFO   [61525A\3C179E] Auto-router pass #821 on board '1048ef02b8fd4dd21f7f7cd38fa41244' was completed in 0.26 seconds with the score of 855.65 (29 unrouted), using 28095.03 CPU seconds and 381027 MB memory.
2026-09-11 18:32:00.287 INFO   [61525A\3C179E] Auto-router pass #822 on board '1048ef02b8fd4dd21f7f7cd38fa41244' was completed in 0.27 seconds with the score of 855.65 (29 unrouted), using 28095.03 CPU seconds and 381027 MB memory.
2026-09-11 18:32:00.557 INFO   [61525A\3C179E] Auto-router pass #823 on board '1048ef02b8fd4dd21f7f7cd38fa41244' was completed in 0.27 seconds with the score of 855.65 (29 unrouted), using 28095.03 CPU seconds and 381027 MB memory.
2026-09-11 18:32:00.853 INFO   [61525A\3C179E] Auto-router pass #824 on board '1048ef02b8fd4dd21f7f7cd38fa41244' was completed in 0.29 seconds with the score of 855.65 (29 unrouted), using 28329.40 CPU seconds and 382709 MB memory.
2026-09-11 18:32:01.129 INFO   [61525A\3C179E] Auto-router pass #825 on board '1048ef02b8fd4dd21f7f7cd38fa41244' was completed in 0.27 seconds with the score of 855.65 (29 unrouted), using 28329.40 CPU seconds and 382709 MB memory.
2026-09-11 18:32:01.396 INFO   [61525A\3C179E] Auto-router pass #826 on board '1048ef02b8fd4dd21f7f7cd38fa41244' was completed in 0.26 seconds with the score of 855.65 (29 unrouted), using 28329.40 CPU seconds and 382709 MB memory.
2026-09-11 18:32:01.664 INFO   [61525A\3C179E] Auto-router pass #827 on board '1048ef02b8fd4dd21f7f7cd38fa41244' was completed in 0.27 seconds with the score of 855.65 (29 unrouted), using 28329.40 CPU seconds and 382709 MB memory.
2026-09-11 18:32:01.955 INFO   [61525A\3C179E] Auto-router pass #828 on board '1048ef02b8fd4dd21f7f7cd38fa41244' was completed in 0.29 seconds with the score of 855.65 (29 unrouted), using 28564.74 CPU seconds and 384402 MB memory.
2026-09-11 18:32:02.223 INFO   [61525A\3C179E] Auto-router pass #829 on board '1048ef02b8fd4dd21f7f7cd38fa41244' was completed in 0.27 seconds with the score of 855.65 (29 unrouted), using 28564.74 CPU seconds and 384402 MB memory.
2026-09-11 18:32:02.493 INFO   [61525A\3C179E] Auto-router pass #830 on board '1048ef02b8fd4dd21f7f7cd38fa41244' was completed in 0.27 seconds with the score of 855.65 (29 unrouted), using 28564.74 CPU seconds and 384402 MB memory.
2026-09-11 18:32:02.764 INFO   [61525A\3C179E] Auto-router pass #831 on board '1048ef02b8fd4dd21f7f7cd38fa41244' was completed in 0.27 seconds with the score of 855.65 (29 unrouted), using 28801.05 CPU seconds and 386091 MB memory.
2026-09-11 18:32:03.061 INFO   [61525A\3C179E] Auto-router pass #832 on board '1048ef02b8fd4dd21f7f7cd38fa41244' was completed in 0.29 seconds with the score of 855.65 (29 unrouted), using 28801.05 CPU seconds and 386091 MB memory.
2026-09-11 18:32:03.333 INFO   [61525A\3C179E] Auto-router pass #833 on board '1048ef02b8fd4dd21f7f7cd38fa41244' was completed in 0.27 seconds with the score of 855.65 (29 unrouted), using 28801.05 CPU seconds and 386091 MB memory.
2026-09-11 18:32:03.606 INFO   [61525A\3C179E] Auto-router pass #834 on board '1048ef02b8fd4dd21f7f7cd38fa41244' was completed in 0.27 seconds with the score of 855.65 (29 unrouted), using 28801.05 CPU seconds and 386091 MB memory.
2026-09-11 18:32:03.881 INFO   [61525A\3C179E] Auto-router pass #835 on board '1048ef02b8fd4dd21f7f7cd38fa41244' was completed in 0.27 seconds with the score of 855.65 (29 unrouted), using 29038.33 CPU seconds and 387751 MB memory.
2026-09-11 18:32:04.183 INFO   [61525A\3C179E] Auto-router pass #836 on board '1048ef02b8fd4dd21f7f7cd38fa41244' was completed in 0.30 seconds with the score of 855.65 (29 unrouted), using 29038.33 CPU seconds and 387751 MB memory.
2026-09-11 18:32:04.451 INFO   [61525A\3C179E] Auto-router pass #837 on board '1048ef02b8fd4dd21f7f7cd38fa41244' was completed in 0.27 seconds with the score of 855.65 (29 unrouted), using 29038.33 CPU seconds and 387751 MB memory.
2026-09-11 18:32:04.722 INFO   [61525A\3C179E] Auto-router pass #838 on board '1048ef02b8fd4dd21f7f7cd38fa41244' was completed in 0.27 seconds with the score of 855.65 (29 unrouted), using 29038.33 CPU seconds and 387751 MB memory.
2026-09-11 18:32:04.990 INFO   [61525A\3C179E] Auto-router pass #839 on board '1048ef02b8fd4dd21f7f7cd38fa41244' was completed in 0.27 seconds with the score of 855.65 (29 unrouted), using 29276.57 CPU seconds and 389413 MB memory.
2026-09-11 18:32:05.286 INFO   [61525A\3C179E] Auto-router pass #840 on board '1048ef02b8fd4dd21f7f7cd38fa41244' was completed in 0.29 seconds with the score of 855.65 (29 unrouted), using 29276.57 CPU seconds and 389413 MB memory.
2026-09-11 18:32:05.552 INFO   [61525A\3C179E] Auto-router pass #841 on board '1048ef02b8fd4dd21f7f7cd38fa41244' was completed in 0.26 seconds with the score of 855.65 (29 unrouted), using 29276.57 CPU seconds and 389413 MB memory.
2026-09-11 18:32:05.819 INFO   [61525A\3C179E] Auto-router pass #842 on board '1048ef02b8fd4dd21f7f7cd38fa41244' was completed in 0.26 seconds with the score of 855.65 (29 unrouted), using 29515.79 CPU seconds and 391103 MB memory.
2026-09-11 18:32:06.095 INFO   [61525A\3C179E] Auto-router pass #843 on board '1048ef02b8fd4dd21f7f7cd38fa41244' was completed in 0.27 seconds with the score of 855.65 (29 unrouted), using 29515.79 CPU seconds and 391103 MB memory.
2026-09-11 18:32:06.395 INFO   [61525A\3C179E] Auto-router pass #844 on board '1048ef02b8fd4dd21f7f7cd38fa41244' was completed in 0.30 seconds with the score of 855.65 (29 unrouted), using 29515.79 CPU seconds and 391103 MB memory.
2026-09-11 18:32:06.668 INFO   [61525A\3C179E] Auto-router pass #845 on board '1048ef02b8fd4dd21f7f7cd38fa41244' was completed in 0.27 seconds with the score of 855.65 (29 unrouted), using 29515.79 CPU seconds and 391103 MB memory.
2026-09-11 18:32:06.935 INFO   [61525A\3C179E] Auto-router pass #846 on board '1048ef02b8fd4dd21f7f7cd38fa41244' was completed in 0.26 seconds with the score of 855.65 (29 unrouted), using 29755.98 CPU seconds and 392761 MB memory.
2026-09-11 18:32:07.205 INFO   [61525A\3C179E] Auto-router pass #847 on board '1048ef02b8fd4dd21f7f7cd38fa41244' was completed in 0.27 seconds with the score of 855.65 (29 unrouted), using 29755.98 CPU seconds and 392761 MB memory.
2026-09-11 18:32:07.497 INFO   [61525A\3C179E] Auto-router pass #848 on board '1048ef02b8fd4dd21f7f7cd38fa41244' was completed in 0.29 seconds with the score of 855.65 (29 unrouted), using 29755.98 CPU seconds and 392761 MB memory.
2026-09-11 18:32:07.767 INFO   [61525A\3C179E] Auto-router pass #849 on board '1048ef02b8fd4dd21f7f7cd38fa41244' was completed in 0.27 seconds with the score of 855.65 (29 unrouted), using 29997.15 CPU seconds and 394451 MB memory.
2026-09-11 18:32:08.040 INFO   [61525A\3C179E] Auto-router pass #850 on board '1048ef02b8fd4dd21f7f7cd38fa41244' was completed in 0.27 seconds with the score of 855.65 (29 unrouted), using 29997.15 CPU seconds and 394451 MB memory.
2026-09-11 18:32:08.309 INFO   [61525A\3C179E] Auto-router pass #851 on board '1048ef02b8fd4dd21f7f7cd38fa41244' was completed in 0.27 seconds with the score of 855.65 (29 unrouted), using 29997.15 CPU seconds and 394451 MB memory.
2026-09-11 18:32:08.612 INFO   [61525A\3C179E] Auto-router pass #852 on board '1048ef02b8fd4dd21f7f7cd38fa41244' was completed in 0.30 seconds with the score of 855.65 (29 unrouted), using 29997.15 CPU seconds and 394451 MB memory.
2026-09-11 18:32:08.881 INFO   [61525A\3C179E] Auto-router pass #853 on board '1048ef02b8fd4dd21f7f7cd38fa41244' was completed in 0.27 seconds with the score of 855.65 (29 unrouted), using 30239.28 CPU seconds and 396113 MB memory.
2026-09-11 18:32:09.149 INFO   [61525A\3C179E] Auto-router pass #854 on board '1048ef02b8fd4dd21f7f7cd38fa41244' was completed in 0.27 seconds with the score of 855.65 (29 unrouted), using 30239.28 CPU seconds and 396113 MB memory.
2026-09-11 18:32:09.419 INFO   [61525A\3C179E] Auto-router pass #855 on board '1048ef02b8fd4dd21f7f7cd38fa41244' was completed in 0.27 seconds with the score of 855.65 (29 unrouted), using 30239.28 CPU seconds and 396113 MB memory.
2026-09-11 18:32:09.717 INFO   [61525A\3C179E] Auto-router pass #856 on board '1048ef02b8fd4dd21f7f7cd38fa41244' was completed in 0.29 seconds with the score of 855.65 (29 unrouted), using 30239.28 CPU seconds and 396113 MB memory.
2026-09-11 18:32:09.987 INFO   [61525A\3C179E] Auto-router pass #857 on board '1048ef02b8fd4dd21f7f7cd38fa41244' was completed in 0.27 seconds with the score of 855.65 (29 unrouted), using 30482.38 CPU seconds and 397791 MB memory.
2026-09-11 18:32:10.254 INFO   [61525A\3C179E] Auto-router pass #858 on board '1048ef02b8fd4dd21f7f7cd38fa41244' was completed in 0.27 seconds with the score of 855.65 (29 unrouted), using 30482.38 CPU seconds and 397791 MB memory.
2026-09-11 18:32:10.524 INFO   [61525A\3C179E] Auto-router pass #859 on board '1048ef02b8fd4dd21f7f7cd38fa41244' was completed in 0.27 seconds with the score of 855.65 (29 unrouted), using 30482.38 CPU seconds and 397791 MB memory.
2026-09-11 18:32:10.822 INFO   [61525A\3C179E] Auto-router pass #860 on board '1048ef02b8fd4dd21f7f7cd38fa41244' was completed in 0.29 seconds with the score of 855.65 (29 unrouted), using 30726.47 CPU seconds and 399473 MB memory.
2026-09-11 18:32:11.089 INFO   [61525A\3C179E] Auto-router pass #861 on board '1048ef02b8fd4dd21f7f7cd38fa41244' was completed in 0.26 seconds with the score of 855.65 (29 unrouted), using 30726.47 CPU seconds and 399473 MB memory.
2026-09-11 18:32:11.356 INFO   [61525A\3C179E] Auto-router pass #862 on board '1048ef02b8fd4dd21f7f7cd38fa41244' was completed in 0.26 seconds with the score of 855.65 (29 unrouted), using 30726.47 CPU seconds and 399473 MB memory.
2026-09-11 18:32:11.626 INFO   [61525A\3C179E] Auto-router pass #863 on board '1048ef02b8fd4dd21f7f7cd38fa41244' was completed in 0.27 seconds with the score of 855.65 (29 unrouted), using 30726.47 CPU seconds and 399473 MB memory.
2026-09-11 18:32:11.922 INFO   [61525A\3C179E] Auto-router pass #864 on board '1048ef02b8fd4dd21f7f7cd38fa41244' was completed in 0.29 seconds with the score of 855.65 (29 unrouted), using 30971.52 CPU seconds and 401159 MB memory.
2026-09-11 18:32:12.198 INFO   [61525A\3C179E] Auto-router pass #865 on board '1048ef02b8fd4dd21f7f7cd38fa41244' was completed in 0.27 seconds with the score of 855.65 (29 unrouted), using 30971.52 CPU seconds and 401159 MB memory.
2026-09-11 18:32:12.469 INFO   [61525A\3C179E] Auto-router pass #866 on board '1048ef02b8fd4dd21f7f7cd38fa41244' was completed in 0.27 seconds with the score of 855.65 (29 unrouted), using 30971.52 CPU seconds and 401159 MB memory.
2026-09-11 18:32:12.743 INFO   [61525A\3C179E] Auto-router pass #867 on board '1048ef02b8fd4dd21f7f7cd38fa41244' was completed in 0.27 seconds with the score of 855.65 (29 unrouted), using 30971.52 CPU seconds and 401159 MB memory.
2026-09-11 18:32:13.046 INFO   [61525A\3C179E] Auto-router pass #868 on board '1048ef02b8fd4dd21f7f7cd38fa41244' was completed in 0.30 seconds with the score of 855.65 (29 unrouted), using 31217.55 CPU seconds and 402827 MB memory.
2026-09-11 18:32:13.317 INFO   [61525A\3C179E] Auto-router pass #869 on board '1048ef02b8fd4dd21f7f7cd38fa41244' was completed in 0.27 seconds with the score of 855.65 (29 unrouted), using 31217.55 CPU seconds and 402827 MB memory.
2026-09-11 18:32:13.587 INFO   [61525A\3C179E] Auto-router pass #870 on board '1048ef02b8fd4dd21f7f7cd38fa41244' was completed in 0.27 seconds with the score of 855.65 (29 unrouted), using 31217.55 CPU seconds and 402827 MB memory.
2026-09-11 18:32:13.860 INFO   [61525A\3C179E] Auto-router pass #871 on board '1048ef02b8fd4dd21f7f7cd38fa41244' was completed in 0.27 seconds with the score of 855.65 (29 unrouted), using 31464.55 CPU seconds and 404492 MB memory.
2026-09-11 18:32:14.158 INFO   [61525A\3C179E] Auto-router pass #872 on board '1048ef02b8fd4dd21f7f7cd38fa41244' was completed in 0.29 seconds with the score of 855.65 (29 unrouted), using 31464.55 CPU seconds and 404492 MB memory.
2026-09-11 18:32:14.434 INFO   [61525A\3C179E] Auto-router pass #873 on board '1048ef02b8fd4dd21f7f7cd38fa41244' was completed in 0.27 seconds with the score of 855.65 (29 unrouted), using 31464.55 CPU seconds and 404492 MB memory.
2026-09-11 18:32:14.705 INFO   [61525A\3C179E] Auto-router pass #874 on board '1048ef02b8fd4dd21f7f7cd38fa41244' was completed in 0.27 seconds with the score of 855.65 (29 unrouted), using 31464.55 CPU seconds and 404492 MB memory.
2026-09-11 18:32:14.973 INFO   [61525A\3C179E] Auto-router pass #875 on board '1048ef02b8fd4dd21f7f7cd38fa41244' was completed in 0.27 seconds with the score of 855.65 (29 unrouted), using 31712.51 CPU seconds and 406145 MB memory.
2026-09-11 18:32:15.272 INFO   [61525A\3C179E] Auto-router pass #876 on board '1048ef02b8fd4dd21f7f7cd38fa41244' was completed in 0.30 seconds with the score of 855.65 (29 unrouted), using 31712.51 CPU seconds and 406145 MB memory.
2026-09-11 18:32:15.546 INFO   [61525A\3C179E] Auto-router pass #877 on board '1048ef02b8fd4dd21f7f7cd38fa41244' was completed in 0.27 seconds with the score of 855.65 (29 unrouted), using 31712.51 CPU seconds and 406145 MB memory.
2026-09-11 18:32:15.819 INFO   [61525A\3C179E] Auto-router pass #878 on board '1048ef02b8fd4dd21f7f7cd38fa41244' was completed in 0.27 seconds with the score of 855.65 (29 unrouted), using 31961.45 CPU seconds and 407816 MB memory.
2026-09-11 18:32:16.095 INFO   [61525A\3C179E] Auto-router pass #879 on board '1048ef02b8fd4dd21f7f7cd38fa41244' was completed in 0.27 seconds with the score of 855.65 (29 unrouted), using 31961.45 CPU seconds and 407816 MB memory.
2026-09-11 18:32:16.394 INFO   [61525A\3C179E] Auto-router pass #880 on board '1048ef02b8fd4dd21f7f7cd38fa41244' was completed in 0.30 seconds with the score of 855.65 (29 unrouted), using 31961.45 CPU seconds and 407816 MB memory.
2026-09-11 18:32:16.667 INFO   [61525A\3C179E] Auto-router pass #881 on board '1048ef02b8fd4dd21f7f7cd38fa41244' was completed in 0.27 seconds with the score of 855.65 (29 unrouted), using 31961.45 CPU seconds and 407816 MB memory.
2026-09-11 18:32:16.935 INFO   [61525A\3C179E] Auto-router pass #882 on board '1048ef02b8fd4dd21f7f7cd38fa41244' was completed in 0.27 seconds with the score of 855.65 (29 unrouted), using 32211.35 CPU seconds and 409465 MB memory.
2026-09-11 18:32:17.203 INFO   [61525A\3C179E] Auto-router pass #883 on board '1048ef02b8fd4dd21f7f7cd38fa41244' was completed in 0.27 seconds with the score of 855.65 (29 unrouted), using 32211.35 CPU seconds and 409465 MB memory.
2026-09-11 18:32:17.500 INFO   [61525A\3C179E] Auto-router pass #884 on board '1048ef02b8fd4dd21f7f7cd38fa41244' was completed in 0.29 seconds with the score of 855.65 (29 unrouted), using 32211.35 CPU seconds and 409465 MB memory.
2026-09-11 18:32:17.770 INFO   [61525A\3C179E] Auto-router pass #885 on board '1048ef02b8fd4dd21f7f7cd38fa41244' was completed in 0.27 seconds with the score of 855.65 (29 unrouted), using 32462.23 CPU seconds and 411154 MB memory.
2026-09-11 18:32:18.043 INFO   [61525A\3C179E] Auto-router pass #886 on board '1048ef02b8fd4dd21f7f7cd38fa41244' was completed in 0.27 seconds with the score of 855.65 (29 unrouted), using 32462.23 CPU seconds and 411154 MB memory.
2026-09-11 18:32:18.316 INFO   [61525A\3C179E] Auto-router pass #887 on board '1048ef02b8fd4dd21f7f7cd38fa41244' was completed in 0.27 seconds with the score of 855.65 (29 unrouted), using 32462.23 CPU seconds and 411154 MB memory.
2026-09-11 18:32:18.611 INFO   [61525A\3C179E] Auto-router pass #888 on board '1048ef02b8fd4dd21f7f7cd38fa41244' was completed in 0.29 seconds with the score of 855.65 (29 unrouted), using 32462.23 CPU seconds and 411154 MB memory.
2026-09-11 18:32:18.882 INFO   [61525A\3C179E] Auto-router pass #889 on board '1048ef02b8fd4dd21f7f7cd38fa41244' was completed in 0.27 seconds with the score of 855.65 (29 unrouted), using 32714.08 CPU seconds and 412814 MB memory.
2026-09-11 18:32:19.150 INFO   [61525A\3C179E] Auto-router pass #890 on board '1048ef02b8fd4dd21f7f7cd38fa41244' was completed in 0.27 seconds with the score of 855.65 (29 unrouted), using 32714.08 CPU seconds and 412814 MB memory.
2026-09-11 18:32:19.418 INFO   [61525A\3C179E] Auto-router pass #891 on board '1048ef02b8fd4dd21f7f7cd38fa41244' was completed in 0.27 seconds with the score of 855.65 (29 unrouted), using 32714.08 CPU seconds and 412814 MB memory.
2026-09-11 18:32:19.712 INFO   [61525A\3C179E] Auto-router pass #892 on board '1048ef02b8fd4dd21f7f7cd38fa41244' was completed in 0.29 seconds with the score of 855.65 (29 unrouted), using 32714.08 CPU seconds and 412814 MB memory.
2026-09-11 18:32:19.980 INFO   [61525A\3C179E] Auto-router pass #893 on board '1048ef02b8fd4dd21f7f7cd38fa41244' was completed in 0.27 seconds with the score of 855.65 (29 unrouted), using 32966.89 CPU seconds and 414502 MB memory.
2026-09-11 18:32:20.249 INFO   [61525A\3C179E] Auto-router pass #894 on board '1048ef02b8fd4dd21f7f7cd38fa41244' was completed in 0.27 seconds with the score of 855.65 (29 unrouted), using 32966.89 CPU seconds and 414502 MB memory.
2026-09-11 18:32:20.516 INFO   [61525A\3C179E] Auto-router pass #895 on board '1048ef02b8fd4dd21f7f7cd38fa41244' was completed in 0.26 seconds with the score of 855.65 (29 unrouted), using 32966.89 CPU seconds and 414502 MB memory.
2026-09-11 18:32:20.805 INFO   [61525A\3C179E] Auto-router pass #896 on board '1048ef02b8fd4dd21f7f7cd38fa41244' was completed in 0.29 seconds with the score of 855.65 (29 unrouted), using 33220.69 CPU seconds and 416198 MB memory.
2026-09-11 18:32:21.069 INFO   [61525A\3C179E] Auto-router pass #897 on board '1048ef02b8fd4dd21f7f7cd38fa41244' was completed in 0.26 seconds with the score of 855.65 (29 unrouted), using 33220.69 CPU seconds and 416198 MB memory.
2026-09-11 18:32:21.341 INFO   [61525A\3C179E] Auto-router pass #898 on board '1048ef02b8fd4dd21f7f7cd38fa41244' was completed in 0.27 seconds with the score of 855.65 (29 unrouted), using 33220.69 CPU seconds and 416198 MB memory.
2026-09-11 18:32:21.613 INFO   [61525A\3C179E] Auto-router pass #899 on board '1048ef02b8fd4dd21f7f7cd38fa41244' was completed in 0.27 seconds with the score of 855.65 (29 unrouted), using 33220.69 CPU seconds and 416198 MB memory.
2026-09-11 18:32:21.914 INFO   [61525A\3C179E] Auto-router pass #900 on board '1048ef02b8fd4dd21f7f7cd38fa41244' was completed in 0.30 seconds with the score of 855.65 (29 unrouted), using 33475.45 CPU seconds and 417886 MB memory.
2026-09-11 18:32:22.183 INFO   [61525A\3C179E] Auto-router pass #901 on board '1048ef02b8fd4dd21f7f7cd38fa41244' was completed in 0.27 seconds with the score of 855.65 (29 unrouted), using 33475.45 CPU seconds and 417886 MB memory.
2026-09-11 18:32:22.455 INFO   [61525A\3C179E] Auto-router pass #902 on board '1048ef02b8fd4dd21f7f7cd38fa41244' was completed in 0.27 seconds with the score of 855.65 (29 unrouted), using 33475.45 CPU seconds and 417886 MB memory.
2026-09-11 18:32:22.726 INFO   [61525A\3C179E] Auto-router pass #903 on board '1048ef02b8fd4dd21f7f7cd38fa41244' was completed in 0.27 seconds with the score of 855.65 (29 unrouted), using 33475.45 CPU seconds and 417886 MB memory.
2026-09-11 18:32:23.028 INFO   [61525A\3C179E] Auto-router pass #904 on board '1048ef02b8fd4dd21f7f7cd38fa41244' was completed in 0.30 seconds with the score of 855.65 (29 unrouted), using 33731.18 CPU seconds and 419558 MB memory.
2026-09-11 18:32:23.299 INFO   [61525A\3C179E] Auto-router pass #905 on board '1048ef02b8fd4dd21f7f7cd38fa41244' was completed in 0.27 seconds with the score of 855.65 (29 unrouted), using 33731.18 CPU seconds and 419558 MB memory.
2026-09-11 18:32:23.565 INFO   [61525A\3C179E] Auto-router pass #906 on board '1048ef02b8fd4dd21f7f7cd38fa41244' was completed in 0.26 seconds with the score of 855.65 (29 unrouted), using 33731.18 CPU seconds and 419558 MB memory.
2026-09-11 18:32:23.835 INFO   [61525A\3C179E] Auto-router pass #907 on board '1048ef02b8fd4dd21f7f7cd38fa41244' was completed in 0.27 seconds with the score of 855.65 (29 unrouted), using 33987.89 CPU seconds and 421232 MB memory.
2026-09-11 18:32:24.128 INFO   [61525A\3C179E] Auto-router pass #908 on board '1048ef02b8fd4dd21f7f7cd38fa41244' was completed in 0.29 seconds with the score of 855.65 (29 unrouted), using 33987.89 CPU seconds and 421232 MB memory.
2026-09-11 18:32:24.397 INFO   [61525A\3C179E] Auto-router pass #909 on board '1048ef02b8fd4dd21f7f7cd38fa41244' was completed in 0.27 seconds with the score of 855.65 (29 unrouted), using 33987.89 CPU seconds and 421232 MB memory.
2026-09-11 18:32:24.669 INFO   [61525A\3C179E] Auto-router pass #910 on board '1048ef02b8fd4dd21f7f7cd38fa41244' was completed in 0.27 seconds with the score of 855.65 (29 unrouted), using 33987.89 CPU seconds and 421232 MB memory.
2026-09-11 18:32:24.942 INFO   [61525A\3C179E] Auto-router pass #911 on board '1048ef02b8fd4dd21f7f7cd38fa41244' was completed in 0.27 seconds with the score of 855.65 (29 unrouted), using 34245.56 CPU seconds and 422906 MB memory.
2026-09-11 18:32:25.241 INFO   [61525A\3C179E] Auto-router pass #912 on board '1048ef02b8fd4dd21f7f7cd38fa41244' was completed in 0.29 seconds with the score of 855.65 (29 unrouted), using 34245.56 CPU seconds and 422906 MB memory.
2026-09-11 18:32:25.515 INFO   [61525A\3C179E] Auto-router pass #913 on board '1048ef02b8fd4dd21f7f7cd38fa41244' was completed in 0.27 seconds with the score of 855.65 (29 unrouted), using 34245.56 CPU seconds and 422906 MB memory.
2026-09-11 18:32:25.789 INFO   [61525A\3C179E] Auto-router pass #914 on board '1048ef02b8fd4dd21f7f7cd38fa41244' was completed in 0.27 seconds with the score of 855.65 (29 unrouted), using 34504.21 CPU seconds and 424568 MB memory.
2026-09-11 18:32:26.062 INFO   [61525A\3C179E] Auto-router pass #915 on board '1048ef02b8fd4dd21f7f7cd38fa41244' was completed in 0.27 seconds with the score of 855.65 (29 unrouted), using 34504.21 CPU seconds and 424568 MB memory.
2026-09-11 18:32:26.359 INFO   [61525A\3C179E] Auto-router pass #916 on board '1048ef02b8fd4dd21f7f7cd38fa41244' was completed in 0.29 seconds with the score of 855.65 (29 unrouted), using 34504.21 CPU seconds and 424568 MB memory.
2026-09-11 18:32:26.630 INFO   [61525A\3C179E] Auto-router pass #917 on board '1048ef02b8fd4dd21f7f7cd38fa41244' was completed in 0.27 seconds with the score of 855.65 (29 unrouted), using 34504.21 CPU seconds and 424568 MB memory.
2026-09-11 18:32:26.897 INFO   [61525A\3C179E] Auto-router pass #918 on board '1048ef02b8fd4dd21f7f7cd38fa41244' was completed in 0.26 seconds with the score of 855.65 (29 unrouted), using 34763.84 CPU seconds and 426236 MB memory.
2026-09-11 18:32:27.170 INFO   [61525A\3C179E] Auto-router pass #919 on board '1048ef02b8fd4dd21f7f7cd38fa41244' was completed in 0.27 seconds with the score of 855.65 (29 unrouted), using 34763.84 CPU seconds and 426236 MB memory.
2026-09-11 18:32:27.464 INFO   [61525A\3C179E] Auto-router pass #920 on board '1048ef02b8fd4dd21f7f7cd38fa41244' was completed in 0.29 seconds with the score of 855.65 (29 unrouted), using 34763.84 CPU seconds and 426236 MB memory.
2026-09-11 18:32:27.735 INFO   [61525A\3C179E] Auto-router pass #921 on board '1048ef02b8fd4dd21f7f7cd38fa41244' was completed in 0.27 seconds with the score of 855.65 (29 unrouted), using 34763.84 CPU seconds and 426236 MB memory.
2026-09-11 18:32:28.005 INFO   [61525A\3C179E] Auto-router pass #922 on board '1048ef02b8fd4dd21f7f7cd38fa41244' was completed in 0.27 seconds with the score of 855.65 (29 unrouted), using 35024.43 CPU seconds and 427910 MB memory.
2026-09-11 18:32:28.274 INFO   [61525A\3C179E] Auto-router pass #923 on board '1048ef02b8fd4dd21f7f7cd38fa41244' was completed in 0.27 seconds with the score of 855.65 (29 unrouted), using 35024.43 CPU seconds and 427910 MB memory.
2026-09-11 18:32:28.569 INFO   [61525A\3C179E] Auto-router pass #924 on board '1048ef02b8fd4dd21f7f7cd38fa41244' was completed in 0.29 seconds with the score of 855.65 (29 unrouted), using 35024.43 CPU seconds and 427910 MB memory.
2026-09-11 18:32:28.838 INFO   [61525A\3C179E] Auto-router pass #925 on board '1048ef02b8fd4dd21f7f7cd38fa41244' was completed in 0.27 seconds with the score of 855.65 (29 unrouted), using 35286.00 CPU seconds and 429593 MB memory.
2026-09-11 18:32:29.108 INFO   [61525A\3C179E] Auto-router pass #926 on board '1048ef02b8fd4dd21f7f7cd38fa41244' was completed in 0.27 seconds with the score of 855.65 (29 unrouted), using 35286.00 CPU seconds and 429593 MB memory.
2026-09-11 18:32:29.373 INFO   [61525A\3C179E] Auto-router pass #927 on board '1048ef02b8fd4dd21f7f7cd38fa41244' was completed in 0.26 seconds with the score of 855.65 (29 unrouted), using 35286.00 CPU seconds and 429593 MB memory.
2026-09-11 18:32:29.669 INFO   [61525A\3C179E] Auto-router pass #928 on board '1048ef02b8fd4dd21f7f7cd38fa41244' was completed in 0.29 seconds with the score of 855.65 (29 unrouted), using 35286.00 CPU seconds and 429593 MB memory.
2026-09-11 18:32:29.932 INFO   [61525A\3C179E] Auto-router pass #929 on board '1048ef02b8fd4dd21f7f7cd38fa41244' was completed in 0.26 seconds with the score of 855.65 (29 unrouted), using 35548.54 CPU seconds and 431284 MB memory.
2026-09-11 18:32:30.202 INFO   [61525A\3C179E] Auto-router pass #930 on board '1048ef02b8fd4dd21f7f7cd38fa41244' was completed in 0.27 seconds with the score of 855.65 (29 unrouted), using 35548.54 CPU seconds and 431284 MB memory.
2026-09-11 18:32:30.472 INFO   [61525A\3C179E] Auto-router pass #931 on board '1048ef02b8fd4dd21f7f7cd38fa41244' was completed in 0.27 seconds with the score of 855.65 (29 unrouted), using 35548.54 CPU seconds and 431284 MB memory.
2026-09-11 18:32:30.770 INFO   [61525A\3C179E] Auto-router pass #932 on board '1048ef02b8fd4dd21f7f7cd38fa41244' was completed in 0.29 seconds with the score of 855.65 (29 unrouted), using 35812.06 CPU seconds and 432962 MB memory.
2026-09-11 18:32:31.041 INFO   [61525A\3C179E] Auto-router pass #933 on board '1048ef02b8fd4dd21f7f7cd38fa41244' was completed in 0.27 seconds with the score of 855.65 (29 unrouted), using 35812.06 CPU seconds and 432962 MB memory.
2026-09-11 18:32:31.316 INFO   [61525A\3C179E] Auto-router pass #934 on board '1048ef02b8fd4dd21f7f7cd38fa41244' was completed in 0.27 seconds with the score of 855.65 (29 unrouted), using 35812.06 CPU seconds and 432962 MB memory.
2026-09-11 18:32:31.589 INFO   [61525A\3C179E] Auto-router pass #935 on board '1048ef02b8fd4dd21f7f7cd38fa41244' was completed in 0.27 seconds with the score of 855.65 (29 unrouted), using 35812.06 CPU seconds and 432962 MB memory.
2026-09-11 18:32:31.889 INFO   [61525A\3C179E] Auto-router pass #936 on board '1048ef02b8fd4dd21f7f7cd38fa41244' was completed in 0.30 seconds with the score of 855.65 (29 unrouted), using 36076.55 CPU seconds and 434629 MB memory.
2026-09-11 18:32:32.160 INFO   [61525A\3C179E] Auto-router pass #937 on board '1048ef02b8fd4dd21f7f7cd38fa41244' was completed in 0.27 seconds with the score of 855.65 (29 unrouted), using 36076.55 CPU seconds and 434629 MB memory.
2026-09-11 18:32:32.432 INFO   [61525A\3C179E] Auto-router pass #938 on board '1048ef02b8fd4dd21f7f7cd38fa41244' was completed in 0.27 seconds with the score of 855.65 (29 unrouted), using 36076.55 CPU seconds and 434629 MB memory.
2026-09-11 18:32:32.702 INFO   [61525A\3C179E] Auto-router pass #939 on board '1048ef02b8fd4dd21f7f7cd38fa41244' was completed in 0.27 seconds with the score of 855.65 (29 unrouted), using 36076.55 CPU seconds and 434629 MB memory.
2026-09-11 18:32:33.012 INFO   [61525A\3C179E] Auto-router pass #940 on board '1048ef02b8fd4dd21f7f7cd38fa41244' was completed in 0.31 seconds with the score of 855.65 (29 unrouted), using 36342.02 CPU seconds and 436300 MB memory.
2026-09-11 18:32:33.283 INFO   [61525A\3C179E] Auto-router pass #941 on board '1048ef02b8fd4dd21f7f7cd38fa41244' was completed in 0.27 seconds with the score of 855.65 (29 unrouted), using 36342.02 CPU seconds and 436300 MB memory.
2026-09-11 18:32:33.557 INFO   [61525A\3C179E] Auto-router pass #942 on board '1048ef02b8fd4dd21f7f7cd38fa41244' was completed in 0.27 seconds with the score of 855.65 (29 unrouted), using 36342.02 CPU seconds and 436300 MB memory.
2026-09-11 18:32:33.830 INFO   [61525A\3C179E] Auto-router pass #943 on board '1048ef02b8fd4dd21f7f7cd38fa41244' was completed in 0.27 seconds with the score of 855.65 (29 unrouted), using 36608.44 CPU seconds and 437944 MB memory.
2026-09-11 18:32:34.128 INFO   [61525A\3C179E] Auto-router pass #944 on board '1048ef02b8fd4dd21f7f7cd38fa41244' was completed in 0.29 seconds with the score of 855.65 (29 unrouted), using 36608.44 CPU seconds and 437944 MB memory.
2026-09-11 18:32:34.400 INFO   [61525A\3C179E] Auto-router pass #945 on board '1048ef02b8fd4dd21f7f7cd38fa41244' was completed in 0.27 seconds with the score of 855.65 (29 unrouted), using 36608.44 CPU seconds and 437944 MB memory.
2026-09-11 18:32:34.670 INFO   [61525A\3C179E] Auto-router pass #946 on board '1048ef02b8fd4dd21f7f7cd38fa41244' was completed in 0.27 seconds with the score of 855.65 (29 unrouted), using 36608.44 CPU seconds and 437944 MB memory.
2026-09-11 18:32:34.946 INFO   [61525A\3C179E] Auto-router pass #947 on board '1048ef02b8fd4dd21f7f7cd38fa41244' was completed in 0.27 seconds with the score of 855.65 (29 unrouted), using 36875.82 CPU seconds and 439593 MB memory.
2026-09-11 18:32:35.235 INFO   [61525A\3C179E] Auto-router pass #948 on board '1048ef02b8fd4dd21f7f7cd38fa41244' was completed in 0.29 seconds with the score of 855.65 (29 unrouted), using 36875.82 CPU seconds and 439593 MB memory.
2026-09-11 18:32:35.501 INFO   [61525A\3C179E] Auto-router pass #949 on board '1048ef02b8fd4dd21f7f7cd38fa41244' was completed in 0.26 seconds with the score of 855.65 (29 unrouted), using 36875.82 CPU seconds and 439593 MB memory.
2026-09-11 18:32:35.764 INFO   [61525A\3C179E] Auto-router pass #950 on board '1048ef02b8fd4dd21f7f7cd38fa41244' was completed in 0.26 seconds with the score of 855.65 (29 unrouted), using 37144.18 CPU seconds and 441309 MB memory.
2026-09-11 18:32:36.026 INFO   [61525A\3C179E] Auto-router pass #951 on board '1048ef02b8fd4dd21f7f7cd38fa41244' was completed in 0.26 seconds with the score of 855.65 (29 unrouted), using 37144.18 CPU seconds and 441309 MB memory.
2026-09-11 18:32:36.324 INFO   [61525A\3C179E] Auto-router pass #952 on board '1048ef02b8fd4dd21f7f7cd38fa41244' was completed in 0.29 seconds with the score of 855.65 (29 unrouted), using 37144.18 CPU seconds and 441309 MB memory.
2026-09-11 18:32:36.602 INFO   [61525A\3C179E] Auto-router pass #953 on board '1048ef02b8fd4dd21f7f7cd38fa41244' was completed in 0.28 seconds with the score of 855.65 (29 unrouted), using 37144.18 CPU seconds and 441309 MB memory.
2026-09-11 18:32:36.876 INFO   [61525A\3C179E] Auto-router pass #954 on board '1048ef02b8fd4dd21f7f7cd38fa41244' was completed in 0.27 seconds with the score of 855.65 (29 unrouted), using 37413.51 CPU seconds and 442975 MB memory.
2026-09-11 18:32:37.150 INFO   [61525A\3C179E] Auto-router pass #955 on board '1048ef02b8fd4dd21f7f7cd38fa41244' was completed in 0.27 seconds with the score of 855.65 (29 unrouted), using 37413.51 CPU seconds and 442975 MB memory.
2026-09-11 18:32:37.452 INFO   [61525A\3C179E] Auto-router pass #956 on board '1048ef02b8fd4dd21f7f7cd38fa41244' was completed in 0.30 seconds with the score of 855.65 (29 unrouted), using 37413.51 CPU seconds and 442975 MB memory.
2026-09-11 18:32:37.726 INFO   [61525A\3C179E] Auto-router pass #957 on board '1048ef02b8fd4dd21f7f7cd38fa41244' was completed in 0.27 seconds with the score of 855.65 (29 unrouted), using 37413.51 CPU seconds and 442975 MB memory.
2026-09-11 18:32:38.007 INFO   [61525A\3C179E] Auto-router pass #958 on board '1048ef02b8fd4dd21f7f7cd38fa41244' was completed in 0.28 seconds with the score of 855.65 (29 unrouted), using 37683.81 CPU seconds and 444627 MB memory.
2026-09-11 18:32:38.278 INFO   [61525A\3C179E] Auto-router pass #959 on board '1048ef02b8fd4dd21f7f7cd38fa41244' was completed in 0.27 seconds with the score of 855.65 (29 unrouted), using 37683.81 CPU seconds and 444627 MB memory.
2026-09-11 18:32:38.576 INFO   [61525A\3C179E] Auto-router pass #960 on board '1048ef02b8fd4dd21f7f7cd38fa41244' was completed in 0.29 seconds with the score of 855.65 (29 unrouted), using 37683.81 CPU seconds and 444627 MB memory.
2026-09-11 18:32:38.845 INFO   [61525A\3C179E] Auto-router pass #961 on board '1048ef02b8fd4dd21f7f7cd38fa41244' was completed in 0.27 seconds with the score of 855.65 (29 unrouted), using 37955.07 CPU seconds and 446280 MB memory.
2026-09-11 18:32:39.111 INFO   [61525A\3C179E] Auto-router pass #962 on board '1048ef02b8fd4dd21f7f7cd38fa41244' was completed in 0.26 seconds with the score of 855.65 (29 unrouted), using 37955.07 CPU seconds and 446280 MB memory.
2026-09-11 18:32:39.381 INFO   [61525A\3C179E] Auto-router pass #963 on board '1048ef02b8fd4dd21f7f7cd38fa41244' was completed in 0.27 seconds with the score of 855.65 (29 unrouted), using 37955.07 CPU seconds and 446280 MB memory.
2026-09-11 18:32:39.668 INFO   [61525A\3C179E] Auto-router pass #964 on board '1048ef02b8fd4dd21f7f7cd38fa41244' was completed in 0.28 seconds with the score of 855.65 (29 unrouted), using 37955.07 CPU seconds and 446280 MB memory.
2026-09-11 18:32:39.952 INFO   [61525A\3C179E] Auto-router pass #965 on board '1048ef02b8fd4dd21f7f7cd38fa41244' was completed in 0.28 seconds with the score of 855.65 (29 unrouted), using 38227.32 CPU seconds and 447976 MB memory.
2026-09-11 18:32:40.221 INFO   [61525A\3C179E] Auto-router pass #966 on board '1048ef02b8fd4dd21f7f7cd38fa41244' was completed in 0.27 seconds with the score of 855.65 (29 unrouted), using 38227.32 CPU seconds and 447976 MB memory.
2026-09-11 18:32:40.488 INFO   [61525A\3C179E] Auto-router pass #967 on board '1048ef02b8fd4dd21f7f7cd38fa41244' was completed in 0.26 seconds with the score of 855.65 (29 unrouted), using 38227.32 CPU seconds and 447976 MB memory.
2026-09-11 18:32:40.777 INFO   [61525A\3C179E] Auto-router pass #968 on board '1048ef02b8fd4dd21f7f7cd38fa41244' was completed in 0.29 seconds with the score of 855.65 (29 unrouted), using 38500.53 CPU seconds and 449656 MB memory.
2026-09-11 18:32:41.050 INFO   [61525A\3C179E] Auto-router pass #969 on board '1048ef02b8fd4dd21f7f7cd38fa41244' was completed in 0.27 seconds with the score of 855.65 (29 unrouted), using 38500.53 CPU seconds and 449656 MB memory.
2026-09-11 18:32:41.317 INFO   [61525A\3C179E] Auto-router pass #970 on board '1048ef02b8fd4dd21f7f7cd38fa41244' was completed in 0.26 seconds with the score of 855.65 (29 unrouted), using 38500.53 CPU seconds and 449656 MB memory.
2026-09-11 18:32:41.590 INFO   [61525A\3C179E] Auto-router pass #971 on board '1048ef02b8fd4dd21f7f7cd38fa41244' was completed in 0.27 seconds with the score of 855.65 (29 unrouted), using 38500.53 CPU seconds and 449656 MB memory.
2026-09-11 18:32:41.888 INFO   [61525A\3C179E] Auto-router pass #972 on board '1048ef02b8fd4dd21f7f7cd38fa41244' was completed in 0.29 seconds with the score of 855.65 (29 unrouted), using 38774.71 CPU seconds and 451328 MB memory.
2026-09-11 18:32:42.160 INFO   [61525A\3C179E] Auto-router pass #973 on board '1048ef02b8fd4dd21f7f7cd38fa41244' was completed in 0.27 seconds with the score of 855.65 (29 unrouted), using 38774.71 CPU seconds and 451328 MB memory.
2026-09-11 18:32:42.435 INFO   [61525A\3C179E] Auto-router pass #974 on board '1048ef02b8fd4dd21f7f7cd38fa41244' was completed in 0.27 seconds with the score of 855.65 (29 unrouted), using 38774.71 CPU seconds and 451328 MB memory.
2026-09-11 18:32:42.707 INFO   [61525A\3C179E] Auto-router pass #975 on board '1048ef02b8fd4dd21f7f7cd38fa41244' was completed in 0.27 seconds with the score of 855.65 (29 unrouted), using 38774.71 CPU seconds and 451328 MB memory.
2026-09-11 18:32:43.007 INFO   [61525A\3C179E] Auto-router pass #976 on board '1048ef02b8fd4dd21f7f7cd38fa41244' was completed in 0.30 seconds with the score of 855.65 (29 unrouted), using 39049.87 CPU seconds and 452994 MB memory.
2026-09-11 18:32:43.279 INFO   [61525A\3C179E] Auto-router pass #977 on board '1048ef02b8fd4dd21f7f7cd38fa41244' was completed in 0.27 seconds with the score of 855.65 (29 unrouted), using 39049.87 CPU seconds and 452994 MB memory.
2026-09-11 18:32:43.550 INFO   [61525A\3C179E] Auto-router pass #978 on board '1048ef02b8fd4dd21f7f7cd38fa41244' was completed in 0.27 seconds with the score of 855.65 (29 unrouted), using 39049.87 CPU seconds and 452994 MB memory.
2026-09-11 18:32:43.820 INFO   [61525A\3C179E] Auto-router pass #979 on board '1048ef02b8fd4dd21f7f7cd38fa41244' was completed in 0.27 seconds with the score of 855.65 (29 unrouted), using 39325.99 CPU seconds and 454663 MB memory.
2026-09-11 18:32:44.116 INFO   [61525A\3C179E] Auto-router pass #980 on board '1048ef02b8fd4dd21f7f7cd38fa41244' was completed in 0.29 seconds with the score of 855.65 (29 unrouted), using 39325.99 CPU seconds and 454663 MB memory.
2026-09-11 18:32:44.386 INFO   [61525A\3C179E] Auto-router pass #981 on board '1048ef02b8fd4dd21f7f7cd38fa41244' was completed in 0.27 seconds with the score of 855.65 (29 unrouted), using 39325.99 CPU seconds and 454663 MB memory.
2026-09-11 18:32:44.649 INFO   [61525A\3C179E] Auto-router pass #982 on board '1048ef02b8fd4dd21f7f7cd38fa41244' was completed in 0.26 seconds with the score of 855.65 (29 unrouted), using 39325.99 CPU seconds and 454663 MB memory.
2026-09-11 18:32:44.919 INFO   [61525A\3C179E] Auto-router pass #983 on board '1048ef02b8fd4dd21f7f7cd38fa41244' was completed in 0.27 seconds with the score of 855.65 (29 unrouted), using 39603.08 CPU seconds and 456352 MB memory.
2026-09-11 18:32:45.214 INFO   [61525A\3C179E] Auto-router pass #984 on board '1048ef02b8fd4dd21f7f7cd38fa41244' was completed in 0.29 seconds with the score of 855.65 (29 unrouted), using 39603.08 CPU seconds and 456352 MB memory.
2026-09-11 18:32:45.481 INFO   [61525A\3C179E] Auto-router pass #985 on board '1048ef02b8fd4dd21f7f7cd38fa41244' was completed in 0.26 seconds with the score of 855.65 (29 unrouted), using 39603.08 CPU seconds and 456352 MB memory.
2026-09-11 18:32:45.749 INFO   [61525A\3C179E] Auto-router pass #986 on board '1048ef02b8fd4dd21f7f7cd38fa41244' was completed in 0.27 seconds with the score of 855.65 (29 unrouted), using 39603.08 CPU seconds and 456352 MB memory.
2026-09-11 18:32:46.016 INFO   [61525A\3C179E] Auto-router pass #987 on board '1048ef02b8fd4dd21f7f7cd38fa41244' was completed in 0.26 seconds with the score of 855.65 (29 unrouted), using 39881.14 CPU seconds and 458038 MB memory.
2026-09-11 18:32:46.309 INFO   [61525A\3C179E] Auto-router pass #988 on board '1048ef02b8fd4dd21f7f7cd38fa41244' was completed in 0.29 seconds with the score of 855.65 (29 unrouted), using 39881.14 CPU seconds and 458038 MB memory.
2026-09-11 18:32:46.577 INFO   [61525A\3C179E] Auto-router pass #989 on board '1048ef02b8fd4dd21f7f7cd38fa41244' was completed in 0.27 seconds with the score of 855.65 (29 unrouted), using 39881.14 CPU seconds and 458038 MB memory.
2026-09-11 18:32:46.839 INFO   [61525A\3C179E] Auto-router pass #990 on board '1048ef02b8fd4dd21f7f7cd38fa41244' was completed in 0.26 seconds with the score of 855.65 (29 unrouted), using 40160.18 CPU seconds and 459736 MB memory.
2026-09-11 18:32:47.106 INFO   [61525A\3C179E] Auto-router pass #991 on board '1048ef02b8fd4dd21f7f7cd38fa41244' was completed in 0.26 seconds with the score of 855.65 (29 unrouted), using 40160.18 CPU seconds and 459736 MB memory.
2026-09-11 18:32:47.395 INFO   [61525A\3C179E] Auto-router pass #992 on board '1048ef02b8fd4dd21f7f7cd38fa41244' was completed in 0.29 seconds with the score of 855.65 (29 unrouted), using 40160.18 CPU seconds and 459736 MB memory.
2026-09-11 18:32:47.662 INFO   [61525A\3C179E] Auto-router pass #993 on board '1048ef02b8fd4dd21f7f7cd38fa41244' was completed in 0.27 seconds with the score of 855.65 (29 unrouted), using 40160.18 CPU seconds and 459736 MB memory.
2026-09-11 18:32:47.936 INFO   [61525A\3C179E] Auto-router pass #994 on board '1048ef02b8fd4dd21f7f7cd38fa41244' was completed in 0.27 seconds with the score of 855.65 (29 unrouted), using 40440.20 CPU seconds and 461440 MB memory.
2026-09-11 18:32:48.205 INFO   [61525A\3C179E] Auto-router pass #995 on board '1048ef02b8fd4dd21f7f7cd38fa41244' was completed in 0.27 seconds with the score of 855.65 (29 unrouted), using 40440.20 CPU seconds and 461440 MB memory.
2026-09-11 18:32:48.496 INFO   [61525A\3C179E] Auto-router pass #996 on board '1048ef02b8fd4dd21f7f7cd38fa41244' was completed in 0.29 seconds with the score of 855.65 (29 unrouted), using 40440.20 CPU seconds and 461440 MB memory.
2026-09-11 18:32:48.766 INFO   [61525A\3C179E] Auto-router pass #997 on board '1048ef02b8fd4dd21f7f7cd38fa41244' was completed in 0.27 seconds with the score of 855.65 (29 unrouted), using 40721.19 CPU seconds and 463124 MB memory.
2026-09-11 18:32:49.034 INFO   [61525A\3C179E] Auto-router pass #998 on board '1048ef02b8fd4dd21f7f7cd38fa41244' was completed in 0.27 seconds with the score of 855.65 (29 unrouted), using 40721.19 CPU seconds and 463124 MB memory.
2026-09-11 18:32:49.299 INFO   [61525A\3C179E] Auto-router pass #999 on board '1048ef02b8fd4dd21f7f7cd38fa41244' was completed in 0.26 seconds with the score of 855.65 (29 unrouted), using 40721.19 CPU seconds and 463124 MB memory.
{
  "host": "KiCad's Pcbnew,9.0.9.1-unknown-202605141413~ce707d0a6c~ubuntu24.04.1",
  "unit": "mm",
  "board": {
    "bounding_box": {
      "x": 661.0,
      "y": 1.0,
      "width": -1.0,
      "height": -751.0
    },
    "size": {
      "x": 0.0,
      "y": 0.0,
      "width": 662.0,
      "height": 752.0
    }
  },
  "layers": {
    "total_count": 2,
    "signal_count": 2
  },
  "items": {
    "total_count": 718,
    "trace_count": 109,
    "via_count": 7,
    "conduction_area_count": 2,
    "drill_item_count": 134,
    "pin_count": 0,
    "component_count": 446,
    "other_count": 20
  },
  "components": {
    "total_count": 46
  },
  "pads": {
    "total_count": 134
  },
  "nets": {
    "total_count": 40,
    "class_count": 2
  },
  "connections": {
    "maximum_count": 212,
    "incomplete_count": 29
  },
  "traces": {
    "total_count": 109,
    "total_segment_count": 143,
    "total_length": 5722.11,
    "total_weighted_length": 1808523.6,
    "average_length": 52.49642,
    "total_vertical_length": 1668.833,
    "total_horizontal_length": 1476.362,
    "total_angled_length": 2648.5188
  },
  "bends": {
    "total_count": 34,
    "90_degree_count": 3,
    "45_degree_count": 31,
    "other_angle_count": 0
  },
  "vias": {
    "total_count": 7,
    "through_hole_count": 7,
    "blind_count": 0,
    "buried_count": 0
  },
  "clearance_violations": {
    "total_count": 0
  }
}
