2026-09-11 18:22:12.219 INFO   Freerouting v2.1.0 (build-date: 2025-04-12)
2026-09-11 18:22:12.252 WARN   No default constructor found for field: currentLocale
2026-09-11 18:22:12.253 INFO   Settings were loaded from freerouting.json
2026-09-11 18:22:12.255 WARN   Couldn't get screen resolution. If you are running in a headless environment, disable the GUI by setting gui.enabled to false.
2026-09-11 18:22:13.437 INFO   [33A63B\D69A2D] Job '33A63B\D69A2D' started at 2026-09-11T18:22:13.437581930Z
2026-09-11 18:22:13.618 INFO   New version available: v2.4.1
2026-09-11 18:22:14.490 INFO   [33A63B\D69A2D] Auto-router pass #1 on board '5d79f2d506929603257f52ea2de4da7a' was completed in 0.95 seconds with the score of 751.98 (34 unrouted), using 0.91 CPU seconds and 770 MB memory.
2026-09-11 18:22:14.963 INFO   [33A63B\D69A2D] Auto-router pass #2 on board '6aafeea89552938a6e5a5a35adb4df73' was completed in 0.46 seconds with the score of 760.48 (33 unrouted), using 0.91 CPU seconds and 770 MB memory.
2026-09-11 18:22:15.405 INFO   [33A63B\D69A2D] Auto-router pass #3 on board '220a9ed15caf5d697712b713e633ddae' was completed in 0.43 seconds with the score of 760.48 (33 unrouted), using 0.91 CPU seconds and 770 MB memory.
2026-09-11 18:22:16.116 INFO   [33A63B\D69A2D] Auto-router pass #4 on board 'b8e9e60ba569cfa0e3929a4cb3548467' was completed in 0.70 seconds with the score of 760.48 (33 unrouted), using 2.78 CPU seconds and 1850 MB memory.
2026-09-11 18:22:16.534 INFO   [33A63B\D69A2D] Auto-router pass #5 on board 'b8e9e60ba569cfa0e3929a4cb3548467' was completed in 0.41 seconds with the score of 773.44 (32 unrouted), using 5.61 CPU seconds and 3016 MB memory.
2026-09-11 18:22:16.944 INFO   [33A63B\D69A2D] Auto-router pass #6 on board 'e781896dc6a0bff2eb81bd29bcd33bf4' was completed in 0.40 seconds with the score of 771.80 (32 unrouted), using 5.61 CPU seconds and 3016 MB memory.
2026-09-11 18:22:17.346 INFO   [33A63B\D69A2D] Auto-router pass #7 on board '4b7eef352284f5c5bca9d66864a1fbfc' was completed in 0.39 seconds with the score of 771.80 (32 unrouted), using 5.61 CPU seconds and 3016 MB memory.
2026-09-11 18:22:17.731 INFO   [33A63B\D69A2D] Auto-router pass #8 on board 'f07847a2873d51458db9c0f9f7d72323' was completed in 0.38 seconds with the score of 771.80 (32 unrouted), using 9.41 CPU seconds and 4279 MB memory.
2026-09-11 18:22:18.121 INFO   [33A63B\D69A2D] Auto-router pass #9 on board 'f07847a2873d51458db9c0f9f7d72323' was completed in 0.39 seconds with the score of 776.38 (32 unrouted), using 9.41 CPU seconds and 4279 MB memory.
2026-09-11 18:22:18.531 INFO   [33A63B\D69A2D] Auto-router pass #10 on board '2ea57bbbb8bc128d1b2c3d59db50985a' was completed in 0.40 seconds with the score of 782.18 (32 unrouted), using 14.20 CPU seconds and 5586 MB memory.
2026-09-11 18:22:18.953 INFO   [33A63B\D69A2D] Auto-router pass #11 on board 'b16c3227c07c58883169f402125c7d43' was completed in 0.41 seconds with the score of 792.99 (32 unrouted), using 14.20 CPU seconds and 5586 MB memory.
2026-09-11 18:22:19.350 INFO   [33A63B\D69A2D] Restoring an earlier board that has the score of 792.99 (32 unrouted).
2026-09-11 18:22:19.350 INFO   [33A63B\D69A2D] Auto-router pass #12 on board 'd4aebb4de5c21380c56c24cd5b149aa5' was completed in 0.39 seconds with the score of 792.99 (32 unrouted), using 14.20 CPU seconds and 5586 MB memory.
2026-09-11 18:22:19.862 INFO   [33A63B\D69A2D] Auto-router pass #13 on board 'd4aebb4de5c21380c56c24cd5b149aa5' was completed in 0.51 seconds with the score of 837.24 (27 unrouted), using 19.96 CPU seconds and 6889 MB memory.
2026-09-11 18:22:20.186 INFO   [33A63B\D69A2D] Auto-router pass #14 on board 'aee20fdd39296ac5fede2bc5573b7d36' was completed in 0.32 seconds with the score of 837.24 (27 unrouted), using 19.96 CPU seconds and 6889 MB memory.
2026-09-11 18:22:20.503 INFO   [33A63B\D69A2D] Auto-router pass #15 on board 'aee20fdd39296ac5fede2bc5573b7d36' was completed in 0.31 seconds with the score of 837.24 (27 unrouted), using 26.69 CPU seconds and 8206 MB memory.
2026-09-11 18:22:21.170 INFO   [33A63B\D69A2D] Restoring an earlier board that has the score of 837.24 (27 unrouted).
2026-09-11 18:22:21.170 INFO   [33A63B\D69A2D] Auto-router pass #16 on board 'aee20fdd39296ac5fede2bc5573b7d36' was completed in 0.66 seconds with the score of 837.24 (27 unrouted), using 26.69 CPU seconds and 8206 MB memory.
2026-09-11 18:22:21.622 INFO   [33A63B\D69A2D] Auto-router pass #17 on board 'aee20fdd39296ac5fede2bc5573b7d36' was completed in 0.45 seconds with the score of 837.33 (25 unrouted), using 34.39 CPU seconds and 9550 MB memory.
2026-09-11 18:22:21.931 INFO   [33A63B\D69A2D] Auto-router pass #18 on board '42551e43dafa43d7d170f4f7f87aad30' was completed in 0.30 seconds with the score of 837.33 (25 unrouted), using 34.39 CPU seconds and 9550 MB memory.
2026-09-11 18:22:22.229 INFO   [33A63B\D69A2D] Auto-router pass #19 on board '42551e43dafa43d7d170f4f7f87aad30' was completed in 0.29 seconds with the score of 837.33 (25 unrouted), using 34.39 CPU seconds and 9550 MB memory.
2026-09-11 18:22:23.025 INFO   [33A63B\D69A2D] Auto-router pass #20 on board '42551e43dafa43d7d170f4f7f87aad30' was completed in 0.79 seconds with the score of 898.56 (17 unrouted), using 43.06 CPU seconds and 10868 MB memory.
2026-09-11 18:22:23.264 INFO   [33A63B\D69A2D] Auto-router pass #21 on board '82086de47ee84f07bb7c433e1bc0da6b' was completed in 0.23 seconds with the score of 898.56 (17 unrouted), using 43.06 CPU seconds and 10868 MB memory.
2026-09-11 18:22:23.490 INFO   [33A63B\D69A2D] Auto-router pass #22 on board '82086de47ee84f07bb7c433e1bc0da6b' was completed in 0.22 seconds with the score of 898.56 (17 unrouted), using 52.70 CPU seconds and 12259 MB memory.
2026-09-11 18:22:23.715 INFO   [33A63B\D69A2D] Auto-router pass #23 on board '82086de47ee84f07bb7c433e1bc0da6b' was completed in 0.22 seconds with the score of 898.56 (17 unrouted), using 52.70 CPU seconds and 12259 MB memory.
2026-09-11 18:22:23.966 INFO   [33A63B\D69A2D] Restoring an earlier board that has the score of 898.56 (17 unrouted).
2026-09-11 18:22:23.966 INFO   [33A63B\D69A2D] Auto-router pass #24 on board '82086de47ee84f07bb7c433e1bc0da6b' was completed in 0.25 seconds with the score of 898.56 (17 unrouted), using 52.70 CPU seconds and 12259 MB memory.
2026-09-11 18:22:24.338 INFO   [33A63B\D69A2D] Auto-router pass #25 on board '82086de47ee84f07bb7c433e1bc0da6b' was completed in 0.37 seconds with the score of 910.87 (15 unrouted), using 52.70 CPU seconds and 12259 MB memory.
2026-09-11 18:22:24.546 INFO   [33A63B\D69A2D] Auto-router pass #26 on board '5a3b7386f7e8766c13ec56db70cbaef5' was completed in 0.20 seconds with the score of 910.87 (15 unrouted), using 63.31 CPU seconds and 13598 MB memory.
2026-09-11 18:22:24.760 INFO   [33A63B\D69A2D] Auto-router pass #27 on board '5a3b7386f7e8766c13ec56db70cbaef5' was completed in 0.21 seconds with the score of 910.87 (15 unrouted), using 63.31 CPU seconds and 13598 MB memory.
2026-09-11 18:22:25.350 INFO   [33A63B\D69A2D] Auto-router pass #28 on board '5a3b7386f7e8766c13ec56db70cbaef5' was completed in 0.59 seconds with the score of 916.69 (14 unrouted), using 63.31 CPU seconds and 13598 MB memory.
2026-09-11 18:22:25.556 INFO   [33A63B\D69A2D] Auto-router pass #29 on board 'a792bed8b18c9dff04430a7e44a3195c' was completed in 0.20 seconds with the score of 916.69 (14 unrouted), using 74.89 CPU seconds and 14962 MB memory.
2026-09-11 18:22:25.764 INFO   [33A63B\D69A2D] Auto-router pass #30 on board 'a792bed8b18c9dff04430a7e44a3195c' was completed in 0.20 seconds with the score of 916.69 (14 unrouted), using 74.89 CPU seconds and 14962 MB memory.
2026-09-11 18:22:25.974 INFO   [33A63B\D69A2D] Auto-router pass #31 on board 'a792bed8b18c9dff04430a7e44a3195c' was completed in 0.21 seconds with the score of 916.69 (14 unrouted), using 74.89 CPU seconds and 14962 MB memory.
2026-09-11 18:22:26.203 INFO   [33A63B\D69A2D] Restoring an earlier board that has the score of 916.69 (14 unrouted).
2026-09-11 18:22:26.203 INFO   [33A63B\D69A2D] Auto-router pass #32 on board 'a792bed8b18c9dff04430a7e44a3195c' was completed in 0.23 seconds with the score of 916.69 (14 unrouted), using 74.89 CPU seconds and 14962 MB memory.
2026-09-11 18:22:26.545 INFO   [33A63B\D69A2D] Auto-router pass #33 on board 'a792bed8b18c9dff04430a7e44a3195c' was completed in 0.34 seconds with the score of 916.69 (14 unrouted), using 87.44 CPU seconds and 16243 MB memory.
2026-09-11 18:22:26.753 INFO   [33A63B\D69A2D] Auto-router pass #34 on board 'a792bed8b18c9dff04430a7e44a3195c' was completed in 0.20 seconds with the score of 916.69 (14 unrouted), using 87.44 CPU seconds and 16243 MB memory.
2026-09-11 18:22:26.955 INFO   [33A63B\D69A2D] Auto-router pass #35 on board 'a792bed8b18c9dff04430a7e44a3195c' was completed in 0.20 seconds with the score of 916.69 (14 unrouted), using 87.44 CPU seconds and 16243 MB memory.
2026-09-11 18:22:27.494 INFO   [33A63B\D69A2D] Restoring an earlier board that has the score of 916.69 (14 unrouted).
2026-09-11 18:22:27.494 INFO   [33A63B\D69A2D] Auto-router pass #36 on board 'a792bed8b18c9dff04430a7e44a3195c' was completed in 0.54 seconds with the score of 916.69 (14 unrouted), using 100.97 CPU seconds and 17636 MB memory.
2026-09-11 18:22:27.833 INFO   [33A63B\D69A2D] Auto-router pass #37 on board 'a792bed8b18c9dff04430a7e44a3195c' was completed in 0.34 seconds with the score of 916.69 (14 unrouted), using 100.97 CPU seconds and 17636 MB memory.
2026-09-11 18:22:28.035 INFO   [33A63B\D69A2D] Auto-router pass #38 on board 'a792bed8b18c9dff04430a7e44a3195c' was completed in 0.20 seconds with the score of 916.69 (14 unrouted), using 100.97 CPU seconds and 17636 MB memory.
2026-09-11 18:22:28.237 INFO   [33A63B\D69A2D] Auto-router pass #39 on board 'a792bed8b18c9dff04430a7e44a3195c' was completed in 0.20 seconds with the score of 916.69 (14 unrouted), using 100.97 CPU seconds and 17636 MB memory.
2026-09-11 18:22:28.795 INFO   [33A63B\D69A2D] Restoring an earlier board that has the score of 916.69 (14 unrouted).
2026-09-11 18:22:28.795 INFO   [33A63B\D69A2D] Auto-router pass #40 on board 'a792bed8b18c9dff04430a7e44a3195c' was completed in 0.56 seconds with the score of 916.69 (14 unrouted), using 115.47 CPU seconds and 19009 MB memory.
2026-09-11 18:22:29.594 INFO   [33A63B\D69A2D] Auto-router pass #41 on board 'a792bed8b18c9dff04430a7e44a3195c' was completed in 0.80 seconds with the score of 927.23 (12 unrouted), using 130.95 CPU seconds and 20412 MB memory.
2026-09-11 18:22:30.213 INFO   [33A63B\D69A2D] Auto-router pass #42 on board '4f93ebc51c2872163e46e043e8450be6' was completed in 0.61 seconds with the score of 927.25 (12 unrouted), using 130.95 CPU seconds and 20412 MB memory.
2026-09-11 18:22:30.913 INFO   [33A63B\D69A2D] Auto-router pass #43 on board 'ba19a66d2d83fca6d76eaf9f43c72d4c' was completed in 0.69 seconds with the score of 927.11 (12 unrouted), using 147.40 CPU seconds and 21867 MB memory.
2026-09-11 18:22:31.464 INFO   [33A63B\D69A2D] Restoring an earlier board that has the score of 927.25 (12 unrouted).
2026-09-11 18:22:31.464 INFO   [33A63B\D69A2D] Auto-router pass #44 on board '52fafbdd0931ed342cd0ff380a93a064' was completed in 0.54 seconds with the score of 927.11 (12 unrouted), using 164.81 CPU seconds and 23290 MB memory.
2026-09-11 18:22:31.797 INFO   [33A63B\D69A2D] Auto-router pass #45 on board 'ba19a66d2d83fca6d76eaf9f43c72d4c' was completed in 0.33 seconds with the score of 927.11 (12 unrouted), using 164.81 CPU seconds and 23290 MB memory.
2026-09-11 18:22:31.975 INFO   [33A63B\D69A2D] Auto-router pass #46 on board 'ff2e26347e42b28ce1e43bc16e6cfce5' was completed in 0.17 seconds with the score of 927.11 (12 unrouted), using 164.81 CPU seconds and 23290 MB memory.
2026-09-11 18:22:32.151 INFO   [33A63B\D69A2D] Auto-router pass #47 on board 'ff2e26347e42b28ce1e43bc16e6cfce5' was completed in 0.17 seconds with the score of 927.11 (12 unrouted), using 164.81 CPU seconds and 23290 MB memory.
2026-09-11 18:22:32.672 INFO   [33A63B\D69A2D] Restoring an earlier board that has the score of 927.25 (12 unrouted).
2026-09-11 18:22:32.672 INFO   [33A63B\D69A2D] Auto-router pass #48 on board 'ff2e26347e42b28ce1e43bc16e6cfce5' was completed in 0.52 seconds with the score of 927.11 (12 unrouted), using 183.18 CPU seconds and 24664 MB memory.
2026-09-11 18:22:33.003 INFO   [33A63B\D69A2D] Auto-router pass #49 on board 'ba19a66d2d83fca6d76eaf9f43c72d4c' was completed in 0.33 seconds with the score of 927.11 (12 unrouted), using 183.18 CPU seconds and 24664 MB memory.
2026-09-11 18:22:33.176 INFO   [33A63B\D69A2D] Auto-router pass #50 on board 'ff2e26347e42b28ce1e43bc16e6cfce5' was completed in 0.17 seconds with the score of 927.11 (12 unrouted), using 183.18 CPU seconds and 24664 MB memory.
2026-09-11 18:22:33.351 INFO   [33A63B\D69A2D] Auto-router pass #51 on board 'ff2e26347e42b28ce1e43bc16e6cfce5' was completed in 0.17 seconds with the score of 927.11 (12 unrouted), using 183.18 CPU seconds and 24664 MB memory.
2026-09-11 18:22:33.878 INFO   [33A63B\D69A2D] Restoring an earlier board that has the score of 927.25 (12 unrouted).
2026-09-11 18:22:33.878 INFO   [33A63B\D69A2D] Auto-router pass #52 on board 'ff2e26347e42b28ce1e43bc16e6cfce5' was completed in 0.52 seconds with the score of 927.11 (12 unrouted), using 202.52 CPU seconds and 26047 MB memory.
2026-09-11 18:22:34.181 INFO   [33A63B\D69A2D] Auto-router pass #53 on board 'ba19a66d2d83fca6d76eaf9f43c72d4c' was completed in 0.30 seconds with the score of 927.11 (12 unrouted), using 202.52 CPU seconds and 26047 MB memory.
2026-09-11 18:22:34.352 INFO   [33A63B\D69A2D] Auto-router pass #54 on board 'ff2e26347e42b28ce1e43bc16e6cfce5' was completed in 0.17 seconds with the score of 927.11 (12 unrouted), using 202.52 CPU seconds and 26047 MB memory.
2026-09-11 18:22:34.527 INFO   [33A63B\D69A2D] Auto-router pass #55 on board 'ff2e26347e42b28ce1e43bc16e6cfce5' was completed in 0.17 seconds with the score of 927.11 (12 unrouted), using 222.84 CPU seconds and 27464 MB memory.
2026-09-11 18:22:35.266 INFO   [33A63B\D69A2D] Restoring an earlier board that has the score of 927.25 (12 unrouted).
2026-09-11 18:22:35.266 INFO   [33A63B\D69A2D] Auto-router pass #56 on board 'ff2e26347e42b28ce1e43bc16e6cfce5' was completed in 0.74 seconds with the score of 921.52 (13 unrouted), using 222.84 CPU seconds and 27464 MB memory.
2026-09-11 18:22:35.574 INFO   [33A63B\D69A2D] Auto-router pass #57 on board 'ba19a66d2d83fca6d76eaf9f43c72d4c' was completed in 0.30 seconds with the score of 927.11 (12 unrouted), using 244.13 CPU seconds and 28916 MB memory.
2026-09-11 18:22:35.747 INFO   [33A63B\D69A2D] Auto-router pass #58 on board 'ff2e26347e42b28ce1e43bc16e6cfce5' was completed in 0.17 seconds with the score of 927.11 (12 unrouted), using 244.13 CPU seconds and 28916 MB memory.
2026-09-11 18:22:35.919 INFO   [33A63B\D69A2D] Auto-router pass #59 on board 'ff2e26347e42b28ce1e43bc16e6cfce5' was completed in 0.17 seconds with the score of 927.11 (12 unrouted), using 244.13 CPU seconds and 28916 MB memory.
2026-09-11 18:22:36.456 INFO   [33A63B\D69A2D] Restoring an earlier board that has the score of 927.23 (12 unrouted).
2026-09-11 18:22:36.456 INFO   [33A63B\D69A2D] Auto-router pass #60 on board 'ff2e26347e42b28ce1e43bc16e6cfce5' was completed in 0.53 seconds with the score of 927.11 (12 unrouted), using 266.39 CPU seconds and 30303 MB memory.
2026-09-11 18:22:36.761 INFO   [33A63B\D69A2D] Auto-router pass #61 on board '4f93ebc51c2872163e46e043e8450be6' was completed in 0.30 seconds with the score of 927.14 (12 unrouted), using 266.39 CPU seconds and 30303 MB memory.
2026-09-11 18:22:36.937 INFO   [33A63B\D69A2D] Auto-router pass #62 on board '5691ca3d38065f5c5878c2bb6e53c5db' was completed in 0.17 seconds with the score of 927.14 (12 unrouted), using 266.39 CPU seconds and 30303 MB memory.
2026-09-11 18:22:37.105 INFO   [33A63B\D69A2D] Auto-router pass #63 on board '5691ca3d38065f5c5878c2bb6e53c5db' was completed in 0.16 seconds with the score of 927.14 (12 unrouted), using 266.39 CPU seconds and 30303 MB memory.
2026-09-11 18:22:37.605 INFO   [33A63B\D69A2D] Restoring an earlier board that has the score of 927.23 (12 unrouted).
2026-09-11 18:22:37.605 INFO   [33A63B\D69A2D] Auto-router pass #64 on board '5691ca3d38065f5c5878c2bb6e53c5db' was completed in 0.50 seconds with the score of 927.14 (12 unrouted), using 289.61 CPU seconds and 31727 MB memory.
2026-09-11 18:22:37.930 INFO   [33A63B\D69A2D] Auto-router pass #65 on board '4f93ebc51c2872163e46e043e8450be6' was completed in 0.32 seconds with the score of 927.14 (12 unrouted), using 289.61 CPU seconds and 31727 MB memory.
2026-09-11 18:22:38.102 INFO   [33A63B\D69A2D] Auto-router pass #66 on board '5691ca3d38065f5c5878c2bb6e53c5db' was completed in 0.17 seconds with the score of 927.14 (12 unrouted), using 289.61 CPU seconds and 31727 MB memory.
2026-09-11 18:22:38.277 INFO   [33A63B\D69A2D] Auto-router pass #67 on board '5691ca3d38065f5c5878c2bb6e53c5db' was completed in 0.17 seconds with the score of 927.14 (12 unrouted), using 289.61 CPU seconds and 31727 MB memory.
2026-09-11 18:22:38.790 INFO   [33A63B\D69A2D] Restoring an earlier board that has the score of 927.23 (12 unrouted).
2026-09-11 18:22:38.790 INFO   [33A63B\D69A2D] Auto-router pass #68 on board '5691ca3d38065f5c5878c2bb6e53c5db' was completed in 0.51 seconds with the score of 927.14 (12 unrouted), using 313.81 CPU seconds and 33118 MB memory.
2026-09-11 18:22:39.092 INFO   [33A63B\D69A2D] Auto-router pass #69 on board '4f93ebc51c2872163e46e043e8450be6' was completed in 0.30 seconds with the score of 927.14 (12 unrouted), using 313.81 CPU seconds and 33118 MB memory.
2026-09-11 18:22:39.263 INFO   [33A63B\D69A2D] Auto-router pass #70 on board '5691ca3d38065f5c5878c2bb6e53c5db' was completed in 0.17 seconds with the score of 927.14 (12 unrouted), using 313.81 CPU seconds and 33118 MB memory.
2026-09-11 18:22:39.435 INFO   [33A63B\D69A2D] Auto-router pass #71 on board '5691ca3d38065f5c5878c2bb6e53c5db' was completed in 0.17 seconds with the score of 927.14 (12 unrouted), using 313.81 CPU seconds and 33118 MB memory.
2026-09-11 18:22:39.980 INFO   [33A63B\D69A2D] Restoring an earlier board that has the score of 927.23 (12 unrouted).
2026-09-11 18:22:39.980 INFO   [33A63B\D69A2D] Auto-router pass #72 on board '5691ca3d38065f5c5878c2bb6e53c5db' was completed in 0.54 seconds with the score of 927.14 (12 unrouted), using 338.99 CPU seconds and 34525 MB memory.
2026-09-11 18:22:40.589 INFO   [33A63B\D69A2D] Auto-router pass #73 on board '4f93ebc51c2872163e46e043e8450be6' was completed in 0.61 seconds with the score of 922.86 (13 unrouted), using 365.13 CPU seconds and 35977 MB memory.
2026-09-11 18:22:41.197 INFO   [33A63B\D69A2D] Auto-router pass #74 on board '295d61c1cb16853309fd9b13b01814e3' was completed in 0.60 seconds with the score of 922.88 (13 unrouted), using 365.13 CPU seconds and 35977 MB memory.
2026-09-11 18:22:41.803 INFO   [33A63B\D69A2D] Auto-router pass #75 on board 'a81228eca6be58955739c2658847824b' was completed in 0.60 seconds with the score of 922.86 (13 unrouted), using 392.22 CPU seconds and 37456 MB memory.
2026-09-11 18:22:42.350 INFO   [33A63B\D69A2D] Restoring an earlier board that has the score of 927.14 (12 unrouted).
2026-09-11 18:22:42.350 INFO   [33A63B\D69A2D] Auto-router pass #76 on board 'e7ea7684b15e050e9d61241ceb432938' was completed in 0.54 seconds with the score of 922.68 (13 unrouted), using 392.22 CPU seconds and 37456 MB memory.
2026-09-11 18:22:42.662 INFO   [33A63B\D69A2D] Auto-router pass #77 on board '5691ca3d38065f5c5878c2bb6e53c5db' was completed in 0.31 seconds with the score of 927.14 (12 unrouted), using 420.27 CPU seconds and 38898 MB memory.
2026-09-11 18:22:42.844 INFO   [33A63B\D69A2D] Auto-router pass #78 on board '5691ca3d38065f5c5878c2bb6e53c5db' was completed in 0.18 seconds with the score of 927.14 (12 unrouted), using 420.27 CPU seconds and 38898 MB memory.
2026-09-11 18:22:43.019 INFO   [33A63B\D69A2D] Auto-router pass #79 on board '5691ca3d38065f5c5878c2bb6e53c5db' was completed in 0.17 seconds with the score of 927.14 (12 unrouted), using 420.27 CPU seconds and 38898 MB memory.
2026-09-11 18:22:43.569 INFO   [33A63B\D69A2D] Restoring an earlier board that has the score of 927.14 (12 unrouted).
2026-09-11 18:22:43.569 INFO   [33A63B\D69A2D] Auto-router pass #80 on board '5691ca3d38065f5c5878c2bb6e53c5db' was completed in 0.55 seconds with the score of 927.14 (12 unrouted), using 449.27 CPU seconds and 40231 MB memory.
2026-09-11 18:22:43.881 INFO   [33A63B\D69A2D] Auto-router pass #81 on board '5691ca3d38065f5c5878c2bb6e53c5db' was completed in 0.31 seconds with the score of 927.14 (12 unrouted), using 449.27 CPU seconds and 40231 MB memory.
2026-09-11 18:22:44.055 INFO   [33A63B\D69A2D] Auto-router pass #82 on board '5691ca3d38065f5c5878c2bb6e53c5db' was completed in 0.17 seconds with the score of 927.14 (12 unrouted), using 449.27 CPU seconds and 40231 MB memory.
2026-09-11 18:22:44.229 INFO   [33A63B\D69A2D] Auto-router pass #83 on board '5691ca3d38065f5c5878c2bb6e53c5db' was completed in 0.17 seconds with the score of 927.14 (12 unrouted), using 449.27 CPU seconds and 40231 MB memory.
2026-09-11 18:22:44.736 INFO   [33A63B\D69A2D] Restoring an earlier board that has the score of 927.14 (12 unrouted).
2026-09-11 18:22:44.736 INFO   [33A63B\D69A2D] Auto-router pass #84 on board '5691ca3d38065f5c5878c2bb6e53c5db' was completed in 0.50 seconds with the score of 927.14 (12 unrouted), using 479.24 CPU seconds and 41635 MB memory.
2026-09-11 18:22:45.046 INFO   [33A63B\D69A2D] Auto-router pass #85 on board '5691ca3d38065f5c5878c2bb6e53c5db' was completed in 0.31 seconds with the score of 927.14 (12 unrouted), using 479.24 CPU seconds and 41635 MB memory.
2026-09-11 18:22:45.218 INFO   [33A63B\D69A2D] Auto-router pass #86 on board '5691ca3d38065f5c5878c2bb6e53c5db' was completed in 0.17 seconds with the score of 927.14 (12 unrouted), using 479.24 CPU seconds and 41635 MB memory.
2026-09-11 18:22:45.397 INFO   [33A63B\D69A2D] Auto-router pass #87 on board '5691ca3d38065f5c5878c2bb6e53c5db' was completed in 0.18 seconds with the score of 927.14 (12 unrouted), using 479.24 CPU seconds and 41635 MB memory.
2026-09-11 18:22:45.961 INFO   [33A63B\D69A2D] Restoring an earlier board that has the score of 927.14 (12 unrouted).
2026-09-11 18:22:45.961 INFO   [33A63B\D69A2D] Auto-router pass #88 on board '5691ca3d38065f5c5878c2bb6e53c5db' was completed in 0.56 seconds with the score of 927.14 (12 unrouted), using 510.18 CPU seconds and 42985 MB memory.
2026-09-11 18:22:46.271 INFO   [33A63B\D69A2D] Auto-router pass #89 on board '5691ca3d38065f5c5878c2bb6e53c5db' was completed in 0.31 seconds with the score of 927.14 (12 unrouted), using 510.18 CPU seconds and 42985 MB memory.
2026-09-11 18:22:46.440 INFO   [33A63B\D69A2D] Auto-router pass #90 on board '5691ca3d38065f5c5878c2bb6e53c5db' was completed in 0.17 seconds with the score of 927.14 (12 unrouted), using 510.18 CPU seconds and 42985 MB memory.
2026-09-11 18:22:46.613 INFO   [33A63B\D69A2D] Auto-router pass #91 on board '5691ca3d38065f5c5878c2bb6e53c5db' was completed in 0.17 seconds with the score of 927.14 (12 unrouted), using 542.09 CPU seconds and 44359 MB memory.
2026-09-11 18:22:47.123 INFO   [33A63B\D69A2D] Restoring an earlier board that has the score of 927.11 (12 unrouted).
2026-09-11 18:22:47.124 INFO   [33A63B\D69A2D] Auto-router pass #92 on board '5691ca3d38065f5c5878c2bb6e53c5db' was completed in 0.51 seconds with the score of 927.14 (12 unrouted), using 542.09 CPU seconds and 44359 MB memory.
2026-09-11 18:22:47.440 INFO   [33A63B\D69A2D] Auto-router pass #93 on board '52fafbdd0931ed342cd0ff380a93a064' was completed in 0.31 seconds with the score of 927.11 (12 unrouted), using 542.09 CPU seconds and 44359 MB memory.
2026-09-11 18:22:47.616 INFO   [33A63B\D69A2D] Auto-router pass #94 on board '52fafbdd0931ed342cd0ff380a93a064' was completed in 0.17 seconds with the score of 927.11 (12 unrouted), using 574.96 CPU seconds and 45751 MB memory.
2026-09-11 18:22:47.792 INFO   [33A63B\D69A2D] Auto-router pass #95 on board '52fafbdd0931ed342cd0ff380a93a064' was completed in 0.17 seconds with the score of 927.11 (12 unrouted), using 574.96 CPU seconds and 45751 MB memory.
2026-09-11 18:22:48.293 INFO   [33A63B\D69A2D] Restoring an earlier board that has the score of 927.11 (12 unrouted).
2026-09-11 18:22:48.293 INFO   [33A63B\D69A2D] Auto-router pass #96 on board '52fafbdd0931ed342cd0ff380a93a064' was completed in 0.50 seconds with the score of 927.11 (12 unrouted), using 574.96 CPU seconds and 45751 MB memory.
2026-09-11 18:22:48.606 INFO   [33A63B\D69A2D] Auto-router pass #97 on board '52fafbdd0931ed342cd0ff380a93a064' was completed in 0.31 seconds with the score of 927.11 (12 unrouted), using 608.80 CPU seconds and 47136 MB memory.
2026-09-11 18:22:48.785 INFO   [33A63B\D69A2D] Auto-router pass #98 on board '52fafbdd0931ed342cd0ff380a93a064' was completed in 0.18 seconds with the score of 927.11 (12 unrouted), using 608.80 CPU seconds and 47136 MB memory.
2026-09-11 18:22:48.958 INFO   [33A63B\D69A2D] Auto-router pass #99 on board '52fafbdd0931ed342cd0ff380a93a064' was completed in 0.17 seconds with the score of 927.11 (12 unrouted), using 608.80 CPU seconds and 47136 MB memory.
2026-09-11 18:22:49.434 INFO   [33A63B\D69A2D] Restoring an earlier board that has the score of 927.11 (12 unrouted).
2026-09-11 18:22:49.435 INFO   [33A63B\D69A2D] Auto-router pass #100 on board '52fafbdd0931ed342cd0ff380a93a064' was completed in 0.47 seconds with the score of 927.11 (12 unrouted), using 608.80 CPU seconds and 47136 MB memory.
2026-09-11 18:22:49.747 INFO   [33A63B\D69A2D] Auto-router pass #101 on board '52fafbdd0931ed342cd0ff380a93a064' was completed in 0.31 seconds with the score of 927.11 (12 unrouted), using 643.62 CPU seconds and 48482 MB memory.
2026-09-11 18:22:49.919 INFO   [33A63B\D69A2D] Auto-router pass #102 on board '52fafbdd0931ed342cd0ff380a93a064' was completed in 0.17 seconds with the score of 927.11 (12 unrouted), using 643.62 CPU seconds and 48482 MB memory.
2026-09-11 18:22:50.097 INFO   [33A63B\D69A2D] Auto-router pass #103 on board '52fafbdd0931ed342cd0ff380a93a064' was completed in 0.17 seconds with the score of 927.11 (12 unrouted), using 643.62 CPU seconds and 48482 MB memory.
2026-09-11 18:22:50.571 INFO   [33A63B\D69A2D] Restoring an earlier board that has the score of 927.11 (12 unrouted).
2026-09-11 18:22:50.571 INFO   [33A63B\D69A2D] Auto-router pass #104 on board '52fafbdd0931ed342cd0ff380a93a064' was completed in 0.47 seconds with the score of 927.11 (12 unrouted), using 679.40 CPU seconds and 49841 MB memory.
2026-09-11 18:22:50.880 INFO   [33A63B\D69A2D] Auto-router pass #105 on board '52fafbdd0931ed342cd0ff380a93a064' was completed in 0.30 seconds with the score of 927.11 (12 unrouted), using 679.40 CPU seconds and 49841 MB memory.
2026-09-11 18:22:51.055 INFO   [33A63B\D69A2D] Auto-router pass #106 on board '52fafbdd0931ed342cd0ff380a93a064' was completed in 0.17 seconds with the score of 927.11 (12 unrouted), using 679.40 CPU seconds and 49841 MB memory.
2026-09-11 18:22:51.224 INFO   [33A63B\D69A2D] Auto-router pass #107 on board '52fafbdd0931ed342cd0ff380a93a064' was completed in 0.17 seconds with the score of 927.11 (12 unrouted), using 679.40 CPU seconds and 49841 MB memory.
2026-09-11 18:22:51.684 INFO   [33A63B\D69A2D] Restoring an earlier board that has the score of 927.11 (12 unrouted).
2026-09-11 18:22:51.685 INFO   [33A63B\D69A2D] Auto-router pass #108 on board '52fafbdd0931ed342cd0ff380a93a064' was completed in 0.46 seconds with the score of 927.11 (12 unrouted), using 716.16 CPU seconds and 51227 MB memory.
2026-09-11 18:22:51.989 INFO   [33A63B\D69A2D] Auto-router pass #109 on board 'ff2e26347e42b28ce1e43bc16e6cfce5' was completed in 0.30 seconds with the score of 927.11 (12 unrouted), using 716.16 CPU seconds and 51227 MB memory.
2026-09-11 18:22:52.159 INFO   [33A63B\D69A2D] Auto-router pass #110 on board 'ff2e26347e42b28ce1e43bc16e6cfce5' was completed in 0.17 seconds with the score of 927.11 (12 unrouted), using 716.16 CPU seconds and 51227 MB memory.
2026-09-11 18:22:52.325 INFO   [33A63B\D69A2D] Auto-router pass #111 on board 'ff2e26347e42b28ce1e43bc16e6cfce5' was completed in 0.16 seconds with the score of 927.11 (12 unrouted), using 716.16 CPU seconds and 51227 MB memory.
2026-09-11 18:22:52.850 INFO   [33A63B\D69A2D] Restoring an earlier board that has the score of 927.11 (12 unrouted).
2026-09-11 18:22:52.850 INFO   [33A63B\D69A2D] Auto-router pass #112 on board 'ff2e26347e42b28ce1e43bc16e6cfce5' was completed in 0.52 seconds with the score of 927.11 (12 unrouted), using 753.90 CPU seconds and 52645 MB memory.
2026-09-11 18:22:53.147 INFO   [33A63B\D69A2D] Auto-router pass #113 on board 'ff2e26347e42b28ce1e43bc16e6cfce5' was completed in 0.29 seconds with the score of 927.11 (12 unrouted), using 753.90 CPU seconds and 52645 MB memory.
2026-09-11 18:22:53.317 INFO   [33A63B\D69A2D] Auto-router pass #114 on board 'ff2e26347e42b28ce1e43bc16e6cfce5' was completed in 0.17 seconds with the score of 927.11 (12 unrouted), using 753.90 CPU seconds and 52645 MB memory.
2026-09-11 18:22:53.490 INFO   [33A63B\D69A2D] Auto-router pass #115 on board 'ff2e26347e42b28ce1e43bc16e6cfce5' was completed in 0.17 seconds with the score of 927.11 (12 unrouted), using 792.61 CPU seconds and 54019 MB memory.
2026-09-11 18:22:53.977 INFO   [33A63B\D69A2D] Restoring an earlier board that has the score of 927.11 (12 unrouted).
2026-09-11 18:22:53.977 INFO   [33A63B\D69A2D] Auto-router pass #116 on board 'ff2e26347e42b28ce1e43bc16e6cfce5' was completed in 0.48 seconds with the score of 927.11 (12 unrouted), using 792.61 CPU seconds and 54019 MB memory.
2026-09-11 18:22:54.734 INFO   [33A63B\D69A2D] Auto-router pass #117 on board 'ff2e26347e42b28ce1e43bc16e6cfce5' was completed in 0.75 seconds with the score of 927.43 (12 unrouted), using 832.28 CPU seconds and 55490 MB memory.
2026-09-11 18:22:55.419 INFO   [33A63B\D69A2D] Auto-router pass #118 on board 'd32483c7e8f2409d2b13278d9289fc8f' was completed in 0.67 seconds with the score of 927.11 (12 unrouted), using 832.28 CPU seconds and 55490 MB memory.
2026-09-11 18:22:56.108 INFO   [33A63B\D69A2D] Auto-router pass #119 on board 'ebbc1f4fa9c3d7a57a5e40b7b1200f8f' was completed in 0.68 seconds with the score of 927.11 (12 unrouted), using 872.92 CPU seconds and 56986 MB memory.
2026-09-11 18:22:56.713 INFO   [33A63B\D69A2D] Restoring an earlier board that has the score of 927.43 (12 unrouted).
2026-09-11 18:22:56.713 INFO   [33A63B\D69A2D] Auto-router pass #120 on board '9fe157fe5115d5d2899a4879c94ab559' was completed in 0.60 seconds with the score of 927.11 (12 unrouted), using 914.53 CPU seconds and 58339 MB memory.
2026-09-11 18:22:57.029 INFO   [33A63B\D69A2D] Auto-router pass #121 on board 'd32483c7e8f2409d2b13278d9289fc8f' was completed in 0.31 seconds with the score of 927.11 (12 unrouted), using 914.53 CPU seconds and 58339 MB memory.
2026-09-11 18:22:57.210 INFO   [33A63B\D69A2D] Auto-router pass #122 on board 'bd98c3bb49a95f49dea7a62dbef25cd8' was completed in 0.17 seconds with the score of 927.11 (12 unrouted), using 914.53 CPU seconds and 58339 MB memory.
2026-09-11 18:22:57.391 INFO   [33A63B\D69A2D] Auto-router pass #123 on board 'bd98c3bb49a95f49dea7a62dbef25cd8' was completed in 0.17 seconds with the score of 927.11 (12 unrouted), using 914.53 CPU seconds and 58339 MB memory.
2026-09-11 18:22:57.890 INFO   [33A63B\D69A2D] Restoring an earlier board that has the score of 927.43 (12 unrouted).
2026-09-11 18:22:57.890 INFO   [33A63B\D69A2D] Auto-router pass #124 on board 'bd98c3bb49a95f49dea7a62dbef25cd8' was completed in 0.50 seconds with the score of 927.11 (12 unrouted), using 957.09 CPU seconds and 59678 MB memory.
2026-09-11 18:22:58.206 INFO   [33A63B\D69A2D] Auto-router pass #125 on board 'd32483c7e8f2409d2b13278d9289fc8f' was completed in 0.31 seconds with the score of 927.11 (12 unrouted), using 957.09 CPU seconds and 59678 MB memory.
2026-09-11 18:22:58.382 INFO   [33A63B\D69A2D] Auto-router pass #126 on board 'bd98c3bb49a95f49dea7a62dbef25cd8' was completed in 0.17 seconds with the score of 927.11 (12 unrouted), using 957.09 CPU seconds and 59678 MB memory.
2026-09-11 18:22:58.555 INFO   [33A63B\D69A2D] Auto-router pass #127 on board 'bd98c3bb49a95f49dea7a62dbef25cd8' was completed in 0.17 seconds with the score of 927.11 (12 unrouted), using 1000.62 CPU seconds and 61036 MB memory.
2026-09-11 18:23:00.176 INFO   [33A63B\D69A2D] Restoring an earlier board that has the score of 927.43 (12 unrouted).
2026-09-11 18:23:00.176 INFO   [33A63B\D69A2D] Auto-router pass #128 on board 'bd98c3bb49a95f49dea7a62dbef25cd8' was completed in 1.62 seconds with the score of 927.11 (12 unrouted), using 1045.13 CPU seconds and 62521 MB memory.
2026-09-11 18:23:00.485 INFO   [33A63B\D69A2D] Auto-router pass #129 on board 'd32483c7e8f2409d2b13278d9289fc8f' was completed in 0.31 seconds with the score of 927.11 (12 unrouted), using 1090.59 CPU seconds and 63964 MB memory.
2026-09-11 18:23:00.655 INFO   [33A63B\D69A2D] Auto-router pass #130 on board 'bd98c3bb49a95f49dea7a62dbef25cd8' was completed in 0.17 seconds with the score of 927.11 (12 unrouted), using 1090.59 CPU seconds and 63964 MB memory.
2026-09-11 18:23:00.828 INFO   [33A63B\D69A2D] Auto-router pass #131 on board 'bd98c3bb49a95f49dea7a62dbef25cd8' was completed in 0.17 seconds with the score of 927.11 (12 unrouted), using 1090.59 CPU seconds and 63964 MB memory.
2026-09-11 18:23:02.508 INFO   [33A63B\D69A2D] Auto-router pass #132 on board 'bd98c3bb49a95f49dea7a62dbef25cd8' was completed in 1.68 seconds with the score of 928.14 (12 unrouted), using 1184.39 CPU seconds and 66796 MB memory.
2026-09-11 18:23:02.701 INFO   [33A63B\D69A2D] Auto-router pass #133 on board 'ed1e02c9b18f047bcdbb3e76a864370f' was completed in 0.18 seconds with the score of 927.34 (12 unrouted), using 1184.39 CPU seconds and 66796 MB memory.
2026-09-11 18:23:02.891 INFO   [33A63B\D69A2D] Auto-router pass #134 on board 'b0d046b6137599474ae10d30b8a0ae32' was completed in 0.18 seconds with the score of 927.34 (12 unrouted), using 1184.39 CPU seconds and 66796 MB memory.
2026-09-11 18:23:03.074 INFO   [33A63B\D69A2D] Auto-router pass #135 on board 'b0d046b6137599474ae10d30b8a0ae32' was completed in 0.18 seconds with the score of 927.34 (12 unrouted), using 1184.39 CPU seconds and 66796 MB memory.
2026-09-11 18:23:04.835 INFO   [33A63B\D69A2D] Restoring an earlier board that has the score of 928.14 (12 unrouted).
2026-09-11 18:23:04.835 INFO   [33A63B\D69A2D] Auto-router pass #136 on board 'b0d046b6137599474ae10d30b8a0ae32' was completed in 1.76 seconds with the score of 927.40 (12 unrouted), using 1282.05 CPU seconds and 69571 MB memory.
2026-09-11 18:23:05.165 INFO   [33A63B\D69A2D] Auto-router pass #137 on board 'ed1e02c9b18f047bcdbb3e76a864370f' was completed in 0.33 seconds with the score of 927.34 (12 unrouted), using 1282.05 CPU seconds and 69571 MB memory.
2026-09-11 18:23:05.337 INFO   [33A63B\D69A2D] Auto-router pass #138 on board 'b0d046b6137599474ae10d30b8a0ae32' was completed in 0.17 seconds with the score of 927.34 (12 unrouted), using 1282.05 CPU seconds and 69571 MB memory.
2026-09-11 18:23:05.512 INFO   [33A63B\D69A2D] Auto-router pass #139 on board 'b0d046b6137599474ae10d30b8a0ae32' was completed in 0.17 seconds with the score of 927.34 (12 unrouted), using 1332.32 CPU seconds and 70923 MB memory.
2026-09-11 18:23:05.990 INFO   [33A63B\D69A2D] Restoring an earlier board that has the score of 928.14 (12 unrouted).
2026-09-11 18:23:05.994 INFO   [33A63B\D69A2D] Auto-router pass #140 on board 'b0d046b6137599474ae10d30b8a0ae32' was completed in 0.48 seconds with the score of 927.34 (12 unrouted), using 1332.32 CPU seconds and 70923 MB memory.
2026-09-11 18:23:06.306 INFO   [33A63B\D69A2D] Auto-router pass #141 on board 'ed1e02c9b18f047bcdbb3e76a864370f' was completed in 0.31 seconds with the score of 927.34 (12 unrouted), using 1332.32 CPU seconds and 70923 MB memory.
2026-09-11 18:23:06.479 INFO   [33A63B\D69A2D] Auto-router pass #142 on board 'b0d046b6137599474ae10d30b8a0ae32' was completed in 0.17 seconds with the score of 927.34 (12 unrouted), using 1383.56 CPU seconds and 72357 MB memory.
2026-09-11 18:23:06.647 INFO   [33A63B\D69A2D] Auto-router pass #143 on board 'b0d046b6137599474ae10d30b8a0ae32' was completed in 0.16 seconds with the score of 927.34 (12 unrouted), using 1383.56 CPU seconds and 72357 MB memory.
2026-09-11 18:23:08.009 INFO   [33A63B\D69A2D] Restoring an earlier board that has the score of 928.14 (12 unrouted).
2026-09-11 18:23:08.009 INFO   [33A63B\D69A2D] Auto-router pass #144 on board 'b0d046b6137599474ae10d30b8a0ae32' was completed in 1.36 seconds with the score of 927.46 (12 unrouted), using 1435.77 CPU seconds and 73893 MB memory.
2026-09-11 18:23:08.329 INFO   [33A63B\D69A2D] Auto-router pass #145 on board 'ed1e02c9b18f047bcdbb3e76a864370f' was completed in 0.32 seconds with the score of 927.34 (12 unrouted), using 1435.77 CPU seconds and 73893 MB memory.
2026-09-11 18:23:08.505 INFO   [33A63B\D69A2D] Auto-router pass #146 on board 'b0d046b6137599474ae10d30b8a0ae32' was completed in 0.17 seconds with the score of 927.34 (12 unrouted), using 1488.94 CPU seconds and 75348 MB memory.
2026-09-11 18:23:08.678 INFO   [33A63B\D69A2D] Auto-router pass #147 on board 'b0d046b6137599474ae10d30b8a0ae32' was completed in 0.17 seconds with the score of 927.34 (12 unrouted), using 1488.94 CPU seconds and 75348 MB memory.
2026-09-11 18:23:09.206 INFO   [33A63B\D69A2D] Restoring an earlier board that has the score of 928.14 (12 unrouted).
2026-09-11 18:23:09.206 INFO   [33A63B\D69A2D] Auto-router pass #148 on board 'b0d046b6137599474ae10d30b8a0ae32' was completed in 0.53 seconds with the score of 927.34 (12 unrouted), using 1488.94 CPU seconds and 75348 MB memory.
2026-09-11 18:23:09.525 INFO   [33A63B\D69A2D] Auto-router pass #149 on board 'ed1e02c9b18f047bcdbb3e76a864370f' was completed in 0.32 seconds with the score of 927.34 (12 unrouted), using 1543.08 CPU seconds and 76771 MB memory.
2026-09-11 18:23:09.697 INFO   [33A63B\D69A2D] Auto-router pass #150 on board 'b0d046b6137599474ae10d30b8a0ae32' was completed in 0.17 seconds with the score of 927.34 (12 unrouted), using 1543.08 CPU seconds and 76771 MB memory.
2026-09-11 18:23:09.870 INFO   [33A63B\D69A2D] Auto-router pass #151 on board 'b0d046b6137599474ae10d30b8a0ae32' was completed in 0.17 seconds with the score of 927.34 (12 unrouted), using 1543.08 CPU seconds and 76771 MB memory.
2026-09-11 18:23:10.373 INFO   [33A63B\D69A2D] Restoring an earlier board that has the score of 927.43 (12 unrouted).
2026-09-11 18:23:10.373 INFO   [33A63B\D69A2D] Auto-router pass #152 on board 'b0d046b6137599474ae10d30b8a0ae32' was completed in 0.50 seconds with the score of 927.34 (12 unrouted), using 1543.08 CPU seconds and 76771 MB memory.
2026-09-11 18:23:10.684 INFO   [33A63B\D69A2D] Auto-router pass #153 on board 'd32483c7e8f2409d2b13278d9289fc8f' was completed in 0.31 seconds with the score of 927.11 (12 unrouted), using 1598.20 CPU seconds and 78164 MB memory.
2026-09-11 18:23:10.861 INFO   [33A63B\D69A2D] Auto-router pass #154 on board 'bd98c3bb49a95f49dea7a62dbef25cd8' was completed in 0.17 seconds with the score of 927.11 (12 unrouted), using 1598.20 CPU seconds and 78164 MB memory.
2026-09-11 18:23:11.032 INFO   [33A63B\D69A2D] Auto-router pass #155 on board 'bd98c3bb49a95f49dea7a62dbef25cd8' was completed in 0.17 seconds with the score of 927.11 (12 unrouted), using 1598.20 CPU seconds and 78164 MB memory.
2026-09-11 18:23:11.729 INFO   [33A63B\D69A2D] Restoring an earlier board that has the score of 927.34 (12 unrouted).
2026-09-11 18:23:11.730 INFO   [33A63B\D69A2D] Auto-router pass #156 on board 'bd98c3bb49a95f49dea7a62dbef25cd8' was completed in 0.69 seconds with the score of 920.48 (13 unrouted), using 1654.29 CPU seconds and 79565 MB memory.
2026-09-11 18:23:12.051 INFO   [33A63B\D69A2D] Auto-router pass #157 on board 'b0d046b6137599474ae10d30b8a0ae32' was completed in 0.32 seconds with the score of 927.34 (12 unrouted), using 1654.29 CPU seconds and 79565 MB memory.
2026-09-11 18:23:12.225 INFO   [33A63B\D69A2D] Auto-router pass #158 on board 'b0d046b6137599474ae10d30b8a0ae32' was completed in 0.17 seconds with the score of 927.34 (12 unrouted), using 1654.29 CPU seconds and 79565 MB memory.
2026-09-11 18:23:12.403 INFO   [33A63B\D69A2D] Auto-router pass #159 on board 'b0d046b6137599474ae10d30b8a0ae32' was completed in 0.17 seconds with the score of 927.34 (12 unrouted), using 1654.29 CPU seconds and 79565 MB memory.
2026-09-11 18:23:12.916 INFO   [33A63B\D69A2D] Restoring an earlier board that has the score of 927.34 (12 unrouted).
2026-09-11 18:23:12.916 INFO   [33A63B\D69A2D] Auto-router pass #160 on board 'b0d046b6137599474ae10d30b8a0ae32' was completed in 0.51 seconds with the score of 927.34 (12 unrouted), using 1711.35 CPU seconds and 80929 MB memory.
2026-09-11 18:23:13.236 INFO   [33A63B\D69A2D] Auto-router pass #161 on board 'b0d046b6137599474ae10d30b8a0ae32' was completed in 0.32 seconds with the score of 927.34 (12 unrouted), using 1711.35 CPU seconds and 80929 MB memory.
2026-09-11 18:23:13.418 INFO   [33A63B\D69A2D] Auto-router pass #162 on board 'b0d046b6137599474ae10d30b8a0ae32' was completed in 0.17 seconds with the score of 927.34 (12 unrouted), using 1711.35 CPU seconds and 80929 MB memory.
2026-09-11 18:23:13.596 INFO   [33A63B\D69A2D] Auto-router pass #163 on board 'b0d046b6137599474ae10d30b8a0ae32' was completed in 0.17 seconds with the score of 927.34 (12 unrouted), using 1769.38 CPU seconds and 82313 MB memory.
2026-09-11 18:23:14.107 INFO   [33A63B\D69A2D] Restoring an earlier board that has the score of 927.34 (12 unrouted).
2026-09-11 18:23:14.107 INFO   [33A63B\D69A2D] Auto-router pass #164 on board 'b0d046b6137599474ae10d30b8a0ae32' was completed in 0.51 seconds with the score of 927.34 (12 unrouted), using 1769.38 CPU seconds and 82313 MB memory.
2026-09-11 18:23:14.755 INFO   [33A63B\D69A2D] Auto-router pass #165 on board 'b0d046b6137599474ae10d30b8a0ae32' was completed in 0.65 seconds with the score of 927.43 (12 unrouted), using 1828.38 CPU seconds and 83746 MB memory.
2026-09-11 18:23:15.840 INFO   [33A63B\D69A2D] Auto-router pass #166 on board 'b6797f1756d4f85a5c63421af955e09b' was completed in 1.07 seconds with the score of 927.43 (12 unrouted), using 1888.33 CPU seconds and 85759 MB memory.
2026-09-11 18:23:16.566 INFO   [33A63B\D69A2D] Auto-router pass #167 on board '559634e94a3b7e574a3e6770608205b2' was completed in 0.72 seconds with the score of 927.91 (12 unrouted), using 1949.24 CPU seconds and 87111 MB memory.
2026-09-11 18:23:17.115 INFO   [33A63B\D69A2D] Restoring an earlier board that has the score of 927.91 (12 unrouted).
2026-09-11 18:23:17.115 INFO   [33A63B\D69A2D] Auto-router pass #168 on board '6a56436b468ed81a546fe6fcc90027a7' was completed in 0.54 seconds with the score of 927.42 (12 unrouted), using 1949.24 CPU seconds and 87111 MB memory.
2026-09-11 18:23:17.446 INFO   [33A63B\D69A2D] Auto-router pass #169 on board '6a56436b468ed81a546fe6fcc90027a7' was completed in 0.33 seconds with the score of 927.42 (12 unrouted), using 1949.24 CPU seconds and 87111 MB memory.
2026-09-11 18:23:17.628 INFO   [33A63B\D69A2D] Auto-router pass #170 on board '2fc7e246d54bc981b90abd585f0b4870' was completed in 0.17 seconds with the score of 927.42 (12 unrouted), using 2011.11 CPU seconds and 88485 MB memory.
2026-09-11 18:23:17.806 INFO   [33A63B\D69A2D] Auto-router pass #171 on board '2fc7e246d54bc981b90abd585f0b4870' was completed in 0.17 seconds with the score of 927.42 (12 unrouted), using 2011.11 CPU seconds and 88485 MB memory.
2026-09-11 18:23:18.284 INFO   [33A63B\D69A2D] Restoring an earlier board that has the score of 927.91 (12 unrouted).
2026-09-11 18:23:18.284 INFO   [33A63B\D69A2D] Auto-router pass #172 on board '2fc7e246d54bc981b90abd585f0b4870' was completed in 0.48 seconds with the score of 927.42 (12 unrouted), using 2011.11 CPU seconds and 88485 MB memory.
2026-09-11 18:23:18.607 INFO   [33A63B\D69A2D] Auto-router pass #173 on board '6a56436b468ed81a546fe6fcc90027a7' was completed in 0.32 seconds with the score of 927.42 (12 unrouted), using 2073.94 CPU seconds and 89839 MB memory.
2026-09-11 18:23:18.777 INFO   [33A63B\D69A2D] Auto-router pass #174 on board '2fc7e246d54bc981b90abd585f0b4870' was completed in 0.17 seconds with the score of 927.42 (12 unrouted), using 2073.94 CPU seconds and 89839 MB memory.
2026-09-11 18:23:18.949 INFO   [33A63B\D69A2D] Auto-router pass #175 on board '2fc7e246d54bc981b90abd585f0b4870' was completed in 0.17 seconds with the score of 927.42 (12 unrouted), using 2073.94 CPU seconds and 89839 MB memory.
2026-09-11 18:23:19.440 INFO   [33A63B\D69A2D] Restoring an earlier board that has the score of 927.91 (12 unrouted).
2026-09-11 18:23:19.441 INFO   [33A63B\D69A2D] Auto-router pass #176 on board '2fc7e246d54bc981b90abd585f0b4870' was completed in 0.49 seconds with the score of 927.42 (12 unrouted), using 2073.94 CPU seconds and 89839 MB memory.
2026-09-11 18:23:19.763 INFO   [33A63B\D69A2D] Auto-router pass #177 on board '6a56436b468ed81a546fe6fcc90027a7' was completed in 0.32 seconds with the score of 927.42 (12 unrouted), using 2137.74 CPU seconds and 91229 MB memory.
2026-09-11 18:23:19.940 INFO   [33A63B\D69A2D] Auto-router pass #178 on board '2fc7e246d54bc981b90abd585f0b4870' was completed in 0.17 seconds with the score of 927.42 (12 unrouted), using 2137.74 CPU seconds and 91229 MB memory.
2026-09-11 18:23:20.111 INFO   [33A63B\D69A2D] Auto-router pass #179 on board '2fc7e246d54bc981b90abd585f0b4870' was completed in 0.17 seconds with the score of 927.42 (12 unrouted), using 2137.74 CPU seconds and 91229 MB memory.
2026-09-11 18:23:20.641 INFO   [33A63B\D69A2D] Restoring an earlier board that has the score of 927.91 (12 unrouted).
2026-09-11 18:23:20.642 INFO   [33A63B\D69A2D] Auto-router pass #180 on board '2fc7e246d54bc981b90abd585f0b4870' was completed in 0.53 seconds with the score of 927.42 (12 unrouted), using 2202.52 CPU seconds and 92610 MB memory.
2026-09-11 18:23:20.956 INFO   [33A63B\D69A2D] Auto-router pass #181 on board '6a56436b468ed81a546fe6fcc90027a7' was completed in 0.31 seconds with the score of 927.42 (12 unrouted), using 2202.52 CPU seconds and 92610 MB memory.
2026-09-11 18:23:21.133 INFO   [33A63B\D69A2D] Auto-router pass #182 on board '2fc7e246d54bc981b90abd585f0b4870' was completed in 0.17 seconds with the score of 927.42 (12 unrouted), using 2202.52 CPU seconds and 92610 MB memory.
2026-09-11 18:23:21.304 INFO   [33A63B\D69A2D] Auto-router pass #183 on board '2fc7e246d54bc981b90abd585f0b4870' was completed in 0.17 seconds with the score of 927.42 (12 unrouted), using 2202.52 CPU seconds and 92610 MB memory.
2026-09-11 18:23:21.800 INFO   [33A63B\D69A2D] Restoring an earlier board that has the score of 927.43 (12 unrouted).
2026-09-11 18:23:21.800 INFO   [33A63B\D69A2D] Auto-router pass #184 on board '2fc7e246d54bc981b90abd585f0b4870' was completed in 0.49 seconds with the score of 927.42 (12 unrouted), using 2268.27 CPU seconds and 94000 MB memory.
2026-09-11 18:23:22.108 INFO   [33A63B\D69A2D] Auto-router pass #185 on board 'b6797f1756d4f85a5c63421af955e09b' was completed in 0.30 seconds with the score of 927.43 (12 unrouted), using 2268.27 CPU seconds and 94000 MB memory.
2026-09-11 18:23:22.278 INFO   [33A63B\D69A2D] Auto-router pass #186 on board 'b6797f1756d4f85a5c63421af955e09b' was completed in 0.17 seconds with the score of 927.43 (12 unrouted), using 2268.27 CPU seconds and 94000 MB memory.
2026-09-11 18:23:22.448 INFO   [33A63B\D69A2D] Auto-router pass #187 on board 'b6797f1756d4f85a5c63421af955e09b' was completed in 0.17 seconds with the score of 927.43 (12 unrouted), using 2268.27 CPU seconds and 94000 MB memory.
2026-09-11 18:23:22.963 INFO   [33A63B\D69A2D] Restoring an earlier board that has the score of 927.43 (12 unrouted).
2026-09-11 18:23:22.963 INFO   [33A63B\D69A2D] Auto-router pass #188 on board 'b6797f1756d4f85a5c63421af955e09b' was completed in 0.51 seconds with the score of 927.43 (12 unrouted), using 2335.00 CPU seconds and 95400 MB memory.
2026-09-11 18:23:23.635 INFO   [33A63B\D69A2D] Auto-router pass #189 on board 'b6797f1756d4f85a5c63421af955e09b' was completed in 0.67 seconds with the score of 922.91 (13 unrouted), using 2402.70 CPU seconds and 96885 MB memory.
2026-09-11 18:23:24.238 INFO   [33A63B\D69A2D] Auto-router pass #190 on board '793cf2fed9f0f36517948fa2dd64e499' was completed in 0.60 seconds with the score of 922.70 (13 unrouted), using 2402.70 CPU seconds and 96885 MB memory.
2026-09-11 18:23:24.930 INFO   [33A63B\D69A2D] Auto-router pass #191 on board 'd77776c1006d8f5d34a201eb8f72f36c' was completed in 0.68 seconds with the score of 922.70 (13 unrouted), using 2471.36 CPU seconds and 98389 MB memory.
2026-09-11 18:23:25.491 INFO   [33A63B\D69A2D] Restoring an earlier board that has the score of 927.43 (12 unrouted).
2026-09-11 18:23:25.492 INFO   [33A63B\D69A2D] Auto-router pass #192 on board '3e628c636464818fd5411dc9b1ee69e2' was completed in 0.55 seconds with the score of 922.70 (13 unrouted), using 2540.97 CPU seconds and 99847 MB memory.
2026-09-11 18:23:25.801 INFO   [33A63B\D69A2D] Auto-router pass #193 on board 'b6797f1756d4f85a5c63421af955e09b' was completed in 0.31 seconds with the score of 927.43 (12 unrouted), using 2540.97 CPU seconds and 99847 MB memory.
2026-09-11 18:23:25.978 INFO   [33A63B\D69A2D] Auto-router pass #194 on board 'b6797f1756d4f85a5c63421af955e09b' was completed in 0.17 seconds with the score of 927.43 (12 unrouted), using 2540.97 CPU seconds and 99847 MB memory.
2026-09-11 18:23:26.154 INFO   [33A63B\D69A2D] Auto-router pass #195 on board 'b6797f1756d4f85a5c63421af955e09b' was completed in 0.17 seconds with the score of 927.43 (12 unrouted), using 2540.97 CPU seconds and 99847 MB memory.
2026-09-11 18:23:26.688 INFO   [33A63B\D69A2D] Restoring an earlier board that has the score of 927.43 (12 unrouted).
2026-09-11 18:23:26.688 INFO   [33A63B\D69A2D] Auto-router pass #196 on board 'b6797f1756d4f85a5c63421af955e09b' was completed in 0.53 seconds with the score of 927.43 (12 unrouted), using 2611.55 CPU seconds and 101210 MB memory.
2026-09-11 18:23:26.991 INFO   [33A63B\D69A2D] Auto-router pass #197 on board 'b6797f1756d4f85a5c63421af955e09b' was completed in 0.30 seconds with the score of 927.43 (12 unrouted), using 2611.55 CPU seconds and 101210 MB memory.
2026-09-11 18:23:27.165 INFO   [33A63B\D69A2D] Auto-router pass #198 on board 'b6797f1756d4f85a5c63421af955e09b' was completed in 0.17 seconds with the score of 927.43 (12 unrouted), using 2611.55 CPU seconds and 101210 MB memory.
2026-09-11 18:23:27.332 INFO   [33A63B\D69A2D] Auto-router pass #199 on board 'b6797f1756d4f85a5c63421af955e09b' was completed in 0.16 seconds with the score of 927.43 (12 unrouted), using 2611.55 CPU seconds and 101210 MB memory.
2026-09-11 18:23:27.833 INFO   [33A63B\D69A2D] Restoring an earlier board that has the score of 927.43 (12 unrouted).
2026-09-11 18:23:27.833 INFO   [33A63B\D69A2D] Auto-router pass #200 on board 'b6797f1756d4f85a5c63421af955e09b' was completed in 0.50 seconds with the score of 927.43 (12 unrouted), using 2683.10 CPU seconds and 102586 MB memory.
2026-09-11 18:23:28.155 INFO   [33A63B\D69A2D] Auto-router pass #201 on board '559634e94a3b7e574a3e6770608205b2' was completed in 0.32 seconds with the score of 927.43 (12 unrouted), using 2683.10 CPU seconds and 102586 MB memory.
2026-09-11 18:23:28.326 INFO   [33A63B\D69A2D] Auto-router pass #202 on board '559634e94a3b7e574a3e6770608205b2' was completed in 0.17 seconds with the score of 927.43 (12 unrouted), using 2683.10 CPU seconds and 102586 MB memory.
2026-09-11 18:23:28.503 INFO   [33A63B\D69A2D] Auto-router pass #203 on board '559634e94a3b7e574a3e6770608205b2' was completed in 0.17 seconds with the score of 927.43 (12 unrouted), using 2755.61 CPU seconds and 103974 MB memory.
2026-09-11 18:23:29.045 INFO   [33A63B\D69A2D] Restoring an earlier board that has the score of 927.43 (12 unrouted).
2026-09-11 18:23:29.045 INFO   [33A63B\D69A2D] Auto-router pass #204 on board '559634e94a3b7e574a3e6770608205b2' was completed in 0.54 seconds with the score of 927.43 (12 unrouted), using 2755.61 CPU seconds and 103974 MB memory.
2026-09-11 18:23:29.366 INFO   [33A63B\D69A2D] Auto-router pass #205 on board '559634e94a3b7e574a3e6770608205b2' was completed in 0.32 seconds with the score of 927.43 (12 unrouted), using 2755.61 CPU seconds and 103974 MB memory.
2026-09-11 18:23:29.539 INFO   [33A63B\D69A2D] Auto-router pass #206 on board '559634e94a3b7e574a3e6770608205b2' was completed in 0.17 seconds with the score of 927.43 (12 unrouted), using 2829.09 CPU seconds and 105375 MB memory.
2026-09-11 18:23:29.705 INFO   [33A63B\D69A2D] Auto-router pass #207 on board '559634e94a3b7e574a3e6770608205b2' was completed in 0.16 seconds with the score of 927.43 (12 unrouted), using 2829.09 CPU seconds and 105375 MB memory.
2026-09-11 18:23:30.183 INFO   [33A63B\D69A2D] Restoring an earlier board that has the score of 927.43 (12 unrouted).
2026-09-11 18:23:30.183 INFO   [33A63B\D69A2D] Auto-router pass #208 on board '559634e94a3b7e574a3e6770608205b2' was completed in 0.47 seconds with the score of 927.43 (12 unrouted), using 2829.09 CPU seconds and 105375 MB memory.
2026-09-11 18:23:30.460 INFO   [33A63B\D69A2D] Auto-router pass #209 on board '559634e94a3b7e574a3e6770608205b2' was completed in 0.27 seconds with the score of 927.43 (12 unrouted), using 2829.09 CPU seconds and 105375 MB memory.
2026-09-11 18:23:30.585 INFO   [33A63B\D69A2D] Auto-router pass #210 on board '559634e94a3b7e574a3e6770608205b2' was completed in 0.12 seconds with the score of 927.43 (12 unrouted), using 2903.53 CPU seconds and 106912 MB memory.
2026-09-11 18:23:30.712 INFO   [33A63B\D69A2D] Auto-router pass #211 on board '559634e94a3b7e574a3e6770608205b2' was completed in 0.12 seconds with the score of 927.43 (12 unrouted), using 2903.53 CPU seconds and 106912 MB memory.
2026-09-11 18:23:31.179 INFO   [33A63B\D69A2D] Restoring an earlier board that has the score of 927.43 (12 unrouted).
2026-09-11 18:23:31.180 INFO   [33A63B\D69A2D] Auto-router pass #212 on board '559634e94a3b7e574a3e6770608205b2' was completed in 0.47 seconds with the score of 927.43 (12 unrouted), using 2903.53 CPU seconds and 106912 MB memory.
2026-09-11 18:23:31.454 INFO   [33A63B\D69A2D] Auto-router pass #213 on board '559634e94a3b7e574a3e6770608205b2' was completed in 0.27 seconds with the score of 927.43 (12 unrouted), using 2903.53 CPU seconds and 106912 MB memory.
2026-09-11 18:23:31.583 INFO   [33A63B\D69A2D] Auto-router pass #214 on board '559634e94a3b7e574a3e6770608205b2' was completed in 0.13 seconds with the score of 927.43 (12 unrouted), using 2978.92 CPU seconds and 108539 MB memory.
2026-09-11 18:23:31.707 INFO   [33A63B\D69A2D] Auto-router pass #215 on board '559634e94a3b7e574a3e6770608205b2' was completed in 0.12 seconds with the score of 927.43 (12 unrouted), using 2978.92 CPU seconds and 108539 MB memory.
2026-09-11 18:23:32.157 INFO   [33A63B\D69A2D] Restoring an earlier board that has the score of 927.42 (12 unrouted).
2026-09-11 18:23:32.157 INFO   [33A63B\D69A2D] Auto-router pass #216 on board '559634e94a3b7e574a3e6770608205b2' was completed in 0.45 seconds with the score of 927.43 (12 unrouted), using 2978.92 CPU seconds and 108539 MB memory.
2026-09-11 18:23:32.426 INFO   [33A63B\D69A2D] Auto-router pass #217 on board '2fc7e246d54bc981b90abd585f0b4870' was completed in 0.27 seconds with the score of 927.42 (12 unrouted), using 2978.92 CPU seconds and 108539 MB memory.
2026-09-11 18:23:32.554 INFO   [33A63B\D69A2D] Auto-router pass #218 on board '2fc7e246d54bc981b90abd585f0b4870' was completed in 0.12 seconds with the score of 927.42 (12 unrouted), using 3055.30 CPU seconds and 110218 MB memory.
2026-09-11 18:23:32.683 INFO   [33A63B\D69A2D] Auto-router pass #219 on board '2fc7e246d54bc981b90abd585f0b4870' was completed in 0.12 seconds with the score of 927.42 (12 unrouted), using 3055.30 CPU seconds and 110218 MB memory.
2026-09-11 18:23:33.133 INFO   [33A63B\D69A2D] Restoring an earlier board that has the score of 927.42 (12 unrouted).
2026-09-11 18:23:33.134 INFO   [33A63B\D69A2D] Auto-router pass #220 on board '2fc7e246d54bc981b90abd585f0b4870' was completed in 0.45 seconds with the score of 927.42 (12 unrouted), using 3055.30 CPU seconds and 110218 MB memory.
2026-09-11 18:23:33.400 INFO   [33A63B\D69A2D] Auto-router pass #221 on board '2fc7e246d54bc981b90abd585f0b4870' was completed in 0.26 seconds with the score of 927.42 (12 unrouted), using 3055.30 CPU seconds and 110218 MB memory.
2026-09-11 18:23:33.526 INFO   [33A63B\D69A2D] Auto-router pass #222 on board '2fc7e246d54bc981b90abd585f0b4870' was completed in 0.12 seconds with the score of 927.42 (12 unrouted), using 3132.64 CPU seconds and 111863 MB memory.
2026-09-11 18:23:33.652 INFO   [33A63B\D69A2D] Auto-router pass #223 on board '2fc7e246d54bc981b90abd585f0b4870' was completed in 0.12 seconds with the score of 927.42 (12 unrouted), using 3132.64 CPU seconds and 111863 MB memory.
2026-09-11 18:23:34.073 INFO   [33A63B\D69A2D] Restoring an earlier board that has the score of 927.42 (12 unrouted).
2026-09-11 18:23:34.073 INFO   [33A63B\D69A2D] Auto-router pass #224 on board '2fc7e246d54bc981b90abd585f0b4870' was completed in 0.42 seconds with the score of 927.42 (12 unrouted), using 3132.64 CPU seconds and 111863 MB memory.
2026-09-11 18:23:34.335 INFO   [33A63B\D69A2D] Auto-router pass #225 on board '2fc7e246d54bc981b90abd585f0b4870' was completed in 0.26 seconds with the score of 927.42 (12 unrouted), using 3132.64 CPU seconds and 111863 MB memory.
2026-09-11 18:23:34.460 INFO   [33A63B\D69A2D] Auto-router pass #226 on board '2fc7e246d54bc981b90abd585f0b4870' was completed in 0.12 seconds with the score of 927.42 (12 unrouted), using 3132.64 CPU seconds and 111863 MB memory.
2026-09-11 18:23:34.585 INFO   [33A63B\D69A2D] Auto-router pass #227 on board '2fc7e246d54bc981b90abd585f0b4870' was completed in 0.12 seconds with the score of 927.42 (12 unrouted), using 3210.96 CPU seconds and 113536 MB memory.
2026-09-11 18:23:35.024 INFO   [33A63B\D69A2D] Restoring an earlier board that has the score of 927.42 (12 unrouted).
2026-09-11 18:23:35.024 INFO   [33A63B\D69A2D] Auto-router pass #228 on board '2fc7e246d54bc981b90abd585f0b4870' was completed in 0.44 seconds with the score of 927.42 (12 unrouted), using 3210.96 CPU seconds and 113536 MB memory.
2026-09-11 18:23:35.283 INFO   [33A63B\D69A2D] Auto-router pass #229 on board '2fc7e246d54bc981b90abd585f0b4870' was completed in 0.26 seconds with the score of 927.42 (12 unrouted), using 3210.96 CPU seconds and 113536 MB memory.
2026-09-11 18:23:35.413 INFO   [33A63B\D69A2D] Auto-router pass #230 on board '2fc7e246d54bc981b90abd585f0b4870' was completed in 0.13 seconds with the score of 927.42 (12 unrouted), using 3210.96 CPU seconds and 113536 MB memory.
2026-09-11 18:23:35.536 INFO   [33A63B\D69A2D] Auto-router pass #231 on board '2fc7e246d54bc981b90abd585f0b4870' was completed in 0.12 seconds with the score of 927.42 (12 unrouted), using 3290.24 CPU seconds and 115193 MB memory.
2026-09-11 18:23:36.008 INFO   [33A63B\D69A2D] Restoring an earlier board that has the score of 927.34 (12 unrouted).
2026-09-11 18:23:36.009 INFO   [33A63B\D69A2D] Auto-router pass #232 on board '2fc7e246d54bc981b90abd585f0b4870' was completed in 0.47 seconds with the score of 927.42 (12 unrouted), using 3290.24 CPU seconds and 115193 MB memory.
2026-09-11 18:23:36.270 INFO   [33A63B\D69A2D] Auto-router pass #233 on board 'b0d046b6137599474ae10d30b8a0ae32' was completed in 0.26 seconds with the score of 927.34 (12 unrouted), using 3290.24 CPU seconds and 115193 MB memory.
2026-09-11 18:23:36.397 INFO   [33A63B\D69A2D] Auto-router pass #234 on board 'b0d046b6137599474ae10d30b8a0ae32' was completed in 0.12 seconds with the score of 927.34 (12 unrouted), using 3290.24 CPU seconds and 115193 MB memory.
2026-09-11 18:23:36.519 INFO   [33A63B\D69A2D] Auto-router pass #235 on board 'b0d046b6137599474ae10d30b8a0ae32' was completed in 0.12 seconds with the score of 927.34 (12 unrouted), using 3370.49 CPU seconds and 116874 MB memory.
2026-09-11 18:23:36.975 INFO   [33A63B\D69A2D] Restoring an earlier board that has the score of 927.11 (12 unrouted).
2026-09-11 18:23:36.975 INFO   [33A63B\D69A2D] Auto-router pass #236 on board 'b0d046b6137599474ae10d30b8a0ae32' was completed in 0.45 seconds with the score of 927.34 (12 unrouted), using 3370.49 CPU seconds and 116874 MB memory.
2026-09-11 18:23:37.238 INFO   [33A63B\D69A2D] Auto-router pass #237 on board 'ff2e26347e42b28ce1e43bc16e6cfce5' was completed in 0.26 seconds with the score of 927.11 (12 unrouted), using 3370.49 CPU seconds and 116874 MB memory.
2026-09-11 18:23:37.359 INFO   [33A63B\D69A2D] Auto-router pass #238 on board 'ff2e26347e42b28ce1e43bc16e6cfce5' was completed in 0.12 seconds with the score of 927.11 (12 unrouted), using 3370.49 CPU seconds and 116874 MB memory.
2026-09-11 18:23:37.482 INFO   [33A63B\D69A2D] Auto-router pass #239 on board 'ff2e26347e42b28ce1e43bc16e6cfce5' was completed in 0.12 seconds with the score of 927.11 (12 unrouted), using 3451.73 CPU seconds and 118570 MB memory.
2026-09-11 18:23:37.910 INFO   [33A63B\D69A2D] Restoring an earlier board that has the score of 927.11 (12 unrouted).
2026-09-11 18:23:37.911 INFO   [33A63B\D69A2D] Auto-router pass #240 on board 'ff2e26347e42b28ce1e43bc16e6cfce5' was completed in 0.42 seconds with the score of 927.11 (12 unrouted), using 3451.73 CPU seconds and 118570 MB memory.
2026-09-11 18:23:38.514 INFO   [33A63B\D69A2D] Auto-router pass #241 on board '9fe157fe5115d5d2899a4879c94ab559' was completed in 0.60 seconds with the score of 927.22 (12 unrouted), using 3533.93 CPU seconds and 120195 MB memory.
2026-09-11 18:23:39.101 INFO   [33A63B\D69A2D] Auto-router pass #242 on board 'd5627dbd8fb5973fda59a89387cef788' was completed in 0.58 seconds with the score of 927.20 (12 unrouted), using 3533.93 CPU seconds and 120195 MB memory.
2026-09-11 18:23:39.712 INFO   [33A63B\D69A2D] Auto-router pass #243 on board '2c5013f5e2c56268dbe43f35661c101a' was completed in 0.60 seconds with the score of 927.19 (12 unrouted), using 3617.10 CPU seconds and 121817 MB memory.
2026-09-11 18:23:40.278 INFO   [33A63B\D69A2D] Restoring an earlier board that has the score of 927.22 (12 unrouted).
2026-09-11 18:23:40.278 INFO   [33A63B\D69A2D] Auto-router pass #244 on board '73ad8ab62490d35ca621c498ebcba97d' was completed in 0.56 seconds with the score of 927.10 (12 unrouted), using 3617.10 CPU seconds and 121817 MB memory.
2026-09-11 18:23:40.554 INFO   [33A63B\D69A2D] Auto-router pass #245 on board 'd5627dbd8fb5973fda59a89387cef788' was completed in 0.27 seconds with the score of 927.11 (12 unrouted), using 3701.23 CPU seconds and 123385 MB memory.
2026-09-11 18:23:40.682 INFO   [33A63B\D69A2D] Auto-router pass #246 on board '58f87c0cd9171941a114c7ad1b1bd146' was completed in 0.12 seconds with the score of 927.11 (12 unrouted), using 3701.23 CPU seconds and 123385 MB memory.
2026-09-11 18:23:40.805 INFO   [33A63B\D69A2D] Auto-router pass #247 on board '58f87c0cd9171941a114c7ad1b1bd146' was completed in 0.12 seconds with the score of 927.11 (12 unrouted), using 3701.23 CPU seconds and 123385 MB memory.
2026-09-11 18:23:41.217 INFO   [33A63B\D69A2D] Restoring an earlier board that has the score of 927.22 (12 unrouted).
2026-09-11 18:23:41.217 INFO   [33A63B\D69A2D] Auto-router pass #248 on board '58f87c0cd9171941a114c7ad1b1bd146' was completed in 0.41 seconds with the score of 927.11 (12 unrouted), using 3701.23 CPU seconds and 123385 MB memory.
2026-09-11 18:23:41.495 INFO   [33A63B\D69A2D] Auto-router pass #249 on board 'd5627dbd8fb5973fda59a89387cef788' was completed in 0.28 seconds with the score of 927.11 (12 unrouted), using 3786.32 CPU seconds and 125064 MB memory.
2026-09-11 18:23:41.617 INFO   [33A63B\D69A2D] Auto-router pass #250 on board '58f87c0cd9171941a114c7ad1b1bd146' was completed in 0.12 seconds with the score of 927.11 (12 unrouted), using 3786.32 CPU seconds and 125064 MB memory.
2026-09-11 18:23:41.740 INFO   [33A63B\D69A2D] Auto-router pass #251 on board '58f87c0cd9171941a114c7ad1b1bd146' was completed in 0.12 seconds with the score of 927.11 (12 unrouted), using 3786.32 CPU seconds and 125064 MB memory.
2026-09-11 18:23:42.222 INFO   [33A63B\D69A2D] Restoring an earlier board that has the score of 927.22 (12 unrouted).
2026-09-11 18:23:42.223 INFO   [33A63B\D69A2D] Auto-router pass #252 on board '58f87c0cd9171941a114c7ad1b1bd146' was completed in 0.48 seconds with the score of 927.11 (12 unrouted), using 3786.32 CPU seconds and 125064 MB memory.
2026-09-11 18:23:42.484 INFO   [33A63B\D69A2D] Auto-router pass #253 on board 'd5627dbd8fb5973fda59a89387cef788' was completed in 0.26 seconds with the score of 927.11 (12 unrouted), using 3872.39 CPU seconds and 126754 MB memory.
2026-09-11 18:23:42.604 INFO   [33A63B\D69A2D] Auto-router pass #254 on board '58f87c0cd9171941a114c7ad1b1bd146' was completed in 0.12 seconds with the score of 927.11 (12 unrouted), using 3872.39 CPU seconds and 126754 MB memory.
2026-09-11 18:23:42.727 INFO   [33A63B\D69A2D] Auto-router pass #255 on board '58f87c0cd9171941a114c7ad1b1bd146' was completed in 0.12 seconds with the score of 927.11 (12 unrouted), using 3872.39 CPU seconds and 126754 MB memory.
2026-09-11 18:23:43.201 INFO   [33A63B\D69A2D] Restoring an earlier board that has the score of 927.22 (12 unrouted).
2026-09-11 18:23:43.202 INFO   [33A63B\D69A2D] Auto-router pass #256 on board '58f87c0cd9171941a114c7ad1b1bd146' was completed in 0.47 seconds with the score of 927.11 (12 unrouted), using 3872.39 CPU seconds and 126754 MB memory.
2026-09-11 18:23:43.473 INFO   [33A63B\D69A2D] Auto-router pass #257 on board 'd5627dbd8fb5973fda59a89387cef788' was completed in 0.27 seconds with the score of 927.11 (12 unrouted), using 3872.39 CPU seconds and 126754 MB memory.
2026-09-11 18:23:43.596 INFO   [33A63B\D69A2D] Auto-router pass #258 on board '58f87c0cd9171941a114c7ad1b1bd146' was completed in 0.12 seconds with the score of 927.11 (12 unrouted), using 3959.43 CPU seconds and 128439 MB memory.
2026-09-11 18:23:43.722 INFO   [33A63B\D69A2D] Auto-router pass #259 on board '58f87c0cd9171941a114c7ad1b1bd146' was completed in 0.12 seconds with the score of 927.11 (12 unrouted), using 3959.43 CPU seconds and 128439 MB memory.
2026-09-11 18:23:44.176 INFO   [33A63B\D69A2D] Restoring an earlier board that has the score of 927.20 (12 unrouted).
2026-09-11 18:23:44.176 INFO   [33A63B\D69A2D] Auto-router pass #260 on board '58f87c0cd9171941a114c7ad1b1bd146' was completed in 0.45 seconds with the score of 927.11 (12 unrouted), using 3959.43 CPU seconds and 128439 MB memory.
2026-09-11 18:23:44.444 INFO   [33A63B\D69A2D] Auto-router pass #261 on board '2c5013f5e2c56268dbe43f35661c101a' was completed in 0.27 seconds with the score of 927.11 (12 unrouted), using 3959.43 CPU seconds and 128439 MB memory.
2026-09-11 18:23:44.573 INFO   [33A63B\D69A2D] Auto-router pass #262 on board '88323d3ddf4c68b095bde22351bc48e0' was completed in 0.12 seconds with the score of 927.11 (12 unrouted), using 4047.44 CPU seconds and 130115 MB memory.
2026-09-11 18:23:44.699 INFO   [33A63B\D69A2D] Auto-router pass #263 on board '88323d3ddf4c68b095bde22351bc48e0' was completed in 0.12 seconds with the score of 927.11 (12 unrouted), using 4047.44 CPU seconds and 130115 MB memory.
2026-09-11 18:23:45.111 INFO   [33A63B\D69A2D] Restoring an earlier board that has the score of 927.20 (12 unrouted).
2026-09-11 18:23:45.111 INFO   [33A63B\D69A2D] Auto-router pass #264 on board '88323d3ddf4c68b095bde22351bc48e0' was completed in 0.41 seconds with the score of 927.11 (12 unrouted), using 4047.44 CPU seconds and 130115 MB memory.
2026-09-11 18:23:45.396 INFO   [33A63B\D69A2D] Auto-router pass #265 on board '2c5013f5e2c56268dbe43f35661c101a' was completed in 0.28 seconds with the score of 927.11 (12 unrouted), using 4047.44 CPU seconds and 130115 MB memory.
2026-09-11 18:23:45.524 INFO   [33A63B\D69A2D] Auto-router pass #266 on board '88323d3ddf4c68b095bde22351bc48e0' was completed in 0.12 seconds with the score of 927.11 (12 unrouted), using 4136.42 CPU seconds and 131789 MB memory.
2026-09-11 18:23:45.651 INFO   [33A63B\D69A2D] Auto-router pass #267 on board '88323d3ddf4c68b095bde22351bc48e0' was completed in 0.12 seconds with the score of 927.11 (12 unrouted), using 4136.42 CPU seconds and 131789 MB memory.
2026-09-11 18:23:46.075 INFO   [33A63B\D69A2D] Restoring an earlier board that has the score of 927.20 (12 unrouted).
2026-09-11 18:23:46.075 INFO   [33A63B\D69A2D] Auto-router pass #268 on board '88323d3ddf4c68b095bde22351bc48e0' was completed in 0.42 seconds with the score of 927.11 (12 unrouted), using 4136.42 CPU seconds and 131789 MB memory.
2026-09-11 18:23:46.345 INFO   [33A63B\D69A2D] Auto-router pass #269 on board '2c5013f5e2c56268dbe43f35661c101a' was completed in 0.27 seconds with the score of 927.11 (12 unrouted), using 4136.42 CPU seconds and 131789 MB memory.
2026-09-11 18:23:46.472 INFO   [33A63B\D69A2D] Auto-router pass #270 on board '88323d3ddf4c68b095bde22351bc48e0' was completed in 0.12 seconds with the score of 927.11 (12 unrouted), using 4136.42 CPU seconds and 131789 MB memory.
2026-09-11 18:23:46.595 INFO   [33A63B\D69A2D] Auto-router pass #271 on board '88323d3ddf4c68b095bde22351bc48e0' was completed in 0.12 seconds with the score of 927.11 (12 unrouted), using 4226.37 CPU seconds and 133426 MB memory.
2026-09-11 18:23:47.005 INFO   [33A63B\D69A2D] Restoring an earlier board that has the score of 927.20 (12 unrouted).
2026-09-11 18:23:47.005 INFO   [33A63B\D69A2D] Auto-router pass #272 on board '88323d3ddf4c68b095bde22351bc48e0' was completed in 0.41 seconds with the score of 927.11 (12 unrouted), using 4226.37 CPU seconds and 133426 MB memory.
2026-09-11 18:23:47.269 INFO   [33A63B\D69A2D] Auto-router pass #273 on board '2c5013f5e2c56268dbe43f35661c101a' was completed in 0.26 seconds with the score of 927.11 (12 unrouted), using 4226.37 CPU seconds and 133426 MB memory.
2026-09-11 18:23:47.392 INFO   [33A63B\D69A2D] Auto-router pass #274 on board '88323d3ddf4c68b095bde22351bc48e0' was completed in 0.12 seconds with the score of 927.11 (12 unrouted), using 4226.37 CPU seconds and 133426 MB memory.
2026-09-11 18:23:47.518 INFO   [33A63B\D69A2D] Auto-router pass #275 on board '88323d3ddf4c68b095bde22351bc48e0' was completed in 0.12 seconds with the score of 927.11 (12 unrouted), using 4317.30 CPU seconds and 135124 MB memory.
2026-09-11 18:23:47.971 INFO   [33A63B\D69A2D] Restoring an earlier board that has the score of 927.19 (12 unrouted).
2026-09-11 18:23:47.971 INFO   [33A63B\D69A2D] Auto-router pass #276 on board '88323d3ddf4c68b095bde22351bc48e0' was completed in 0.45 seconds with the score of 927.11 (12 unrouted), using 4317.30 CPU seconds and 135124 MB memory.
2026-09-11 18:23:48.249 INFO   [33A63B\D69A2D] Auto-router pass #277 on board '73ad8ab62490d35ca621c498ebcba97d' was completed in 0.28 seconds with the score of 927.10 (12 unrouted), using 4317.30 CPU seconds and 135124 MB memory.
2026-09-11 18:23:48.378 INFO   [33A63B\D69A2D] Auto-router pass #278 on board '8a555cab74cc8f48c453d16d95f32251' was completed in 0.12 seconds with the score of 927.10 (12 unrouted), using 4317.30 CPU seconds and 135124 MB memory.
2026-09-11 18:23:48.501 INFO   [33A63B\D69A2D] Auto-router pass #279 on board '8a555cab74cc8f48c453d16d95f32251' was completed in 0.12 seconds with the score of 927.10 (12 unrouted), using 4409.20 CPU seconds and 136781 MB memory.
2026-09-11 18:23:48.963 INFO   [33A63B\D69A2D] Restoring an earlier board that has the score of 927.19 (12 unrouted).
2026-09-11 18:23:48.963 INFO   [33A63B\D69A2D] Auto-router pass #280 on board '8a555cab74cc8f48c453d16d95f32251' was completed in 0.46 seconds with the score of 927.10 (12 unrouted), using 4409.20 CPU seconds and 136781 MB memory.
2026-09-11 18:23:49.232 INFO   [33A63B\D69A2D] Auto-router pass #281 on board '73ad8ab62490d35ca621c498ebcba97d' was completed in 0.27 seconds with the score of 927.10 (12 unrouted), using 4409.20 CPU seconds and 136781 MB memory.
2026-09-11 18:23:49.355 INFO   [33A63B\D69A2D] Auto-router pass #282 on board '8a555cab74cc8f48c453d16d95f32251' was completed in 0.12 seconds with the score of 927.10 (12 unrouted), using 4409.20 CPU seconds and 136781 MB memory.
2026-09-11 18:23:49.481 INFO   [33A63B\D69A2D] Auto-router pass #283 on board '8a555cab74cc8f48c453d16d95f32251' was completed in 0.12 seconds with the score of 927.10 (12 unrouted), using 4409.20 CPU seconds and 136781 MB memory.
2026-09-11 18:23:50.078 WARN   MazeShoveTraceAlgo.check_shove_trace_line: trace_corner_no to big
2026-09-11 18:23:50.079 WARN   MazeShoveTraceAlgo.check_shove_trace_line: trace_corner_no to big
2026-09-11 18:23:51.123 INFO   [33A63B\D69A2D] Restoring an earlier board that has the score of 927.19 (12 unrouted).
2026-09-11 18:23:51.124 INFO   [33A63B\D69A2D] Auto-router pass #284 on board '8a555cab74cc8f48c453d16d95f32251' was completed in 1.64 seconds with the score of 927.95 (12 unrouted), using 4595.90 CPU seconds and 140022 MB memory.
2026-09-11 18:23:51.397 INFO   [33A63B\D69A2D] Auto-router pass #285 on board '73ad8ab62490d35ca621c498ebcba97d' was completed in 0.27 seconds with the score of 927.10 (12 unrouted), using 4595.90 CPU seconds and 140022 MB memory.
2026-09-11 18:23:51.518 INFO   [33A63B\D69A2D] Auto-router pass #286 on board '8a555cab74cc8f48c453d16d95f32251' was completed in 0.12 seconds with the score of 927.10 (12 unrouted), using 4690.69 CPU seconds and 141627 MB memory.
2026-09-11 18:23:51.640 INFO   [33A63B\D69A2D] Auto-router pass #287 on board '8a555cab74cc8f48c453d16d95f32251' was completed in 0.12 seconds with the score of 927.10 (12 unrouted), using 4690.69 CPU seconds and 141627 MB memory.
2026-09-11 18:23:52.087 INFO   [33A63B\D69A2D] Restoring an earlier board that has the score of 927.19 (12 unrouted).
2026-09-11 18:23:52.087 INFO   [33A63B\D69A2D] Auto-router pass #288 on board '8a555cab74cc8f48c453d16d95f32251' was completed in 0.44 seconds with the score of 927.10 (12 unrouted), using 4690.69 CPU seconds and 141627 MB memory.
2026-09-11 18:23:52.379 INFO   [33A63B\D69A2D] Auto-router pass #289 on board '73ad8ab62490d35ca621c498ebcba97d' was completed in 0.29 seconds with the score of 927.10 (12 unrouted), using 4690.69 CPU seconds and 141627 MB memory.
2026-09-11 18:23:52.501 INFO   [33A63B\D69A2D] Auto-router pass #290 on board '8a555cab74cc8f48c453d16d95f32251' was completed in 0.12 seconds with the score of 927.10 (12 unrouted), using 4786.44 CPU seconds and 143309 MB memory.
2026-09-11 18:23:52.626 INFO   [33A63B\D69A2D] Auto-router pass #291 on board '8a555cab74cc8f48c453d16d95f32251' was completed in 0.12 seconds with the score of 927.10 (12 unrouted), using 4786.44 CPU seconds and 143309 MB memory.
2026-09-11 18:23:53.097 INFO   [33A63B\D69A2D] Restoring an earlier board that has the score of 927.11 (12 unrouted).
2026-09-11 18:23:53.097 INFO   [33A63B\D69A2D] Auto-router pass #292 on board '8a555cab74cc8f48c453d16d95f32251' was completed in 0.47 seconds with the score of 927.10 (12 unrouted), using 4786.44 CPU seconds and 143309 MB memory.
2026-09-11 18:23:53.361 INFO   [33A63B\D69A2D] Auto-router pass #293 on board '58f87c0cd9171941a114c7ad1b1bd146' was completed in 0.26 seconds with the score of 927.11 (12 unrouted), using 4786.44 CPU seconds and 143309 MB memory.
2026-09-11 18:23:53.484 INFO   [33A63B\D69A2D] Auto-router pass #294 on board '58f87c0cd9171941a114c7ad1b1bd146' was completed in 0.12 seconds with the score of 927.11 (12 unrouted), using 4786.44 CPU seconds and 143309 MB memory.
2026-09-11 18:23:53.606 INFO   [33A63B\D69A2D] Auto-router pass #295 on board '58f87c0cd9171941a114c7ad1b1bd146' was completed in 0.12 seconds with the score of 927.11 (12 unrouted), using 4883.17 CPU seconds and 144995 MB memory.
2026-09-11 18:23:54.049 INFO   [33A63B\D69A2D] Restoring an earlier board that has the score of 927.11 (12 unrouted).
2026-09-11 18:23:54.049 INFO   [33A63B\D69A2D] Auto-router pass #296 on board '58f87c0cd9171941a114c7ad1b1bd146' was completed in 0.44 seconds with the score of 927.11 (12 unrouted), using 4883.17 CPU seconds and 144995 MB memory.
2026-09-11 18:23:54.681 INFO   [33A63B\D69A2D] Auto-router pass #297 on board '58f87c0cd9171941a114c7ad1b1bd146' was completed in 0.63 seconds with the score of 927.29 (12 unrouted), using 4980.86 CPU seconds and 146654 MB memory.
2026-09-11 18:23:55.315 INFO   [33A63B\D69A2D] Auto-router pass #298 on board 'f848f43428e3859136e8ef8c92dee016' was completed in 0.63 seconds with the score of 927.85 (12 unrouted), using 4980.86 CPU seconds and 146654 MB memory.
2026-09-11 18:23:55.961 INFO   [33A63B\D69A2D] Auto-router pass #299 on board 'fb00dfd6816f734ad75aa1653db304ac' was completed in 0.64 seconds with the score of 927.31 (12 unrouted), using 5079.52 CPU seconds and 148279 MB memory.
2026-09-11 18:23:56.456 INFO   [33A63B\D69A2D] Restoring an earlier board that has the score of 927.85 (12 unrouted).
2026-09-11 18:23:56.456 INFO   [33A63B\D69A2D] Auto-router pass #300 on board 'c0b03a9d65cbfc5cdc4b907d1312e6bd' was completed in 0.49 seconds with the score of 927.11 (12 unrouted), using 5079.52 CPU seconds and 148279 MB memory.
2026-09-11 18:23:56.716 INFO   [33A63B\D69A2D] Auto-router pass #301 on board 'fb00dfd6816f734ad75aa1653db304ac' was completed in 0.26 seconds with the score of 927.11 (12 unrouted), using 5179.13 CPU seconds and 149790 MB memory.
2026-09-11 18:23:56.846 INFO   [33A63B\D69A2D] Auto-router pass #302 on board '992343c5706c196e3670f7c0ef8031c8' was completed in 0.12 seconds with the score of 927.11 (12 unrouted), using 5179.13 CPU seconds and 149790 MB memory.
2026-09-11 18:23:56.968 INFO   [33A63B\D69A2D] Auto-router pass #303 on board '992343c5706c196e3670f7c0ef8031c8' was completed in 0.12 seconds with the score of 927.11 (12 unrouted), using 5179.13 CPU seconds and 149790 MB memory.
2026-09-11 18:23:57.404 INFO   [33A63B\D69A2D] Restoring an earlier board that has the score of 927.85 (12 unrouted).
2026-09-11 18:23:57.405 INFO   [33A63B\D69A2D] Auto-router pass #304 on board '992343c5706c196e3670f7c0ef8031c8' was completed in 0.43 seconds with the score of 927.11 (12 unrouted), using 5179.13 CPU seconds and 149790 MB memory.
2026-09-11 18:23:57.681 INFO   [33A63B\D69A2D] Auto-router pass #305 on board 'fb00dfd6816f734ad75aa1653db304ac' was completed in 0.27 seconds with the score of 927.11 (12 unrouted), using 5279.70 CPU seconds and 151446 MB memory.
2026-09-11 18:23:57.804 INFO   [33A63B\D69A2D] Auto-router pass #306 on board '992343c5706c196e3670f7c0ef8031c8' was completed in 0.12 seconds with the score of 927.11 (12 unrouted), using 5279.70 CPU seconds and 151446 MB memory.
2026-09-11 18:23:57.927 INFO   [33A63B\D69A2D] Auto-router pass #307 on board '992343c5706c196e3670f7c0ef8031c8' was completed in 0.12 seconds with the score of 927.11 (12 unrouted), using 5279.70 CPU seconds and 151446 MB memory.
2026-09-11 18:23:58.351 INFO   [33A63B\D69A2D] Restoring an earlier board that has the score of 927.85 (12 unrouted).
2026-09-11 18:23:58.351 INFO   [33A63B\D69A2D] Auto-router pass #308 on board '992343c5706c196e3670f7c0ef8031c8' was completed in 0.42 seconds with the score of 927.11 (12 unrouted), using 5279.70 CPU seconds and 151446 MB memory.
2026-09-11 18:23:58.612 INFO   [33A63B\D69A2D] Auto-router pass #309 on board 'fb00dfd6816f734ad75aa1653db304ac' was completed in 0.26 seconds with the score of 927.11 (12 unrouted), using 5381.24 CPU seconds and 153122 MB memory.
2026-09-11 18:23:58.734 INFO   [33A63B\D69A2D] Auto-router pass #310 on board '992343c5706c196e3670f7c0ef8031c8' was completed in 0.12 seconds with the score of 927.11 (12 unrouted), using 5381.24 CPU seconds and 153122 MB memory.
2026-09-11 18:23:58.856 INFO   [33A63B\D69A2D] Auto-router pass #311 on board '992343c5706c196e3670f7c0ef8031c8' was completed in 0.12 seconds with the score of 927.11 (12 unrouted), using 5381.24 CPU seconds and 153122 MB memory.
2026-09-11 18:23:59.293 INFO   [33A63B\D69A2D] Restoring an earlier board that has the score of 927.85 (12 unrouted).
2026-09-11 18:23:59.294 INFO   [33A63B\D69A2D] Auto-router pass #312 on board '992343c5706c196e3670f7c0ef8031c8' was completed in 0.43 seconds with the score of 927.11 (12 unrouted), using 5381.24 CPU seconds and 153122 MB memory.
2026-09-11 18:23:59.551 INFO   [33A63B\D69A2D] Auto-router pass #313 on board 'fb00dfd6816f734ad75aa1653db304ac' was completed in 0.26 seconds with the score of 927.11 (12 unrouted), using 5483.76 CPU seconds and 154801 MB memory.
2026-09-11 18:23:59.672 INFO   [33A63B\D69A2D] Auto-router pass #314 on board '992343c5706c196e3670f7c0ef8031c8' was completed in 0.12 seconds with the score of 927.11 (12 unrouted), using 5483.76 CPU seconds and 154801 MB memory.
2026-09-11 18:23:59.793 INFO   [33A63B\D69A2D] Auto-router pass #315 on board '992343c5706c196e3670f7c0ef8031c8' was completed in 0.12 seconds with the score of 927.11 (12 unrouted), using 5483.76 CPU seconds and 154801 MB memory.
2026-09-11 18:24:00.226 INFO   [33A63B\D69A2D] Restoring an earlier board that has the score of 927.31 (12 unrouted).
2026-09-11 18:24:00.226 INFO   [33A63B\D69A2D] Auto-router pass #316 on board '992343c5706c196e3670f7c0ef8031c8' was completed in 0.43 seconds with the score of 927.47 (12 unrouted), using 5483.76 CPU seconds and 154801 MB memory.
2026-09-11 18:24:00.490 INFO   [33A63B\D69A2D] Auto-router pass #317 on board 'c0b03a9d65cbfc5cdc4b907d1312e6bd' was completed in 0.26 seconds with the score of 927.11 (12 unrouted), using 5483.76 CPU seconds and 154801 MB memory.
2026-09-11 18:24:00.617 INFO   [33A63B\D69A2D] Auto-router pass #318 on board '3031ec0c6d667eda9a75302514eda7d0' was completed in 0.12 seconds with the score of 927.11 (12 unrouted), using 5587.25 CPU seconds and 156487 MB memory.
2026-09-11 18:24:00.741 INFO   [33A63B\D69A2D] Auto-router pass #319 on board '3031ec0c6d667eda9a75302514eda7d0' was completed in 0.12 seconds with the score of 927.11 (12 unrouted), using 5587.25 CPU seconds and 156487 MB memory.
2026-09-11 18:24:01.187 INFO   [33A63B\D69A2D] Restoring an earlier board that has the score of 927.31 (12 unrouted).
2026-09-11 18:24:01.187 INFO   [33A63B\D69A2D] Auto-router pass #320 on board '3031ec0c6d667eda9a75302514eda7d0' was completed in 0.44 seconds with the score of 927.11 (12 unrouted), using 5587.25 CPU seconds and 156487 MB memory.
2026-09-11 18:24:01.449 INFO   [33A63B\D69A2D] Auto-router pass #321 on board 'c0b03a9d65cbfc5cdc4b907d1312e6bd' was completed in 0.26 seconds with the score of 927.11 (12 unrouted), using 5587.25 CPU seconds and 156487 MB memory.
2026-09-11 18:24:01.568 INFO   [33A63B\D69A2D] Auto-router pass #322 on board '3031ec0c6d667eda9a75302514eda7d0' was completed in 0.12 seconds with the score of 927.11 (12 unrouted), using 5691.70 CPU seconds and 158177 MB memory.
2026-09-11 18:24:01.694 INFO   [33A63B\D69A2D] Auto-router pass #323 on board '3031ec0c6d667eda9a75302514eda7d0' was completed in 0.12 seconds with the score of 927.11 (12 unrouted), using 5691.70 CPU seconds and 158177 MB memory.
2026-09-11 18:24:02.156 INFO   [33A63B\D69A2D] Restoring an earlier board that has the score of 927.31 (12 unrouted).
2026-09-11 18:24:02.156 INFO   [33A63B\D69A2D] Auto-router pass #324 on board '3031ec0c6d667eda9a75302514eda7d0' was completed in 0.46 seconds with the score of 927.11 (12 unrouted), using 5691.70 CPU seconds and 158177 MB memory.
2026-09-11 18:24:02.405 INFO   [33A63B\D69A2D] Auto-router pass #325 on board 'c0b03a9d65cbfc5cdc4b907d1312e6bd' was completed in 0.25 seconds with the score of 927.11 (12 unrouted), using 5691.70 CPU seconds and 158177 MB memory.
2026-09-11 18:24:02.530 INFO   [33A63B\D69A2D] Auto-router pass #326 on board '3031ec0c6d667eda9a75302514eda7d0' was completed in 0.12 seconds with the score of 927.11 (12 unrouted), using 5797.13 CPU seconds and 159880 MB memory.
2026-09-11 18:24:02.651 INFO   [33A63B\D69A2D] Auto-router pass #327 on board '3031ec0c6d667eda9a75302514eda7d0' was completed in 0.12 seconds with the score of 927.11 (12 unrouted), using 5797.13 CPU seconds and 159880 MB memory.
2026-09-11 18:24:03.098 INFO   [33A63B\D69A2D] Restoring an earlier board that has the score of 927.31 (12 unrouted).
2026-09-11 18:24:03.099 INFO   [33A63B\D69A2D] Auto-router pass #328 on board '3031ec0c6d667eda9a75302514eda7d0' was completed in 0.44 seconds with the score of 927.11 (12 unrouted), using 5797.13 CPU seconds and 159880 MB memory.
2026-09-11 18:24:03.356 INFO   [33A63B\D69A2D] Auto-router pass #329 on board 'c0b03a9d65cbfc5cdc4b907d1312e6bd' was completed in 0.25 seconds with the score of 927.11 (12 unrouted), using 5797.13 CPU seconds and 159880 MB memory.
2026-09-11 18:24:03.476 INFO   [33A63B\D69A2D] Auto-router pass #330 on board '3031ec0c6d667eda9a75302514eda7d0' was completed in 0.12 seconds with the score of 927.11 (12 unrouted), using 5797.13 CPU seconds and 159880 MB memory.
2026-09-11 18:24:03.597 INFO   [33A63B\D69A2D] Auto-router pass #331 on board '3031ec0c6d667eda9a75302514eda7d0' was completed in 0.12 seconds with the score of 927.11 (12 unrouted), using 5903.52 CPU seconds and 161578 MB memory.
2026-09-11 18:24:04.061 INFO   [33A63B\D69A2D] Restoring an earlier board that has the score of 927.29 (12 unrouted).
2026-09-11 18:24:04.062 INFO   [33A63B\D69A2D] Auto-router pass #332 on board '3031ec0c6d667eda9a75302514eda7d0' was completed in 0.46 seconds with the score of 927.11 (12 unrouted), using 5903.52 CPU seconds and 161578 MB memory.
2026-09-11 18:24:04.323 INFO   [33A63B\D69A2D] Auto-router pass #333 on board 'f848f43428e3859136e8ef8c92dee016' was completed in 0.26 seconds with the score of 927.09 (12 unrouted), using 5903.52 CPU seconds and 161578 MB memory.
2026-09-11 18:24:04.450 INFO   [33A63B\D69A2D] Auto-router pass #334 on board 'c68e290db8e740c531a395946ace16a6' was completed in 0.12 seconds with the score of 927.09 (12 unrouted), using 5903.52 CPU seconds and 161578 MB memory.
2026-09-11 18:24:04.571 INFO   [33A63B\D69A2D] Auto-router pass #335 on board 'c68e290db8e740c531a395946ace16a6' was completed in 0.12 seconds with the score of 927.09 (12 unrouted), using 6010.89 CPU seconds and 163265 MB memory.
2026-09-11 18:24:05.050 INFO   [33A63B\D69A2D] Restoring an earlier board that has the score of 927.29 (12 unrouted).
2026-09-11 18:24:05.050 INFO   [33A63B\D69A2D] Auto-router pass #336 on board 'c68e290db8e740c531a395946ace16a6' was completed in 0.47 seconds with the score of 927.09 (12 unrouted), using 6010.89 CPU seconds and 163265 MB memory.
2026-09-11 18:24:05.306 INFO   [33A63B\D69A2D] Auto-router pass #337 on board 'f848f43428e3859136e8ef8c92dee016' was completed in 0.25 seconds with the score of 927.09 (12 unrouted), using 6010.89 CPU seconds and 163265 MB memory.
2026-09-11 18:24:05.433 INFO   [33A63B\D69A2D] Auto-router pass #338 on board 'c68e290db8e740c531a395946ace16a6' was completed in 0.12 seconds with the score of 927.09 (12 unrouted), using 6010.89 CPU seconds and 163265 MB memory.
2026-09-11 18:24:05.560 INFO   [33A63B\D69A2D] Auto-router pass #339 on board 'c68e290db8e740c531a395946ace16a6' was completed in 0.12 seconds with the score of 927.09 (12 unrouted), using 6119.22 CPU seconds and 164939 MB memory.
2026-09-11 18:24:06.037 INFO   [33A63B\D69A2D] Restoring an earlier board that has the score of 927.29 (12 unrouted).
2026-09-11 18:24:06.037 INFO   [33A63B\D69A2D] Auto-router pass #340 on board 'c68e290db8e740c531a395946ace16a6' was completed in 0.47 seconds with the score of 927.09 (12 unrouted), using 6119.22 CPU seconds and 164939 MB memory.
2026-09-11 18:24:06.300 INFO   [33A63B\D69A2D] Auto-router pass #341 on board 'f848f43428e3859136e8ef8c92dee016' was completed in 0.26 seconds with the score of 927.09 (12 unrouted), using 6119.22 CPU seconds and 164939 MB memory.
2026-09-11 18:24:06.425 INFO   [33A63B\D69A2D] Auto-router pass #342 on board 'c68e290db8e740c531a395946ace16a6' was completed in 0.12 seconds with the score of 927.09 (12 unrouted), using 6119.22 CPU seconds and 164939 MB memory.
2026-09-11 18:24:06.550 INFO   [33A63B\D69A2D] Auto-router pass #343 on board 'c68e290db8e740c531a395946ace16a6' was completed in 0.12 seconds with the score of 927.09 (12 unrouted), using 6228.52 CPU seconds and 166600 MB memory.
2026-09-11 18:24:06.989 INFO   [33A63B\D69A2D] Restoring an earlier board that has the score of 927.29 (12 unrouted).
2026-09-11 18:24:06.989 INFO   [33A63B\D69A2D] Auto-router pass #344 on board 'c68e290db8e740c531a395946ace16a6' was completed in 0.44 seconds with the score of 927.09 (12 unrouted), using 6228.52 CPU seconds and 166600 MB memory.
2026-09-11 18:24:07.254 INFO   [33A63B\D69A2D] Auto-router pass #345 on board 'f848f43428e3859136e8ef8c92dee016' was completed in 0.26 seconds with the score of 927.09 (12 unrouted), using 6228.52 CPU seconds and 166600 MB memory.
2026-09-11 18:24:07.377 INFO   [33A63B\D69A2D] Auto-router pass #346 on board 'c68e290db8e740c531a395946ace16a6' was completed in 0.12 seconds with the score of 927.09 (12 unrouted), using 6228.52 CPU seconds and 166600 MB memory.
2026-09-11 18:24:07.500 INFO   [33A63B\D69A2D] Auto-router pass #347 on board 'c68e290db8e740c531a395946ace16a6' was completed in 0.12 seconds with the score of 927.09 (12 unrouted), using 6338.78 CPU seconds and 168278 MB memory.
2026-09-11 18:24:07.985 INFO   [33A63B\D69A2D] Restoring an earlier board that has the score of 927.11 (12 unrouted).
2026-09-11 18:24:07.986 INFO   [33A63B\D69A2D] Auto-router pass #348 on board 'c68e290db8e740c531a395946ace16a6' was completed in 0.48 seconds with the score of 927.09 (12 unrouted), using 6338.78 CPU seconds and 168278 MB memory.
2026-09-11 18:24:08.253 INFO   [33A63B\D69A2D] Auto-router pass #349 on board '58f87c0cd9171941a114c7ad1b1bd146' was completed in 0.26 seconds with the score of 927.11 (12 unrouted), using 6338.78 CPU seconds and 168278 MB memory.
2026-09-11 18:24:08.378 INFO   [33A63B\D69A2D] Auto-router pass #350 on board '58f87c0cd9171941a114c7ad1b1bd146' was completed in 0.12 seconds with the score of 927.11 (12 unrouted), using 6338.78 CPU seconds and 168278 MB memory.
2026-09-11 18:24:08.503 INFO   [33A63B\D69A2D] Auto-router pass #351 on board '58f87c0cd9171941a114c7ad1b1bd146' was completed in 0.12 seconds with the score of 927.11 (12 unrouted), using 6450.02 CPU seconds and 169937 MB memory.
2026-09-11 18:24:08.987 INFO   [33A63B\D69A2D] Restoring an earlier board that has the score of 927.11 (12 unrouted).
2026-09-11 18:24:08.987 INFO   [33A63B\D69A2D] Auto-router pass #352 on board '58f87c0cd9171941a114c7ad1b1bd146' was completed in 0.48 seconds with the score of 927.11 (12 unrouted), using 6450.02 CPU seconds and 169937 MB memory.
2026-09-11 18:24:09.240 INFO   [33A63B\D69A2D] Auto-router pass #353 on board '58f87c0cd9171941a114c7ad1b1bd146' was completed in 0.25 seconds with the score of 927.11 (12 unrouted), using 6450.02 CPU seconds and 169937 MB memory.
2026-09-11 18:24:09.362 INFO   [33A63B\D69A2D] Auto-router pass #354 on board '58f87c0cd9171941a114c7ad1b1bd146' was completed in 0.12 seconds with the score of 927.11 (12 unrouted), using 6450.02 CPU seconds and 169937 MB memory.
2026-09-11 18:24:09.484 INFO   [33A63B\D69A2D] Auto-router pass #355 on board '58f87c0cd9171941a114c7ad1b1bd146' was completed in 0.12 seconds with the score of 927.11 (12 unrouted), using 6450.02 CPU seconds and 169937 MB memory.
2026-09-11 18:24:09.925 INFO   [33A63B\D69A2D] Restoring an earlier board that has the score of 927.11 (12 unrouted).
2026-09-11 18:24:09.925 INFO   [33A63B\D69A2D] Auto-router pass #356 on board '58f87c0cd9171941a114c7ad1b1bd146' was completed in 0.44 seconds with the score of 927.11 (12 unrouted), using 6562.23 CPU seconds and 171623 MB memory.
2026-09-11 18:24:10.187 INFO   [33A63B\D69A2D] Auto-router pass #357 on board '88323d3ddf4c68b095bde22351bc48e0' was completed in 0.26 seconds with the score of 927.11 (12 unrouted), using 6562.23 CPU seconds and 171623 MB memory.
2026-09-11 18:24:10.312 INFO   [33A63B\D69A2D] Auto-router pass #358 on board '88323d3ddf4c68b095bde22351bc48e0' was completed in 0.12 seconds with the score of 927.11 (12 unrouted), using 6562.23 CPU seconds and 171623 MB memory.
2026-09-11 18:24:10.438 INFO   [33A63B\D69A2D] Auto-router pass #359 on board '88323d3ddf4c68b095bde22351bc48e0' was completed in 0.12 seconds with the score of 927.11 (12 unrouted), using 6562.23 CPU seconds and 171623 MB memory.
2026-09-11 18:24:10.886 INFO   [33A63B\D69A2D] Restoring an earlier board that has the score of 927.11 (12 unrouted).
2026-09-11 18:24:10.886 INFO   [33A63B\D69A2D] Auto-router pass #360 on board '88323d3ddf4c68b095bde22351bc48e0' was completed in 0.45 seconds with the score of 927.11 (12 unrouted), using 6675.42 CPU seconds and 173292 MB memory.
2026-09-11 18:24:11.132 INFO   [33A63B\D69A2D] Auto-router pass #361 on board '88323d3ddf4c68b095bde22351bc48e0' was completed in 0.24 seconds with the score of 927.11 (12 unrouted), using 6675.42 CPU seconds and 173292 MB memory.
2026-09-11 18:24:11.261 INFO   [33A63B\D69A2D] Auto-router pass #362 on board '88323d3ddf4c68b095bde22351bc48e0' was completed in 0.13 seconds with the score of 927.11 (12 unrouted), using 6675.42 CPU seconds and 173292 MB memory.
2026-09-11 18:24:11.389 INFO   [33A63B\D69A2D] Auto-router pass #363 on board '88323d3ddf4c68b095bde22351bc48e0' was completed in 0.12 seconds with the score of 927.11 (12 unrouted), using 6675.42 CPU seconds and 173292 MB memory.
2026-09-11 18:24:11.792 INFO   [33A63B\D69A2D] Restoring an earlier board that has the score of 927.11 (12 unrouted).
2026-09-11 18:24:11.792 INFO   [33A63B\D69A2D] Auto-router pass #364 on board '88323d3ddf4c68b095bde22351bc48e0' was completed in 0.40 seconds with the score of 927.11 (12 unrouted), using 6789.57 CPU seconds and 174924 MB memory.
2026-09-11 18:24:12.053 INFO   [33A63B\D69A2D] Auto-router pass #365 on board '88323d3ddf4c68b095bde22351bc48e0' was completed in 0.26 seconds with the score of 927.11 (12 unrouted), using 6789.57 CPU seconds and 174924 MB memory.
2026-09-11 18:24:12.179 INFO   [33A63B\D69A2D] Auto-router pass #366 on board '88323d3ddf4c68b095bde22351bc48e0' was completed in 0.12 seconds with the score of 927.11 (12 unrouted), using 6789.57 CPU seconds and 174924 MB memory.
2026-09-11 18:24:12.308 INFO   [33A63B\D69A2D] Auto-router pass #367 on board '88323d3ddf4c68b095bde22351bc48e0' was completed in 0.13 seconds with the score of 927.11 (12 unrouted), using 6789.57 CPU seconds and 174924 MB memory.
2026-09-11 18:24:12.756 INFO   [33A63B\D69A2D] Restoring an earlier board that has the score of 927.11 (12 unrouted).
2026-09-11 18:24:12.756 INFO   [33A63B\D69A2D] Auto-router pass #368 on board '88323d3ddf4c68b095bde22351bc48e0' was completed in 0.45 seconds with the score of 927.11 (12 unrouted), using 6904.71 CPU seconds and 176564 MB memory.
2026-09-11 18:24:13.013 INFO   [33A63B\D69A2D] Auto-router pass #369 on board '88323d3ddf4c68b095bde22351bc48e0' was completed in 0.25 seconds with the score of 927.11 (12 unrouted), using 6904.71 CPU seconds and 176564 MB memory.
2026-09-11 18:24:13.140 INFO   [33A63B\D69A2D] Auto-router pass #370 on board '88323d3ddf4c68b095bde22351bc48e0' was completed in 0.12 seconds with the score of 927.11 (12 unrouted), using 6904.71 CPU seconds and 176564 MB memory.
2026-09-11 18:24:13.271 INFO   [33A63B\D69A2D] Auto-router pass #371 on board '88323d3ddf4c68b095bde22351bc48e0' was completed in 0.12 seconds with the score of 927.11 (12 unrouted), using 6904.71 CPU seconds and 176564 MB memory.
2026-09-11 18:24:13.727 INFO   [33A63B\D69A2D] Restoring an earlier board that has the score of 927.11 (12 unrouted).
2026-09-11 18:24:13.727 INFO   [33A63B\D69A2D] Auto-router pass #372 on board '88323d3ddf4c68b095bde22351bc48e0' was completed in 0.45 seconds with the score of 927.11 (12 unrouted), using 7020.81 CPU seconds and 178183 MB memory.
2026-09-11 18:24:13.988 INFO   [33A63B\D69A2D] Auto-router pass #373 on board '3031ec0c6d667eda9a75302514eda7d0' was completed in 0.26 seconds with the score of 927.11 (12 unrouted), using 7020.81 CPU seconds and 178183 MB memory.
2026-09-11 18:24:14.114 INFO   [33A63B\D69A2D] Auto-router pass #374 on board '3031ec0c6d667eda9a75302514eda7d0' was completed in 0.12 seconds with the score of 927.11 (12 unrouted), using 7020.81 CPU seconds and 178183 MB memory.
2026-09-11 18:24:14.239 INFO   [33A63B\D69A2D] Auto-router pass #375 on board '3031ec0c6d667eda9a75302514eda7d0' was completed in 0.12 seconds with the score of 927.11 (12 unrouted), using 7020.81 CPU seconds and 178183 MB memory.
2026-09-11 18:24:14.673 INFO   [33A63B\D69A2D] Restoring an earlier board that has the score of 927.11 (12 unrouted).
2026-09-11 18:24:14.673 INFO   [33A63B\D69A2D] Auto-router pass #376 on board '3031ec0c6d667eda9a75302514eda7d0' was completed in 0.43 seconds with the score of 927.11 (12 unrouted), using 7137.88 CPU seconds and 179855 MB memory.
2026-09-11 18:24:14.924 INFO   [33A63B\D69A2D] Auto-router pass #377 on board '3031ec0c6d667eda9a75302514eda7d0' was completed in 0.25 seconds with the score of 927.11 (12 unrouted), using 7137.88 CPU seconds and 179855 MB memory.
2026-09-11 18:24:15.052 INFO   [33A63B\D69A2D] Auto-router pass #378 on board '3031ec0c6d667eda9a75302514eda7d0' was completed in 0.12 seconds with the score of 927.11 (12 unrouted), using 7137.88 CPU seconds and 179855 MB memory.
2026-09-11 18:24:15.178 INFO   [33A63B\D69A2D] Auto-router pass #379 on board '3031ec0c6d667eda9a75302514eda7d0' was completed in 0.12 seconds with the score of 927.11 (12 unrouted), using 7137.88 CPU seconds and 179855 MB memory.
2026-09-11 18:24:15.660 INFO   [33A63B\D69A2D] Restoring an earlier board that has the score of 927.11 (12 unrouted).
2026-09-11 18:24:15.660 INFO   [33A63B\D69A2D] Auto-router pass #380 on board '3031ec0c6d667eda9a75302514eda7d0' was completed in 0.48 seconds with the score of 927.11 (12 unrouted), using 7255.92 CPU seconds and 181511 MB memory.
2026-09-11 18:24:15.921 INFO   [33A63B\D69A2D] Auto-router pass #381 on board '3031ec0c6d667eda9a75302514eda7d0' was completed in 0.26 seconds with the score of 927.11 (12 unrouted), using 7255.92 CPU seconds and 181511 MB memory.
2026-09-11 18:24:16.042 INFO   [33A63B\D69A2D] Auto-router pass #382 on board '3031ec0c6d667eda9a75302514eda7d0' was completed in 0.12 seconds with the score of 927.11 (12 unrouted), using 7255.92 CPU seconds and 181511 MB memory.
2026-09-11 18:24:16.162 INFO   [33A63B\D69A2D] Auto-router pass #383 on board '3031ec0c6d667eda9a75302514eda7d0' was completed in 0.12 seconds with the score of 927.11 (12 unrouted), using 7255.92 CPU seconds and 181511 MB memory.
2026-09-11 18:24:17.732 INFO   [33A63B\D69A2D] Restoring an earlier board that has the score of 927.11 (12 unrouted).
2026-09-11 18:24:17.732 INFO   [33A63B\D69A2D] Auto-router pass #384 on board '3031ec0c6d667eda9a75302514eda7d0' was completed in 1.57 seconds with the score of 927.11 (12 unrouted), using 7494.92 CPU seconds and 184698 MB memory.
2026-09-11 18:24:18.015 INFO   [33A63B\D69A2D] Auto-router pass #385 on board '3031ec0c6d667eda9a75302514eda7d0' was completed in 0.28 seconds with the score of 927.11 (12 unrouted), using 7494.92 CPU seconds and 184698 MB memory.
2026-09-11 18:24:18.140 INFO   [33A63B\D69A2D] Auto-router pass #386 on board '3031ec0c6d667eda9a75302514eda7d0' was completed in 0.12 seconds with the score of 927.11 (12 unrouted), using 7494.92 CPU seconds and 184698 MB memory.
2026-09-11 18:24:18.264 INFO   [33A63B\D69A2D] Auto-router pass #387 on board '3031ec0c6d667eda9a75302514eda7d0' was completed in 0.12 seconds with the score of 927.11 (12 unrouted), using 7494.92 CPU seconds and 184698 MB memory.
2026-09-11 18:24:18.710 INFO   [33A63B\D69A2D] Restoring an earlier board that has the score of 927.11 (12 unrouted).
2026-09-11 18:24:18.710 INFO   [33A63B\D69A2D] Auto-router pass #388 on board '3031ec0c6d667eda9a75302514eda7d0' was completed in 0.44 seconds with the score of 927.11 (12 unrouted), using 7615.85 CPU seconds and 186285 MB memory.
2026-09-11 18:24:18.972 INFO   [33A63B\D69A2D] Auto-router pass #389 on board '9fe157fe5115d5d2899a4879c94ab559' was completed in 0.26 seconds with the score of 927.11 (12 unrouted), using 7615.85 CPU seconds and 186285 MB memory.
2026-09-11 18:24:19.093 INFO   [33A63B\D69A2D] Auto-router pass #390 on board '9fe157fe5115d5d2899a4879c94ab559' was completed in 0.12 seconds with the score of 927.11 (12 unrouted), using 7615.85 CPU seconds and 186285 MB memory.
2026-09-11 18:24:19.219 INFO   [33A63B\D69A2D] Auto-router pass #391 on board '9fe157fe5115d5d2899a4879c94ab559' was completed in 0.12 seconds with the score of 927.11 (12 unrouted), using 7615.85 CPU seconds and 186285 MB memory.
2026-09-11 18:24:19.674 INFO   [33A63B\D69A2D] Restoring an earlier board that has the score of 927.11 (12 unrouted).
2026-09-11 18:24:19.674 INFO   [33A63B\D69A2D] Auto-router pass #392 on board '9fe157fe5115d5d2899a4879c94ab559' was completed in 0.45 seconds with the score of 927.11 (12 unrouted), using 7737.75 CPU seconds and 187967 MB memory.
2026-09-11 18:24:19.933 INFO   [33A63B\D69A2D] Auto-router pass #393 on board '9fe157fe5115d5d2899a4879c94ab559' was completed in 0.26 seconds with the score of 927.11 (12 unrouted), using 7737.75 CPU seconds and 187967 MB memory.
2026-09-11 18:24:20.060 INFO   [33A63B\D69A2D] Auto-router pass #394 on board '9fe157fe5115d5d2899a4879c94ab559' was completed in 0.12 seconds with the score of 927.11 (12 unrouted), using 7737.75 CPU seconds and 187967 MB memory.
2026-09-11 18:24:20.187 INFO   [33A63B\D69A2D] Auto-router pass #395 on board '9fe157fe5115d5d2899a4879c94ab559' was completed in 0.12 seconds with the score of 927.11 (12 unrouted), using 7737.75 CPU seconds and 187967 MB memory.
2026-09-11 18:24:20.661 INFO   [33A63B\D69A2D] Restoring an earlier board that has the score of 927.11 (12 unrouted).
2026-09-11 18:24:20.661 INFO   [33A63B\D69A2D] Auto-router pass #396 on board '9fe157fe5115d5d2899a4879c94ab559' was completed in 0.47 seconds with the score of 927.11 (12 unrouted), using 7860.62 CPU seconds and 189641 MB memory.
2026-09-11 18:24:20.910 INFO   [33A63B\D69A2D] Auto-router pass #397 on board '9fe157fe5115d5d2899a4879c94ab559' was completed in 0.24 seconds with the score of 927.11 (12 unrouted), using 7860.62 CPU seconds and 189641 MB memory.
2026-09-11 18:24:21.031 INFO   [33A63B\D69A2D] Auto-router pass #398 on board '9fe157fe5115d5d2899a4879c94ab559' was completed in 0.12 seconds with the score of 927.11 (12 unrouted), using 7860.62 CPU seconds and 189641 MB memory.
2026-09-11 18:24:21.154 INFO   [33A63B\D69A2D] Auto-router pass #399 on board '9fe157fe5115d5d2899a4879c94ab559' was completed in 0.12 seconds with the score of 927.11 (12 unrouted), using 7860.62 CPU seconds and 189641 MB memory.
2026-09-11 18:24:21.597 INFO   [33A63B\D69A2D] Restoring an earlier board that has the score of 927.11 (12 unrouted).
2026-09-11 18:24:21.597 INFO   [33A63B\D69A2D] Auto-router pass #400 on board '9fe157fe5115d5d2899a4879c94ab559' was completed in 0.44 seconds with the score of 927.11 (12 unrouted), using 7984.46 CPU seconds and 191339 MB memory.
2026-09-11 18:24:21.855 INFO   [33A63B\D69A2D] Auto-router pass #401 on board '992343c5706c196e3670f7c0ef8031c8' was completed in 0.26 seconds with the score of 927.11 (12 unrouted), using 7984.46 CPU seconds and 191339 MB memory.
2026-09-11 18:24:21.980 INFO   [33A63B\D69A2D] Auto-router pass #402 on board '992343c5706c196e3670f7c0ef8031c8' was completed in 0.12 seconds with the score of 927.11 (12 unrouted), using 7984.46 CPU seconds and 191339 MB memory.
2026-09-11 18:24:22.103 INFO   [33A63B\D69A2D] Auto-router pass #403 on board '992343c5706c196e3670f7c0ef8031c8' was completed in 0.12 seconds with the score of 927.11 (12 unrouted), using 7984.46 CPU seconds and 191339 MB memory.
2026-09-11 18:24:22.538 INFO   [33A63B\D69A2D] Restoring an earlier board that has the score of 927.11 (12 unrouted).
2026-09-11 18:24:22.538 INFO   [33A63B\D69A2D] Auto-router pass #404 on board '992343c5706c196e3670f7c0ef8031c8' was completed in 0.43 seconds with the score of 927.11 (12 unrouted), using 8109.28 CPU seconds and 193025 MB memory.
2026-09-11 18:24:22.802 INFO   [33A63B\D69A2D] Auto-router pass #405 on board '992343c5706c196e3670f7c0ef8031c8' was completed in 0.26 seconds with the score of 927.11 (12 unrouted), using 8109.28 CPU seconds and 193025 MB memory.
2026-09-11 18:24:22.925 INFO   [33A63B\D69A2D] Auto-router pass #406 on board '992343c5706c196e3670f7c0ef8031c8' was completed in 0.12 seconds with the score of 927.11 (12 unrouted), using 8109.28 CPU seconds and 193025 MB memory.
2026-09-11 18:24:23.047 INFO   [33A63B\D69A2D] Auto-router pass #407 on board '992343c5706c196e3670f7c0ef8031c8' was completed in 0.12 seconds with the score of 927.11 (12 unrouted), using 8109.28 CPU seconds and 193025 MB memory.
2026-09-11 18:24:23.510 INFO   [33A63B\D69A2D] Restoring an earlier board that has the score of 927.11 (12 unrouted).
2026-09-11 18:24:23.510 INFO   [33A63B\D69A2D] Auto-router pass #408 on board '992343c5706c196e3670f7c0ef8031c8' was completed in 0.46 seconds with the score of 927.11 (12 unrouted), using 8235.06 CPU seconds and 194684 MB memory.
2026-09-11 18:24:23.771 INFO   [33A63B\D69A2D] Auto-router pass #409 on board '992343c5706c196e3670f7c0ef8031c8' was completed in 0.26 seconds with the score of 927.11 (12 unrouted), using 8235.06 CPU seconds and 194684 MB memory.
2026-09-11 18:24:23.897 INFO   [33A63B\D69A2D] Auto-router pass #410 on board '992343c5706c196e3670f7c0ef8031c8' was completed in 0.12 seconds with the score of 927.11 (12 unrouted), using 8235.06 CPU seconds and 194684 MB memory.
2026-09-11 18:24:24.027 INFO   [33A63B\D69A2D] Auto-router pass #411 on board '992343c5706c196e3670f7c0ef8031c8' was completed in 0.12 seconds with the score of 927.11 (12 unrouted), using 8235.06 CPU seconds and 194684 MB memory.
2026-09-11 18:24:24.463 INFO   [33A63B\D69A2D] Restoring an earlier board that has the score of 927.11 (12 unrouted).
2026-09-11 18:24:24.463 INFO   [33A63B\D69A2D] Auto-router pass #412 on board '992343c5706c196e3670f7c0ef8031c8' was completed in 0.43 seconds with the score of 927.11 (12 unrouted), using 8235.06 CPU seconds and 194684 MB memory.
2026-09-11 18:24:24.711 INFO   [33A63B\D69A2D] Auto-router pass #413 on board '992343c5706c196e3670f7c0ef8031c8' was completed in 0.24 seconds with the score of 927.11 (12 unrouted), using 8361.82 CPU seconds and 196327 MB memory.
2026-09-11 18:24:24.835 INFO   [33A63B\D69A2D] Auto-router pass #414 on board '992343c5706c196e3670f7c0ef8031c8' was completed in 0.12 seconds with the score of 927.11 (12 unrouted), using 8361.82 CPU seconds and 196327 MB memory.
2026-09-11 18:24:24.962 INFO   [33A63B\D69A2D] Auto-router pass #415 on board '992343c5706c196e3670f7c0ef8031c8' was completed in 0.12 seconds with the score of 927.11 (12 unrouted), using 8361.82 CPU seconds and 196327 MB memory.
2026-09-11 18:24:25.423 INFO   [33A63B\D69A2D] Restoring an earlier board that has the score of 927.11 (12 unrouted).
2026-09-11 18:24:25.423 INFO   [33A63B\D69A2D] Auto-router pass #416 on board '992343c5706c196e3670f7c0ef8031c8' was completed in 0.46 seconds with the score of 927.11 (12 unrouted), using 8361.82 CPU seconds and 196327 MB memory.
2026-09-11 18:24:25.680 INFO   [33A63B\D69A2D] Auto-router pass #417 on board 'ebbc1f4fa9c3d7a57a5e40b7b1200f8f' was completed in 0.25 seconds with the score of 927.11 (12 unrouted), using 8489.54 CPU seconds and 197974 MB memory.
2026-09-11 18:24:25.806 INFO   [33A63B\D69A2D] Auto-router pass #418 on board 'ebbc1f4fa9c3d7a57a5e40b7b1200f8f' was completed in 0.12 seconds with the score of 927.11 (12 unrouted), using 8489.54 CPU seconds and 197974 MB memory.
2026-09-11 18:24:25.928 INFO   [33A63B\D69A2D] Auto-router pass #419 on board 'ebbc1f4fa9c3d7a57a5e40b7b1200f8f' was completed in 0.12 seconds with the score of 927.11 (12 unrouted), using 8489.54 CPU seconds and 197974 MB memory.
2026-09-11 18:24:26.344 INFO   [33A63B\D69A2D] Restoring an earlier board that has the score of 927.11 (12 unrouted).
2026-09-11 18:24:26.344 INFO   [33A63B\D69A2D] Auto-router pass #420 on board 'ebbc1f4fa9c3d7a57a5e40b7b1200f8f' was completed in 0.41 seconds with the score of 927.11 (12 unrouted), using 8489.54 CPU seconds and 197974 MB memory.
2026-09-11 18:24:26.597 INFO   [33A63B\D69A2D] Auto-router pass #421 on board 'ebbc1f4fa9c3d7a57a5e40b7b1200f8f' was completed in 0.25 seconds with the score of 927.11 (12 unrouted), using 8618.23 CPU seconds and 199699 MB memory.
2026-09-11 18:24:26.721 INFO   [33A63B\D69A2D] Auto-router pass #422 on board 'ebbc1f4fa9c3d7a57a5e40b7b1200f8f' was completed in 0.12 seconds with the score of 927.11 (12 unrouted), using 8618.23 CPU seconds and 199699 MB memory.
2026-09-11 18:24:26.842 INFO   [33A63B\D69A2D] Auto-router pass #423 on board 'ebbc1f4fa9c3d7a57a5e40b7b1200f8f' was completed in 0.12 seconds with the score of 927.11 (12 unrouted), using 8618.23 CPU seconds and 199699 MB memory.
2026-09-11 18:24:27.313 INFO   [33A63B\D69A2D] Restoring an earlier board that has the score of 927.11 (12 unrouted).
2026-09-11 18:24:27.313 INFO   [33A63B\D69A2D] Auto-router pass #424 on board 'ebbc1f4fa9c3d7a57a5e40b7b1200f8f' was completed in 0.47 seconds with the score of 927.11 (12 unrouted), using 8618.23 CPU seconds and 199699 MB memory.
2026-09-11 18:24:27.942 INFO   [33A63B\D69A2D] Auto-router pass #425 on board 'ebbc1f4fa9c3d7a57a5e40b7b1200f8f' was completed in 0.63 seconds with the score of 927.22 (12 unrouted), using 8747.89 CPU seconds and 201385 MB memory.
2026-09-11 18:24:28.542 INFO   [33A63B\D69A2D] Auto-router pass #426 on board 'f1581d7157682fda0225aaaf4537a335' was completed in 0.59 seconds with the score of 927.20 (12 unrouted), using 8878.51 CPU seconds and 203038 MB memory.
2026-09-11 18:24:28.724 WARN   MazeShoveTraceAlgo.check_shove_trace_line: trace_corner_no to big
2026-09-11 18:24:28.724 WARN   MazeShoveTraceAlgo.check_shove_trace_line: trace_corner_no to big
2026-09-11 18:24:29.166 INFO   [33A63B\D69A2D] Auto-router pass #427 on board '9eaa3a337418cb7fe2d37a1f457a80b9' was completed in 0.62 seconds with the score of 927.22 (12 unrouted), using 8878.51 CPU seconds and 203038 MB memory.
2026-09-11 18:24:29.677 INFO   [33A63B\D69A2D] Restoring an earlier board that has the score of 927.22 (12 unrouted).
2026-09-11 18:24:29.677 INFO   [33A63B\D69A2D] Auto-router pass #428 on board 'f2777f2d5482b56403f980c86abbacef' was completed in 0.50 seconds with the score of 927.11 (12 unrouted), using 9010.09 CPU seconds and 204558 MB memory.
2026-09-11 18:24:29.948 INFO   [33A63B\D69A2D] Auto-router pass #429 on board 'f2777f2d5482b56403f980c86abbacef' was completed in 0.27 seconds with the score of 927.11 (12 unrouted), using 9010.09 CPU seconds and 204558 MB memory.
2026-09-11 18:24:30.080 INFO   [33A63B\D69A2D] Auto-router pass #430 on board 'a9dda4561c0b6c9da4932a8fc37429aa' was completed in 0.12 seconds with the score of 927.11 (12 unrouted), using 9010.09 CPU seconds and 204558 MB memory.
2026-09-11 18:24:30.203 INFO   [33A63B\D69A2D] Auto-router pass #431 on board 'a9dda4561c0b6c9da4932a8fc37429aa' was completed in 0.12 seconds with the score of 927.11 (12 unrouted), using 9010.09 CPU seconds and 204558 MB memory.
2026-09-11 18:24:30.691 INFO   [33A63B\D69A2D] Restoring an earlier board that has the score of 927.22 (12 unrouted).
2026-09-11 18:24:30.692 INFO   [33A63B\D69A2D] Auto-router pass #432 on board 'a9dda4561c0b6c9da4932a8fc37429aa' was completed in 0.49 seconds with the score of 927.11 (12 unrouted), using 9142.63 CPU seconds and 206213 MB memory.
2026-09-11 18:24:30.972 INFO   [33A63B\D69A2D] Auto-router pass #433 on board 'f2777f2d5482b56403f980c86abbacef' was completed in 0.28 seconds with the score of 927.11 (12 unrouted), using 9142.63 CPU seconds and 206213 MB memory.
2026-09-11 18:24:31.096 INFO   [33A63B\D69A2D] Auto-router pass #434 on board 'a9dda4561c0b6c9da4932a8fc37429aa' was completed in 0.12 seconds with the score of 927.11 (12 unrouted), using 9142.63 CPU seconds and 206213 MB memory.
2026-09-11 18:24:31.226 INFO   [33A63B\D69A2D] Auto-router pass #435 on board 'a9dda4561c0b6c9da4932a8fc37429aa' was completed in 0.12 seconds with the score of 927.11 (12 unrouted), using 9142.63 CPU seconds and 206213 MB memory.
2026-09-11 18:24:31.669 INFO   [33A63B\D69A2D] Restoring an earlier board that has the score of 927.22 (12 unrouted).
2026-09-11 18:24:31.669 INFO   [33A63B\D69A2D] Auto-router pass #436 on board 'a9dda4561c0b6c9da4932a8fc37429aa' was completed in 0.44 seconds with the score of 927.11 (12 unrouted), using 9276.13 CPU seconds and 207870 MB memory.
2026-09-11 18:24:32.301 INFO   [33A63B\D69A2D] Auto-router pass #437 on board 'f2777f2d5482b56403f980c86abbacef' was completed in 0.63 seconds with the score of 928.24 (12 unrouted), using 9276.13 CPU seconds and 207870 MB memory.
2026-09-11 18:24:32.893 INFO   [33A63B\D69A2D] Auto-router pass #438 on board '4b0a3d9074b92b5d2ad588ccbc8f3add' was completed in 0.58 seconds with the score of 923.62 (13 unrouted), using 9410.60 CPU seconds and 209443 MB memory.
2026-09-11 18:24:33.531 INFO   [33A63B\D69A2D] Auto-router pass #439 on board 'e9b7b66bd16a2b3e4be0a3da4b402606' was completed in 0.62 seconds with the score of 922.82 (13 unrouted), using 9546.03 CPU seconds and 211051 MB memory.
2026-09-11 18:24:34.108 INFO   [33A63B\D69A2D] Restoring an earlier board that has the score of 928.24 (12 unrouted).
2026-09-11 18:24:34.108 INFO   [33A63B\D69A2D] Auto-router pass #440 on board '68bbd5ae10ca688fd82ae832bc21c214' was completed in 0.57 seconds with the score of 928.19 (12 unrouted), using 9546.03 CPU seconds and 211051 MB memory.
2026-09-11 18:24:34.378 INFO   [33A63B\D69A2D] Auto-router pass #441 on board '4b0a3d9074b92b5d2ad588ccbc8f3add' was completed in 0.27 seconds with the score of 928.17 (12 unrouted), using 9546.03 CPU seconds and 211051 MB memory.
2026-09-11 18:24:34.511 INFO   [33A63B\D69A2D] Auto-router pass #442 on board 'b7a38af40c940fecce453b51e5d5e72f' was completed in 0.13 seconds with the score of 928.17 (12 unrouted), using 9546.03 CPU seconds and 211051 MB memory.
2026-09-11 18:24:34.639 INFO   [33A63B\D69A2D] Auto-router pass #443 on board 'b7a38af40c940fecce453b51e5d5e72f' was completed in 0.12 seconds with the score of 928.17 (12 unrouted), using 9682.41 CPU seconds and 212645 MB memory.
2026-09-11 18:24:35.104 INFO   [33A63B\D69A2D] Restoring an earlier board that has the score of 928.24 (12 unrouted).
2026-09-11 18:24:35.104 INFO   [33A63B\D69A2D] Auto-router pass #444 on board 'b7a38af40c940fecce453b51e5d5e72f' was completed in 0.46 seconds with the score of 928.17 (12 unrouted), using 9682.41 CPU seconds and 212645 MB memory.
2026-09-11 18:24:35.368 INFO   [33A63B\D69A2D] Auto-router pass #445 on board '4b0a3d9074b92b5d2ad588ccbc8f3add' was completed in 0.26 seconds with the score of 928.17 (12 unrouted), using 9682.41 CPU seconds and 212645 MB memory.
2026-09-11 18:24:35.496 INFO   [33A63B\D69A2D] Auto-router pass #446 on board 'b7a38af40c940fecce453b51e5d5e72f' was completed in 0.12 seconds with the score of 928.17 (12 unrouted), using 9682.41 CPU seconds and 212645 MB memory.
2026-09-11 18:24:35.622 INFO   [33A63B\D69A2D] Auto-router pass #447 on board 'b7a38af40c940fecce453b51e5d5e72f' was completed in 0.12 seconds with the score of 928.17 (12 unrouted), using 9819.75 CPU seconds and 214295 MB memory.
2026-09-11 18:24:36.070 INFO   [33A63B\D69A2D] Restoring an earlier board that has the score of 928.24 (12 unrouted).
2026-09-11 18:24:36.070 INFO   [33A63B\D69A2D] Auto-router pass #448 on board 'b7a38af40c940fecce453b51e5d5e72f' was completed in 0.45 seconds with the score of 928.17 (12 unrouted), using 9819.75 CPU seconds and 214295 MB memory.
2026-09-11 18:24:36.356 INFO   [33A63B\D69A2D] Auto-router pass #449 on board '4b0a3d9074b92b5d2ad588ccbc8f3add' was completed in 0.28 seconds with the score of 928.17 (12 unrouted), using 9819.75 CPU seconds and 214295 MB memory.
2026-09-11 18:24:36.481 INFO   [33A63B\D69A2D] Auto-router pass #450 on board 'b7a38af40c940fecce453b51e5d5e72f' was completed in 0.12 seconds with the score of 928.17 (12 unrouted), using 9819.75 CPU seconds and 214295 MB memory.
2026-09-11 18:24:36.604 INFO   [33A63B\D69A2D] Auto-router pass #451 on board 'b7a38af40c940fecce453b51e5d5e72f' was completed in 0.12 seconds with the score of 928.17 (12 unrouted), using 9958.04 CPU seconds and 215963 MB memory.
2026-09-11 18:24:37.051 INFO   [33A63B\D69A2D] Restoring an earlier board that has the score of 928.24 (12 unrouted).
2026-09-11 18:24:37.051 INFO   [33A63B\D69A2D] Auto-router pass #452 on board 'b7a38af40c940fecce453b51e5d5e72f' was completed in 0.44 seconds with the score of 928.17 (12 unrouted), using 9958.04 CPU seconds and 215963 MB memory.
2026-09-11 18:24:37.336 INFO   [33A63B\D69A2D] Auto-router pass #453 on board '4b0a3d9074b92b5d2ad588ccbc8f3add' was completed in 0.28 seconds with the score of 928.17 (12 unrouted), using 9958.04 CPU seconds and 215963 MB memory.
2026-09-11 18:24:37.461 INFO   [33A63B\D69A2D] Auto-router pass #454 on board 'b7a38af40c940fecce453b51e5d5e72f' was completed in 0.12 seconds with the score of 928.17 (12 unrouted), using 9958.04 CPU seconds and 215963 MB memory.
2026-09-11 18:24:37.587 INFO   [33A63B\D69A2D] Auto-router pass #455 on board 'b7a38af40c940fecce453b51e5d5e72f' was completed in 0.12 seconds with the score of 928.17 (12 unrouted), using 10097.30 CPU seconds and 217624 MB memory.
2026-09-11 18:24:38.039 INFO   [33A63B\D69A2D] Restoring an earlier board that has the score of 928.17 (12 unrouted).
2026-09-11 18:24:38.039 INFO   [33A63B\D69A2D] Auto-router pass #456 on board 'b7a38af40c940fecce453b51e5d5e72f' was completed in 0.45 seconds with the score of 928.17 (12 unrouted), using 10097.30 CPU seconds and 217624 MB memory.
2026-09-11 18:24:38.292 INFO   [33A63B\D69A2D] Auto-router pass #457 on board 'b7a38af40c940fecce453b51e5d5e72f' was completed in 0.25 seconds with the score of 927.10 (12 unrouted), using 10097.30 CPU seconds and 217624 MB memory.
2026-09-11 18:24:38.431 INFO   [33A63B\D69A2D] Auto-router pass #458 on board 'b82f11e0122a8320e73a0c7213cdbb2e' was completed in 0.13 seconds with the score of 927.10 (12 unrouted), using 10097.30 CPU seconds and 217624 MB memory.
2026-09-11 18:24:38.560 INFO   [33A63B\D69A2D] Auto-router pass #459 on board 'b82f11e0122a8320e73a0c7213cdbb2e' was completed in 0.13 seconds with the score of 927.10 (12 unrouted), using 10237.52 CPU seconds and 219282 MB memory.
2026-09-11 18:24:39.096 INFO   [33A63B\D69A2D] Restoring an earlier board that has the score of 928.17 (12 unrouted).
2026-09-11 18:24:39.096 INFO   [33A63B\D69A2D] Auto-router pass #460 on board 'b82f11e0122a8320e73a0c7213cdbb2e' was completed in 0.53 seconds with the score of 927.10 (12 unrouted), using 10237.52 CPU seconds and 219282 MB memory.
2026-09-11 18:24:39.360 INFO   [33A63B\D69A2D] Auto-router pass #461 on board 'b7a38af40c940fecce453b51e5d5e72f' was completed in 0.26 seconds with the score of 928.17 (12 unrouted), using 10237.52 CPU seconds and 219282 MB memory.
2026-09-11 18:24:39.490 INFO   [33A63B\D69A2D] Auto-router pass #462 on board 'b7a38af40c940fecce453b51e5d5e72f' was completed in 0.13 seconds with the score of 928.17 (12 unrouted), using 10237.52 CPU seconds and 219282 MB memory.
2026-09-11 18:24:39.615 INFO   [33A63B\D69A2D] Auto-router pass #463 on board 'b7a38af40c940fecce453b51e5d5e72f' was completed in 0.12 seconds with the score of 928.17 (12 unrouted), using 10378.70 CPU seconds and 220920 MB memory.
2026-09-11 18:24:40.068 INFO   [33A63B\D69A2D] Restoring an earlier board that has the score of 928.17 (12 unrouted).
2026-09-11 18:24:40.069 INFO   [33A63B\D69A2D] Auto-router pass #464 on board 'b7a38af40c940fecce453b51e5d5e72f' was completed in 0.45 seconds with the score of 928.17 (12 unrouted), using 10378.70 CPU seconds and 220920 MB memory.
2026-09-11 18:24:40.335 INFO   [33A63B\D69A2D] Auto-router pass #465 on board 'b7a38af40c940fecce453b51e5d5e72f' was completed in 0.26 seconds with the score of 928.17 (12 unrouted), using 10378.70 CPU seconds and 220920 MB memory.
2026-09-11 18:24:40.457 INFO   [33A63B\D69A2D] Auto-router pass #466 on board 'b7a38af40c940fecce453b51e5d5e72f' was completed in 0.12 seconds with the score of 928.17 (12 unrouted), using 10378.70 CPU seconds and 220920 MB memory.
2026-09-11 18:24:40.581 INFO   [33A63B\D69A2D] Auto-router pass #467 on board 'b7a38af40c940fecce453b51e5d5e72f' was completed in 0.12 seconds with the score of 928.17 (12 unrouted), using 10520.84 CPU seconds and 222611 MB memory.
2026-09-11 18:24:41.029 INFO   [33A63B\D69A2D] Restoring an earlier board that has the score of 928.17 (12 unrouted).
2026-09-11 18:24:41.029 INFO   [33A63B\D69A2D] Auto-router pass #468 on board 'b7a38af40c940fecce453b51e5d5e72f' was completed in 0.45 seconds with the score of 928.17 (12 unrouted), using 10520.84 CPU seconds and 222611 MB memory.
2026-09-11 18:24:41.282 INFO   [33A63B\D69A2D] Auto-router pass #469 on board 'b7a38af40c940fecce453b51e5d5e72f' was completed in 0.25 seconds with the score of 927.10 (12 unrouted), using 10520.84 CPU seconds and 222611 MB memory.
2026-09-11 18:24:41.430 INFO   [33A63B\D69A2D] Auto-router pass #470 on board '1ff1baa38fe39182efef921312fa6ddd' was completed in 0.14 seconds with the score of 927.10 (12 unrouted), using 10520.84 CPU seconds and 222611 MB memory.
2026-09-11 18:24:41.554 INFO   [33A63B\D69A2D] Auto-router pass #471 on board '1ff1baa38fe39182efef921312fa6ddd' was completed in 0.12 seconds with the score of 927.10 (12 unrouted), using 10663.96 CPU seconds and 224283 MB memory.
2026-09-11 18:24:43.626 INFO   [33A63B\D69A2D] Restoring an earlier board that has the score of 927.22 (12 unrouted).
2026-09-11 18:24:43.627 INFO   [33A63B\D69A2D] Auto-router pass #472 on board '1ff1baa38fe39182efef921312fa6ddd' was completed in 2.07 seconds with the score of 928.00 (12 unrouted), using 10953.07 CPU seconds and 227307 MB memory.
2026-09-11 18:24:43.898 INFO   [33A63B\D69A2D] Auto-router pass #473 on board 'f2777f2d5482b56403f980c86abbacef' was completed in 0.27 seconds with the score of 927.11 (12 unrouted), using 10953.07 CPU seconds and 227307 MB memory.
2026-09-11 18:24:44.023 INFO   [33A63B\D69A2D] Auto-router pass #474 on board 'a9dda4561c0b6c9da4932a8fc37429aa' was completed in 0.12 seconds with the score of 927.11 (12 unrouted), using 10953.07 CPU seconds and 227307 MB memory.
2026-09-11 18:24:44.151 INFO   [33A63B\D69A2D] Auto-router pass #475 on board 'a9dda4561c0b6c9da4932a8fc37429aa' was completed in 0.13 seconds with the score of 927.11 (12 unrouted), using 10953.07 CPU seconds and 227307 MB memory.
2026-09-11 18:24:44.612 INFO   [33A63B\D69A2D] Restoring an earlier board that has the score of 927.22 (12 unrouted).
2026-09-11 18:24:44.612 INFO   [33A63B\D69A2D] Auto-router pass #476 on board 'a9dda4561c0b6c9da4932a8fc37429aa' was completed in 0.46 seconds with the score of 927.11 (12 unrouted), using 11099.08 CPU seconds and 228945 MB memory.
2026-09-11 18:24:44.877 INFO   [33A63B\D69A2D] Auto-router pass #477 on board 'f1581d7157682fda0225aaaf4537a335' was completed in 0.26 seconds with the score of 927.11 (12 unrouted), using 11099.08 CPU seconds and 228945 MB memory.
2026-09-11 18:24:45.007 INFO   [33A63B\D69A2D] Auto-router pass #478 on board '70be1ac6140efef407fc7eedbf6eeeb3' was completed in 0.12 seconds with the score of 927.11 (12 unrouted), using 11099.08 CPU seconds and 228945 MB memory.
2026-09-11 18:24:45.131 INFO   [33A63B\D69A2D] Auto-router pass #479 on board '70be1ac6140efef407fc7eedbf6eeeb3' was completed in 0.12 seconds with the score of 927.11 (12 unrouted), using 11099.08 CPU seconds and 228945 MB memory.
2026-09-11 18:24:45.605 INFO   [33A63B\D69A2D] Restoring an earlier board that has the score of 927.22 (12 unrouted).
2026-09-11 18:24:45.605 INFO   [33A63B\D69A2D] Auto-router pass #480 on board '70be1ac6140efef407fc7eedbf6eeeb3' was completed in 0.47 seconds with the score of 927.11 (12 unrouted), using 11246.04 CPU seconds and 230607 MB memory.
2026-09-11 18:24:45.874 INFO   [33A63B\D69A2D] Auto-router pass #481 on board 'f1581d7157682fda0225aaaf4537a335' was completed in 0.27 seconds with the score of 927.11 (12 unrouted), using 11246.04 CPU seconds and 230607 MB memory.
2026-09-11 18:24:45.996 INFO   [33A63B\D69A2D] Auto-router pass #482 on board '70be1ac6140efef407fc7eedbf6eeeb3' was completed in 0.12 seconds with the score of 927.11 (12 unrouted), using 11246.04 CPU seconds and 230607 MB memory.
2026-09-11 18:24:46.122 INFO   [33A63B\D69A2D] Auto-router pass #483 on board '70be1ac6140efef407fc7eedbf6eeeb3' was completed in 0.12 seconds with the score of 927.11 (12 unrouted), using 11246.04 CPU seconds and 230607 MB memory.
2026-09-11 18:24:47.883 INFO   [33A63B\D69A2D] Restoring an earlier board that has the score of 927.22 (12 unrouted).
2026-09-11 18:24:47.883 INFO   [33A63B\D69A2D] Auto-router pass #484 on board '70be1ac6140efef407fc7eedbf6eeeb3' was completed in 1.76 seconds with the score of 928.10 (12 unrouted), using 11542.86 CPU seconds and 233785 MB memory.
2026-09-11 18:24:48.148 INFO   [33A63B\D69A2D] Auto-router pass #485 on board 'f1581d7157682fda0225aaaf4537a335' was completed in 0.26 seconds with the score of 927.11 (12 unrouted), using 11542.86 CPU seconds and 233785 MB memory.
2026-09-11 18:24:48.271 INFO   [33A63B\D69A2D] Auto-router pass #486 on board '70be1ac6140efef407fc7eedbf6eeeb3' was completed in 0.12 seconds with the score of 927.11 (12 unrouted), using 11542.86 CPU seconds and 233785 MB memory.
2026-09-11 18:24:48.396 INFO   [33A63B\D69A2D] Auto-router pass #487 on board '70be1ac6140efef407fc7eedbf6eeeb3' was completed in 0.12 seconds with the score of 927.11 (12 unrouted), using 11542.86 CPU seconds and 233785 MB memory.
2026-09-11 18:24:48.893 INFO   [33A63B\D69A2D] Restoring an earlier board that has the score of 927.22 (12 unrouted).
2026-09-11 18:24:48.894 INFO   [33A63B\D69A2D] Auto-router pass #488 on board '70be1ac6140efef407fc7eedbf6eeeb3' was completed in 0.49 seconds with the score of 927.11 (12 unrouted), using 11692.71 CPU seconds and 235407 MB memory.
2026-09-11 18:24:49.174 INFO   [33A63B\D69A2D] Auto-router pass #489 on board 'f1581d7157682fda0225aaaf4537a335' was completed in 0.28 seconds with the score of 927.11 (12 unrouted), using 11692.71 CPU seconds and 235407 MB memory.
2026-09-11 18:24:49.298 INFO   [33A63B\D69A2D] Auto-router pass #490 on board '70be1ac6140efef407fc7eedbf6eeeb3' was completed in 0.12 seconds with the score of 927.11 (12 unrouted), using 11692.71 CPU seconds and 235407 MB memory.
2026-09-11 18:24:49.422 INFO   [33A63B\D69A2D] Auto-router pass #491 on board '70be1ac6140efef407fc7eedbf6eeeb3' was completed in 0.12 seconds with the score of 927.11 (12 unrouted), using 11692.71 CPU seconds and 235407 MB memory.
2026-09-11 18:24:49.927 INFO   [33A63B\D69A2D] Restoring an earlier board that has the score of 927.20 (12 unrouted).
2026-09-11 18:24:49.927 INFO   [33A63B\D69A2D] Auto-router pass #492 on board '70be1ac6140efef407fc7eedbf6eeeb3' was completed in 0.50 seconds with the score of 927.11 (12 unrouted), using 11843.52 CPU seconds and 237074 MB memory.
2026-09-11 18:24:50.206 INFO   [33A63B\D69A2D] Auto-router pass #493 on board '9eaa3a337418cb7fe2d37a1f457a80b9' was completed in 0.28 seconds with the score of 927.11 (12 unrouted), using 11843.52 CPU seconds and 237074 MB memory.
2026-09-11 18:24:50.342 INFO   [33A63B\D69A2D] Auto-router pass #494 on board '86e58c3a26e848b08da6f93bcf065048' was completed in 0.13 seconds with the score of 927.11 (12 unrouted), using 11843.52 CPU seconds and 237074 MB memory.
2026-09-11 18:24:50.466 INFO   [33A63B\D69A2D] Auto-router pass #495 on board '86e58c3a26e848b08da6f93bcf065048' was completed in 0.12 seconds with the score of 927.11 (12 unrouted), using 11843.52 CPU seconds and 237074 MB memory.
2026-09-11 18:24:50.904 INFO   [33A63B\D69A2D] Restoring an earlier board that has the score of 927.20 (12 unrouted).
2026-09-11 18:24:50.905 INFO   [33A63B\D69A2D] Auto-router pass #496 on board '86e58c3a26e848b08da6f93bcf065048' was completed in 0.43 seconds with the score of 927.11 (12 unrouted), using 11995.29 CPU seconds and 238730 MB memory.
2026-09-11 18:24:51.167 INFO   [33A63B\D69A2D] Auto-router pass #497 on board '9eaa3a337418cb7fe2d37a1f457a80b9' was completed in 0.26 seconds with the score of 927.11 (12 unrouted), using 11995.29 CPU seconds and 238730 MB memory.
2026-09-11 18:24:51.292 INFO   [33A63B\D69A2D] Auto-router pass #498 on board '86e58c3a26e848b08da6f93bcf065048' was completed in 0.12 seconds with the score of 927.11 (12 unrouted), using 11995.29 CPU seconds and 238730 MB memory.
2026-09-11 18:24:51.415 INFO   [33A63B\D69A2D] Auto-router pass #499 on board '86e58c3a26e848b08da6f93bcf065048' was completed in 0.12 seconds with the score of 927.11 (12 unrouted), using 11995.29 CPU seconds and 238730 MB memory.
2026-09-11 18:24:51.843 INFO   [33A63B\D69A2D] Restoring an earlier board that has the score of 927.20 (12 unrouted).
2026-09-11 18:24:51.843 INFO   [33A63B\D69A2D] Auto-router pass #500 on board '86e58c3a26e848b08da6f93bcf065048' was completed in 0.42 seconds with the score of 927.11 (12 unrouted), using 12148.03 CPU seconds and 240391 MB memory.
2026-09-11 18:24:52.116 INFO   [33A63B\D69A2D] Auto-router pass #501 on board '9eaa3a337418cb7fe2d37a1f457a80b9' was completed in 0.27 seconds with the score of 927.11 (12 unrouted), using 12148.03 CPU seconds and 240391 MB memory.
2026-09-11 18:24:52.248 INFO   [33A63B\D69A2D] Auto-router pass #502 on board '86e58c3a26e848b08da6f93bcf065048' was completed in 0.13 seconds with the score of 927.11 (12 unrouted), using 12148.03 CPU seconds and 240391 MB memory.
2026-09-11 18:24:52.373 INFO   [33A63B\D69A2D] Auto-router pass #503 on board '86e58c3a26e848b08da6f93bcf065048' was completed in 0.12 seconds with the score of 927.11 (12 unrouted), using 12148.03 CPU seconds and 240391 MB memory.
2026-09-11 18:24:52.800 INFO   [33A63B\D69A2D] Restoring an earlier board that has the score of 927.20 (12 unrouted).
2026-09-11 18:24:52.800 INFO   [33A63B\D69A2D] Auto-router pass #504 on board '86e58c3a26e848b08da6f93bcf065048' was completed in 0.42 seconds with the score of 927.11 (12 unrouted), using 12301.73 CPU seconds and 242060 MB memory.
2026-09-11 18:24:53.076 INFO   [33A63B\D69A2D] Auto-router pass #505 on board '9eaa3a337418cb7fe2d37a1f457a80b9' was completed in 0.27 seconds with the score of 927.11 (12 unrouted), using 12301.73 CPU seconds and 242060 MB memory.
2026-09-11 18:24:53.204 INFO   [33A63B\D69A2D] Auto-router pass #506 on board '86e58c3a26e848b08da6f93bcf065048' was completed in 0.12 seconds with the score of 927.11 (12 unrouted), using 12301.73 CPU seconds and 242060 MB memory.
2026-09-11 18:24:53.327 INFO   [33A63B\D69A2D] Auto-router pass #507 on board '86e58c3a26e848b08da6f93bcf065048' was completed in 0.12 seconds with the score of 927.11 (12 unrouted), using 12301.73 CPU seconds and 242060 MB memory.
2026-09-11 18:24:53.797 INFO   [33A63B\D69A2D] Restoring an earlier board that has the score of 927.11 (12 unrouted).
2026-09-11 18:24:53.797 INFO   [33A63B\D69A2D] Auto-router pass #508 on board '86e58c3a26e848b08da6f93bcf065048' was completed in 0.47 seconds with the score of 927.11 (12 unrouted), using 12456.41 CPU seconds and 243741 MB memory.
2026-09-11 18:24:54.059 INFO   [33A63B\D69A2D] Auto-router pass #509 on board '70be1ac6140efef407fc7eedbf6eeeb3' was completed in 0.26 seconds with the score of 927.11 (12 unrouted), using 12456.41 CPU seconds and 243741 MB memory.
2026-09-11 18:24:54.181 INFO   [33A63B\D69A2D] Auto-router pass #510 on board '70be1ac6140efef407fc7eedbf6eeeb3' was completed in 0.12 seconds with the score of 927.11 (12 unrouted), using 12456.41 CPU seconds and 243741 MB memory.
2026-09-11 18:24:54.302 INFO   [33A63B\D69A2D] Auto-router pass #511 on board '70be1ac6140efef407fc7eedbf6eeeb3' was completed in 0.12 seconds with the score of 927.11 (12 unrouted), using 12456.41 CPU seconds and 243741 MB memory.
2026-09-11 18:24:54.767 INFO   [33A63B\D69A2D] Restoring an earlier board that has the score of 927.11 (12 unrouted).
2026-09-11 18:24:54.767 INFO   [33A63B\D69A2D] Auto-router pass #512 on board '70be1ac6140efef407fc7eedbf6eeeb3' was completed in 0.46 seconds with the score of 927.11 (12 unrouted), using 12612.04 CPU seconds and 245423 MB memory.
2026-09-11 18:24:55.021 INFO   [33A63B\D69A2D] Auto-router pass #513 on board '70be1ac6140efef407fc7eedbf6eeeb3' was completed in 0.25 seconds with the score of 927.11 (12 unrouted), using 12612.04 CPU seconds and 245423 MB memory.
2026-09-11 18:24:55.142 INFO   [33A63B\D69A2D] Auto-router pass #514 on board '70be1ac6140efef407fc7eedbf6eeeb3' was completed in 0.12 seconds with the score of 927.11 (12 unrouted), using 12612.04 CPU seconds and 245423 MB memory.
2026-09-11 18:24:55.263 INFO   [33A63B\D69A2D] Auto-router pass #515 on board '70be1ac6140efef407fc7eedbf6eeeb3' was completed in 0.12 seconds with the score of 927.11 (12 unrouted), using 12612.04 CPU seconds and 245423 MB memory.
2026-09-11 18:24:55.764 INFO   [33A63B\D69A2D] Restoring an earlier board that has the score of 927.11 (12 unrouted).
2026-09-11 18:24:55.764 INFO   [33A63B\D69A2D] Auto-router pass #516 on board '70be1ac6140efef407fc7eedbf6eeeb3' was completed in 0.50 seconds with the score of 927.11 (12 unrouted), using 12768.65 CPU seconds and 247110 MB memory.
2026-09-11 18:24:56.076 WARN   MazeShoveTraceAlgo.check_shove_trace_line: trace_corner_no to big
2026-09-11 18:24:56.077 WARN   MazeShoveTraceAlgo.check_shove_trace_line: trace_corner_no to big
2026-09-11 18:24:56.285 WARN   MazeShoveTraceAlgo.check_shove_trace_line: trace_corner_no to big
2026-09-11 18:24:56.285 WARN   MazeShoveTraceAlgo.check_shove_trace_line: trace_corner_no to big
2026-09-11 18:24:56.442 INFO   [33A63B\D69A2D] Auto-router pass #517 on board '70be1ac6140efef407fc7eedbf6eeeb3' was completed in 0.68 seconds with the score of 927.11 (12 unrouted), using 12768.65 CPU seconds and 247110 MB memory.
2026-09-11 18:24:57.107 INFO   [33A63B\D69A2D] Auto-router pass #518 on board 'eddc687f99947d3953ae3b84be5bda73' was completed in 0.66 seconds with the score of 927.81 (12 unrouted), using 12926.21 CPU seconds and 248713 MB memory.
2026-09-11 18:24:57.754 INFO   [33A63B\D69A2D] Auto-router pass #519 on board '045b06f5c76156d433061ae6528f4c56' was completed in 0.64 seconds with the score of 927.81 (12 unrouted), using 13084.74 CPU seconds and 250301 MB memory.
2026-09-11 18:24:58.257 INFO   [33A63B\D69A2D] Restoring an earlier board that has the score of 927.81 (12 unrouted).
2026-09-11 18:24:58.257 INFO   [33A63B\D69A2D] Auto-router pass #520 on board 'c40c3ef7421ef7148470aa855ee596ef' was completed in 0.49 seconds with the score of 927.09 (12 unrouted), using 13084.74 CPU seconds and 250301 MB memory.
2026-09-11 18:24:58.528 INFO   [33A63B\D69A2D] Auto-router pass #521 on board '045b06f5c76156d433061ae6528f4c56' was completed in 0.27 seconds with the score of 927.09 (12 unrouted), using 13244.20 CPU seconds and 251843 MB memory.
2026-09-11 18:24:58.661 INFO   [33A63B\D69A2D] Auto-router pass #522 on board 'f02bff502f76e0de56d454198fe0b63b' was completed in 0.12 seconds with the score of 927.09 (12 unrouted), using 13244.20 CPU seconds and 251843 MB memory.
2026-09-11 18:24:58.802 INFO   [33A63B\D69A2D] Auto-router pass #523 on board 'f02bff502f76e0de56d454198fe0b63b' was completed in 0.14 seconds with the score of 927.09 (12 unrouted), using 13244.20 CPU seconds and 251843 MB memory.
2026-09-11 18:24:59.232 INFO   [33A63B\D69A2D] Restoring an earlier board that has the score of 927.81 (12 unrouted).
2026-09-11 18:24:59.232 INFO   [33A63B\D69A2D] Auto-router pass #524 on board 'f02bff502f76e0de56d454198fe0b63b' was completed in 0.43 seconds with the score of 927.09 (12 unrouted), using 13244.20 CPU seconds and 251843 MB memory.
2026-09-11 18:24:59.496 INFO   [33A63B\D69A2D] Auto-router pass #525 on board '045b06f5c76156d433061ae6528f4c56' was completed in 0.26 seconds with the score of 927.09 (12 unrouted), using 13244.20 CPU seconds and 251843 MB memory.
2026-09-11 18:24:59.625 INFO   [33A63B\D69A2D] Auto-router pass #526 on board 'f02bff502f76e0de56d454198fe0b63b' was completed in 0.13 seconds with the score of 927.09 (12 unrouted), using 13404.62 CPU seconds and 253491 MB memory.
2026-09-11 18:24:59.753 INFO   [33A63B\D69A2D] Auto-router pass #527 on board 'f02bff502f76e0de56d454198fe0b63b' was completed in 0.12 seconds with the score of 927.09 (12 unrouted), using 13404.62 CPU seconds and 253491 MB memory.
2026-09-11 18:25:00.197 INFO   [33A63B\D69A2D] Restoring an earlier board that has the score of 927.81 (12 unrouted).
2026-09-11 18:25:00.197 INFO   [33A63B\D69A2D] Auto-router pass #528 on board 'f02bff502f76e0de56d454198fe0b63b' was completed in 0.44 seconds with the score of 927.09 (12 unrouted), using 13404.62 CPU seconds and 253491 MB memory.
2026-09-11 18:25:00.451 INFO   [33A63B\D69A2D] Auto-router pass #529 on board '045b06f5c76156d433061ae6528f4c56' was completed in 0.25 seconds with the score of 927.09 (12 unrouted), using 13404.62 CPU seconds and 253491 MB memory.
2026-09-11 18:25:00.574 INFO   [33A63B\D69A2D] Auto-router pass #530 on board 'f02bff502f76e0de56d454198fe0b63b' was completed in 0.12 seconds with the score of 927.09 (12 unrouted), using 13566.01 CPU seconds and 255144 MB memory.
2026-09-11 18:25:00.700 INFO   [33A63B\D69A2D] Auto-router pass #531 on board 'f02bff502f76e0de56d454198fe0b63b' was completed in 0.12 seconds with the score of 927.09 (12 unrouted), using 13566.01 CPU seconds and 255144 MB memory.
2026-09-11 18:25:01.140 INFO   [33A63B\D69A2D] Restoring an earlier board that has the score of 927.81 (12 unrouted).
2026-09-11 18:25:01.140 INFO   [33A63B\D69A2D] Auto-router pass #532 on board 'f02bff502f76e0de56d454198fe0b63b' was completed in 0.44 seconds with the score of 927.09 (12 unrouted), using 13566.01 CPU seconds and 255144 MB memory.
2026-09-11 18:25:01.389 INFO   [33A63B\D69A2D] Auto-router pass #533 on board '045b06f5c76156d433061ae6528f4c56' was completed in 0.25 seconds with the score of 927.09 (12 unrouted), using 13566.01 CPU seconds and 255144 MB memory.
2026-09-11 18:25:01.517 INFO   [33A63B\D69A2D] Auto-router pass #534 on board 'f02bff502f76e0de56d454198fe0b63b' was completed in 0.12 seconds with the score of 927.09 (12 unrouted), using 13566.01 CPU seconds and 255144 MB memory.
2026-09-11 18:25:01.645 INFO   [33A63B\D69A2D] Auto-router pass #535 on board 'f02bff502f76e0de56d454198fe0b63b' was completed in 0.12 seconds with the score of 927.09 (12 unrouted), using 13728.37 CPU seconds and 256840 MB memory.
2026-09-11 18:25:02.109 INFO   [33A63B\D69A2D] Restoring an earlier board that has the score of 927.81 (12 unrouted).
2026-09-11 18:25:02.109 INFO   [33A63B\D69A2D] Auto-router pass #536 on board 'f02bff502f76e0de56d454198fe0b63b' was completed in 0.46 seconds with the score of 927.09 (12 unrouted), using 13728.37 CPU seconds and 256840 MB memory.
2026-09-11 18:25:02.364 INFO   [33A63B\D69A2D] Auto-router pass #537 on board 'c40c3ef7421ef7148470aa855ee596ef' was completed in 0.25 seconds with the score of 927.09 (12 unrouted), using 13728.37 CPU seconds and 256840 MB memory.
2026-09-11 18:25:02.492 INFO   [33A63B\D69A2D] Auto-router pass #538 on board '68760d5095cf21101e95e51c82c92c1f' was completed in 0.12 seconds with the score of 927.09 (12 unrouted), using 13728.37 CPU seconds and 256840 MB memory.
2026-09-11 18:25:02.615 INFO   [33A63B\D69A2D] Auto-router pass #539 on board '68760d5095cf21101e95e51c82c92c1f' was completed in 0.12 seconds with the score of 927.09 (12 unrouted), using 13891.70 CPU seconds and 258506 MB memory.
2026-09-11 18:25:03.063 INFO   [33A63B\D69A2D] Restoring an earlier board that has the score of 927.81 (12 unrouted).
2026-09-11 18:25:03.063 INFO   [33A63B\D69A2D] Auto-router pass #540 on board '68760d5095cf21101e95e51c82c92c1f' was completed in 0.45 seconds with the score of 927.09 (12 unrouted), using 13891.70 CPU seconds and 258506 MB memory.
2026-09-11 18:25:03.325 INFO   [33A63B\D69A2D] Auto-router pass #541 on board 'c40c3ef7421ef7148470aa855ee596ef' was completed in 0.26 seconds with the score of 927.09 (12 unrouted), using 13891.70 CPU seconds and 258506 MB memory.
2026-09-11 18:25:03.451 INFO   [33A63B\D69A2D] Auto-router pass #542 on board '68760d5095cf21101e95e51c82c92c1f' was completed in 0.12 seconds with the score of 927.09 (12 unrouted), using 13891.70 CPU seconds and 258506 MB memory.
2026-09-11 18:25:03.583 INFO   [33A63B\D69A2D] Auto-router pass #543 on board '68760d5095cf21101e95e51c82c92c1f' was completed in 0.13 seconds with the score of 927.09 (12 unrouted), using 14055.99 CPU seconds and 260157 MB memory.
2026-09-11 18:25:04.017 INFO   [33A63B\D69A2D] Restoring an earlier board that has the score of 927.81 (12 unrouted).
2026-09-11 18:25:04.017 INFO   [33A63B\D69A2D] Auto-router pass #544 on board '68760d5095cf21101e95e51c82c92c1f' was completed in 0.43 seconds with the score of 927.09 (12 unrouted), using 14055.99 CPU seconds and 260157 MB memory.
2026-09-11 18:25:04.287 INFO   [33A63B\D69A2D] Auto-router pass #545 on board 'c40c3ef7421ef7148470aa855ee596ef' was completed in 0.27 seconds with the score of 927.09 (12 unrouted), using 14055.99 CPU seconds and 260157 MB memory.
2026-09-11 18:25:04.415 INFO   [33A63B\D69A2D] Auto-router pass #546 on board '68760d5095cf21101e95e51c82c92c1f' was completed in 0.12 seconds with the score of 927.09 (12 unrouted), using 14055.99 CPU seconds and 260157 MB memory.
2026-09-11 18:25:04.542 INFO   [33A63B\D69A2D] Auto-router pass #547 on board '68760d5095cf21101e95e51c82c92c1f' was completed in 0.12 seconds with the score of 927.09 (12 unrouted), using 14221.24 CPU seconds and 261805 MB memory.
2026-09-11 18:25:04.981 INFO   [33A63B\D69A2D] Restoring an earlier board that has the score of 927.81 (12 unrouted).
2026-09-11 18:25:04.982 INFO   [33A63B\D69A2D] Auto-router pass #548 on board '68760d5095cf21101e95e51c82c92c1f' was completed in 0.44 seconds with the score of 927.09 (12 unrouted), using 14221.24 CPU seconds and 261805 MB memory.
2026-09-11 18:25:05.251 INFO   [33A63B\D69A2D] Auto-router pass #549 on board 'c40c3ef7421ef7148470aa855ee596ef' was completed in 0.27 seconds with the score of 927.09 (12 unrouted), using 14221.24 CPU seconds and 261805 MB memory.
2026-09-11 18:25:05.376 INFO   [33A63B\D69A2D] Auto-router pass #550 on board '68760d5095cf21101e95e51c82c92c1f' was completed in 0.12 seconds with the score of 927.09 (12 unrouted), using 14221.24 CPU seconds and 261805 MB memory.
2026-09-11 18:25:05.499 INFO   [33A63B\D69A2D] Auto-router pass #551 on board '68760d5095cf21101e95e51c82c92c1f' was completed in 0.12 seconds with the score of 927.09 (12 unrouted), using 14221.24 CPU seconds and 261805 MB memory.
2026-09-11 18:25:05.929 INFO   [33A63B\D69A2D] Restoring an earlier board that has the score of 927.11 (12 unrouted).
2026-09-11 18:25:05.929 INFO   [33A63B\D69A2D] Auto-router pass #552 on board '68760d5095cf21101e95e51c82c92c1f' was completed in 0.43 seconds with the score of 927.09 (12 unrouted), using 14387.46 CPU seconds and 263487 MB memory.
2026-09-11 18:25:06.191 INFO   [33A63B\D69A2D] Auto-router pass #553 on board '70be1ac6140efef407fc7eedbf6eeeb3' was completed in 0.26 seconds with the score of 927.11 (12 unrouted), using 14387.46 CPU seconds and 263487 MB memory.
2026-09-11 18:25:06.312 INFO   [33A63B\D69A2D] Auto-router pass #554 on board '70be1ac6140efef407fc7eedbf6eeeb3' was completed in 0.12 seconds with the score of 927.11 (12 unrouted), using 14387.46 CPU seconds and 263487 MB memory.
2026-09-11 18:25:06.437 INFO   [33A63B\D69A2D] Auto-router pass #555 on board '70be1ac6140efef407fc7eedbf6eeeb3' was completed in 0.12 seconds with the score of 927.11 (12 unrouted), using 14387.46 CPU seconds and 263487 MB memory.
2026-09-11 18:25:06.897 INFO   [33A63B\D69A2D] Restoring an earlier board that has the score of 927.11 (12 unrouted).
2026-09-11 18:25:06.897 INFO   [33A63B\D69A2D] Auto-router pass #556 on board '70be1ac6140efef407fc7eedbf6eeeb3' was completed in 0.46 seconds with the score of 927.11 (12 unrouted), using 14554.65 CPU seconds and 265181 MB memory.
2026-09-11 18:25:07.152 INFO   [33A63B\D69A2D] Auto-router pass #557 on board '86e58c3a26e848b08da6f93bcf065048' was completed in 0.25 seconds with the score of 927.11 (12 unrouted), using 14554.65 CPU seconds and 265181 MB memory.
2026-09-11 18:25:07.274 INFO   [33A63B\D69A2D] Auto-router pass #558 on board '86e58c3a26e848b08da6f93bcf065048' was completed in 0.12 seconds with the score of 927.11 (12 unrouted), using 14554.65 CPU seconds and 265181 MB memory.
2026-09-11 18:25:07.397 INFO   [33A63B\D69A2D] Auto-router pass #559 on board '86e58c3a26e848b08da6f93bcf065048' was completed in 0.12 seconds with the score of 927.11 (12 unrouted), using 14554.65 CPU seconds and 265181 MB memory.
2026-09-11 18:25:07.820 INFO   [33A63B\D69A2D] Restoring an earlier board that has the score of 927.11 (12 unrouted).
2026-09-11 18:25:07.820 INFO   [33A63B\D69A2D] Auto-router pass #560 on board '86e58c3a26e848b08da6f93bcf065048' was completed in 0.42 seconds with the score of 927.11 (12 unrouted), using 14722.82 CPU seconds and 266871 MB memory.
2026-09-11 18:25:08.076 INFO   [33A63B\D69A2D] Auto-router pass #561 on board '86e58c3a26e848b08da6f93bcf065048' was completed in 0.25 seconds with the score of 927.11 (12 unrouted), using 14722.82 CPU seconds and 266871 MB memory.
2026-09-11 18:25:08.198 INFO   [33A63B\D69A2D] Auto-router pass #562 on board '86e58c3a26e848b08da6f93bcf065048' was completed in 0.12 seconds with the score of 927.11 (12 unrouted), using 14722.82 CPU seconds and 266871 MB memory.
2026-09-11 18:25:08.321 INFO   [33A63B\D69A2D] Auto-router pass #563 on board '86e58c3a26e848b08da6f93bcf065048' was completed in 0.12 seconds with the score of 927.11 (12 unrouted), using 14722.82 CPU seconds and 266871 MB memory.
2026-09-11 18:25:08.763 INFO   [33A63B\D69A2D] Restoring an earlier board that has the score of 927.11 (12 unrouted).
2026-09-11 18:25:08.763 INFO   [33A63B\D69A2D] Auto-router pass #564 on board '86e58c3a26e848b08da6f93bcf065048' was completed in 0.44 seconds with the score of 927.11 (12 unrouted), using 14891.94 CPU seconds and 268544 MB memory.
2026-09-11 18:25:09.023 INFO   [33A63B\D69A2D] Auto-router pass #565 on board '86e58c3a26e848b08da6f93bcf065048' was completed in 0.26 seconds with the score of 927.11 (12 unrouted), using 14891.94 CPU seconds and 268544 MB memory.
2026-09-11 18:25:09.144 INFO   [33A63B\D69A2D] Auto-router pass #566 on board '86e58c3a26e848b08da6f93bcf065048' was completed in 0.12 seconds with the score of 927.11 (12 unrouted), using 14891.94 CPU seconds and 268544 MB memory.
2026-09-11 18:25:09.266 INFO   [33A63B\D69A2D] Auto-router pass #567 on board '86e58c3a26e848b08da6f93bcf065048' was completed in 0.12 seconds with the score of 927.11 (12 unrouted), using 14891.94 CPU seconds and 268544 MB memory.
2026-09-11 18:25:09.650 INFO   [33A63B\D69A2D] Restoring an earlier board that has the score of 927.11 (12 unrouted).
2026-09-11 18:25:09.650 INFO   [33A63B\D69A2D] Auto-router pass #568 on board '86e58c3a26e848b08da6f93bcf065048' was completed in 0.38 seconds with the score of 927.11 (12 unrouted), using 15062.04 CPU seconds and 270253 MB memory.
2026-09-11 18:25:10.270 INFO   [33A63B\D69A2D] Auto-router pass #569 on board '86e58c3a26e848b08da6f93bcf065048' was completed in 0.62 seconds with the score of 927.11 (12 unrouted), using 15062.04 CPU seconds and 270253 MB memory.
2026-09-11 18:25:10.869 INFO   [33A63B\D69A2D] Auto-router pass #570 on board 'b95f3f92143537b63128cfb11b92492d' was completed in 0.59 seconds with the score of 927.11 (12 unrouted), using 15233.09 CPU seconds and 271871 MB memory.
2026-09-11 18:25:11.507 INFO   [33A63B\D69A2D] Auto-router pass #571 on board 'b0970c4576098f037c88db7f2c87b9e6' was completed in 0.63 seconds with the score of 927.11 (12 unrouted), using 15233.09 CPU seconds and 271871 MB memory.
2026-09-11 18:25:12.029 INFO   [33A63B\D69A2D] Restoring an earlier board that has the score of 927.11 (12 unrouted).
2026-09-11 18:25:12.030 INFO   [33A63B\D69A2D] Auto-router pass #572 on board '824f7754b4d98f7aaf7ed16bb561a64f' was completed in 0.52 seconds with the score of 927.11 (12 unrouted), using 15405.11 CPU seconds and 273486 MB memory.
2026-09-11 18:25:12.290 INFO   [33A63B\D69A2D] Auto-router pass #573 on board '824f7754b4d98f7aaf7ed16bb561a64f' was completed in 0.26 seconds with the score of 927.11 (12 unrouted), using 15405.11 CPU seconds and 273486 MB memory.
2026-09-11 18:25:12.414 INFO   [33A63B\D69A2D] Auto-router pass #574 on board '824f7754b4d98f7aaf7ed16bb561a64f' was completed in 0.12 seconds with the score of 927.11 (12 unrouted), using 15405.11 CPU seconds and 273486 MB memory.
2026-09-11 18:25:12.544 INFO   [33A63B\D69A2D] Auto-router pass #575 on board '824f7754b4d98f7aaf7ed16bb561a64f' was completed in 0.13 seconds with the score of 927.11 (12 unrouted), using 15578.09 CPU seconds and 275117 MB memory.
2026-09-11 18:25:13.012 INFO   [33A63B\D69A2D] Restoring an earlier board that has the score of 927.11 (12 unrouted).
2026-09-11 18:25:13.012 INFO   [33A63B\D69A2D] Auto-router pass #576 on board '824f7754b4d98f7aaf7ed16bb561a64f' was completed in 0.47 seconds with the score of 927.11 (12 unrouted), using 15578.09 CPU seconds and 275117 MB memory.
2026-09-11 18:25:13.272 INFO   [33A63B\D69A2D] Auto-router pass #577 on board '824f7754b4d98f7aaf7ed16bb561a64f' was completed in 0.26 seconds with the score of 927.11 (12 unrouted), using 15578.09 CPU seconds and 275117 MB memory.
2026-09-11 18:25:13.397 INFO   [33A63B\D69A2D] Auto-router pass #578 on board '824f7754b4d98f7aaf7ed16bb561a64f' was completed in 0.12 seconds with the score of 927.11 (12 unrouted), using 15578.09 CPU seconds and 275117 MB memory.
2026-09-11 18:25:13.521 INFO   [33A63B\D69A2D] Auto-router pass #579 on board '824f7754b4d98f7aaf7ed16bb561a64f' was completed in 0.12 seconds with the score of 927.11 (12 unrouted), using 15578.09 CPU seconds and 275117 MB memory.
2026-09-11 18:25:14.023 INFO   [33A63B\D69A2D] Restoring an earlier board that has the score of 927.11 (12 unrouted).
2026-09-11 18:25:14.023 INFO   [33A63B\D69A2D] Auto-router pass #580 on board '824f7754b4d98f7aaf7ed16bb561a64f' was completed in 0.50 seconds with the score of 927.11 (12 unrouted), using 15752.02 CPU seconds and 276770 MB memory.
2026-09-11 18:25:14.284 INFO   [33A63B\D69A2D] Auto-router pass #581 on board '824f7754b4d98f7aaf7ed16bb561a64f' was completed in 0.26 seconds with the score of 927.11 (12 unrouted), using 15752.02 CPU seconds and 276770 MB memory.
2026-09-11 18:25:14.405 INFO   [33A63B\D69A2D] Auto-router pass #582 on board '824f7754b4d98f7aaf7ed16bb561a64f' was completed in 0.12 seconds with the score of 927.11 (12 unrouted), using 15752.02 CPU seconds and 276770 MB memory.
2026-09-11 18:25:14.535 INFO   [33A63B\D69A2D] Auto-router pass #583 on board '824f7754b4d98f7aaf7ed16bb561a64f' was completed in 0.13 seconds with the score of 927.11 (12 unrouted), using 15752.02 CPU seconds and 276770 MB memory.
2026-09-11 18:25:15.009 INFO   [33A63B\D69A2D] Restoring an earlier board that has the score of 927.11 (12 unrouted).
2026-09-11 18:25:15.009 INFO   [33A63B\D69A2D] Auto-router pass #584 on board '824f7754b4d98f7aaf7ed16bb561a64f' was completed in 0.47 seconds with the score of 927.11 (12 unrouted), using 15926.92 CPU seconds and 278429 MB memory.
2026-09-11 18:25:15.270 INFO   [33A63B\D69A2D] Auto-router pass #585 on board '824f7754b4d98f7aaf7ed16bb561a64f' was completed in 0.26 seconds with the score of 927.11 (12 unrouted), using 15926.92 CPU seconds and 278429 MB memory.
2026-09-11 18:25:15.396 INFO   [33A63B\D69A2D] Auto-router pass #586 on board '824f7754b4d98f7aaf7ed16bb561a64f' was completed in 0.12 seconds with the score of 927.11 (12 unrouted), using 15926.92 CPU seconds and 278429 MB memory.
2026-09-11 18:25:15.520 INFO   [33A63B\D69A2D] Auto-router pass #587 on board '824f7754b4d98f7aaf7ed16bb561a64f' was completed in 0.12 seconds with the score of 927.11 (12 unrouted), using 15926.92 CPU seconds and 278429 MB memory.
2026-09-11 18:25:15.987 INFO   [33A63B\D69A2D] Restoring an earlier board that has the score of 927.11 (12 unrouted).
2026-09-11 18:25:15.987 INFO   [33A63B\D69A2D] Auto-router pass #588 on board '824f7754b4d98f7aaf7ed16bb561a64f' was completed in 0.46 seconds with the score of 927.11 (12 unrouted), using 16102.79 CPU seconds and 280106 MB memory.
2026-09-11 18:25:16.251 INFO   [33A63B\D69A2D] Auto-router pass #589 on board 'a9dda4561c0b6c9da4932a8fc37429aa' was completed in 0.26 seconds with the score of 927.11 (12 unrouted), using 16102.79 CPU seconds and 280106 MB memory.
2026-09-11 18:25:16.377 INFO   [33A63B\D69A2D] Auto-router pass #590 on board 'a9dda4561c0b6c9da4932a8fc37429aa' was completed in 0.12 seconds with the score of 927.11 (12 unrouted), using 16102.79 CPU seconds and 280106 MB memory.
2026-09-11 18:25:16.503 INFO   [33A63B\D69A2D] Auto-router pass #591 on board 'a9dda4561c0b6c9da4932a8fc37429aa' was completed in 0.12 seconds with the score of 927.11 (12 unrouted), using 16102.79 CPU seconds and 280106 MB memory.
2026-09-11 18:25:16.967 INFO   [33A63B\D69A2D] Restoring an earlier board that has the score of 927.11 (12 unrouted).
2026-09-11 18:25:16.967 INFO   [33A63B\D69A2D] Auto-router pass #592 on board 'a9dda4561c0b6c9da4932a8fc37429aa' was completed in 0.46 seconds with the score of 927.11 (12 unrouted), using 16279.63 CPU seconds and 281774 MB memory.
2026-09-11 18:25:17.227 INFO   [33A63B\D69A2D] Auto-router pass #593 on board 'a9dda4561c0b6c9da4932a8fc37429aa' was completed in 0.26 seconds with the score of 927.11 (12 unrouted), using 16279.63 CPU seconds and 281774 MB memory.
2026-09-11 18:25:17.352 INFO   [33A63B\D69A2D] Auto-router pass #594 on board 'a9dda4561c0b6c9da4932a8fc37429aa' was completed in 0.12 seconds with the score of 927.11 (12 unrouted), using 16279.63 CPU seconds and 281774 MB memory.
2026-09-11 18:25:17.476 INFO   [33A63B\D69A2D] Auto-router pass #595 on board 'a9dda4561c0b6c9da4932a8fc37429aa' was completed in 0.12 seconds with the score of 927.11 (12 unrouted), using 16279.63 CPU seconds and 281774 MB memory.
2026-09-11 18:25:17.949 INFO   [33A63B\D69A2D] Restoring an earlier board that has the score of 927.11 (12 unrouted).
2026-09-11 18:25:17.949 INFO   [33A63B\D69A2D] Auto-router pass #596 on board 'a9dda4561c0b6c9da4932a8fc37429aa' was completed in 0.47 seconds with the score of 927.11 (12 unrouted), using 16457.44 CPU seconds and 283438 MB memory.
2026-09-11 18:25:18.206 INFO   [33A63B\D69A2D] Auto-router pass #597 on board 'a9dda4561c0b6c9da4932a8fc37429aa' was completed in 0.25 seconds with the score of 927.11 (12 unrouted), using 16457.44 CPU seconds and 283438 MB memory.
2026-09-11 18:25:18.334 INFO   [33A63B\D69A2D] Auto-router pass #598 on board 'a9dda4561c0b6c9da4932a8fc37429aa' was completed in 0.12 seconds with the score of 927.11 (12 unrouted), using 16457.44 CPU seconds and 283438 MB memory.
2026-09-11 18:25:18.455 INFO   [33A63B\D69A2D] Auto-router pass #599 on board 'a9dda4561c0b6c9da4932a8fc37429aa' was completed in 0.12 seconds with the score of 927.11 (12 unrouted), using 16457.44 CPU seconds and 283438 MB memory.
2026-09-11 18:25:18.908 INFO   [33A63B\D69A2D] Restoring an earlier board that has the score of 927.11 (12 unrouted).
2026-09-11 18:25:18.908 INFO   [33A63B\D69A2D] Auto-router pass #600 on board 'a9dda4561c0b6c9da4932a8fc37429aa' was completed in 0.45 seconds with the score of 927.11 (12 unrouted), using 16636.22 CPU seconds and 285114 MB memory.
2026-09-11 18:25:19.157 INFO   [33A63B\D69A2D] Auto-router pass #601 on board 'a9dda4561c0b6c9da4932a8fc37429aa' was completed in 0.25 seconds with the score of 927.10 (12 unrouted), using 16636.22 CPU seconds and 285114 MB memory.
2026-09-11 18:25:19.303 INFO   [33A63B\D69A2D] Auto-router pass #602 on board '2b4dbc48d50e5d393bf5271728ad4ab0' was completed in 0.14 seconds with the score of 927.10 (12 unrouted), using 16636.22 CPU seconds and 285114 MB memory.
2026-09-11 18:25:19.427 INFO   [33A63B\D69A2D] Auto-router pass #603 on board '2b4dbc48d50e5d393bf5271728ad4ab0' was completed in 0.12 seconds with the score of 927.10 (12 unrouted), using 16636.22 CPU seconds and 285114 MB memory.
2026-09-11 18:25:19.949 INFO   [33A63B\D69A2D] Restoring an earlier board that has the score of 927.11 (12 unrouted).
2026-09-11 18:25:19.950 INFO   [33A63B\D69A2D] Auto-router pass #604 on board '2b4dbc48d50e5d393bf5271728ad4ab0' was completed in 0.52 seconds with the score of 927.10 (12 unrouted), using 16815.96 CPU seconds and 286797 MB memory.
2026-09-11 18:25:20.210 INFO   [33A63B\D69A2D] Auto-router pass #605 on board 'b95f3f92143537b63128cfb11b92492d' was completed in 0.26 seconds with the score of 927.11 (12 unrouted), using 16815.96 CPU seconds and 286797 MB memory.
2026-09-11 18:25:20.332 INFO   [33A63B\D69A2D] Auto-router pass #606 on board 'b95f3f92143537b63128cfb11b92492d' was completed in 0.12 seconds with the score of 927.11 (12 unrouted), using 16815.96 CPU seconds and 286797 MB memory.
2026-09-11 18:25:20.455 INFO   [33A63B\D69A2D] Auto-router pass #607 on board 'b95f3f92143537b63128cfb11b92492d' was completed in 0.12 seconds with the score of 927.11 (12 unrouted), using 16815.96 CPU seconds and 286797 MB memory.
2026-09-11 18:25:20.880 INFO   [33A63B\D69A2D] Restoring an earlier board that has the score of 927.11 (12 unrouted).
2026-09-11 18:25:20.880 INFO   [33A63B\D69A2D] Auto-router pass #608 on board 'b95f3f92143537b63128cfb11b92492d' was completed in 0.42 seconds with the score of 927.11 (12 unrouted), using 16996.67 CPU seconds and 288447 MB memory.
2026-09-11 18:25:21.129 INFO   [33A63B\D69A2D] Auto-router pass #609 on board 'b95f3f92143537b63128cfb11b92492d' was completed in 0.25 seconds with the score of 927.11 (12 unrouted), using 16996.67 CPU seconds and 288447 MB memory.
2026-09-11 18:25:21.252 INFO   [33A63B\D69A2D] Auto-router pass #610 on board 'b95f3f92143537b63128cfb11b92492d' was completed in 0.12 seconds with the score of 927.11 (12 unrouted), using 16996.67 CPU seconds and 288447 MB memory.
2026-09-11 18:25:21.379 INFO   [33A63B\D69A2D] Auto-router pass #611 on board 'b95f3f92143537b63128cfb11b92492d' was completed in 0.12 seconds with the score of 927.11 (12 unrouted), using 16996.67 CPU seconds and 288447 MB memory.
2026-09-11 18:25:21.816 INFO   [33A63B\D69A2D] Restoring an earlier board that has the score of 927.11 (12 unrouted).
2026-09-11 18:25:21.816 INFO   [33A63B\D69A2D] Auto-router pass #612 on board 'b95f3f92143537b63128cfb11b92492d' was completed in 0.43 seconds with the score of 927.11 (12 unrouted), using 17178.34 CPU seconds and 290108 MB memory.
2026-09-11 18:25:22.066 INFO   [33A63B\D69A2D] Auto-router pass #613 on board 'b95f3f92143537b63128cfb11b92492d' was completed in 0.25 seconds with the score of 927.11 (12 unrouted), using 17178.34 CPU seconds and 290108 MB memory.
2026-09-11 18:25:22.192 INFO   [33A63B\D69A2D] Auto-router pass #614 on board 'b95f3f92143537b63128cfb11b92492d' was completed in 0.12 seconds with the score of 927.11 (12 unrouted), using 17178.34 CPU seconds and 290108 MB memory.
2026-09-11 18:25:22.318 INFO   [33A63B\D69A2D] Auto-router pass #615 on board 'b95f3f92143537b63128cfb11b92492d' was completed in 0.12 seconds with the score of 927.11 (12 unrouted), using 17178.34 CPU seconds and 290108 MB memory.
2026-09-11 18:25:22.742 INFO   [33A63B\D69A2D] Restoring an earlier board that has the score of 927.11 (12 unrouted).
2026-09-11 18:25:22.742 INFO   [33A63B\D69A2D] Auto-router pass #616 on board 'b95f3f92143537b63128cfb11b92492d' was completed in 0.42 seconds with the score of 927.11 (12 unrouted), using 17360.98 CPU seconds and 291754 MB memory.
2026-09-11 18:25:23.005 INFO   [33A63B\D69A2D] Auto-router pass #617 on board 'b95f3f92143537b63128cfb11b92492d' was completed in 0.26 seconds with the score of 927.11 (12 unrouted), using 17360.98 CPU seconds and 291754 MB memory.
2026-09-11 18:25:23.132 INFO   [33A63B\D69A2D] Auto-router pass #618 on board 'b95f3f92143537b63128cfb11b92492d' was completed in 0.12 seconds with the score of 927.11 (12 unrouted), using 17360.98 CPU seconds and 291754 MB memory.
2026-09-11 18:25:23.255 INFO   [33A63B\D69A2D] Auto-router pass #619 on board 'b95f3f92143537b63128cfb11b92492d' was completed in 0.12 seconds with the score of 927.11 (12 unrouted), using 17360.98 CPU seconds and 291754 MB memory.
2026-09-11 18:25:24.964 INFO   [33A63B\D69A2D] Restoring an earlier board that has the score of 927.11 (12 unrouted).
2026-09-11 18:25:24.964 INFO   [33A63B\D69A2D] Auto-router pass #620 on board 'b95f3f92143537b63128cfb11b92492d' was completed in 1.71 seconds with the score of 923.47 (13 unrouted), using 17729.17 CPU seconds and 294963 MB memory.
2026-09-11 18:25:25.223 INFO   [33A63B\D69A2D] Auto-router pass #621 on board 'b0970c4576098f037c88db7f2c87b9e6' was completed in 0.26 seconds with the score of 927.11 (12 unrouted), using 17729.17 CPU seconds and 294963 MB memory.
2026-09-11 18:25:25.347 INFO   [33A63B\D69A2D] Auto-router pass #622 on board 'b0970c4576098f037c88db7f2c87b9e6' was completed in 0.12 seconds with the score of 927.11 (12 unrouted), using 17729.17 CPU seconds and 294963 MB memory.
2026-09-11 18:25:25.476 INFO   [33A63B\D69A2D] Auto-router pass #623 on board 'b0970c4576098f037c88db7f2c87b9e6' was completed in 0.13 seconds with the score of 927.11 (12 unrouted), using 17729.17 CPU seconds and 294963 MB memory.
2026-09-11 18:25:25.923 INFO   [33A63B\D69A2D] Restoring an earlier board that has the score of 927.11 (12 unrouted).
2026-09-11 18:25:25.924 INFO   [33A63B\D69A2D] Auto-router pass #624 on board 'b0970c4576098f037c88db7f2c87b9e6' was completed in 0.44 seconds with the score of 927.11 (12 unrouted), using 17914.71 CPU seconds and 296586 MB memory.
2026-09-11 18:25:26.179 INFO   [33A63B\D69A2D] Auto-router pass #625 on board 'b0970c4576098f037c88db7f2c87b9e6' was completed in 0.25 seconds with the score of 927.11 (12 unrouted), using 17914.71 CPU seconds and 296586 MB memory.
2026-09-11 18:25:26.300 INFO   [33A63B\D69A2D] Auto-router pass #626 on board 'b0970c4576098f037c88db7f2c87b9e6' was completed in 0.12 seconds with the score of 927.11 (12 unrouted), using 17914.71 CPU seconds and 296586 MB memory.
2026-09-11 18:25:26.429 INFO   [33A63B\D69A2D] Auto-router pass #627 on board 'b0970c4576098f037c88db7f2c87b9e6' was completed in 0.13 seconds with the score of 927.11 (12 unrouted), using 17914.71 CPU seconds and 296586 MB memory.
2026-09-11 18:25:26.871 INFO   [33A63B\D69A2D] Restoring an earlier board that has the score of 927.11 (12 unrouted).
2026-09-11 18:25:26.871 INFO   [33A63B\D69A2D] Auto-router pass #628 on board 'b0970c4576098f037c88db7f2c87b9e6' was completed in 0.44 seconds with the score of 927.11 (12 unrouted), using 18101.21 CPU seconds and 298269 MB memory.
2026-09-11 18:25:27.127 INFO   [33A63B\D69A2D] Auto-router pass #629 on board 'b0970c4576098f037c88db7f2c87b9e6' was completed in 0.25 seconds with the score of 927.11 (12 unrouted), using 18101.21 CPU seconds and 298269 MB memory.
2026-09-11 18:25:27.250 INFO   [33A63B\D69A2D] Auto-router pass #630 on board 'b0970c4576098f037c88db7f2c87b9e6' was completed in 0.12 seconds with the score of 927.11 (12 unrouted), using 18101.21 CPU seconds and 298269 MB memory.
2026-09-11 18:25:27.377 INFO   [33A63B\D69A2D] Auto-router pass #631 on board 'b0970c4576098f037c88db7f2c87b9e6' was completed in 0.12 seconds with the score of 927.11 (12 unrouted), using 18101.21 CPU seconds and 298269 MB memory.
2026-09-11 18:25:27.810 INFO   [33A63B\D69A2D] Restoring an earlier board that has the score of 927.11 (12 unrouted).
2026-09-11 18:25:27.810 INFO   [33A63B\D69A2D] Auto-router pass #632 on board 'b0970c4576098f037c88db7f2c87b9e6' was completed in 0.43 seconds with the score of 927.11 (12 unrouted), using 18288.67 CPU seconds and 299926 MB memory.
2026-09-11 18:25:28.061 INFO   [33A63B\D69A2D] Auto-router pass #633 on board 'b0970c4576098f037c88db7f2c87b9e6' was completed in 0.25 seconds with the score of 927.11 (12 unrouted), using 18288.67 CPU seconds and 299926 MB memory.
2026-09-11 18:25:28.182 INFO   [33A63B\D69A2D] Auto-router pass #634 on board 'b0970c4576098f037c88db7f2c87b9e6' was completed in 0.12 seconds with the score of 927.11 (12 unrouted), using 18288.67 CPU seconds and 299926 MB memory.
2026-09-11 18:25:28.305 INFO   [33A63B\D69A2D] Auto-router pass #635 on board 'b0970c4576098f037c88db7f2c87b9e6' was completed in 0.12 seconds with the score of 927.11 (12 unrouted), using 18288.67 CPU seconds and 299926 MB memory.
2026-09-11 18:25:28.763 INFO   [33A63B\D69A2D] Restoring an earlier board that has the score of 927.11 (12 unrouted).
2026-09-11 18:25:28.763 INFO   [33A63B\D69A2D] Auto-router pass #636 on board 'b0970c4576098f037c88db7f2c87b9e6' was completed in 0.46 seconds with the score of 927.11 (12 unrouted), using 18477.11 CPU seconds and 301614 MB memory.
2026-09-11 18:25:29.006 INFO   [33A63B\D69A2D] Auto-router pass #637 on board 'eddc687f99947d3953ae3b84be5bda73' was completed in 0.24 seconds with the score of 927.11 (12 unrouted), using 18477.11 CPU seconds and 301614 MB memory.
2026-09-11 18:25:29.126 INFO   [33A63B\D69A2D] Auto-router pass #638 on board 'eddc687f99947d3953ae3b84be5bda73' was completed in 0.12 seconds with the score of 927.11 (12 unrouted), using 18477.11 CPU seconds and 301614 MB memory.
2026-09-11 18:25:29.246 INFO   [33A63B\D69A2D] Auto-router pass #639 on board 'eddc687f99947d3953ae3b84be5bda73' was completed in 0.12 seconds with the score of 927.11 (12 unrouted), using 18477.11 CPU seconds and 301614 MB memory.
2026-09-11 18:25:29.734 INFO   [33A63B\D69A2D] Restoring an earlier board that has the score of 927.11 (12 unrouted).
2026-09-11 18:25:29.734 INFO   [33A63B\D69A2D] Auto-router pass #640 on board 'eddc687f99947d3953ae3b84be5bda73' was completed in 0.48 seconds with the score of 927.11 (12 unrouted), using 18666.51 CPU seconds and 303335 MB memory.
2026-09-11 18:25:29.996 INFO   [33A63B\D69A2D] Auto-router pass #641 on board 'eddc687f99947d3953ae3b84be5bda73' was completed in 0.26 seconds with the score of 927.11 (12 unrouted), using 18666.51 CPU seconds and 303335 MB memory.
2026-09-11 18:25:30.121 INFO   [33A63B\D69A2D] Auto-router pass #642 on board 'eddc687f99947d3953ae3b84be5bda73' was completed in 0.12 seconds with the score of 927.11 (12 unrouted), using 18666.51 CPU seconds and 303335 MB memory.
2026-09-11 18:25:30.243 INFO   [33A63B\D69A2D] Auto-router pass #643 on board 'eddc687f99947d3953ae3b84be5bda73' was completed in 0.12 seconds with the score of 927.11 (12 unrouted), using 18666.51 CPU seconds and 303335 MB memory.
2026-09-11 18:25:30.710 INFO   [33A63B\D69A2D] Restoring an earlier board that has the score of 927.11 (12 unrouted).
2026-09-11 18:25:30.710 INFO   [33A63B\D69A2D] Auto-router pass #644 on board 'eddc687f99947d3953ae3b84be5bda73' was completed in 0.46 seconds with the score of 927.11 (12 unrouted), using 18856.88 CPU seconds and 305034 MB memory.
2026-09-11 18:25:30.958 INFO   [33A63B\D69A2D] Auto-router pass #645 on board 'eddc687f99947d3953ae3b84be5bda73' was completed in 0.25 seconds with the score of 927.11 (12 unrouted), using 18856.88 CPU seconds and 305034 MB memory.
2026-09-11 18:25:31.084 INFO   [33A63B\D69A2D] Auto-router pass #646 on board 'eddc687f99947d3953ae3b84be5bda73' was completed in 0.12 seconds with the score of 927.11 (12 unrouted), using 18856.88 CPU seconds and 305034 MB memory.
2026-09-11 18:25:31.204 INFO   [33A63B\D69A2D] Auto-router pass #647 on board 'eddc687f99947d3953ae3b84be5bda73' was completed in 0.12 seconds with the score of 927.11 (12 unrouted), using 18856.88 CPU seconds and 305034 MB memory.
2026-09-11 18:25:32.289 WARN   MazeShoveTraceAlgo.check_shove_trace_line: trace_corner_no to big
2026-09-11 18:25:32.289 WARN   MazeShoveTraceAlgo.check_shove_trace_line: trace_corner_no to big
2026-09-11 18:25:32.292 WARN   MazeShoveTraceAlgo.check_shove_trace_line: trace_corner_no to big
2026-09-11 18:25:32.292 WARN   MazeShoveTraceAlgo.check_shove_trace_line: trace_corner_no to big
2026-09-11 18:25:32.294 WARN   MazeShoveTraceAlgo.check_shove_trace_line: trace_corner_no to big
2026-09-11 18:25:32.294 WARN   MazeShoveTraceAlgo.check_shove_trace_line: trace_corner_no to big
2026-09-11 18:25:32.876 INFO   [33A63B\D69A2D] Restoring an earlier board that has the score of 927.11 (12 unrouted).
2026-09-11 18:25:32.876 INFO   [33A63B\D69A2D] Auto-router pass #648 on board 'eddc687f99947d3953ae3b84be5bda73' was completed in 1.67 seconds with the score of 927.11 (12 unrouted), using 19240.53 CPU seconds and 308295 MB memory.
2026-09-11 18:25:33.134 INFO   [33A63B\D69A2D] Auto-router pass #649 on board 'eddc687f99947d3953ae3b84be5bda73' was completed in 0.25 seconds with the score of 927.11 (12 unrouted), using 19240.53 CPU seconds and 308295 MB memory.
2026-09-11 18:25:33.260 INFO   [33A63B\D69A2D] Auto-router pass #650 on board 'eddc687f99947d3953ae3b84be5bda73' was completed in 0.12 seconds with the score of 927.11 (12 unrouted), using 19240.53 CPU seconds and 308295 MB memory.
2026-09-11 18:25:33.384 INFO   [33A63B\D69A2D] Auto-router pass #651 on board 'eddc687f99947d3953ae3b84be5bda73' was completed in 0.12 seconds with the score of 927.11 (12 unrouted), using 19240.53 CPU seconds and 308295 MB memory.
2026-09-11 18:25:33.870 INFO   [33A63B\D69A2D] Restoring an earlier board that has the score of 927.11 (12 unrouted).
2026-09-11 18:25:33.870 INFO   [33A63B\D69A2D] Auto-router pass #652 on board 'eddc687f99947d3953ae3b84be5bda73' was completed in 0.48 seconds with the score of 927.11 (12 unrouted), using 19433.79 CPU seconds and 309903 MB memory.
2026-09-11 18:25:34.143 INFO   [33A63B\D69A2D] Auto-router pass #653 on board 'ebbc1f4fa9c3d7a57a5e40b7b1200f8f' was completed in 0.27 seconds with the score of 927.11 (12 unrouted), using 19433.79 CPU seconds and 309903 MB memory.
2026-09-11 18:25:34.270 INFO   [33A63B\D69A2D] Auto-router pass #654 on board 'ebbc1f4fa9c3d7a57a5e40b7b1200f8f' was completed in 0.12 seconds with the score of 927.11 (12 unrouted), using 19433.79 CPU seconds and 309903 MB memory.
2026-09-11 18:25:34.397 INFO   [33A63B\D69A2D] Auto-router pass #655 on board 'ebbc1f4fa9c3d7a57a5e40b7b1200f8f' was completed in 0.12 seconds with the score of 927.11 (12 unrouted), using 19433.79 CPU seconds and 309903 MB memory.
2026-09-11 18:25:34.897 INFO   [33A63B\D69A2D] Restoring an earlier board that has the score of 927.11 (12 unrouted).
2026-09-11 18:25:34.898 INFO   [33A63B\D69A2D] Auto-router pass #656 on board 'ebbc1f4fa9c3d7a57a5e40b7b1200f8f' was completed in 0.50 seconds with the score of 927.11 (12 unrouted), using 19628.01 CPU seconds and 311521 MB memory.
2026-09-11 18:25:35.162 INFO   [33A63B\D69A2D] Auto-router pass #657 on board 'bd98c3bb49a95f49dea7a62dbef25cd8' was completed in 0.26 seconds with the score of 927.11 (12 unrouted), using 19628.01 CPU seconds and 311521 MB memory.
2026-09-11 18:25:35.288 INFO   [33A63B\D69A2D] Auto-router pass #658 on board 'bd98c3bb49a95f49dea7a62dbef25cd8' was completed in 0.12 seconds with the score of 927.11 (12 unrouted), using 19628.01 CPU seconds and 311521 MB memory.
2026-09-11 18:25:35.411 INFO   [33A63B\D69A2D] Auto-router pass #659 on board 'bd98c3bb49a95f49dea7a62dbef25cd8' was completed in 0.12 seconds with the score of 927.11 (12 unrouted), using 19628.01 CPU seconds and 311521 MB memory.
2026-09-11 18:25:35.844 INFO   [33A63B\D69A2D] Restoring an earlier board that has the score of 927.11 (12 unrouted).
2026-09-11 18:25:35.844 INFO   [33A63B\D69A2D] Auto-router pass #660 on board 'bd98c3bb49a95f49dea7a62dbef25cd8' was completed in 0.43 seconds with the score of 927.11 (12 unrouted), using 19823.20 CPU seconds and 313176 MB memory.
2026-09-11 18:25:36.097 INFO   [33A63B\D69A2D] Auto-router pass #661 on board 'bd98c3bb49a95f49dea7a62dbef25cd8' was completed in 0.25 seconds with the score of 927.11 (12 unrouted), using 19823.20 CPU seconds and 313176 MB memory.
2026-09-11 18:25:36.222 INFO   [33A63B\D69A2D] Auto-router pass #662 on board 'bd98c3bb49a95f49dea7a62dbef25cd8' was completed in 0.12 seconds with the score of 927.11 (12 unrouted), using 19823.20 CPU seconds and 313176 MB memory.
2026-09-11 18:25:36.350 INFO   [33A63B\D69A2D] Auto-router pass #663 on board 'bd98c3bb49a95f49dea7a62dbef25cd8' was completed in 0.12 seconds with the score of 927.11 (12 unrouted), using 19823.20 CPU seconds and 313176 MB memory.
2026-09-11 18:25:36.805 INFO   [33A63B\D69A2D] Restoring an earlier board that has the score of 927.11 (12 unrouted).
2026-09-11 18:25:36.805 INFO   [33A63B\D69A2D] Auto-router pass #664 on board 'bd98c3bb49a95f49dea7a62dbef25cd8' was completed in 0.45 seconds with the score of 927.11 (12 unrouted), using 20019.36 CPU seconds and 314833 MB memory.
2026-09-11 18:25:37.052 INFO   [33A63B\D69A2D] Auto-router pass #665 on board 'bd98c3bb49a95f49dea7a62dbef25cd8' was completed in 0.24 seconds with the score of 927.11 (12 unrouted), using 20019.36 CPU seconds and 314833 MB memory.
2026-09-11 18:25:37.176 INFO   [33A63B\D69A2D] Auto-router pass #666 on board 'bd98c3bb49a95f49dea7a62dbef25cd8' was completed in 0.12 seconds with the score of 927.11 (12 unrouted), using 20019.36 CPU seconds and 314833 MB memory.
2026-09-11 18:25:37.298 INFO   [33A63B\D69A2D] Auto-router pass #667 on board 'bd98c3bb49a95f49dea7a62dbef25cd8' was completed in 0.12 seconds with the score of 927.11 (12 unrouted), using 20019.36 CPU seconds and 314833 MB memory.
2026-09-11 18:25:37.738 INFO   [33A63B\D69A2D] Restoring an earlier board that has the score of 927.11 (12 unrouted).
2026-09-11 18:25:37.738 INFO   [33A63B\D69A2D] Auto-router pass #668 on board 'bd98c3bb49a95f49dea7a62dbef25cd8' was completed in 0.44 seconds with the score of 927.11 (12 unrouted), using 20216.49 CPU seconds and 316514 MB memory.
2026-09-11 18:25:37.986 INFO   [33A63B\D69A2D] Auto-router pass #669 on board 'bd98c3bb49a95f49dea7a62dbef25cd8' was completed in 0.24 seconds with the score of 927.11 (12 unrouted), using 20216.49 CPU seconds and 316514 MB memory.
2026-09-11 18:25:38.115 INFO   [33A63B\D69A2D] Auto-router pass #670 on board 'bd98c3bb49a95f49dea7a62dbef25cd8' was completed in 0.12 seconds with the score of 927.11 (12 unrouted), using 20216.49 CPU seconds and 316514 MB memory.
2026-09-11 18:25:38.246 INFO   [33A63B\D69A2D] Auto-router pass #671 on board 'bd98c3bb49a95f49dea7a62dbef25cd8' was completed in 0.13 seconds with the score of 927.11 (12 unrouted), using 20216.49 CPU seconds and 316514 MB memory.
2026-09-11 18:25:38.706 INFO   [33A63B\D69A2D] Restoring an earlier board that has the score of 927.10 (12 unrouted).
2026-09-11 18:25:38.706 INFO   [33A63B\D69A2D] Auto-router pass #672 on board 'bd98c3bb49a95f49dea7a62dbef25cd8' was completed in 0.46 seconds with the score of 927.11 (12 unrouted), using 20414.60 CPU seconds and 318154 MB memory.
2026-09-11 18:25:38.964 INFO   [33A63B\D69A2D] Auto-router pass #673 on board '8a555cab74cc8f48c453d16d95f32251' was completed in 0.26 seconds with the score of 927.10 (12 unrouted), using 20414.60 CPU seconds and 318154 MB memory.
2026-09-11 18:25:39.087 INFO   [33A63B\D69A2D] Auto-router pass #674 on board '8a555cab74cc8f48c453d16d95f32251' was completed in 0.12 seconds with the score of 927.10 (12 unrouted), using 20414.60 CPU seconds and 318154 MB memory.
2026-09-11 18:25:39.210 INFO   [33A63B\D69A2D] Auto-router pass #675 on board '8a555cab74cc8f48c453d16d95f32251' was completed in 0.12 seconds with the score of 927.10 (12 unrouted), using 20414.60 CPU seconds and 318154 MB memory.
2026-09-11 18:25:40.775 INFO   [33A63B\D69A2D] Auto-router pass #676 on board '8a555cab74cc8f48c453d16d95f32251' was completed in 1.56 seconds with the score of 928.32 (12 unrouted), using 20813.71 CPU seconds and 321415 MB memory.
2026-09-11 18:25:40.913 INFO   [33A63B\D69A2D] Auto-router pass #677 on board '0ce3d32a0c54bba89539032f0a871423' was completed in 0.13 seconds with the score of 927.11 (12 unrouted), using 20813.71 CPU seconds and 321415 MB memory.
2026-09-11 18:25:41.052 INFO   [33A63B\D69A2D] Auto-router pass #678 on board '8d8649fc066da02f56590a9bc6d787ec' was completed in 0.13 seconds with the score of 927.11 (12 unrouted), using 20813.71 CPU seconds and 321415 MB memory.
2026-09-11 18:25:41.183 INFO   [33A63B\D69A2D] Auto-router pass #679 on board '8d8649fc066da02f56590a9bc6d787ec' was completed in 0.13 seconds with the score of 927.11 (12 unrouted), using 20813.71 CPU seconds and 321415 MB memory.
2026-09-11 18:25:42.850 INFO   [33A63B\D69A2D] Restoring an earlier board that has the score of 928.32 (12 unrouted).
2026-09-11 18:25:42.850 INFO   [33A63B\D69A2D] Auto-router pass #680 on board '8d8649fc066da02f56590a9bc6d787ec' was completed in 1.66 seconds with the score of 927.73 (12 unrouted), using 21216.68 CPU seconds and 324500 MB memory.
2026-09-11 18:25:43.139 INFO   [33A63B\D69A2D] Auto-router pass #681 on board '0ce3d32a0c54bba89539032f0a871423' was completed in 0.29 seconds with the score of 927.11 (12 unrouted), using 21216.68 CPU seconds and 324500 MB memory.
2026-09-11 18:25:43.262 INFO   [33A63B\D69A2D] Auto-router pass #682 on board '8d8649fc066da02f56590a9bc6d787ec' was completed in 0.12 seconds with the score of 927.11 (12 unrouted), using 21216.68 CPU seconds and 324500 MB memory.
2026-09-11 18:25:43.389 INFO   [33A63B\D69A2D] Auto-router pass #683 on board '8d8649fc066da02f56590a9bc6d787ec' was completed in 0.12 seconds with the score of 927.11 (12 unrouted), using 21216.68 CPU seconds and 324500 MB memory.
2026-09-11 18:25:43.841 INFO   [33A63B\D69A2D] Restoring an earlier board that has the score of 928.32 (12 unrouted).
2026-09-11 18:25:43.841 INFO   [33A63B\D69A2D] Auto-router pass #684 on board '8d8649fc066da02f56590a9bc6d787ec' was completed in 0.45 seconds with the score of 927.11 (12 unrouted), using 21419.61 CPU seconds and 326118 MB memory.
2026-09-11 18:25:44.129 INFO   [33A63B\D69A2D] Auto-router pass #685 on board '0ce3d32a0c54bba89539032f0a871423' was completed in 0.28 seconds with the score of 927.11 (12 unrouted), using 21419.61 CPU seconds and 326118 MB memory.
2026-09-11 18:25:44.253 INFO   [33A63B\D69A2D] Auto-router pass #686 on board '8d8649fc066da02f56590a9bc6d787ec' was completed in 0.12 seconds with the score of 927.11 (12 unrouted), using 21419.61 CPU seconds and 326118 MB memory.
2026-09-11 18:25:44.375 INFO   [33A63B\D69A2D] Auto-router pass #687 on board '8d8649fc066da02f56590a9bc6d787ec' was completed in 0.12 seconds with the score of 927.11 (12 unrouted), using 21419.61 CPU seconds and 326118 MB memory.
2026-09-11 18:25:44.812 INFO   [33A63B\D69A2D] Restoring an earlier board that has the score of 928.32 (12 unrouted).
2026-09-11 18:25:44.812 INFO   [33A63B\D69A2D] Auto-router pass #688 on board '8d8649fc066da02f56590a9bc6d787ec' was completed in 0.43 seconds with the score of 927.11 (12 unrouted), using 21623.51 CPU seconds and 327762 MB memory.
2026-09-11 18:25:45.078 INFO   [33A63B\D69A2D] Auto-router pass #689 on board '0ce3d32a0c54bba89539032f0a871423' was completed in 0.26 seconds with the score of 927.11 (12 unrouted), using 21623.51 CPU seconds and 327762 MB memory.
2026-09-11 18:25:45.209 INFO   [33A63B\D69A2D] Auto-router pass #690 on board '8d8649fc066da02f56590a9bc6d787ec' was completed in 0.13 seconds with the score of 927.11 (12 unrouted), using 21623.51 CPU seconds and 327762 MB memory.
2026-09-11 18:25:45.333 INFO   [33A63B\D69A2D] Auto-router pass #691 on board '8d8649fc066da02f56590a9bc6d787ec' was completed in 0.12 seconds with the score of 927.11 (12 unrouted), using 21623.51 CPU seconds and 327762 MB memory.
2026-09-11 18:25:45.797 INFO   [33A63B\D69A2D] Restoring an earlier board that has the score of 928.32 (12 unrouted).
2026-09-11 18:25:45.797 INFO   [33A63B\D69A2D] Auto-router pass #692 on board '8d8649fc066da02f56590a9bc6d787ec' was completed in 0.46 seconds with the score of 927.11 (12 unrouted), using 21828.37 CPU seconds and 329424 MB memory.
2026-09-11 18:25:46.068 INFO   [33A63B\D69A2D] Auto-router pass #693 on board '0ce3d32a0c54bba89539032f0a871423' was completed in 0.27 seconds with the score of 927.11 (12 unrouted), using 21828.37 CPU seconds and 329424 MB memory.
2026-09-11 18:25:46.195 INFO   [33A63B\D69A2D] Auto-router pass #694 on board '8d8649fc066da02f56590a9bc6d787ec' was completed in 0.12 seconds with the score of 927.11 (12 unrouted), using 21828.37 CPU seconds and 329424 MB memory.
2026-09-11 18:25:46.327 INFO   [33A63B\D69A2D] Auto-router pass #695 on board '8d8649fc066da02f56590a9bc6d787ec' was completed in 0.13 seconds with the score of 927.11 (12 unrouted), using 21828.37 CPU seconds and 329424 MB memory.
2026-09-11 18:25:46.768 INFO   [33A63B\D69A2D] Restoring an earlier board that has the score of 927.11 (12 unrouted).
2026-09-11 18:25:46.768 INFO   [33A63B\D69A2D] Auto-router pass #696 on board '8d8649fc066da02f56590a9bc6d787ec' was completed in 0.44 seconds with the score of 927.11 (12 unrouted), using 22034.20 CPU seconds and 331062 MB memory.
2026-09-11 18:25:47.039 INFO   [33A63B\D69A2D] Auto-router pass #697 on board '8d8649fc066da02f56590a9bc6d787ec' was completed in 0.27 seconds with the score of 927.11 (12 unrouted), using 22034.20 CPU seconds and 331062 MB memory.
2026-09-11 18:25:47.167 INFO   [33A63B\D69A2D] Auto-router pass #698 on board '8d8649fc066da02f56590a9bc6d787ec' was completed in 0.12 seconds with the score of 927.11 (12 unrouted), using 22034.20 CPU seconds and 331062 MB memory.
2026-09-11 18:25:47.293 INFO   [33A63B\D69A2D] Auto-router pass #699 on board '8d8649fc066da02f56590a9bc6d787ec' was completed in 0.12 seconds with the score of 927.11 (12 unrouted), using 22034.20 CPU seconds and 331062 MB memory.
2026-09-11 18:25:47.733 INFO   [33A63B\D69A2D] Restoring an earlier board that has the score of 927.11 (12 unrouted).
2026-09-11 18:25:47.733 INFO   [33A63B\D69A2D] Auto-router pass #700 on board '8d8649fc066da02f56590a9bc6d787ec' was completed in 0.44 seconds with the score of 927.11 (12 unrouted), using 22241.01 CPU seconds and 332694 MB memory.
2026-09-11 18:25:48.383 INFO   [33A63B\D69A2D] Auto-router pass #701 on board '8d8649fc066da02f56590a9bc6d787ec' was completed in 0.65 seconds with the score of 927.42 (12 unrouted), using 22241.01 CPU seconds and 332694 MB memory.
2026-09-11 18:25:49.046 INFO   [33A63B\D69A2D] Auto-router pass #702 on board '273ad79ffb8953a58a94100451a00378' was completed in 0.66 seconds with the score of 927.45 (12 unrouted), using 22448.79 CPU seconds and 334265 MB memory.
2026-09-11 18:25:49.678 INFO   [33A63B\D69A2D] Auto-router pass #703 on board '8ed107f28de6ec211529ad3a722b4606' was completed in 0.62 seconds with the score of 927.45 (12 unrouted), using 22657.52 CPU seconds and 335814 MB memory.
2026-09-11 18:25:51.045 INFO   [33A63B\D69A2D] Restoring an earlier board that has the score of 927.45 (12 unrouted).
2026-09-11 18:25:51.045 INFO   [33A63B\D69A2D] Auto-router pass #704 on board '576586529b1855aba991bebe60361d6f' was completed in 1.36 seconds with the score of 922.90 (13 unrouted), using 22867.22 CPU seconds and 337351 MB memory.
2026-09-11 18:25:51.298 INFO   [33A63B\D69A2D] Auto-router pass #705 on board '8ed107f28de6ec211529ad3a722b4606' was completed in 0.25 seconds with the score of 927.45 (12 unrouted), using 22867.22 CPU seconds and 337351 MB memory.
2026-09-11 18:25:51.423 INFO   [33A63B\D69A2D] Auto-router pass #706 on board '8ed107f28de6ec211529ad3a722b4606' was completed in 0.12 seconds with the score of 927.45 (12 unrouted), using 22867.22 CPU seconds and 337351 MB memory.
2026-09-11 18:25:51.551 INFO   [33A63B\D69A2D] Auto-router pass #707 on board '8ed107f28de6ec211529ad3a722b4606' was completed in 0.12 seconds with the score of 927.45 (12 unrouted), using 22867.22 CPU seconds and 337351 MB memory.
2026-09-11 18:25:52.047 INFO   [33A63B\D69A2D] Restoring an earlier board that has the score of 927.45 (12 unrouted).
2026-09-11 18:25:52.048 INFO   [33A63B\D69A2D] Auto-router pass #708 on board '8ed107f28de6ec211529ad3a722b4606' was completed in 0.49 seconds with the score of 927.45 (12 unrouted), using 23077.87 CPU seconds and 338978 MB memory.
2026-09-11 18:25:52.318 INFO   [33A63B\D69A2D] Auto-router pass #709 on board '8ed107f28de6ec211529ad3a722b4606' was completed in 0.27 seconds with the score of 927.45 (12 unrouted), using 23077.87 CPU seconds and 338978 MB memory.
2026-09-11 18:25:52.445 INFO   [33A63B\D69A2D] Auto-router pass #710 on board '8ed107f28de6ec211529ad3a722b4606' was completed in 0.12 seconds with the score of 927.45 (12 unrouted), using 23077.87 CPU seconds and 338978 MB memory.
2026-09-11 18:25:52.570 INFO   [33A63B\D69A2D] Auto-router pass #711 on board '8ed107f28de6ec211529ad3a722b4606' was completed in 0.12 seconds with the score of 927.45 (12 unrouted), using 23289.50 CPU seconds and 340610 MB memory.
2026-09-11 18:25:53.049 INFO   [33A63B\D69A2D] Restoring an earlier board that has the score of 927.45 (12 unrouted).
2026-09-11 18:25:53.049 INFO   [33A63B\D69A2D] Auto-router pass #712 on board '8ed107f28de6ec211529ad3a722b4606' was completed in 0.48 seconds with the score of 927.45 (12 unrouted), using 23289.50 CPU seconds and 340610 MB memory.
2026-09-11 18:25:53.315 INFO   [33A63B\D69A2D] Auto-router pass #713 on board '8ed107f28de6ec211529ad3a722b4606' was completed in 0.26 seconds with the score of 927.45 (12 unrouted), using 23289.50 CPU seconds and 340610 MB memory.
2026-09-11 18:25:53.440 INFO   [33A63B\D69A2D] Auto-router pass #714 on board '8ed107f28de6ec211529ad3a722b4606' was completed in 0.12 seconds with the score of 927.45 (12 unrouted), using 23289.50 CPU seconds and 340610 MB memory.
2026-09-11 18:25:53.567 INFO   [33A63B\D69A2D] Auto-router pass #715 on board '8ed107f28de6ec211529ad3a722b4606' was completed in 0.12 seconds with the score of 927.45 (12 unrouted), using 23502.09 CPU seconds and 342258 MB memory.
2026-09-11 18:25:54.022 INFO   [33A63B\D69A2D] Restoring an earlier board that has the score of 927.45 (12 unrouted).
2026-09-11 18:25:54.022 INFO   [33A63B\D69A2D] Auto-router pass #716 on board '8ed107f28de6ec211529ad3a722b4606' was completed in 0.45 seconds with the score of 927.45 (12 unrouted), using 23502.09 CPU seconds and 342258 MB memory.
2026-09-11 18:25:54.285 INFO   [33A63B\D69A2D] Auto-router pass #717 on board '8ed107f28de6ec211529ad3a722b4606' was completed in 0.26 seconds with the score of 927.45 (12 unrouted), using 23502.09 CPU seconds and 342258 MB memory.
2026-09-11 18:25:54.407 INFO   [33A63B\D69A2D] Auto-router pass #718 on board '8ed107f28de6ec211529ad3a722b4606' was completed in 0.12 seconds with the score of 927.45 (12 unrouted), using 23502.09 CPU seconds and 342258 MB memory.
2026-09-11 18:25:54.533 INFO   [33A63B\D69A2D] Auto-router pass #719 on board '8ed107f28de6ec211529ad3a722b4606' was completed in 0.12 seconds with the score of 927.45 (12 unrouted), using 23502.09 CPU seconds and 342258 MB memory.
2026-09-11 18:25:54.992 INFO   [33A63B\D69A2D] Restoring an earlier board that has the score of 927.45 (12 unrouted).
2026-09-11 18:25:54.992 INFO   [33A63B\D69A2D] Auto-router pass #720 on board '8ed107f28de6ec211529ad3a722b4606' was completed in 0.46 seconds with the score of 927.45 (12 unrouted), using 23715.66 CPU seconds and 343919 MB memory.
2026-09-11 18:25:55.236 INFO   [33A63B\D69A2D] Auto-router pass #721 on board '576586529b1855aba991bebe60361d6f' was completed in 0.24 seconds with the score of 927.45 (12 unrouted), using 23715.66 CPU seconds and 343919 MB memory.
2026-09-11 18:25:55.357 INFO   [33A63B\D69A2D] Auto-router pass #722 on board '576586529b1855aba991bebe60361d6f' was completed in 0.12 seconds with the score of 927.45 (12 unrouted), using 23715.66 CPU seconds and 343919 MB memory.
2026-09-11 18:25:55.478 INFO   [33A63B\D69A2D] Auto-router pass #723 on board '576586529b1855aba991bebe60361d6f' was completed in 0.12 seconds with the score of 927.45 (12 unrouted), using 23715.66 CPU seconds and 343919 MB memory.
2026-09-11 18:25:55.934 INFO   [33A63B\D69A2D] Restoring an earlier board that has the score of 927.45 (12 unrouted).
2026-09-11 18:25:55.934 INFO   [33A63B\D69A2D] Auto-router pass #724 on board '576586529b1855aba991bebe60361d6f' was completed in 0.45 seconds with the score of 927.45 (12 unrouted), using 23930.20 CPU seconds and 345599 MB memory.
2026-09-11 18:25:56.182 INFO   [33A63B\D69A2D] Auto-router pass #725 on board '576586529b1855aba991bebe60361d6f' was completed in 0.24 seconds with the score of 927.45 (12 unrouted), using 23930.20 CPU seconds and 345599 MB memory.
2026-09-11 18:25:56.312 INFO   [33A63B\D69A2D] Auto-router pass #726 on board '576586529b1855aba991bebe60361d6f' was completed in 0.13 seconds with the score of 927.45 (12 unrouted), using 23930.20 CPU seconds and 345599 MB memory.
2026-09-11 18:25:56.438 INFO   [33A63B\D69A2D] Auto-router pass #727 on board '576586529b1855aba991bebe60361d6f' was completed in 0.12 seconds with the score of 927.45 (12 unrouted), using 23930.20 CPU seconds and 345599 MB memory.
2026-09-11 18:25:56.849 INFO   [33A63B\D69A2D] Restoring an earlier board that has the score of 927.45 (12 unrouted).
2026-09-11 18:25:56.849 INFO   [33A63B\D69A2D] Auto-router pass #728 on board '576586529b1855aba991bebe60361d6f' was completed in 0.41 seconds with the score of 927.45 (12 unrouted), using 24145.70 CPU seconds and 347311 MB memory.
2026-09-11 18:25:57.112 INFO   [33A63B\D69A2D] Auto-router pass #729 on board '576586529b1855aba991bebe60361d6f' was completed in 0.26 seconds with the score of 927.45 (12 unrouted), using 24145.70 CPU seconds and 347311 MB memory.
2026-09-11 18:25:57.234 INFO   [33A63B\D69A2D] Auto-router pass #730 on board '576586529b1855aba991bebe60361d6f' was completed in 0.12 seconds with the score of 927.45 (12 unrouted), using 24145.70 CPU seconds and 347311 MB memory.
2026-09-11 18:25:57.357 INFO   [33A63B\D69A2D] Auto-router pass #731 on board '576586529b1855aba991bebe60361d6f' was completed in 0.12 seconds with the score of 927.45 (12 unrouted), using 24145.70 CPU seconds and 347311 MB memory.
2026-09-11 18:25:57.789 INFO   [33A63B\D69A2D] Restoring an earlier board that has the score of 927.45 (12 unrouted).
2026-09-11 18:25:57.789 INFO   [33A63B\D69A2D] Auto-router pass #732 on board '576586529b1855aba991bebe60361d6f' was completed in 0.43 seconds with the score of 927.45 (12 unrouted), using 24362.18 CPU seconds and 349002 MB memory.
2026-09-11 18:25:58.044 INFO   [33A63B\D69A2D] Auto-router pass #733 on board '576586529b1855aba991bebe60361d6f' was completed in 0.25 seconds with the score of 927.45 (12 unrouted), using 24362.18 CPU seconds and 349002 MB memory.
2026-09-11 18:25:58.167 INFO   [33A63B\D69A2D] Auto-router pass #734 on board '576586529b1855aba991bebe60361d6f' was completed in 0.12 seconds with the score of 927.45 (12 unrouted), using 24362.18 CPU seconds and 349002 MB memory.
2026-09-11 18:25:58.289 INFO   [33A63B\D69A2D] Auto-router pass #735 on board '576586529b1855aba991bebe60361d6f' was completed in 0.12 seconds with the score of 927.45 (12 unrouted), using 24362.18 CPU seconds and 349002 MB memory.
2026-09-11 18:25:58.720 INFO   [33A63B\D69A2D] Restoring an earlier board that has the score of 927.42 (12 unrouted).
2026-09-11 18:25:58.721 INFO   [33A63B\D69A2D] Auto-router pass #736 on board '576586529b1855aba991bebe60361d6f' was completed in 0.43 seconds with the score of 927.45 (12 unrouted), using 24579.63 CPU seconds and 350724 MB memory.
2026-09-11 18:25:58.979 INFO   [33A63B\D69A2D] Auto-router pass #737 on board '273ad79ffb8953a58a94100451a00378' was completed in 0.26 seconds with the score of 927.42 (12 unrouted), using 24579.63 CPU seconds and 350724 MB memory.
2026-09-11 18:25:59.099 INFO   [33A63B\D69A2D] Auto-router pass #738 on board '273ad79ffb8953a58a94100451a00378' was completed in 0.12 seconds with the score of 927.42 (12 unrouted), using 24579.63 CPU seconds and 350724 MB memory.
2026-09-11 18:25:59.220 INFO   [33A63B\D69A2D] Auto-router pass #739 on board '273ad79ffb8953a58a94100451a00378' was completed in 0.12 seconds with the score of 927.42 (12 unrouted), using 24579.63 CPU seconds and 350724 MB memory.
2026-09-11 18:25:59.680 INFO   [33A63B\D69A2D] Restoring an earlier board that has the score of 927.42 (12 unrouted).
2026-09-11 18:25:59.680 INFO   [33A63B\D69A2D] Auto-router pass #740 on board '273ad79ffb8953a58a94100451a00378' was completed in 0.46 seconds with the score of 927.42 (12 unrouted), using 24798.04 CPU seconds and 352425 MB memory.
2026-09-11 18:25:59.943 INFO   [33A63B\D69A2D] Auto-router pass #741 on board '273ad79ffb8953a58a94100451a00378' was completed in 0.26 seconds with the score of 927.42 (12 unrouted), using 24798.04 CPU seconds and 352425 MB memory.
2026-09-11 18:26:00.070 INFO   [33A63B\D69A2D] Auto-router pass #742 on board '273ad79ffb8953a58a94100451a00378' was completed in 0.12 seconds with the score of 927.42 (12 unrouted), using 24798.04 CPU seconds and 352425 MB memory.
2026-09-11 18:26:00.193 INFO   [33A63B\D69A2D] Auto-router pass #743 on board '273ad79ffb8953a58a94100451a00378' was completed in 0.12 seconds with the score of 927.42 (12 unrouted), using 24798.04 CPU seconds and 352425 MB memory.
2026-09-11 18:26:00.662 INFO   [33A63B\D69A2D] Restoring an earlier board that has the score of 927.42 (12 unrouted).
2026-09-11 18:26:00.662 INFO   [33A63B\D69A2D] Auto-router pass #744 on board '273ad79ffb8953a58a94100451a00378' was completed in 0.46 seconds with the score of 927.42 (12 unrouted), using 25017.42 CPU seconds and 354073 MB memory.
2026-09-11 18:26:00.909 INFO   [33A63B\D69A2D] Auto-router pass #745 on board '273ad79ffb8953a58a94100451a00378' was completed in 0.24 seconds with the score of 927.42 (12 unrouted), using 25017.42 CPU seconds and 354073 MB memory.
2026-09-11 18:26:01.029 INFO   [33A63B\D69A2D] Auto-router pass #746 on board '273ad79ffb8953a58a94100451a00378' was completed in 0.12 seconds with the score of 927.42 (12 unrouted), using 25017.42 CPU seconds and 354073 MB memory.
2026-09-11 18:26:01.152 INFO   [33A63B\D69A2D] Auto-router pass #747 on board '273ad79ffb8953a58a94100451a00378' was completed in 0.12 seconds with the score of 927.42 (12 unrouted), using 25017.42 CPU seconds and 354073 MB memory.
2026-09-11 18:26:01.616 INFO   [33A63B\D69A2D] Restoring an earlier board that has the score of 927.42 (12 unrouted).
2026-09-11 18:26:01.616 INFO   [33A63B\D69A2D] Auto-router pass #748 on board '273ad79ffb8953a58a94100451a00378' was completed in 0.46 seconds with the score of 927.42 (12 unrouted), using 25237.77 CPU seconds and 355781 MB memory.
2026-09-11 18:26:01.866 INFO   [33A63B\D69A2D] Auto-router pass #749 on board '273ad79ffb8953a58a94100451a00378' was completed in 0.25 seconds with the score of 927.42 (12 unrouted), using 25237.77 CPU seconds and 355781 MB memory.
2026-09-11 18:26:01.994 INFO   [33A63B\D69A2D] Auto-router pass #750 on board '273ad79ffb8953a58a94100451a00378' was completed in 0.12 seconds with the score of 927.42 (12 unrouted), using 25237.77 CPU seconds and 355781 MB memory.
2026-09-11 18:26:02.120 INFO   [33A63B\D69A2D] Auto-router pass #751 on board '273ad79ffb8953a58a94100451a00378' was completed in 0.12 seconds with the score of 927.42 (12 unrouted), using 25237.77 CPU seconds and 355781 MB memory.
2026-09-11 18:26:02.581 INFO   [33A63B\D69A2D] Restoring an earlier board that has the score of 927.11 (12 unrouted).
2026-09-11 18:26:02.581 INFO   [33A63B\D69A2D] Auto-router pass #752 on board '273ad79ffb8953a58a94100451a00378' was completed in 0.46 seconds with the score of 927.42 (12 unrouted), using 25459.10 CPU seconds and 357486 MB memory.
2026-09-11 18:26:02.839 INFO   [33A63B\D69A2D] Auto-router pass #753 on board '8d8649fc066da02f56590a9bc6d787ec' was completed in 0.26 seconds with the score of 927.11 (12 unrouted), using 25459.10 CPU seconds and 357486 MB memory.
2026-09-11 18:26:02.964 INFO   [33A63B\D69A2D] Auto-router pass #754 on board '8d8649fc066da02f56590a9bc6d787ec' was completed in 0.12 seconds with the score of 927.11 (12 unrouted), using 25459.10 CPU seconds and 357486 MB memory.
2026-09-11 18:26:03.087 INFO   [33A63B\D69A2D] Auto-router pass #755 on board '8d8649fc066da02f56590a9bc6d787ec' was completed in 0.12 seconds with the score of 927.11 (12 unrouted), using 25459.10 CPU seconds and 357486 MB memory.
2026-09-11 18:26:03.506 INFO   [33A63B\D69A2D] Restoring an earlier board that has the score of 927.11 (12 unrouted).
2026-09-11 18:26:03.507 INFO   [33A63B\D69A2D] Auto-router pass #756 on board '8d8649fc066da02f56590a9bc6d787ec' was completed in 0.42 seconds with the score of 927.11 (12 unrouted), using 25459.10 CPU seconds and 357486 MB memory.
2026-09-11 18:26:03.760 INFO   [33A63B\D69A2D] Auto-router pass #757 on board '8d8649fc066da02f56590a9bc6d787ec' was completed in 0.25 seconds with the score of 927.11 (12 unrouted), using 25681.39 CPU seconds and 359149 MB memory.
2026-09-11 18:26:03.888 INFO   [33A63B\D69A2D] Auto-router pass #758 on board '8d8649fc066da02f56590a9bc6d787ec' was completed in 0.13 seconds with the score of 927.11 (12 unrouted), using 25681.39 CPU seconds and 359149 MB memory.
2026-09-11 18:26:04.013 INFO   [33A63B\D69A2D] Auto-router pass #759 on board '8d8649fc066da02f56590a9bc6d787ec' was completed in 0.12 seconds with the score of 927.11 (12 unrouted), using 25681.39 CPU seconds and 359149 MB memory.
2026-09-11 18:26:04.459 INFO   [33A63B\D69A2D] Restoring an earlier board that has the score of 927.10 (12 unrouted).
2026-09-11 18:26:04.459 INFO   [33A63B\D69A2D] Auto-router pass #760 on board '8d8649fc066da02f56590a9bc6d787ec' was completed in 0.44 seconds with the score of 927.11 (12 unrouted), using 25681.39 CPU seconds and 359149 MB memory.
2026-09-11 18:26:04.716 INFO   [33A63B\D69A2D] Auto-router pass #761 on board '8a555cab74cc8f48c453d16d95f32251' was completed in 0.25 seconds with the score of 927.10 (12 unrouted), using 25904.65 CPU seconds and 360795 MB memory.
2026-09-11 18:26:04.838 INFO   [33A63B\D69A2D] Auto-router pass #762 on board '8a555cab74cc8f48c453d16d95f32251' was completed in 0.12 seconds with the score of 927.10 (12 unrouted), using 25904.65 CPU seconds and 360795 MB memory.
2026-09-11 18:26:04.960 INFO   [33A63B\D69A2D] Auto-router pass #763 on board '8a555cab74cc8f48c453d16d95f32251' was completed in 0.12 seconds with the score of 927.10 (12 unrouted), using 25904.65 CPU seconds and 360795 MB memory.
2026-09-11 18:26:05.399 INFO   [33A63B\D69A2D] Restoring an earlier board that has the score of 927.10 (12 unrouted).
2026-09-11 18:26:05.399 INFO   [33A63B\D69A2D] Auto-router pass #764 on board '8a555cab74cc8f48c453d16d95f32251' was completed in 0.44 seconds with the score of 927.10 (12 unrouted), using 25904.65 CPU seconds and 360795 MB memory.
2026-09-11 18:26:05.654 INFO   [33A63B\D69A2D] Auto-router pass #765 on board '8a555cab74cc8f48c453d16d95f32251' was completed in 0.25 seconds with the score of 927.10 (12 unrouted), using 26128.87 CPU seconds and 362512 MB memory.
2026-09-11 18:26:05.776 INFO   [33A63B\D69A2D] Auto-router pass #766 on board '8a555cab74cc8f48c453d16d95f32251' was completed in 0.12 seconds with the score of 927.10 (12 unrouted), using 26128.87 CPU seconds and 362512 MB memory.
2026-09-11 18:26:05.900 INFO   [33A63B\D69A2D] Auto-router pass #767 on board '8a555cab74cc8f48c453d16d95f32251' was completed in 0.12 seconds with the score of 927.10 (12 unrouted), using 26128.87 CPU seconds and 362512 MB memory.
2026-09-11 18:26:06.342 INFO   [33A63B\D69A2D] Restoring an earlier board that has the score of 927.10 (12 unrouted).
2026-09-11 18:26:06.342 INFO   [33A63B\D69A2D] Auto-router pass #768 on board '8a555cab74cc8f48c453d16d95f32251' was completed in 0.44 seconds with the score of 927.10 (12 unrouted), using 26128.87 CPU seconds and 362512 MB memory.
2026-09-11 18:26:06.585 INFO   [33A63B\D69A2D] Auto-router pass #769 on board '8a555cab74cc8f48c453d16d95f32251' was completed in 0.24 seconds with the score of 927.10 (12 unrouted), using 26354.07 CPU seconds and 364213 MB memory.
2026-09-11 18:26:06.707 INFO   [33A63B\D69A2D] Auto-router pass #770 on board '8a555cab74cc8f48c453d16d95f32251' was completed in 0.12 seconds with the score of 927.10 (12 unrouted), using 26354.07 CPU seconds and 364213 MB memory.
2026-09-11 18:26:06.829 INFO   [33A63B\D69A2D] Auto-router pass #771 on board '8a555cab74cc8f48c453d16d95f32251' was completed in 0.12 seconds with the score of 927.10 (12 unrouted), using 26354.07 CPU seconds and 364213 MB memory.
2026-09-11 18:26:07.222 INFO   [33A63B\D69A2D] Restoring an earlier board that has the score of 927.10 (12 unrouted).
2026-09-11 18:26:07.223 INFO   [33A63B\D69A2D] Auto-router pass #772 on board '8a555cab74cc8f48c453d16d95f32251' was completed in 0.39 seconds with the score of 927.10 (12 unrouted), using 26354.07 CPU seconds and 364213 MB memory.
2026-09-11 18:26:07.485 INFO   [33A63B\D69A2D] Auto-router pass #773 on board '2b4dbc48d50e5d393bf5271728ad4ab0' was completed in 0.26 seconds with the score of 927.10 (12 unrouted), using 26354.07 CPU seconds and 364213 MB memory.
2026-09-11 18:26:07.607 INFO   [33A63B\D69A2D] Auto-router pass #774 on board '2b4dbc48d50e5d393bf5271728ad4ab0' was completed in 0.12 seconds with the score of 927.10 (12 unrouted), using 26580.24 CPU seconds and 365908 MB memory.
2026-09-11 18:26:07.730 INFO   [33A63B\D69A2D] Auto-router pass #775 on board '2b4dbc48d50e5d393bf5271728ad4ab0' was completed in 0.12 seconds with the score of 927.10 (12 unrouted), using 26580.24 CPU seconds and 365908 MB memory.
2026-09-11 18:26:08.169 INFO   [33A63B\D69A2D] Restoring an earlier board that has the score of 927.10 (12 unrouted).
2026-09-11 18:26:08.170 INFO   [33A63B\D69A2D] Auto-router pass #776 on board '2b4dbc48d50e5d393bf5271728ad4ab0' was completed in 0.44 seconds with the score of 927.10 (12 unrouted), using 26580.24 CPU seconds and 365908 MB memory.
2026-09-11 18:26:08.432 INFO   [33A63B\D69A2D] Auto-router pass #777 on board '2b4dbc48d50e5d393bf5271728ad4ab0' was completed in 0.26 seconds with the score of 927.10 (12 unrouted), using 26580.24 CPU seconds and 365908 MB memory.
2026-09-11 18:26:08.552 INFO   [33A63B\D69A2D] Auto-router pass #778 on board '2b4dbc48d50e5d393bf5271728ad4ab0' was completed in 0.12 seconds with the score of 927.10 (12 unrouted), using 26580.24 CPU seconds and 365908 MB memory.
2026-09-11 18:26:08.672 INFO   [33A63B\D69A2D] Auto-router pass #779 on board '2b4dbc48d50e5d393bf5271728ad4ab0' was completed in 0.12 seconds with the score of 927.10 (12 unrouted), using 26807.38 CPU seconds and 367612 MB memory.
2026-09-11 18:26:09.121 INFO   [33A63B\D69A2D] Restoring an earlier board that has the score of 927.10 (12 unrouted).
2026-09-11 18:26:09.121 INFO   [33A63B\D69A2D] Auto-router pass #780 on board '2b4dbc48d50e5d393bf5271728ad4ab0' was completed in 0.45 seconds with the score of 927.10 (12 unrouted), using 26807.38 CPU seconds and 367612 MB memory.
2026-09-11 18:26:09.724 INFO   [33A63B\D69A2D] Auto-router pass #781 on board '2b4dbc48d50e5d393bf5271728ad4ab0' was completed in 0.60 seconds with the score of 927.39 (12 unrouted), using 27035.49 CPU seconds and 369291 MB memory.
2026-09-11 18:26:10.322 INFO   [33A63B\D69A2D] Auto-router pass #782 on board '0d41565ff020128d77c40caaf0ecbeae' was completed in 0.59 seconds with the score of 927.67 (12 unrouted), using 27035.49 CPU seconds and 369291 MB memory.
2026-09-11 18:26:10.848 WARN   MazeShoveTraceAlgo.check_shove_trace_line: trace_corner_no to big
2026-09-11 18:26:10.848 WARN   MazeShoveTraceAlgo.check_shove_trace_line: trace_corner_no to big
2026-09-11 18:26:10.848 WARN   MazeShoveTraceAlgo.check_shove_trace_line: trace_corner_no to big
2026-09-11 18:26:10.848 WARN   MazeShoveTraceAlgo.check_shove_trace_line: trace_corner_no to big
2026-09-11 18:26:10.848 WARN   MazeShoveTraceAlgo.check_shove_trace_line: trace_corner_no to big
2026-09-11 18:26:10.848 WARN   MazeShoveTraceAlgo.check_shove_trace_line: trace_corner_no to big
2026-09-11 18:26:10.849 WARN   MazeShoveTraceAlgo.check_shove_trace_line: trace_corner_no to big
2026-09-11 18:26:10.849 WARN   MazeShoveTraceAlgo.check_shove_trace_line: trace_corner_no to big
2026-09-11 18:26:10.850 WARN   MazeShoveTraceAlgo.check_shove_trace_line: trace_corner_no to big
2026-09-11 18:26:10.850 WARN   MazeShoveTraceAlgo.check_shove_trace_line: trace_corner_no to big
2026-09-11 18:26:10.850 WARN   MazeShoveTraceAlgo.check_shove_trace_line: trace_corner_no to big
2026-09-11 18:26:10.850 WARN   MazeShoveTraceAlgo.check_shove_trace_line: trace_corner_no to big
2026-09-11 18:26:10.850 WARN   MazeShoveTraceAlgo.check_shove_trace_line: trace_corner_no to big
2026-09-11 18:26:10.850 WARN   MazeShoveTraceAlgo.check_shove_trace_line: trace_corner_no to big
2026-09-11 18:26:10.851 WARN   MazeShoveTraceAlgo.check_shove_trace_line: trace_corner_no to big
2026-09-11 18:26:10.851 WARN   MazeShoveTraceAlgo.check_shove_trace_line: trace_corner_no to big
2026-09-11 18:26:10.852 WARN   MazeShoveTraceAlgo.check_shove_trace_line: trace_corner_no to big
2026-09-11 18:26:10.852 WARN   MazeShoveTraceAlgo.check_shove_trace_line: trace_corner_no to big
2026-09-11 18:26:10.852 WARN   MazeShoveTraceAlgo.check_shove_trace_line: trace_corner_no to big
2026-09-11 18:26:10.852 WARN   MazeShoveTraceAlgo.check_shove_trace_line: trace_corner_no to big
2026-09-11 18:26:10.852 WARN   MazeShoveTraceAlgo.check_shove_trace_line: trace_corner_no to big
2026-09-11 18:26:10.853 WARN   MazeShoveTraceAlgo.check_shove_trace_line: trace_corner_no to big
2026-09-11 18:26:10.853 WARN   MazeShoveTraceAlgo.check_shove_trace_line: trace_corner_no to big
2026-09-11 18:26:10.853 WARN   MazeShoveTraceAlgo.check_shove_trace_line: trace_corner_no to big
2026-09-11 18:26:10.853 WARN   MazeShoveTraceAlgo.check_shove_trace_line: trace_corner_no to big
2026-09-11 18:26:10.853 WARN   MazeShoveTraceAlgo.check_shove_trace_line: trace_corner_no to big
2026-09-11 18:26:10.853 WARN   MazeShoveTraceAlgo.check_shove_trace_line: trace_corner_no to big
2026-09-11 18:26:10.853 WARN   MazeShoveTraceAlgo.check_shove_trace_line: trace_corner_no to big
2026-09-11 18:26:10.856 WARN   MazeShoveTraceAlgo.check_shove_trace_line: trace_corner_no to big
2026-09-11 18:26:10.856 WARN   MazeShoveTraceAlgo.check_shove_trace_line: trace_corner_no to big
2026-09-11 18:26:10.860 WARN   MazeShoveTraceAlgo.check_shove_trace_line: trace_corner_no to big
2026-09-11 18:26:10.860 WARN   MazeShoveTraceAlgo.check_shove_trace_line: trace_corner_no to big
2026-09-11 18:26:10.860 WARN   MazeShoveTraceAlgo.check_shove_trace_line: trace_corner_no to big
2026-09-11 18:26:10.860 WARN   MazeShoveTraceAlgo.check_shove_trace_line: trace_corner_no to big
2026-09-11 18:26:10.860 WARN   MazeShoveTraceAlgo.check_shove_trace_line: trace_corner_no to big
2026-09-11 18:26:10.860 WARN   MazeShoveTraceAlgo.check_shove_trace_line: trace_corner_no to big
2026-09-11 18:26:10.860 WARN   MazeShoveTraceAlgo.check_shove_trace_line: trace_corner_no to big
2026-09-11 18:26:10.860 WARN   MazeShoveTraceAlgo.check_shove_trace_line: trace_corner_no to big
2026-09-11 18:26:10.861 WARN   MazeShoveTraceAlgo.check_shove_trace_line: trace_corner_no to big
2026-09-11 18:26:10.861 WARN   MazeShoveTraceAlgo.check_shove_trace_line: trace_corner_no to big
2026-09-11 18:26:10.861 WARN   MazeShoveTraceAlgo.check_shove_trace_line: trace_corner_no to big
2026-09-11 18:26:10.861 WARN   MazeShoveTraceAlgo.check_shove_trace_line: trace_corner_no to big
2026-09-11 18:26:10.861 WARN   MazeShoveTraceAlgo.check_shove_trace_line: trace_corner_no to big
2026-09-11 18:26:10.861 WARN   MazeShoveTraceAlgo.check_shove_trace_line: trace_corner_no to big
2026-09-11 18:26:10.863 WARN   MazeShoveTraceAlgo.check_shove_trace_line: trace_corner_no to big
2026-09-11 18:26:10.863 WARN   MazeShoveTraceAlgo.check_shove_trace_line: trace_corner_no to big
2026-09-11 18:26:10.863 WARN   MazeShoveTraceAlgo.check_shove_trace_line: trace_corner_no to big
2026-09-11 18:26:10.863 WARN   MazeShoveTraceAlgo.check_shove_trace_line: trace_corner_no to big
2026-09-11 18:26:10.863 WARN   MazeShoveTraceAlgo.check_shove_trace_line: trace_corner_no to big
2026-09-11 18:26:10.863 WARN   MazeShoveTraceAlgo.check_shove_trace_line: trace_corner_no to big
2026-09-11 18:26:10.864 WARN   MazeShoveTraceAlgo.check_shove_trace_line: trace_corner_no to big
2026-09-11 18:26:10.864 WARN   MazeShoveTraceAlgo.check_shove_trace_line: trace_corner_no to big
2026-09-11 18:26:10.864 WARN   MazeShoveTraceAlgo.check_shove_trace_line: trace_corner_no to big
2026-09-11 18:26:10.864 WARN   MazeShoveTraceAlgo.check_shove_trace_line: trace_corner_no to big
2026-09-11 18:26:10.865 WARN   MazeShoveTraceAlgo.check_shove_trace_line: trace_corner_no to big
2026-09-11 18:26:10.865 WARN   MazeShoveTraceAlgo.check_shove_trace_line: trace_corner_no to big
2026-09-11 18:26:10.867 WARN   MazeShoveTraceAlgo.check_shove_trace_line: trace_corner_no to big
2026-09-11 18:26:10.867 WARN   MazeShoveTraceAlgo.check_shove_trace_line: trace_corner_no to big
2026-09-11 18:26:10.978 INFO   [33A63B\D69A2D] Auto-router pass #783 on board '98231aa96a7d772f21a8b7d0a4ec3a46' was completed in 0.65 seconds with the score of 927.67 (12 unrouted), using 27264.56 CPU seconds and 370929 MB memory.
2026-09-11 18:26:11.513 INFO   [33A63B\D69A2D] Restoring an earlier board that has the score of 927.67 (12 unrouted).
2026-09-11 18:26:11.513 INFO   [33A63B\D69A2D] Auto-router pass #784 on board '27e26251442ff0e9b317884898c97c98' was completed in 0.53 seconds with the score of 927.30 (12 unrouted), using 27264.56 CPU seconds and 370929 MB memory.
2026-09-11 18:26:11.811 INFO   [33A63B\D69A2D] Auto-router pass #785 on board '98231aa96a7d772f21a8b7d0a4ec3a46' was completed in 0.29 seconds with the score of 927.41 (12 unrouted), using 27494.59 CPU seconds and 372502 MB memory.
2026-09-11 18:26:11.942 INFO   [33A63B\D69A2D] Auto-router pass #786 on board 'f5ae08edf0da96cc8e34b046527b990d' was completed in 0.12 seconds with the score of 927.41 (12 unrouted), using 27494.59 CPU seconds and 372502 MB memory.
2026-09-11 18:26:12.071 INFO   [33A63B\D69A2D] Auto-router pass #787 on board 'f5ae08edf0da96cc8e34b046527b990d' was completed in 0.13 seconds with the score of 927.41 (12 unrouted), using 27494.59 CPU seconds and 372502 MB memory.
2026-09-11 18:26:12.536 INFO   [33A63B\D69A2D] Restoring an earlier board that has the score of 927.67 (12 unrouted).
2026-09-11 18:26:12.536 INFO   [33A63B\D69A2D] Auto-router pass #788 on board 'f5ae08edf0da96cc8e34b046527b990d' was completed in 0.46 seconds with the score of 927.41 (12 unrouted), using 27494.59 CPU seconds and 372502 MB memory.
2026-09-11 18:26:12.808 INFO   [33A63B\D69A2D] Auto-router pass #789 on board '98231aa96a7d772f21a8b7d0a4ec3a46' was completed in 0.27 seconds with the score of 927.41 (12 unrouted), using 27725.58 CPU seconds and 374132 MB memory.
2026-09-11 18:26:12.936 INFO   [33A63B\D69A2D] Auto-router pass #790 on board 'f5ae08edf0da96cc8e34b046527b990d' was completed in 0.12 seconds with the score of 927.41 (12 unrouted), using 27725.58 CPU seconds and 374132 MB memory.
2026-09-11 18:26:13.061 INFO   [33A63B\D69A2D] Auto-router pass #791 on board 'f5ae08edf0da96cc8e34b046527b990d' was completed in 0.12 seconds with the score of 927.41 (12 unrouted), using 27725.58 CPU seconds and 374132 MB memory.
2026-09-11 18:26:13.551 INFO   [33A63B\D69A2D] Restoring an earlier board that has the score of 927.67 (12 unrouted).
2026-09-11 18:26:13.552 INFO   [33A63B\D69A2D] Auto-router pass #792 on board 'f5ae08edf0da96cc8e34b046527b990d' was completed in 0.49 seconds with the score of 927.41 (12 unrouted), using 27725.58 CPU seconds and 374132 MB memory.
2026-09-11 18:26:13.814 INFO   [33A63B\D69A2D] Auto-router pass #793 on board '98231aa96a7d772f21a8b7d0a4ec3a46' was completed in 0.26 seconds with the score of 927.41 (12 unrouted), using 27957.54 CPU seconds and 375790 MB memory.
2026-09-11 18:26:13.941 INFO   [33A63B\D69A2D] Auto-router pass #794 on board 'f5ae08edf0da96cc8e34b046527b990d' was completed in 0.12 seconds with the score of 927.41 (12 unrouted), using 27957.54 CPU seconds and 375790 MB memory.
2026-09-11 18:26:14.066 INFO   [33A63B\D69A2D] Auto-router pass #795 on board 'f5ae08edf0da96cc8e34b046527b990d' was completed in 0.12 seconds with the score of 927.41 (12 unrouted), using 27957.54 CPU seconds and 375790 MB memory.
2026-09-11 18:26:14.568 INFO   [33A63B\D69A2D] Restoring an earlier board that has the score of 927.67 (12 unrouted).
2026-09-11 18:26:14.569 INFO   [33A63B\D69A2D] Auto-router pass #796 on board 'f5ae08edf0da96cc8e34b046527b990d' was completed in 0.50 seconds with the score of 927.41 (12 unrouted), using 28190.47 CPU seconds and 377454 MB memory.
2026-09-11 18:26:14.835 INFO   [33A63B\D69A2D] Auto-router pass #797 on board '98231aa96a7d772f21a8b7d0a4ec3a46' was completed in 0.26 seconds with the score of 927.41 (12 unrouted), using 28190.47 CPU seconds and 377454 MB memory.
2026-09-11 18:26:14.960 INFO   [33A63B\D69A2D] Auto-router pass #798 on board 'f5ae08edf0da96cc8e34b046527b990d' was completed in 0.12 seconds with the score of 927.41 (12 unrouted), using 28190.47 CPU seconds and 377454 MB memory.
2026-09-11 18:26:15.083 INFO   [33A63B\D69A2D] Auto-router pass #799 on board 'f5ae08edf0da96cc8e34b046527b990d' was completed in 0.12 seconds with the score of 927.41 (12 unrouted), using 28190.47 CPU seconds and 377454 MB memory.
2026-09-11 18:26:15.571 INFO   [33A63B\D69A2D] Restoring an earlier board that has the score of 927.67 (12 unrouted).
2026-09-11 18:26:15.572 INFO   [33A63B\D69A2D] Auto-router pass #800 on board 'f5ae08edf0da96cc8e34b046527b990d' was completed in 0.49 seconds with the score of 927.41 (12 unrouted), using 28424.38 CPU seconds and 379125 MB memory.
2026-09-11 18:26:15.836 INFO   [33A63B\D69A2D] Auto-router pass #801 on board '27e26251442ff0e9b317884898c97c98' was completed in 0.26 seconds with the score of 927.30 (12 unrouted), using 28424.38 CPU seconds and 379125 MB memory.
2026-09-11 18:26:15.966 INFO   [33A63B\D69A2D] Auto-router pass #802 on board '54c79e1d7905ba2f6672bd08720324e3' was completed in 0.12 seconds with the score of 927.30 (12 unrouted), using 28424.38 CPU seconds and 379125 MB memory.
2026-09-11 18:26:16.090 INFO   [33A63B\D69A2D] Auto-router pass #803 on board '54c79e1d7905ba2f6672bd08720324e3' was completed in 0.12 seconds with the score of 927.30 (12 unrouted), using 28424.38 CPU seconds and 379125 MB memory.
2026-09-11 18:26:18.126 INFO   [33A63B\D69A2D] Restoring an earlier board that has the score of 927.67 (12 unrouted).
2026-09-11 18:26:18.126 INFO   [33A63B\D69A2D] Auto-router pass #804 on board '54c79e1d7905ba2f6672bd08720324e3' was completed in 2.03 seconds with the score of 927.82 (12 unrouted), using 28895.08 CPU seconds and 382268 MB memory.
2026-09-11 18:26:18.401 INFO   [33A63B\D69A2D] Auto-router pass #805 on board '27e26251442ff0e9b317884898c97c98' was completed in 0.27 seconds with the score of 927.30 (12 unrouted), using 28895.08 CPU seconds and 382268 MB memory.
2026-09-11 18:26:18.527 INFO   [33A63B\D69A2D] Auto-router pass #806 on board '54c79e1d7905ba2f6672bd08720324e3' was completed in 0.12 seconds with the score of 927.30 (12 unrouted), using 28895.08 CPU seconds and 382268 MB memory.
2026-09-11 18:26:18.654 INFO   [33A63B\D69A2D] Auto-router pass #807 on board '54c79e1d7905ba2f6672bd08720324e3' was completed in 0.12 seconds with the score of 927.30 (12 unrouted), using 29131.87 CPU seconds and 383808 MB memory.
2026-09-11 18:26:19.148 INFO   [33A63B\D69A2D] Restoring an earlier board that has the score of 927.67 (12 unrouted).
2026-09-11 18:26:19.148 INFO   [33A63B\D69A2D] Auto-router pass #808 on board '54c79e1d7905ba2f6672bd08720324e3' was completed in 0.49 seconds with the score of 927.30 (12 unrouted), using 29131.87 CPU seconds and 383808 MB memory.
2026-09-11 18:26:19.413 INFO   [33A63B\D69A2D] Auto-router pass #809 on board '27e26251442ff0e9b317884898c97c98' was completed in 0.26 seconds with the score of 927.30 (12 unrouted), using 29131.87 CPU seconds and 383808 MB memory.
2026-09-11 18:26:19.540 INFO   [33A63B\D69A2D] Auto-router pass #810 on board '54c79e1d7905ba2f6672bd08720324e3' was completed in 0.12 seconds with the score of 927.30 (12 unrouted), using 29131.87 CPU seconds and 383808 MB memory.
2026-09-11 18:26:19.666 INFO   [33A63B\D69A2D] Auto-router pass #811 on board '54c79e1d7905ba2f6672bd08720324e3' was completed in 0.12 seconds with the score of 927.30 (12 unrouted), using 29369.63 CPU seconds and 385469 MB memory.
2026-09-11 18:26:20.157 INFO   [33A63B\D69A2D] Restoring an earlier board that has the score of 927.67 (12 unrouted).
2026-09-11 18:26:20.157 INFO   [33A63B\D69A2D] Auto-router pass #812 on board '54c79e1d7905ba2f6672bd08720324e3' was completed in 0.48 seconds with the score of 927.30 (12 unrouted), using 29369.63 CPU seconds and 385469 MB memory.
2026-09-11 18:26:20.752 INFO   [33A63B\D69A2D] Auto-router pass #813 on board '27e26251442ff0e9b317884898c97c98' was completed in 0.59 seconds with the score of 927.79 (12 unrouted), using 29608.36 CPU seconds and 387097 MB memory.
2026-09-11 18:26:21.400 INFO   [33A63B\D69A2D] Auto-router pass #814 on board '83f36180a915275ddb5c35ca4d3da6d2' was completed in 0.64 seconds with the score of 927.25 (12 unrouted), using 29608.36 CPU seconds and 387097 MB memory.
2026-09-11 18:26:22.061 INFO   [33A63B\D69A2D] Auto-router pass #815 on board '7b7d7927910dca90817878c90b86da06' was completed in 0.65 seconds with the score of 927.59 (12 unrouted), using 29848.06 CPU seconds and 388692 MB memory.
2026-09-11 18:26:22.596 INFO   [33A63B\D69A2D] Restoring an earlier board that has the score of 927.79 (12 unrouted).
2026-09-11 18:26:22.596 INFO   [33A63B\D69A2D] Auto-router pass #816 on board '5cb3a6fc21c1a520be7aba80d0f6c57d' was completed in 0.53 seconds with the score of 927.59 (12 unrouted), using 30088.71 CPU seconds and 390232 MB memory.
2026-09-11 18:26:22.874 INFO   [33A63B\D69A2D] Auto-router pass #817 on board '83f36180a915275ddb5c35ca4d3da6d2' was completed in 0.27 seconds with the score of 927.79 (12 unrouted), using 30088.71 CPU seconds and 390232 MB memory.
2026-09-11 18:26:23.011 INFO   [33A63B\D69A2D] Auto-router pass #818 on board '83f36180a915275ddb5c35ca4d3da6d2' was completed in 0.13 seconds with the score of 927.79 (12 unrouted), using 30088.71 CPU seconds and 390232 MB memory.
2026-09-11 18:26:23.140 INFO   [33A63B\D69A2D] Auto-router pass #819 on board '83f36180a915275ddb5c35ca4d3da6d2' was completed in 0.12 seconds with the score of 927.79 (12 unrouted), using 30088.71 CPU seconds and 390232 MB memory.
2026-09-11 18:26:23.614 INFO   [33A63B\D69A2D] Restoring an earlier board that has the score of 927.79 (12 unrouted).
2026-09-11 18:26:23.614 INFO   [33A63B\D69A2D] Auto-router pass #820 on board '83f36180a915275ddb5c35ca4d3da6d2' was completed in 0.47 seconds with the score of 927.79 (12 unrouted), using 30330.32 CPU seconds and 391838 MB memory.
2026-09-11 18:26:23.885 INFO   [33A63B\D69A2D] Auto-router pass #821 on board '83f36180a915275ddb5c35ca4d3da6d2' was completed in 0.27 seconds with the score of 927.79 (12 unrouted), using 30330.32 CPU seconds and 391838 MB memory.
2026-09-11 18:26:24.010 INFO   [33A63B\D69A2D] Auto-router pass #822 on board '83f36180a915275ddb5c35ca4d3da6d2' was completed in 0.12 seconds with the score of 927.79 (12 unrouted), using 30330.32 CPU seconds and 391838 MB memory.
2026-09-11 18:26:24.136 INFO   [33A63B\D69A2D] Auto-router pass #823 on board '83f36180a915275ddb5c35ca4d3da6d2' was completed in 0.12 seconds with the score of 927.79 (12 unrouted), using 30330.32 CPU seconds and 391838 MB memory.
2026-09-11 18:26:24.602 INFO   [33A63B\D69A2D] Restoring an earlier board that has the score of 927.79 (12 unrouted).
2026-09-11 18:26:24.602 INFO   [33A63B\D69A2D] Auto-router pass #824 on board '83f36180a915275ddb5c35ca4d3da6d2' was completed in 0.46 seconds with the score of 927.79 (12 unrouted), using 30572.90 CPU seconds and 393467 MB memory.
2026-09-11 18:26:24.864 INFO   [33A63B\D69A2D] Auto-router pass #825 on board '83f36180a915275ddb5c35ca4d3da6d2' was completed in 0.26 seconds with the score of 927.79 (12 unrouted), using 30572.90 CPU seconds and 393467 MB memory.
2026-09-11 18:26:24.989 INFO   [33A63B\D69A2D] Auto-router pass #826 on board '83f36180a915275ddb5c35ca4d3da6d2' was completed in 0.12 seconds with the score of 927.79 (12 unrouted), using 30572.90 CPU seconds and 393467 MB memory.
2026-09-11 18:26:25.115 INFO   [33A63B\D69A2D] Auto-router pass #827 on board '83f36180a915275ddb5c35ca4d3da6d2' was completed in 0.12 seconds with the score of 927.79 (12 unrouted), using 30572.90 CPU seconds and 393467 MB memory.
2026-09-11 18:26:25.576 INFO   [33A63B\D69A2D] Restoring an earlier board that has the score of 927.79 (12 unrouted).
2026-09-11 18:26:25.576 INFO   [33A63B\D69A2D] Auto-router pass #828 on board '83f36180a915275ddb5c35ca4d3da6d2' was completed in 0.46 seconds with the score of 927.79 (12 unrouted), using 30816.45 CPU seconds and 395094 MB memory.
2026-09-11 18:26:25.853 INFO   [33A63B\D69A2D] Auto-router pass #829 on board '83f36180a915275ddb5c35ca4d3da6d2' was completed in 0.28 seconds with the score of 927.79 (12 unrouted), using 30816.45 CPU seconds and 395094 MB memory.
2026-09-11 18:26:25.985 INFO   [33A63B\D69A2D] Auto-router pass #830 on board '83f36180a915275ddb5c35ca4d3da6d2' was completed in 0.13 seconds with the score of 927.79 (12 unrouted), using 30816.45 CPU seconds and 395094 MB memory.
2026-09-11 18:26:26.114 INFO   [33A63B\D69A2D] Auto-router pass #831 on board '83f36180a915275ddb5c35ca4d3da6d2' was completed in 0.12 seconds with the score of 927.79 (12 unrouted), using 30816.45 CPU seconds and 395094 MB memory.
2026-09-11 18:26:26.587 INFO   [33A63B\D69A2D] Restoring an earlier board that has the score of 927.59 (12 unrouted).
2026-09-11 18:26:26.587 INFO   [33A63B\D69A2D] Auto-router pass #832 on board '83f36180a915275ddb5c35ca4d3da6d2' was completed in 0.47 seconds with the score of 927.79 (12 unrouted), using 31060.97 CPU seconds and 396704 MB memory.
2026-09-11 18:26:26.835 INFO   [33A63B\D69A2D] Auto-router pass #833 on board '5cb3a6fc21c1a520be7aba80d0f6c57d' was completed in 0.24 seconds with the score of 927.59 (12 unrouted), using 31060.97 CPU seconds and 396704 MB memory.
2026-09-11 18:26:26.958 INFO   [33A63B\D69A2D] Auto-router pass #834 on board '5cb3a6fc21c1a520be7aba80d0f6c57d' was completed in 0.12 seconds with the score of 927.59 (12 unrouted), using 31060.97 CPU seconds and 396704 MB memory.
2026-09-11 18:26:27.081 INFO   [33A63B\D69A2D] Auto-router pass #835 on board '5cb3a6fc21c1a520be7aba80d0f6c57d' was completed in 0.12 seconds with the score of 927.59 (12 unrouted), using 31060.97 CPU seconds and 396704 MB memory.
2026-09-11 18:26:27.554 INFO   [33A63B\D69A2D] Restoring an earlier board that has the score of 927.59 (12 unrouted).
2026-09-11 18:26:27.554 INFO   [33A63B\D69A2D] Auto-router pass #836 on board '5cb3a6fc21c1a520be7aba80d0f6c57d' was completed in 0.47 seconds with the score of 927.59 (12 unrouted), using 31060.97 CPU seconds and 396704 MB memory.
2026-09-11 18:26:27.839 INFO   [33A63B\D69A2D] Auto-router pass #837 on board '5cb3a6fc21c1a520be7aba80d0f6c57d' was completed in 0.28 seconds with the score of 927.59 (12 unrouted), using 31306.47 CPU seconds and 398368 MB memory.
2026-09-11 18:26:27.970 INFO   [33A63B\D69A2D] Auto-router pass #838 on board '5cb3a6fc21c1a520be7aba80d0f6c57d' was completed in 0.13 seconds with the score of 927.59 (12 unrouted), using 31306.47 CPU seconds and 398368 MB memory.
2026-09-11 18:26:28.098 INFO   [33A63B\D69A2D] Auto-router pass #839 on board '5cb3a6fc21c1a520be7aba80d0f6c57d' was completed in 0.12 seconds with the score of 927.59 (12 unrouted), using 31306.47 CPU seconds and 398368 MB memory.
2026-09-11 18:26:28.514 INFO   [33A63B\D69A2D] Restoring an earlier board that has the score of 927.59 (12 unrouted).
2026-09-11 18:26:28.514 INFO   [33A63B\D69A2D] Auto-router pass #840 on board '5cb3a6fc21c1a520be7aba80d0f6c57d' was completed in 0.41 seconds with the score of 927.59 (12 unrouted), using 31306.47 CPU seconds and 398368 MB memory.
2026-09-11 18:26:28.784 INFO   [33A63B\D69A2D] Auto-router pass #841 on board '5cb3a6fc21c1a520be7aba80d0f6c57d' was completed in 0.27 seconds with the score of 927.59 (12 unrouted), using 31552.93 CPU seconds and 400001 MB memory.
2026-09-11 18:26:28.908 INFO   [33A63B\D69A2D] Auto-router pass #842 on board '5cb3a6fc21c1a520be7aba80d0f6c57d' was completed in 0.12 seconds with the score of 927.59 (12 unrouted), using 31552.93 CPU seconds and 400001 MB memory.
2026-09-11 18:26:29.033 INFO   [33A63B\D69A2D] Auto-router pass #843 on board '5cb3a6fc21c1a520be7aba80d0f6c57d' was completed in 0.12 seconds with the score of 927.59 (12 unrouted), using 31552.93 CPU seconds and 400001 MB memory.
2026-09-11 18:26:29.483 INFO   [33A63B\D69A2D] Restoring an earlier board that has the score of 927.59 (12 unrouted).
2026-09-11 18:26:29.483 INFO   [33A63B\D69A2D] Auto-router pass #844 on board '5cb3a6fc21c1a520be7aba80d0f6c57d' was completed in 0.45 seconds with the score of 927.59 (12 unrouted), using 31552.93 CPU seconds and 400001 MB memory.
2026-09-11 18:26:29.742 INFO   [33A63B\D69A2D] Auto-router pass #845 on board '5cb3a6fc21c1a520be7aba80d0f6c57d' was completed in 0.26 seconds with the score of 927.59 (12 unrouted), using 31800.35 CPU seconds and 401642 MB memory.
2026-09-11 18:26:29.865 INFO   [33A63B\D69A2D] Auto-router pass #846 on board '5cb3a6fc21c1a520be7aba80d0f6c57d' was completed in 0.12 seconds with the score of 927.59 (12 unrouted), using 31800.35 CPU seconds and 401642 MB memory.
2026-09-11 18:26:29.990 INFO   [33A63B\D69A2D] Auto-router pass #847 on board '5cb3a6fc21c1a520be7aba80d0f6c57d' was completed in 0.12 seconds with the score of 927.59 (12 unrouted), using 31800.35 CPU seconds and 401642 MB memory.
2026-09-11 18:26:30.480 INFO   [33A63B\D69A2D] Restoring an earlier board that has the score of 927.41 (12 unrouted).
2026-09-11 18:26:30.480 INFO   [33A63B\D69A2D] Auto-router pass #848 on board '5cb3a6fc21c1a520be7aba80d0f6c57d' was completed in 0.49 seconds with the score of 927.59 (12 unrouted), using 31800.35 CPU seconds and 401642 MB memory.
2026-09-11 18:26:30.748 INFO   [33A63B\D69A2D] Auto-router pass #849 on board 'f5ae08edf0da96cc8e34b046527b990d' was completed in 0.27 seconds with the score of 927.41 (12 unrouted), using 32048.75 CPU seconds and 403303 MB memory.
2026-09-11 18:26:30.873 INFO   [33A63B\D69A2D] Auto-router pass #850 on board 'f5ae08edf0da96cc8e34b046527b990d' was completed in 0.12 seconds with the score of 927.41 (12 unrouted), using 32048.75 CPU seconds and 403303 MB memory.
2026-09-11 18:26:31.001 INFO   [33A63B\D69A2D] Auto-router pass #851 on board 'f5ae08edf0da96cc8e34b046527b990d' was completed in 0.12 seconds with the score of 927.41 (12 unrouted), using 32048.75 CPU seconds and 403303 MB memory.
2026-09-11 18:26:31.493 INFO   [33A63B\D69A2D] Restoring an earlier board that has the score of 927.41 (12 unrouted).
2026-09-11 18:26:31.493 INFO   [33A63B\D69A2D] Auto-router pass #852 on board 'f5ae08edf0da96cc8e34b046527b990d' was completed in 0.49 seconds with the score of 927.41 (12 unrouted), using 32048.75 CPU seconds and 403303 MB memory.
2026-09-11 18:26:31.756 INFO   [33A63B\D69A2D] Auto-router pass #853 on board 'f5ae08edf0da96cc8e34b046527b990d' was completed in 0.26 seconds with the score of 927.41 (12 unrouted), using 32298.12 CPU seconds and 404961 MB memory.
2026-09-11 18:26:31.883 INFO   [33A63B\D69A2D] Auto-router pass #854 on board 'f5ae08edf0da96cc8e34b046527b990d' was completed in 0.12 seconds with the score of 927.41 (12 unrouted), using 32298.12 CPU seconds and 404961 MB memory.
2026-09-11 18:26:32.011 INFO   [33A63B\D69A2D] Auto-router pass #855 on board 'f5ae08edf0da96cc8e34b046527b990d' was completed in 0.12 seconds with the score of 927.41 (12 unrouted), using 32298.12 CPU seconds and 404961 MB memory.
2026-09-11 18:26:32.514 INFO   [33A63B\D69A2D] Restoring an earlier board that has the score of 927.41 (12 unrouted).
2026-09-11 18:26:32.515 INFO   [33A63B\D69A2D] Auto-router pass #856 on board 'f5ae08edf0da96cc8e34b046527b990d' was completed in 0.50 seconds with the score of 927.41 (12 unrouted), using 32298.12 CPU seconds and 404961 MB memory.
2026-09-11 18:26:32.786 INFO   [33A63B\D69A2D] Auto-router pass #857 on board 'f5ae08edf0da96cc8e34b046527b990d' was completed in 0.27 seconds with the score of 927.41 (12 unrouted), using 32548.46 CPU seconds and 406612 MB memory.
2026-09-11 18:26:32.908 INFO   [33A63B\D69A2D] Auto-router pass #858 on board 'f5ae08edf0da96cc8e34b046527b990d' was completed in 0.12 seconds with the score of 927.41 (12 unrouted), using 32548.46 CPU seconds and 406612 MB memory.
2026-09-11 18:26:33.041 INFO   [33A63B\D69A2D] Auto-router pass #859 on board 'f5ae08edf0da96cc8e34b046527b990d' was completed in 0.13 seconds with the score of 927.41 (12 unrouted), using 32548.46 CPU seconds and 406612 MB memory.
2026-09-11 18:26:33.543 INFO   [33A63B\D69A2D] Restoring an earlier board that has the score of 927.41 (12 unrouted).
2026-09-11 18:26:33.543 INFO   [33A63B\D69A2D] Auto-router pass #860 on board 'f5ae08edf0da96cc8e34b046527b990d' was completed in 0.50 seconds with the score of 927.41 (12 unrouted), using 32548.46 CPU seconds and 406612 MB memory.
2026-09-11 18:26:33.811 INFO   [33A63B\D69A2D] Auto-router pass #861 on board 'f5ae08edf0da96cc8e34b046527b990d' was completed in 0.27 seconds with the score of 927.41 (12 unrouted), using 32799.78 CPU seconds and 408273 MB memory.
2026-09-11 18:26:33.936 INFO   [33A63B\D69A2D] Auto-router pass #862 on board 'f5ae08edf0da96cc8e34b046527b990d' was completed in 0.12 seconds with the score of 927.41 (12 unrouted), using 32799.78 CPU seconds and 408273 MB memory.
2026-09-11 18:26:34.061 INFO   [33A63B\D69A2D] Auto-router pass #863 on board 'f5ae08edf0da96cc8e34b046527b990d' was completed in 0.12 seconds with the score of 927.41 (12 unrouted), using 32799.78 CPU seconds and 408273 MB memory.
2026-09-11 18:26:34.548 INFO   [33A63B\D69A2D] Restoring an earlier board that has the score of 927.39 (12 unrouted).
2026-09-11 18:26:34.548 INFO   [33A63B\D69A2D] Auto-router pass #864 on board 'f5ae08edf0da96cc8e34b046527b990d' was completed in 0.48 seconds with the score of 927.41 (12 unrouted), using 32799.78 CPU seconds and 408273 MB memory.
2026-09-11 18:26:34.808 INFO   [33A63B\D69A2D] Auto-router pass #865 on board '0d41565ff020128d77c40caaf0ecbeae' was completed in 0.26 seconds with the score of 927.10 (12 unrouted), using 33052.06 CPU seconds and 409946 MB memory.
2026-09-11 18:26:34.936 INFO   [33A63B\D69A2D] Auto-router pass #866 on board '1920d96b2b6382af0d16ec9b5ccfdde1' was completed in 0.12 seconds with the score of 927.10 (12 unrouted), using 33052.06 CPU seconds and 409946 MB memory.
2026-09-11 18:26:35.059 INFO   [33A63B\D69A2D] Auto-router pass #867 on board '1920d96b2b6382af0d16ec9b5ccfdde1' was completed in 0.12 seconds with the score of 927.10 (12 unrouted), using 33052.06 CPU seconds and 409946 MB memory.
2026-09-11 18:26:35.534 INFO   [33A63B\D69A2D] Restoring an earlier board that has the score of 927.39 (12 unrouted).
2026-09-11 18:26:35.534 INFO   [33A63B\D69A2D] Auto-router pass #868 on board '1920d96b2b6382af0d16ec9b5ccfdde1' was completed in 0.47 seconds with the score of 927.10 (12 unrouted), using 33052.06 CPU seconds and 409946 MB memory.
2026-09-11 18:26:36.197 INFO   [33A63B\D69A2D] Auto-router pass #869 on board '0d41565ff020128d77c40caaf0ecbeae' was completed in 0.66 seconds with the score of 927.49 (12 unrouted), using 33305.32 CPU seconds and 411647 MB memory.
2026-09-11 18:26:36.807 INFO   [33A63B\D69A2D] Auto-router pass #870 on board 'bddc6e614d740ec72f3f1d9b561f374f' was completed in 0.60 seconds with the score of 927.10 (12 unrouted), using 33559.54 CPU seconds and 413264 MB memory.
2026-09-11 18:26:37.448 INFO   [33A63B\D69A2D] Auto-router pass #871 on board 'fb21dae5d00718cd348bf4e4b3700aba' was completed in 0.63 seconds with the score of 927.10 (12 unrouted), using 33559.54 CPU seconds and 413264 MB memory.
2026-09-11 18:26:39.278 INFO   [33A63B\D69A2D] Restoring an earlier board that has the score of 927.49 (12 unrouted).
2026-09-11 18:26:39.278 INFO   [33A63B\D69A2D] Auto-router pass #872 on board '1c44b8b474580d59295eb5687a1d49e5' was completed in 1.82 seconds with the score of 927.10 (12 unrouted), using 34070.86 CPU seconds and 416466 MB memory.
2026-09-11 18:26:39.550 INFO   [33A63B\D69A2D] Auto-router pass #873 on board 'bddc6e614d740ec72f3f1d9b561f374f' was completed in 0.27 seconds with the score of 927.10 (12 unrouted), using 34070.86 CPU seconds and 416466 MB memory.
2026-09-11 18:26:39.684 INFO   [33A63B\D69A2D] Auto-router pass #874 on board '03e36bd49a1c78ebd873ab418a85e893' was completed in 0.13 seconds with the score of 927.10 (12 unrouted), using 34327.95 CPU seconds and 418043 MB memory.
2026-09-11 18:26:39.811 INFO   [33A63B\D69A2D] Auto-router pass #875 on board '03e36bd49a1c78ebd873ab418a85e893' was completed in 0.12 seconds with the score of 927.10 (12 unrouted), using 34327.95 CPU seconds and 418043 MB memory.
2026-09-11 18:26:40.296 INFO   [33A63B\D69A2D] Restoring an earlier board that has the score of 927.49 (12 unrouted).
2026-09-11 18:26:40.296 INFO   [33A63B\D69A2D] Auto-router pass #876 on board '03e36bd49a1c78ebd873ab418a85e893' was completed in 0.48 seconds with the score of 927.10 (12 unrouted), using 34327.95 CPU seconds and 418043 MB memory.
2026-09-11 18:26:40.587 INFO   [33A63B\D69A2D] Auto-router pass #877 on board 'bddc6e614d740ec72f3f1d9b561f374f' was completed in 0.29 seconds with the score of 927.10 (12 unrouted), using 34586.00 CPU seconds and 419677 MB memory.
2026-09-11 18:26:40.716 INFO   [33A63B\D69A2D] Auto-router pass #878 on board '03e36bd49a1c78ebd873ab418a85e893' was completed in 0.13 seconds with the score of 927.10 (12 unrouted), using 34586.00 CPU seconds and 419677 MB memory.
2026-09-11 18:26:40.843 INFO   [33A63B\D69A2D] Auto-router pass #879 on board '03e36bd49a1c78ebd873ab418a85e893' was completed in 0.12 seconds with the score of 927.10 (12 unrouted), using 34586.00 CPU seconds and 419677 MB memory.
2026-09-11 18:26:41.308 INFO   [33A63B\D69A2D] Restoring an earlier board that has the score of 927.49 (12 unrouted).
2026-09-11 18:26:41.308 INFO   [33A63B\D69A2D] Auto-router pass #880 on board '03e36bd49a1c78ebd873ab418a85e893' was completed in 0.46 seconds with the score of 927.10 (12 unrouted), using 34586.00 CPU seconds and 419677 MB memory.
2026-09-11 18:26:41.583 INFO   [33A63B\D69A2D] Auto-router pass #881 on board 'bddc6e614d740ec72f3f1d9b561f374f' was completed in 0.27 seconds with the score of 927.10 (12 unrouted), using 34845.02 CPU seconds and 421331 MB memory.
2026-09-11 18:26:41.709 INFO   [33A63B\D69A2D] Auto-router pass #882 on board '03e36bd49a1c78ebd873ab418a85e893' was completed in 0.12 seconds with the score of 927.10 (12 unrouted), using 34845.02 CPU seconds and 421331 MB memory.
2026-09-11 18:26:41.832 INFO   [33A63B\D69A2D] Auto-router pass #883 on board '03e36bd49a1c78ebd873ab418a85e893' was completed in 0.12 seconds with the score of 927.10 (12 unrouted), using 34845.02 CPU seconds and 421331 MB memory.
2026-09-11 18:26:42.274 INFO   [33A63B\D69A2D] Restoring an earlier board that has the score of 927.49 (12 unrouted).
2026-09-11 18:26:42.274 INFO   [33A63B\D69A2D] Auto-router pass #884 on board '03e36bd49a1c78ebd873ab418a85e893' was completed in 0.44 seconds with the score of 927.10 (12 unrouted), using 34845.02 CPU seconds and 421331 MB memory.
2026-09-11 18:26:42.549 INFO   [33A63B\D69A2D] Auto-router pass #885 on board 'bddc6e614d740ec72f3f1d9b561f374f' was completed in 0.27 seconds with the score of 927.10 (12 unrouted), using 34845.02 CPU seconds and 421331 MB memory.
2026-09-11 18:26:42.672 INFO   [33A63B\D69A2D] Auto-router pass #886 on board '03e36bd49a1c78ebd873ab418a85e893' was completed in 0.12 seconds with the score of 927.10 (12 unrouted), using 35105.00 CPU seconds and 423012 MB memory.
2026-09-11 18:26:42.793 INFO   [33A63B\D69A2D] Auto-router pass #887 on board '03e36bd49a1c78ebd873ab418a85e893' was completed in 0.12 seconds with the score of 927.10 (12 unrouted), using 35105.00 CPU seconds and 423012 MB memory.
2026-09-11 18:26:43.279 INFO   [33A63B\D69A2D] Restoring an earlier board that has the score of 927.39 (12 unrouted).
2026-09-11 18:26:43.279 INFO   [33A63B\D69A2D] Auto-router pass #888 on board '03e36bd49a1c78ebd873ab418a85e893' was completed in 0.48 seconds with the score of 927.10 (12 unrouted), using 35105.00 CPU seconds and 423012 MB memory.
2026-09-11 18:26:43.553 INFO   [33A63B\D69A2D] Auto-router pass #889 on board '0d41565ff020128d77c40caaf0ecbeae' was completed in 0.27 seconds with the score of 927.10 (12 unrouted), using 35105.00 CPU seconds and 423012 MB memory.
2026-09-11 18:26:43.684 INFO   [33A63B\D69A2D] Auto-router pass #890 on board '1920d96b2b6382af0d16ec9b5ccfdde1' was completed in 0.12 seconds with the score of 927.10 (12 unrouted), using 35365.95 CPU seconds and 424696 MB memory.
2026-09-11 18:26:43.810 INFO   [33A63B\D69A2D] Auto-router pass #891 on board '1920d96b2b6382af0d16ec9b5ccfdde1' was completed in 0.12 seconds with the score of 927.10 (12 unrouted), using 35365.95 CPU seconds and 424696 MB memory.
2026-09-11 18:26:44.299 INFO   [33A63B\D69A2D] Restoring an earlier board that has the score of 927.39 (12 unrouted).
2026-09-11 18:26:44.299 INFO   [33A63B\D69A2D] Auto-router pass #892 on board '1920d96b2b6382af0d16ec9b5ccfdde1' was completed in 0.49 seconds with the score of 927.10 (12 unrouted), using 35365.95 CPU seconds and 424696 MB memory.
2026-09-11 18:26:44.585 INFO   [33A63B\D69A2D] Auto-router pass #893 on board '0d41565ff020128d77c40caaf0ecbeae' was completed in 0.28 seconds with the score of 927.10 (12 unrouted), using 35627.88 CPU seconds and 426356 MB memory.
2026-09-11 18:26:44.710 INFO   [33A63B\D69A2D] Auto-router pass #894 on board '1920d96b2b6382af0d16ec9b5ccfdde1' was completed in 0.12 seconds with the score of 927.10 (12 unrouted), using 35627.88 CPU seconds and 426356 MB memory.
2026-09-11 18:26:44.834 INFO   [33A63B\D69A2D] Auto-router pass #895 on board '1920d96b2b6382af0d16ec9b5ccfdde1' was completed in 0.12 seconds with the score of 927.10 (12 unrouted), using 35627.88 CPU seconds and 426356 MB memory.
2026-09-11 18:26:46.513 INFO   [33A63B\D69A2D] Restoring an earlier board that has the score of 927.30 (12 unrouted).
2026-09-11 18:26:46.513 INFO   [33A63B\D69A2D] Auto-router pass #896 on board '1920d96b2b6382af0d16ec9b5ccfdde1' was completed in 1.68 seconds with the score of 926.96 (12 unrouted), using 35890.77 CPU seconds and 427962 MB memory.
2026-09-11 18:26:46.789 INFO   [33A63B\D69A2D] Auto-router pass #897 on board '54c79e1d7905ba2f6672bd08720324e3' was completed in 0.27 seconds with the score of 927.30 (12 unrouted), using 36154.61 CPU seconds and 429500 MB memory.
2026-09-11 18:26:46.917 INFO   [33A63B\D69A2D] Auto-router pass #898 on board '54c79e1d7905ba2f6672bd08720324e3' was completed in 0.12 seconds with the score of 927.30 (12 unrouted), using 36154.61 CPU seconds and 429500 MB memory.
2026-09-11 18:26:47.050 INFO   [33A63B\D69A2D] Auto-router pass #899 on board '54c79e1d7905ba2f6672bd08720324e3' was completed in 0.13 seconds with the score of 927.30 (12 unrouted), using 36154.61 CPU seconds and 429500 MB memory.
2026-09-11 18:26:47.536 INFO   [33A63B\D69A2D] Restoring an earlier board that has the score of 927.30 (12 unrouted).
2026-09-11 18:26:47.536 INFO   [33A63B\D69A2D] Auto-router pass #900 on board '54c79e1d7905ba2f6672bd08720324e3' was completed in 0.48 seconds with the score of 927.30 (12 unrouted), using 36154.61 CPU seconds and 429500 MB memory.
2026-09-11 18:26:47.800 INFO   [33A63B\D69A2D] Auto-router pass #901 on board '54c79e1d7905ba2f6672bd08720324e3' was completed in 0.26 seconds with the score of 927.30 (12 unrouted), using 36419.43 CPU seconds and 431135 MB memory.
2026-09-11 18:26:47.925 INFO   [33A63B\D69A2D] Auto-router pass #902 on board '54c79e1d7905ba2f6672bd08720324e3' was completed in 0.12 seconds with the score of 927.30 (12 unrouted), using 36419.43 CPU seconds and 431135 MB memory.
2026-09-11 18:26:48.049 INFO   [33A63B\D69A2D] Auto-router pass #903 on board '54c79e1d7905ba2f6672bd08720324e3' was completed in 0.12 seconds with the score of 927.30 (12 unrouted), using 36419.43 CPU seconds and 431135 MB memory.
2026-09-11 18:26:48.549 INFO   [33A63B\D69A2D] Restoring an earlier board that has the score of 927.30 (12 unrouted).
2026-09-11 18:26:48.550 INFO   [33A63B\D69A2D] Auto-router pass #904 on board '54c79e1d7905ba2f6672bd08720324e3' was completed in 0.50 seconds with the score of 927.30 (12 unrouted), using 36419.43 CPU seconds and 431135 MB memory.
2026-09-11 18:26:48.809 INFO   [33A63B\D69A2D] Auto-router pass #905 on board '54c79e1d7905ba2f6672bd08720324e3' was completed in 0.26 seconds with the score of 927.30 (12 unrouted), using 36685.20 CPU seconds and 432792 MB memory.
2026-09-11 18:26:48.933 INFO   [33A63B\D69A2D] Auto-router pass #906 on board '54c79e1d7905ba2f6672bd08720324e3' was completed in 0.12 seconds with the score of 927.30 (12 unrouted), using 36685.20 CPU seconds and 432792 MB memory.
2026-09-11 18:26:49.060 INFO   [33A63B\D69A2D] Auto-router pass #907 on board '54c79e1d7905ba2f6672bd08720324e3' was completed in 0.12 seconds with the score of 927.30 (12 unrouted), using 36685.20 CPU seconds and 432792 MB memory.
2026-09-11 18:26:49.574 INFO   [33A63B\D69A2D] Restoring an earlier board that has the score of 927.30 (12 unrouted).
2026-09-11 18:26:49.574 INFO   [33A63B\D69A2D] Auto-router pass #908 on board '54c79e1d7905ba2f6672bd08720324e3' was completed in 0.51 seconds with the score of 927.30 (12 unrouted), using 36685.20 CPU seconds and 432792 MB memory.
2026-09-11 18:26:49.845 INFO   [33A63B\D69A2D] Auto-router pass #909 on board '54c79e1d7905ba2f6672bd08720324e3' was completed in 0.27 seconds with the score of 927.30 (12 unrouted), using 36951.95 CPU seconds and 434430 MB memory.
2026-09-11 18:26:49.970 INFO   [33A63B\D69A2D] Auto-router pass #910 on board '54c79e1d7905ba2f6672bd08720324e3' was completed in 0.12 seconds with the score of 927.30 (12 unrouted), using 36951.95 CPU seconds and 434430 MB memory.
2026-09-11 18:26:50.093 INFO   [33A63B\D69A2D] Auto-router pass #911 on board '54c79e1d7905ba2f6672bd08720324e3' was completed in 0.12 seconds with the score of 927.30 (12 unrouted), using 36951.95 CPU seconds and 434430 MB memory.
2026-09-11 18:26:50.555 INFO   [33A63B\D69A2D] Restoring an earlier board that has the score of 927.25 (12 unrouted).
2026-09-11 18:26:50.555 INFO   [33A63B\D69A2D] Auto-router pass #912 on board '54c79e1d7905ba2f6672bd08720324e3' was completed in 0.46 seconds with the score of 927.30 (12 unrouted), using 36951.95 CPU seconds and 434430 MB memory.
2026-09-11 18:26:51.210 INFO   [33A63B\D69A2D] Auto-router pass #913 on board '7b7d7927910dca90817878c90b86da06' was completed in 0.65 seconds with the score of 927.56 (12 unrouted), using 37219.67 CPU seconds and 436099 MB memory.
2026-09-11 18:26:51.675 WARN   MazeShoveTraceAlgo.check_shove_trace_line: trace_corner_no to big
2026-09-11 18:26:51.675 WARN   MazeShoveTraceAlgo.check_shove_trace_line: trace_corner_no to big
2026-09-11 18:26:51.676 WARN   MazeShoveTraceAlgo.check_shove_trace_line: trace_corner_no to big
2026-09-11 18:26:51.676 WARN   MazeShoveTraceAlgo.check_shove_trace_line: trace_corner_no to big
2026-09-11 18:26:51.677 WARN   MazeShoveTraceAlgo.check_shove_trace_line: trace_corner_no to big
2026-09-11 18:26:51.677 WARN   MazeShoveTraceAlgo.check_shove_trace_line: trace_corner_no to big
2026-09-11 18:26:51.677 WARN   MazeShoveTraceAlgo.check_shove_trace_line: trace_corner_no to big
2026-09-11 18:26:51.677 WARN   MazeShoveTraceAlgo.check_shove_trace_line: trace_corner_no to big
2026-09-11 18:26:51.678 WARN   MazeShoveTraceAlgo.check_shove_trace_line: trace_corner_no to big
2026-09-11 18:26:51.678 WARN   MazeShoveTraceAlgo.check_shove_trace_line: trace_corner_no to big
2026-09-11 18:26:51.678 WARN   MazeShoveTraceAlgo.check_shove_trace_line: trace_corner_no to big
2026-09-11 18:26:51.678 WARN   MazeShoveTraceAlgo.check_shove_trace_line: trace_corner_no to big
2026-09-11 18:26:51.679 WARN   MazeShoveTraceAlgo.check_shove_trace_line: trace_corner_no to big
2026-09-11 18:26:51.679 WARN   MazeShoveTraceAlgo.check_shove_trace_line: trace_corner_no to big
2026-09-11 18:26:51.680 WARN   MazeShoveTraceAlgo.check_shove_trace_line: trace_corner_no to big
2026-09-11 18:26:51.680 WARN   MazeShoveTraceAlgo.check_shove_trace_line: trace_corner_no to big
2026-09-11 18:26:51.680 WARN   MazeShoveTraceAlgo.check_shove_trace_line: trace_corner_no to big
2026-09-11 18:26:51.680 WARN   MazeShoveTraceAlgo.check_shove_trace_line: trace_corner_no to big
2026-09-11 18:26:51.862 INFO   [33A63B\D69A2D] Auto-router pass #914 on board '8289523053295a23c73185a9216078b9' was completed in 0.64 seconds with the score of 927.54 (12 unrouted), using 37488.36 CPU seconds and 437677 MB memory.
2026-09-11 18:26:52.520 WARN   MazeShoveTraceAlgo.check_shove_trace_line: trace_corner_no to big
2026-09-11 18:26:52.520 WARN   MazeShoveTraceAlgo.check_shove_trace_line: trace_corner_no to big
2026-09-11 18:26:52.520 WARN   MazeShoveTraceAlgo.check_shove_trace_line: trace_corner_no to big
2026-09-11 18:26:52.520 WARN   MazeShoveTraceAlgo.check_shove_trace_line: trace_corner_no to big
2026-09-11 18:26:52.536 INFO   [33A63B\D69A2D] Auto-router pass #915 on board 'deaaad477816d99dd630aa6ff67b8e4c' was completed in 0.67 seconds with the score of 924.51 (13 unrouted), using 37488.36 CPU seconds and 437677 MB memory.
2026-09-11 18:26:53.036 INFO   [33A63B\D69A2D] Restoring an earlier board that has the score of 927.56 (12 unrouted).
2026-09-11 18:26:53.036 INFO   [33A63B\D69A2D] Auto-router pass #916 on board '1774dc9ea0919450fa5e4c8fb7f81571' was completed in 0.49 seconds with the score of 923.75 (13 unrouted), using 37758.00 CPU seconds and 439292 MB memory.
2026-09-11 18:26:53.291 INFO   [33A63B\D69A2D] Auto-router pass #917 on board '8289523053295a23c73185a9216078b9' was completed in 0.25 seconds with the score of 927.56 (12 unrouted), using 37758.00 CPU seconds and 439292 MB memory.
2026-09-11 18:26:53.412 INFO   [33A63B\D69A2D] Auto-router pass #918 on board '8289523053295a23c73185a9216078b9' was completed in 0.12 seconds with the score of 927.56 (12 unrouted), using 37758.00 CPU seconds and 439292 MB memory.
2026-09-11 18:26:53.535 INFO   [33A63B\D69A2D] Auto-router pass #919 on board '8289523053295a23c73185a9216078b9' was completed in 0.12 seconds with the score of 927.56 (12 unrouted), using 37758.00 CPU seconds and 439292 MB memory.
2026-09-11 18:26:54.002 INFO   [33A63B\D69A2D] Restoring an earlier board that has the score of 927.56 (12 unrouted).
2026-09-11 18:26:54.002 INFO   [33A63B\D69A2D] Auto-router pass #920 on board '8289523053295a23c73185a9216078b9' was completed in 0.47 seconds with the score of 927.56 (12 unrouted), using 38028.60 CPU seconds and 440959 MB memory.
2026-09-11 18:26:54.264 INFO   [33A63B\D69A2D] Auto-router pass #921 on board '8289523053295a23c73185a9216078b9' was completed in 0.26 seconds with the score of 927.56 (12 unrouted), using 38028.60 CPU seconds and 440959 MB memory.
2026-09-11 18:26:54.391 INFO   [33A63B\D69A2D] Auto-router pass #922 on board '8289523053295a23c73185a9216078b9' was completed in 0.12 seconds with the score of 927.56 (12 unrouted), using 38028.60 CPU seconds and 440959 MB memory.
2026-09-11 18:26:54.515 INFO   [33A63B\D69A2D] Auto-router pass #923 on board '8289523053295a23c73185a9216078b9' was completed in 0.12 seconds with the score of 927.56 (12 unrouted), using 38028.60 CPU seconds and 440959 MB memory.
2026-09-11 18:26:54.984 INFO   [33A63B\D69A2D] Restoring an earlier board that has the score of 927.56 (12 unrouted).
2026-09-11 18:26:54.984 INFO   [33A63B\D69A2D] Auto-router pass #924 on board '8289523053295a23c73185a9216078b9' was completed in 0.47 seconds with the score of 927.56 (12 unrouted), using 38300.17 CPU seconds and 442587 MB memory.
2026-09-11 18:26:55.243 INFO   [33A63B\D69A2D] Auto-router pass #925 on board '8289523053295a23c73185a9216078b9' was completed in 0.26 seconds with the score of 927.56 (12 unrouted), using 38300.17 CPU seconds and 442587 MB memory.
2026-09-11 18:26:55.366 INFO   [33A63B\D69A2D] Auto-router pass #926 on board '8289523053295a23c73185a9216078b9' was completed in 0.12 seconds with the score of 927.56 (12 unrouted), using 38300.17 CPU seconds and 442587 MB memory.
2026-09-11 18:26:55.489 INFO   [33A63B\D69A2D] Auto-router pass #927 on board '8289523053295a23c73185a9216078b9' was completed in 0.12 seconds with the score of 927.56 (12 unrouted), using 38300.17 CPU seconds and 442587 MB memory.
2026-09-11 18:26:55.930 INFO   [33A63B\D69A2D] Restoring an earlier board that has the score of 927.56 (12 unrouted).
2026-09-11 18:26:55.930 INFO   [33A63B\D69A2D] Auto-router pass #928 on board '8289523053295a23c73185a9216078b9' was completed in 0.44 seconds with the score of 927.56 (12 unrouted), using 38572.71 CPU seconds and 444253 MB memory.
2026-09-11 18:26:56.188 INFO   [33A63B\D69A2D] Auto-router pass #929 on board '8289523053295a23c73185a9216078b9' was completed in 0.26 seconds with the score of 927.56 (12 unrouted), using 38572.71 CPU seconds and 444253 MB memory.
2026-09-11 18:26:56.312 INFO   [33A63B\D69A2D] Auto-router pass #930 on board '8289523053295a23c73185a9216078b9' was completed in 0.12 seconds with the score of 927.56 (12 unrouted), using 38572.71 CPU seconds and 444253 MB memory.
2026-09-11 18:26:56.434 INFO   [33A63B\D69A2D] Auto-router pass #931 on board '8289523053295a23c73185a9216078b9' was completed in 0.12 seconds with the score of 927.56 (12 unrouted), using 38572.71 CPU seconds and 444253 MB memory.
2026-09-11 18:26:56.881 INFO   [33A63B\D69A2D] Restoring an earlier board that has the score of 927.54 (12 unrouted).
2026-09-11 18:26:56.881 INFO   [33A63B\D69A2D] Auto-router pass #932 on board '8289523053295a23c73185a9216078b9' was completed in 0.44 seconds with the score of 927.56 (12 unrouted), using 38846.22 CPU seconds and 445935 MB memory.
2026-09-11 18:26:57.131 INFO   [33A63B\D69A2D] Auto-router pass #933 on board 'deaaad477816d99dd630aa6ff67b8e4c' was completed in 0.25 seconds with the score of 927.54 (12 unrouted), using 38846.22 CPU seconds and 445935 MB memory.
2026-09-11 18:26:57.252 INFO   [33A63B\D69A2D] Auto-router pass #934 on board 'deaaad477816d99dd630aa6ff67b8e4c' was completed in 0.12 seconds with the score of 927.54 (12 unrouted), using 38846.22 CPU seconds and 445935 MB memory.
2026-09-11 18:26:57.375 INFO   [33A63B\D69A2D] Auto-router pass #935 on board 'deaaad477816d99dd630aa6ff67b8e4c' was completed in 0.12 seconds with the score of 927.54 (12 unrouted), using 38846.22 CPU seconds and 445935 MB memory.
2026-09-11 18:26:57.853 INFO   [33A63B\D69A2D] Restoring an earlier board that has the score of 927.54 (12 unrouted).
2026-09-11 18:26:57.853 INFO   [33A63B\D69A2D] Auto-router pass #936 on board 'deaaad477816d99dd630aa6ff67b8e4c' was completed in 0.48 seconds with the score of 927.54 (12 unrouted), using 39120.70 CPU seconds and 447615 MB memory.
2026-09-11 18:26:58.110 INFO   [33A63B\D69A2D] Auto-router pass #937 on board 'deaaad477816d99dd630aa6ff67b8e4c' was completed in 0.25 seconds with the score of 927.54 (12 unrouted), using 39120.70 CPU seconds and 447615 MB memory.
2026-09-11 18:26:58.235 INFO   [33A63B\D69A2D] Auto-router pass #938 on board 'deaaad477816d99dd630aa6ff67b8e4c' was completed in 0.12 seconds with the score of 927.54 (12 unrouted), using 39120.70 CPU seconds and 447615 MB memory.
2026-09-11 18:26:58.355 INFO   [33A63B\D69A2D] Auto-router pass #939 on board 'deaaad477816d99dd630aa6ff67b8e4c' was completed in 0.12 seconds with the score of 927.54 (12 unrouted), using 39120.70 CPU seconds and 447615 MB memory.
2026-09-11 18:26:58.844 INFO   [33A63B\D69A2D] Restoring an earlier board that has the score of 927.54 (12 unrouted).
2026-09-11 18:26:58.844 INFO   [33A63B\D69A2D] Auto-router pass #940 on board 'deaaad477816d99dd630aa6ff67b8e4c' was completed in 0.49 seconds with the score of 927.54 (12 unrouted), using 39396.15 CPU seconds and 449326 MB memory.
2026-09-11 18:26:59.097 INFO   [33A63B\D69A2D] Auto-router pass #941 on board 'deaaad477816d99dd630aa6ff67b8e4c' was completed in 0.25 seconds with the score of 927.54 (12 unrouted), using 39396.15 CPU seconds and 449326 MB memory.
2026-09-11 18:26:59.221 INFO   [33A63B\D69A2D] Auto-router pass #942 on board 'deaaad477816d99dd630aa6ff67b8e4c' was completed in 0.12 seconds with the score of 927.54 (12 unrouted), using 39396.15 CPU seconds and 449326 MB memory.
2026-09-11 18:26:59.346 INFO   [33A63B\D69A2D] Auto-router pass #943 on board 'deaaad477816d99dd630aa6ff67b8e4c' was completed in 0.12 seconds with the score of 927.54 (12 unrouted), using 39396.15 CPU seconds and 449326 MB memory.
2026-09-11 18:26:59.815 INFO   [33A63B\D69A2D] Restoring an earlier board that has the score of 927.54 (12 unrouted).
2026-09-11 18:26:59.815 INFO   [33A63B\D69A2D] Auto-router pass #944 on board 'deaaad477816d99dd630aa6ff67b8e4c' was completed in 0.47 seconds with the score of 927.54 (12 unrouted), using 39672.58 CPU seconds and 451023 MB memory.
2026-09-11 18:27:00.073 INFO   [33A63B\D69A2D] Auto-router pass #945 on board 'deaaad477816d99dd630aa6ff67b8e4c' was completed in 0.26 seconds with the score of 927.54 (12 unrouted), using 39672.58 CPU seconds and 451023 MB memory.
2026-09-11 18:27:00.196 INFO   [33A63B\D69A2D] Auto-router pass #946 on board 'deaaad477816d99dd630aa6ff67b8e4c' was completed in 0.12 seconds with the score of 927.54 (12 unrouted), using 39672.58 CPU seconds and 451023 MB memory.
2026-09-11 18:27:00.318 INFO   [33A63B\D69A2D] Auto-router pass #947 on board 'deaaad477816d99dd630aa6ff67b8e4c' was completed in 0.12 seconds with the score of 927.54 (12 unrouted), using 39672.58 CPU seconds and 451023 MB memory.
2026-09-11 18:27:00.796 INFO   [33A63B\D69A2D] Restoring an earlier board that has the score of 927.25 (12 unrouted).
2026-09-11 18:27:00.796 INFO   [33A63B\D69A2D] Auto-router pass #948 on board 'deaaad477816d99dd630aa6ff67b8e4c' was completed in 0.48 seconds with the score of 927.54 (12 unrouted), using 39949.98 CPU seconds and 452716 MB memory.
2026-09-11 18:27:01.042 INFO   [33A63B\D69A2D] Auto-router pass #949 on board '7b7d7927910dca90817878c90b86da06' was completed in 0.24 seconds with the score of 927.25 (12 unrouted), using 39949.98 CPU seconds and 452716 MB memory.
2026-09-11 18:27:01.165 INFO   [33A63B\D69A2D] Auto-router pass #950 on board '7b7d7927910dca90817878c90b86da06' was completed in 0.12 seconds with the score of 927.25 (12 unrouted), using 39949.98 CPU seconds and 452716 MB memory.
2026-09-11 18:27:01.294 INFO   [33A63B\D69A2D] Auto-router pass #951 on board '7b7d7927910dca90817878c90b86da06' was completed in 0.13 seconds with the score of 927.25 (12 unrouted), using 39949.98 CPU seconds and 452716 MB memory.
2026-09-11 18:27:01.741 INFO   [33A63B\D69A2D] Restoring an earlier board that has the score of 927.25 (12 unrouted).
2026-09-11 18:27:01.741 INFO   [33A63B\D69A2D] Auto-router pass #952 on board '7b7d7927910dca90817878c90b86da06' was completed in 0.44 seconds with the score of 927.25 (12 unrouted), using 40228.34 CPU seconds and 454377 MB memory.
2026-09-11 18:27:01.984 INFO   [33A63B\D69A2D] Auto-router pass #953 on board '7b7d7927910dca90817878c90b86da06' was completed in 0.24 seconds with the score of 927.25 (12 unrouted), using 40228.34 CPU seconds and 454377 MB memory.
2026-09-11 18:27:02.107 INFO   [33A63B\D69A2D] Auto-router pass #954 on board '7b7d7927910dca90817878c90b86da06' was completed in 0.12 seconds with the score of 927.25 (12 unrouted), using 40228.34 CPU seconds and 454377 MB memory.
2026-09-11 18:27:02.229 INFO   [33A63B\D69A2D] Auto-router pass #955 on board '7b7d7927910dca90817878c90b86da06' was completed in 0.12 seconds with the score of 927.25 (12 unrouted), using 40228.34 CPU seconds and 454377 MB memory.
2026-09-11 18:27:02.664 INFO   [33A63B\D69A2D] Restoring an earlier board that has the score of 927.25 (12 unrouted).
2026-09-11 18:27:02.664 INFO   [33A63B\D69A2D] Auto-router pass #956 on board '7b7d7927910dca90817878c90b86da06' was completed in 0.43 seconds with the score of 927.25 (12 unrouted), using 40507.67 CPU seconds and 456081 MB memory.
2026-09-11 18:27:02.906 INFO   [33A63B\D69A2D] Auto-router pass #957 on board '7b7d7927910dca90817878c90b86da06' was completed in 0.24 seconds with the score of 927.25 (12 unrouted), using 40507.67 CPU seconds and 456081 MB memory.
2026-09-11 18:27:03.030 INFO   [33A63B\D69A2D] Auto-router pass #958 on board '7b7d7927910dca90817878c90b86da06' was completed in 0.12 seconds with the score of 927.25 (12 unrouted), using 40507.67 CPU seconds and 456081 MB memory.
2026-09-11 18:27:03.152 INFO   [33A63B\D69A2D] Auto-router pass #959 on board '7b7d7927910dca90817878c90b86da06' was completed in 0.12 seconds with the score of 927.25 (12 unrouted), using 40507.67 CPU seconds and 456081 MB memory.
{
  "host": "KiCad's Pcbnew,9.0.9.1-unknown-202605141413~ce707d0a6c~ubuntu24.04.1",
  "unit": "mm",
  "board": {
    "bounding_box": {
      "x": 661.0,
      "y": 1.0,
      "width": -1.0,
      "height": -751.0
    },
    "size": {
      "x": 0.0,
      "y": 0.0,
      "width": 662.0,
      "height": 752.0
    }
  },
  "layers": {
    "total_count": 2,
    "signal_count": 2
  },
  "items": {
    "total_count": 708,
    "trace_count": 88,
    "via_count": 18,
    "conduction_area_count": 2,
    "drill_item_count": 134,
    "pin_count": 0,
    "component_count": 446,
    "other_count": 20
  },
  "components": {
    "total_count": 46
  },
  "pads": {
    "total_count": 134
  },
  "nets": {
    "total_count": 40,
    "class_count": 2
  },
  "connections": {
    "maximum_count": 202,
    "incomplete_count": 12
  },
  "traces": {
    "total_count": 88,
    "total_segment_count": 219,
    "total_length": 8569.924,
    "total_weighted_length": 1.4089592E7,
    "average_length": 97.3855,
    "total_vertical_length": 2729.947,
    "total_horizontal_length": 2187.23,
    "total_angled_length": 3021.665
  },
  "bends": {
    "total_count": 131,
    "90_degree_count": 4,
    "45_degree_count": 127,
    "other_angle_count": 0
  },
  "vias": {
    "total_count": 18,
    "through_hole_count": 18,
    "blind_count": 0,
    "buried_count": 0
  },
  "clearance_violations": {
    "total_count": 0
  }
}
