2026-09-11 18:02:25.464 INFO   Freerouting v2.1.0 (build-date: 2025-04-12)
2026-09-11 18:02:25.550 WARN   Couldn't get screen resolution. If you are running in a headless environment, disable the GUI by setting gui.enabled to false.
2026-09-11 18:02:26.815 INFO   [10FB49\F17C88] Job '10FB49\F17C88' started at 2026-09-11T18:02:26.814773987Z
2026-09-11 18:02:26.931 INFO   New version available: v2.4.1
2026-09-11 18:02:27.796 INFO   [10FB49\F17C88] Auto-router pass #1 on board '74f8841194b6a715a59ee43cd8ee4361' was completed in 0.84 seconds with the score of 423.97 (59 unrouted).
2026-09-11 18:02:28.283 INFO   [10FB49\F17C88] Auto-router pass #2 on board '1481b459cb2ef9700180a5e2d9855c93' was completed in 0.47 seconds with the score of 423.97 (59 unrouted), using 0.93 CPU seconds and 772 MB memory.
2026-09-11 18:02:28.748 INFO   [10FB49\F17C88] Auto-router pass #3 on board '1481b459cb2ef9700180a5e2d9855c93' was completed in 0.46 seconds with the score of 423.97 (59 unrouted), using 0.93 CPU seconds and 772 MB memory.
2026-09-11 18:02:29.510 INFO   [10FB49\F17C88] Auto-router pass #4 on board '1481b459cb2ef9700180a5e2d9855c93' was completed in 0.76 seconds with the score of 467.76 (56 unrouted), using 2.83 CPU seconds and 1892 MB memory.
2026-09-11 18:02:29.965 INFO   [10FB49\F17C88] Auto-router pass #5 on board '5220ebbde4260c795c73d3b2bd3f203d' was completed in 0.45 seconds with the score of 467.76 (56 unrouted), using 5.69 CPU seconds and 3005 MB memory.
2026-09-11 18:02:30.410 INFO   [10FB49\F17C88] Auto-router pass #6 on board '5220ebbde4260c795c73d3b2bd3f203d' was completed in 0.44 seconds with the score of 467.76 (56 unrouted), using 5.69 CPU seconds and 3005 MB memory.
2026-09-11 18:02:30.839 INFO   [10FB49\F17C88] Auto-router pass #7 on board '5220ebbde4260c795c73d3b2bd3f203d' was completed in 0.43 seconds with the score of 467.76 (56 unrouted), using 9.51 CPU seconds and 4221 MB memory.
2026-09-11 18:02:31.285 INFO   [10FB49\F17C88] Auto-router pass #8 on board '5220ebbde4260c795c73d3b2bd3f203d' was completed in 0.44 seconds with the score of 467.76 (56 unrouted), using 9.51 CPU seconds and 4221 MB memory.
2026-09-11 18:02:31.700 INFO   [10FB49\F17C88] Auto-router pass #9 on board '5220ebbde4260c795c73d3b2bd3f203d' was completed in 0.41 seconds with the score of 467.76 (56 unrouted), using 9.51 CPU seconds and 4221 MB memory.
2026-09-11 18:02:32.122 INFO   [10FB49\F17C88] Auto-router pass #10 on board '5220ebbde4260c795c73d3b2bd3f203d' was completed in 0.42 seconds with the score of 467.76 (56 unrouted), using 14.31 CPU seconds and 5486 MB memory.
2026-09-11 18:02:32.555 INFO   [10FB49\F17C88] Auto-router pass #11 on board '5220ebbde4260c795c73d3b2bd3f203d' was completed in 0.43 seconds with the score of 467.76 (56 unrouted), using 14.31 CPU seconds and 5486 MB memory.
2026-09-11 18:02:33.006 INFO   [10FB49\F17C88] Auto-router pass #12 on board '5220ebbde4260c795c73d3b2bd3f203d' was completed in 0.45 seconds with the score of 467.76 (56 unrouted), using 20.08 CPU seconds and 6721 MB memory.
2026-09-11 18:02:33.433 INFO   [10FB49\F17C88] Auto-router pass #13 on board '5220ebbde4260c795c73d3b2bd3f203d' was completed in 0.42 seconds with the score of 467.76 (56 unrouted), using 20.08 CPU seconds and 6721 MB memory.
2026-09-11 18:02:33.855 INFO   [10FB49\F17C88] Auto-router pass #14 on board '5220ebbde4260c795c73d3b2bd3f203d' was completed in 0.42 seconds with the score of 467.76 (56 unrouted), using 26.83 CPU seconds and 7972 MB memory.
2026-09-11 18:02:34.286 INFO   [10FB49\F17C88] Auto-router pass #15 on board '5220ebbde4260c795c73d3b2bd3f203d' was completed in 0.43 seconds with the score of 467.76 (56 unrouted), using 26.83 CPU seconds and 7972 MB memory.
2026-09-11 18:02:34.735 INFO   [10FB49\F17C88] Auto-router pass #16 on board '5220ebbde4260c795c73d3b2bd3f203d' was completed in 0.45 seconds with the score of 467.76 (56 unrouted), using 26.83 CPU seconds and 7972 MB memory.
2026-09-11 18:02:35.158 INFO   [10FB49\F17C88] Auto-router pass #17 on board '5220ebbde4260c795c73d3b2bd3f203d' was completed in 0.42 seconds with the score of 467.76 (56 unrouted), using 34.55 CPU seconds and 9207 MB memory.
2026-09-11 18:02:35.580 INFO   [10FB49\F17C88] Auto-router pass #18 on board '5220ebbde4260c795c73d3b2bd3f203d' was completed in 0.42 seconds with the score of 467.76 (56 unrouted), using 34.55 CPU seconds and 9207 MB memory.
2026-09-11 18:02:36.001 INFO   [10FB49\F17C88] Auto-router pass #19 on board '5220ebbde4260c795c73d3b2bd3f203d' was completed in 0.42 seconds with the score of 467.76 (56 unrouted), using 43.25 CPU seconds and 10467 MB memory.
2026-09-11 18:02:36.433 INFO   [10FB49\F17C88] Auto-router pass #20 on board '5220ebbde4260c795c73d3b2bd3f203d' was completed in 0.43 seconds with the score of 467.76 (56 unrouted), using 43.25 CPU seconds and 10467 MB memory.
2026-09-11 18:02:36.850 INFO   [10FB49\F17C88] Auto-router pass #21 on board '5220ebbde4260c795c73d3b2bd3f203d' was completed in 0.41 seconds with the score of 467.76 (56 unrouted), using 52.92 CPU seconds and 11746 MB memory.
2026-09-11 18:02:37.273 INFO   [10FB49\F17C88] Auto-router pass #22 on board '5220ebbde4260c795c73d3b2bd3f203d' was completed in 0.42 seconds with the score of 467.76 (56 unrouted), using 52.92 CPU seconds and 11746 MB memory.
2026-09-11 18:02:37.691 INFO   [10FB49\F17C88] Auto-router pass #23 on board '5220ebbde4260c795c73d3b2bd3f203d' was completed in 0.41 seconds with the score of 467.76 (56 unrouted), using 52.92 CPU seconds and 11746 MB memory.
2026-09-11 18:02:38.129 INFO   [10FB49\F17C88] Auto-router pass #24 on board '5220ebbde4260c795c73d3b2bd3f203d' was completed in 0.43 seconds with the score of 467.76 (56 unrouted), using 63.57 CPU seconds and 13013 MB memory.
2026-09-11 18:02:38.552 INFO   [10FB49\F17C88] Auto-router pass #25 on board '5220ebbde4260c795c73d3b2bd3f203d' was completed in 0.42 seconds with the score of 467.76 (56 unrouted), using 63.57 CPU seconds and 13013 MB memory.
2026-09-11 18:02:38.976 INFO   [10FB49\F17C88] Auto-router pass #26 on board '5220ebbde4260c795c73d3b2bd3f203d' was completed in 0.42 seconds with the score of 467.76 (56 unrouted), using 75.19 CPU seconds and 14273 MB memory.
2026-09-11 18:02:39.396 INFO   [10FB49\F17C88] Auto-router pass #27 on board '5220ebbde4260c795c73d3b2bd3f203d' was completed in 0.42 seconds with the score of 467.76 (56 unrouted), using 75.19 CPU seconds and 14273 MB memory.
2026-09-11 18:02:39.835 INFO   [10FB49\F17C88] Auto-router pass #28 on board '5220ebbde4260c795c73d3b2bd3f203d' was completed in 0.44 seconds with the score of 467.76 (56 unrouted), using 75.19 CPU seconds and 14273 MB memory.
2026-09-11 18:02:40.262 INFO   [10FB49\F17C88] Auto-router pass #29 on board '5220ebbde4260c795c73d3b2bd3f203d' was completed in 0.42 seconds with the score of 467.76 (56 unrouted), using 87.79 CPU seconds and 15534 MB memory.
2026-09-11 18:02:40.691 INFO   [10FB49\F17C88] Auto-router pass #30 on board '5220ebbde4260c795c73d3b2bd3f203d' was completed in 0.43 seconds with the score of 467.76 (56 unrouted), using 87.79 CPU seconds and 15534 MB memory.
2026-09-11 18:02:41.122 INFO   [10FB49\F17C88] Auto-router pass #31 on board '5220ebbde4260c795c73d3b2bd3f203d' was completed in 0.43 seconds with the score of 467.76 (56 unrouted), using 101.36 CPU seconds and 16767 MB memory.
2026-09-11 18:02:41.569 INFO   [10FB49\F17C88] Auto-router pass #32 on board '5220ebbde4260c795c73d3b2bd3f203d' was completed in 0.44 seconds with the score of 467.76 (56 unrouted), using 101.36 CPU seconds and 16767 MB memory.
2026-09-11 18:02:41.993 INFO   [10FB49\F17C88] Auto-router pass #33 on board '5220ebbde4260c795c73d3b2bd3f203d' was completed in 0.42 seconds with the score of 467.76 (56 unrouted), using 115.91 CPU seconds and 18020 MB memory.
2026-09-11 18:02:42.413 INFO   [10FB49\F17C88] Auto-router pass #34 on board '5220ebbde4260c795c73d3b2bd3f203d' was completed in 0.42 seconds with the score of 467.76 (56 unrouted), using 115.91 CPU seconds and 18020 MB memory.
2026-09-11 18:02:42.834 INFO   [10FB49\F17C88] Auto-router pass #35 on board '5220ebbde4260c795c73d3b2bd3f203d' was completed in 0.42 seconds with the score of 467.76 (56 unrouted), using 115.91 CPU seconds and 18020 MB memory.
2026-09-11 18:02:43.270 INFO   [10FB49\F17C88] Auto-router pass #36 on board '5220ebbde4260c795c73d3b2bd3f203d' was completed in 0.43 seconds with the score of 467.76 (56 unrouted), using 131.43 CPU seconds and 19282 MB memory.
2026-09-11 18:02:43.691 INFO   [10FB49\F17C88] Auto-router pass #37 on board '5220ebbde4260c795c73d3b2bd3f203d' was completed in 0.42 seconds with the score of 467.76 (56 unrouted), using 131.43 CPU seconds and 19282 MB memory.
2026-09-11 18:02:44.113 INFO   [10FB49\F17C88] Auto-router pass #38 on board '5220ebbde4260c795c73d3b2bd3f203d' was completed in 0.42 seconds with the score of 467.76 (56 unrouted), using 147.93 CPU seconds and 20547 MB memory.
2026-09-11 18:02:44.535 INFO   [10FB49\F17C88] Auto-router pass #39 on board '5220ebbde4260c795c73d3b2bd3f203d' was completed in 0.42 seconds with the score of 467.76 (56 unrouted), using 147.93 CPU seconds and 20547 MB memory.
2026-09-11 18:02:44.978 INFO   [10FB49\F17C88] Auto-router pass #40 on board '5220ebbde4260c795c73d3b2bd3f203d' was completed in 0.44 seconds with the score of 467.76 (56 unrouted), using 165.40 CPU seconds and 21808 MB memory.
2026-09-11 18:02:45.406 INFO   [10FB49\F17C88] Auto-router pass #41 on board '5220ebbde4260c795c73d3b2bd3f203d' was completed in 0.43 seconds with the score of 467.76 (56 unrouted), using 165.40 CPU seconds and 21808 MB memory.
2026-09-11 18:02:45.834 INFO   [10FB49\F17C88] Auto-router pass #42 on board '5220ebbde4260c795c73d3b2bd3f203d' was completed in 0.42 seconds with the score of 467.76 (56 unrouted), using 165.40 CPU seconds and 21808 MB memory.
2026-09-11 18:02:46.250 INFO   [10FB49\F17C88] Auto-router pass #43 on board '5220ebbde4260c795c73d3b2bd3f203d' was completed in 0.41 seconds with the score of 467.76 (56 unrouted), using 183.84 CPU seconds and 23052 MB memory.
2026-09-11 18:02:46.687 INFO   [10FB49\F17C88] Auto-router pass #44 on board '5220ebbde4260c795c73d3b2bd3f203d' was completed in 0.43 seconds with the score of 467.76 (56 unrouted), using 183.84 CPU seconds and 23052 MB memory.
2026-09-11 18:02:47.114 INFO   [10FB49\F17C88] Auto-router pass #45 on board '5220ebbde4260c795c73d3b2bd3f203d' was completed in 0.42 seconds with the score of 467.76 (56 unrouted), using 203.25 CPU seconds and 24322 MB memory.
2026-09-11 18:02:47.534 INFO   [10FB49\F17C88] Auto-router pass #46 on board '5220ebbde4260c795c73d3b2bd3f203d' was completed in 0.42 seconds with the score of 467.76 (56 unrouted), using 203.25 CPU seconds and 24322 MB memory.
2026-09-11 18:02:47.953 INFO   [10FB49\F17C88] Auto-router pass #47 on board '5220ebbde4260c795c73d3b2bd3f203d' was completed in 0.42 seconds with the score of 467.76 (56 unrouted), using 223.64 CPU seconds and 25580 MB memory.
2026-09-11 18:02:48.388 INFO   [10FB49\F17C88] Auto-router pass #48 on board '5220ebbde4260c795c73d3b2bd3f203d' was completed in 0.43 seconds with the score of 467.76 (56 unrouted), using 223.64 CPU seconds and 25580 MB memory.
2026-09-11 18:02:48.810 INFO   [10FB49\F17C88] Auto-router pass #49 on board '5220ebbde4260c795c73d3b2bd3f203d' was completed in 0.42 seconds with the score of 467.76 (56 unrouted), using 223.64 CPU seconds and 25580 MB memory.
2026-09-11 18:02:49.228 INFO   [10FB49\F17C88] Auto-router pass #50 on board '5220ebbde4260c795c73d3b2bd3f203d' was completed in 0.42 seconds with the score of 467.76 (56 unrouted), using 245.01 CPU seconds and 26853 MB memory.
2026-09-11 18:02:49.649 INFO   [10FB49\F17C88] Auto-router pass #51 on board '5220ebbde4260c795c73d3b2bd3f203d' was completed in 0.42 seconds with the score of 467.76 (56 unrouted), using 245.01 CPU seconds and 26853 MB memory.
2026-09-11 18:02:50.094 INFO   [10FB49\F17C88] Auto-router pass #52 on board '5220ebbde4260c795c73d3b2bd3f203d' was completed in 0.44 seconds with the score of 467.76 (56 unrouted), using 267.34 CPU seconds and 28121 MB memory.
2026-09-11 18:02:50.513 INFO   [10FB49\F17C88] Auto-router pass #53 on board '5220ebbde4260c795c73d3b2bd3f203d' was completed in 0.42 seconds with the score of 467.76 (56 unrouted), using 267.34 CPU seconds and 28121 MB memory.
2026-09-11 18:02:50.931 INFO   [10FB49\F17C88] Auto-router pass #54 on board '5220ebbde4260c795c73d3b2bd3f203d' was completed in 0.42 seconds with the score of 467.76 (56 unrouted), using 290.65 CPU seconds and 29380 MB memory.
2026-09-11 18:02:51.350 INFO   [10FB49\F17C88] Auto-router pass #55 on board '5220ebbde4260c795c73d3b2bd3f203d' was completed in 0.42 seconds with the score of 467.76 (56 unrouted), using 290.65 CPU seconds and 29380 MB memory.
2026-09-11 18:02:51.798 INFO   [10FB49\F17C88] Auto-router pass #56 on board '5220ebbde4260c795c73d3b2bd3f203d' was completed in 0.44 seconds with the score of 467.76 (56 unrouted), using 290.65 CPU seconds and 29380 MB memory.
2026-09-11 18:02:52.220 INFO   [10FB49\F17C88] Auto-router pass #57 on board '5220ebbde4260c795c73d3b2bd3f203d' was completed in 0.42 seconds with the score of 467.76 (56 unrouted), using 314.94 CPU seconds and 30630 MB memory.
2026-09-11 18:02:52.650 INFO   [10FB49\F17C88] Auto-router pass #58 on board '5220ebbde4260c795c73d3b2bd3f203d' was completed in 0.43 seconds with the score of 467.76 (56 unrouted), using 314.94 CPU seconds and 30630 MB memory.
2026-09-11 18:02:53.079 INFO   [10FB49\F17C88] Auto-router pass #59 on board '5220ebbde4260c795c73d3b2bd3f203d' was completed in 0.43 seconds with the score of 467.76 (56 unrouted), using 340.19 CPU seconds and 31880 MB memory.
2026-09-11 18:02:53.513 INFO   [10FB49\F17C88] Auto-router pass #60 on board '5220ebbde4260c795c73d3b2bd3f203d' was completed in 0.43 seconds with the score of 467.76 (56 unrouted), using 340.19 CPU seconds and 31880 MB memory.
2026-09-11 18:02:53.937 INFO   [10FB49\F17C88] Auto-router pass #61 on board '5220ebbde4260c795c73d3b2bd3f203d' was completed in 0.42 seconds with the score of 467.76 (56 unrouted), using 366.43 CPU seconds and 33142 MB memory.
2026-09-11 18:02:54.354 INFO   [10FB49\F17C88] Auto-router pass #62 on board '5220ebbde4260c795c73d3b2bd3f203d' was completed in 0.41 seconds with the score of 467.76 (56 unrouted), using 366.43 CPU seconds and 33142 MB memory.
2026-09-11 18:02:54.774 INFO   [10FB49\F17C88] Auto-router pass #63 on board '5220ebbde4260c795c73d3b2bd3f203d' was completed in 0.42 seconds with the score of 467.76 (56 unrouted), using 366.43 CPU seconds and 33142 MB memory.
2026-09-11 18:02:55.216 INFO   [10FB49\F17C88] Auto-router pass #64 on board '5220ebbde4260c795c73d3b2bd3f203d' was completed in 0.44 seconds with the score of 467.76 (56 unrouted), using 393.64 CPU seconds and 34410 MB memory.
2026-09-11 18:02:55.642 INFO   [10FB49\F17C88] Auto-router pass #65 on board '5220ebbde4260c795c73d3b2bd3f203d' was completed in 0.42 seconds with the score of 467.76 (56 unrouted), using 393.64 CPU seconds and 34410 MB memory.
2026-09-11 18:02:56.067 INFO   [10FB49\F17C88] Auto-router pass #66 on board '5220ebbde4260c795c73d3b2bd3f203d' was completed in 0.42 seconds with the score of 467.76 (56 unrouted), using 421.83 CPU seconds and 35662 MB memory.
2026-09-11 18:02:56.482 INFO   [10FB49\F17C88] Auto-router pass #67 on board '5220ebbde4260c795c73d3b2bd3f203d' was completed in 0.41 seconds with the score of 467.76 (56 unrouted), using 421.83 CPU seconds and 35662 MB memory.
2026-09-11 18:02:56.917 INFO   [10FB49\F17C88] Auto-router pass #68 on board '5220ebbde4260c795c73d3b2bd3f203d' was completed in 0.43 seconds with the score of 467.76 (56 unrouted), using 451.00 CPU seconds and 36933 MB memory.
2026-09-11 18:02:57.330 INFO   [10FB49\F17C88] Auto-router pass #69 on board '5220ebbde4260c795c73d3b2bd3f203d' was completed in 0.41 seconds with the score of 467.76 (56 unrouted), using 451.00 CPU seconds and 36933 MB memory.
2026-09-11 18:02:57.762 INFO   [10FB49\F17C88] Auto-router pass #70 on board '5220ebbde4260c795c73d3b2bd3f203d' was completed in 0.43 seconds with the score of 467.76 (56 unrouted), using 451.00 CPU seconds and 36933 MB memory.
2026-09-11 18:02:58.193 INFO   [10FB49\F17C88] Auto-router pass #71 on board '5220ebbde4260c795c73d3b2bd3f203d' was completed in 0.43 seconds with the score of 467.76 (56 unrouted), using 481.15 CPU seconds and 38195 MB memory.
2026-09-11 18:02:58.632 INFO   [10FB49\F17C88] Auto-router pass #72 on board '5220ebbde4260c795c73d3b2bd3f203d' was completed in 0.44 seconds with the score of 467.76 (56 unrouted), using 481.15 CPU seconds and 38195 MB memory.
2026-09-11 18:02:59.049 INFO   [10FB49\F17C88] Auto-router pass #73 on board '5220ebbde4260c795c73d3b2bd3f203d' was completed in 0.41 seconds with the score of 467.76 (56 unrouted), using 512.27 CPU seconds and 39448 MB memory.
2026-09-11 18:02:59.457 INFO   [10FB49\F17C88] Auto-router pass #74 on board '5220ebbde4260c795c73d3b2bd3f203d' was completed in 0.41 seconds with the score of 467.76 (56 unrouted), using 512.27 CPU seconds and 39448 MB memory.
2026-09-11 18:02:59.874 INFO   [10FB49\F17C88] Auto-router pass #75 on board '5220ebbde4260c795c73d3b2bd3f203d' was completed in 0.41 seconds with the score of 467.76 (56 unrouted), using 544.36 CPU seconds and 40734 MB memory.
2026-09-11 18:03:00.303 INFO   [10FB49\F17C88] Auto-router pass #76 on board '5220ebbde4260c795c73d3b2bd3f203d' was completed in 0.43 seconds with the score of 467.76 (56 unrouted), using 544.36 CPU seconds and 40734 MB memory.
2026-09-11 18:03:00.715 INFO   [10FB49\F17C88] Auto-router pass #77 on board '5220ebbde4260c795c73d3b2bd3f203d' was completed in 0.41 seconds with the score of 467.76 (56 unrouted), using 544.36 CPU seconds and 40734 MB memory.
2026-09-11 18:03:01.131 INFO   [10FB49\F17C88] Auto-router pass #78 on board '5220ebbde4260c795c73d3b2bd3f203d' was completed in 0.41 seconds with the score of 467.76 (56 unrouted), using 577.43 CPU seconds and 42022 MB memory.
2026-09-11 18:03:01.545 INFO   [10FB49\F17C88] Auto-router pass #79 on board '5220ebbde4260c795c73d3b2bd3f203d' was completed in 0.41 seconds with the score of 467.76 (56 unrouted), using 577.43 CPU seconds and 42022 MB memory.
2026-09-11 18:03:01.979 INFO   [10FB49\F17C88] Auto-router pass #80 on board '5220ebbde4260c795c73d3b2bd3f203d' was completed in 0.43 seconds with the score of 467.76 (56 unrouted), using 611.47 CPU seconds and 43304 MB memory.
2026-09-11 18:03:02.388 INFO   [10FB49\F17C88] Auto-router pass #81 on board '5220ebbde4260c795c73d3b2bd3f203d' was completed in 0.41 seconds with the score of 467.76 (56 unrouted), using 611.47 CPU seconds and 43304 MB memory.
2026-09-11 18:03:02.809 INFO   [10FB49\F17C88] Auto-router pass #82 on board '5220ebbde4260c795c73d3b2bd3f203d' was completed in 0.42 seconds with the score of 467.76 (56 unrouted), using 611.47 CPU seconds and 43304 MB memory.
2026-09-11 18:03:03.225 INFO   [10FB49\F17C88] Auto-router pass #83 on board '5220ebbde4260c795c73d3b2bd3f203d' was completed in 0.41 seconds with the score of 467.76 (56 unrouted), using 646.49 CPU seconds and 44589 MB memory.
2026-09-11 18:03:03.657 INFO   [10FB49\F17C88] Auto-router pass #84 on board '5220ebbde4260c795c73d3b2bd3f203d' was completed in 0.43 seconds with the score of 467.76 (56 unrouted), using 646.49 CPU seconds and 44589 MB memory.
2026-09-11 18:03:04.071 INFO   [10FB49\F17C88] Auto-router pass #85 on board '5220ebbde4260c795c73d3b2bd3f203d' was completed in 0.41 seconds with the score of 467.76 (56 unrouted), using 682.48 CPU seconds and 45869 MB memory.
2026-09-11 18:03:04.484 INFO   [10FB49\F17C88] Auto-router pass #86 on board '5220ebbde4260c795c73d3b2bd3f203d' was completed in 0.41 seconds with the score of 467.76 (56 unrouted), using 682.48 CPU seconds and 45869 MB memory.
2026-09-11 18:03:04.896 INFO   [10FB49\F17C88] Auto-router pass #87 on board '5220ebbde4260c795c73d3b2bd3f203d' was completed in 0.41 seconds with the score of 467.76 (56 unrouted), using 719.44 CPU seconds and 47156 MB memory.
2026-09-11 18:03:05.327 INFO   [10FB49\F17C88] Auto-router pass #88 on board '5220ebbde4260c795c73d3b2bd3f203d' was completed in 0.43 seconds with the score of 467.76 (56 unrouted), using 719.44 CPU seconds and 47156 MB memory.
2026-09-11 18:03:05.741 INFO   [10FB49\F17C88] Auto-router pass #89 on board '5220ebbde4260c795c73d3b2bd3f203d' was completed in 0.41 seconds with the score of 467.76 (56 unrouted), using 719.44 CPU seconds and 47156 MB memory.
2026-09-11 18:03:06.152 INFO   [10FB49\F17C88] Auto-router pass #90 on board '5220ebbde4260c795c73d3b2bd3f203d' was completed in 0.41 seconds with the score of 467.76 (56 unrouted), using 757.38 CPU seconds and 48443 MB memory.
2026-09-11 18:03:06.565 INFO   [10FB49\F17C88] Auto-router pass #91 on board '5220ebbde4260c795c73d3b2bd3f203d' was completed in 0.41 seconds with the score of 467.76 (56 unrouted), using 757.38 CPU seconds and 48443 MB memory.
2026-09-11 18:03:06.999 INFO   [10FB49\F17C88] Auto-router pass #92 on board '5220ebbde4260c795c73d3b2bd3f203d' was completed in 0.43 seconds with the score of 467.76 (56 unrouted), using 796.29 CPU seconds and 49733 MB memory.
2026-09-11 18:03:07.410 INFO   [10FB49\F17C88] Auto-router pass #93 on board '5220ebbde4260c795c73d3b2bd3f203d' was completed in 0.41 seconds with the score of 467.76 (56 unrouted), using 796.29 CPU seconds and 49733 MB memory.
2026-09-11 18:03:07.825 INFO   [10FB49\F17C88] Auto-router pass #94 on board '5220ebbde4260c795c73d3b2bd3f203d' was completed in 0.41 seconds with the score of 467.76 (56 unrouted), using 796.29 CPU seconds and 49733 MB memory.
2026-09-11 18:03:08.232 INFO   [10FB49\F17C88] Auto-router pass #95 on board '5220ebbde4260c795c73d3b2bd3f203d' was completed in 0.41 seconds with the score of 467.76 (56 unrouted), using 836.18 CPU seconds and 51019 MB memory.
2026-09-11 18:03:08.662 INFO   [10FB49\F17C88] Auto-router pass #96 on board '5220ebbde4260c795c73d3b2bd3f203d' was completed in 0.43 seconds with the score of 467.76 (56 unrouted), using 836.18 CPU seconds and 51019 MB memory.
2026-09-11 18:03:09.074 INFO   [10FB49\F17C88] Auto-router pass #97 on board '5220ebbde4260c795c73d3b2bd3f203d' was completed in 0.41 seconds with the score of 467.76 (56 unrouted), using 877.04 CPU seconds and 52311 MB memory.
2026-09-11 18:03:09.491 INFO   [10FB49\F17C88] Auto-router pass #98 on board '5220ebbde4260c795c73d3b2bd3f203d' was completed in 0.41 seconds with the score of 467.76 (56 unrouted), using 877.04 CPU seconds and 52311 MB memory.
2026-09-11 18:03:09.910 INFO   [10FB49\F17C88] Auto-router pass #99 on board '5220ebbde4260c795c73d3b2bd3f203d' was completed in 0.42 seconds with the score of 467.76 (56 unrouted), using 918.88 CPU seconds and 53590 MB memory.
2026-09-11 18:03:10.347 INFO   [10FB49\F17C88] Auto-router pass #100 on board '5220ebbde4260c795c73d3b2bd3f203d' was completed in 0.43 seconds with the score of 467.76 (56 unrouted), using 918.88 CPU seconds and 53590 MB memory.
2026-09-11 18:03:10.760 INFO   [10FB49\F17C88] Auto-router pass #101 on board '5220ebbde4260c795c73d3b2bd3f203d' was completed in 0.41 seconds with the score of 467.76 (56 unrouted), using 918.88 CPU seconds and 53590 MB memory.
2026-09-11 18:03:11.170 INFO   [10FB49\F17C88] Auto-router pass #102 on board '5220ebbde4260c795c73d3b2bd3f203d' was completed in 0.41 seconds with the score of 467.76 (56 unrouted), using 961.69 CPU seconds and 54871 MB memory.
2026-09-11 18:03:11.590 INFO   [10FB49\F17C88] Auto-router pass #103 on board '5220ebbde4260c795c73d3b2bd3f203d' was completed in 0.42 seconds with the score of 467.76 (56 unrouted), using 961.69 CPU seconds and 54871 MB memory.
2026-09-11 18:03:12.028 INFO   [10FB49\F17C88] Auto-router pass #104 on board '5220ebbde4260c795c73d3b2bd3f203d' was completed in 0.43 seconds with the score of 467.76 (56 unrouted), using 1005.48 CPU seconds and 56150 MB memory.
2026-09-11 18:03:12.450 INFO   [10FB49\F17C88] Auto-router pass #105 on board '5220ebbde4260c795c73d3b2bd3f203d' was completed in 0.42 seconds with the score of 467.76 (56 unrouted), using 1005.48 CPU seconds and 56150 MB memory.
2026-09-11 18:03:12.863 INFO   [10FB49\F17C88] Auto-router pass #106 on board '5220ebbde4260c795c73d3b2bd3f203d' was completed in 0.41 seconds with the score of 467.76 (56 unrouted), using 1050.24 CPU seconds and 57423 MB memory.
2026-09-11 18:03:13.275 INFO   [10FB49\F17C88] Auto-router pass #107 on board '5220ebbde4260c795c73d3b2bd3f203d' was completed in 0.41 seconds with the score of 467.76 (56 unrouted), using 1050.24 CPU seconds and 57423 MB memory.
2026-09-11 18:03:13.711 INFO   [10FB49\F17C88] Auto-router pass #108 on board '5220ebbde4260c795c73d3b2bd3f203d' was completed in 0.43 seconds with the score of 467.76 (56 unrouted), using 1050.24 CPU seconds and 57423 MB memory.
2026-09-11 18:03:14.127 INFO   [10FB49\F17C88] Auto-router pass #109 on board '5220ebbde4260c795c73d3b2bd3f203d' was completed in 0.41 seconds with the score of 467.76 (56 unrouted), using 1095.98 CPU seconds and 58698 MB memory.
2026-09-11 18:03:14.542 INFO   [10FB49\F17C88] Auto-router pass #110 on board '5220ebbde4260c795c73d3b2bd3f203d' was completed in 0.41 seconds with the score of 467.76 (56 unrouted), using 1095.98 CPU seconds and 58698 MB memory.
2026-09-11 18:03:14.957 INFO   [10FB49\F17C88] Auto-router pass #111 on board '5220ebbde4260c795c73d3b2bd3f203d' was completed in 0.41 seconds with the score of 467.76 (56 unrouted), using 1142.69 CPU seconds and 59982 MB memory.
2026-09-11 18:03:15.389 INFO   [10FB49\F17C88] Auto-router pass #112 on board '5220ebbde4260c795c73d3b2bd3f203d' was completed in 0.43 seconds with the score of 467.76 (56 unrouted), using 1142.69 CPU seconds and 59982 MB memory.
2026-09-11 18:03:15.803 INFO   [10FB49\F17C88] Auto-router pass #113 on board '5220ebbde4260c795c73d3b2bd3f203d' was completed in 0.41 seconds with the score of 467.76 (56 unrouted), using 1142.69 CPU seconds and 59982 MB memory.
2026-09-11 18:03:16.218 INFO   [10FB49\F17C88] Auto-router pass #114 on board '5220ebbde4260c795c73d3b2bd3f203d' was completed in 0.41 seconds with the score of 467.76 (56 unrouted), using 1190.38 CPU seconds and 61266 MB memory.
2026-09-11 18:03:16.634 INFO   [10FB49\F17C88] Auto-router pass #115 on board '5220ebbde4260c795c73d3b2bd3f203d' was completed in 0.41 seconds with the score of 467.76 (56 unrouted), using 1190.38 CPU seconds and 61266 MB memory.
2026-09-11 18:03:17.066 INFO   [10FB49\F17C88] Auto-router pass #116 on board '5220ebbde4260c795c73d3b2bd3f203d' was completed in 0.43 seconds with the score of 467.76 (56 unrouted), using 1239.03 CPU seconds and 62549 MB memory.
2026-09-11 18:03:17.485 INFO   [10FB49\F17C88] Auto-router pass #117 on board '5220ebbde4260c795c73d3b2bd3f203d' was completed in 0.42 seconds with the score of 467.76 (56 unrouted), using 1239.03 CPU seconds and 62549 MB memory.
2026-09-11 18:03:17.900 INFO   [10FB49\F17C88] Auto-router pass #118 on board '5220ebbde4260c795c73d3b2bd3f203d' was completed in 0.41 seconds with the score of 467.76 (56 unrouted), using 1288.66 CPU seconds and 63821 MB memory.
2026-09-11 18:03:18.313 INFO   [10FB49\F17C88] Auto-router pass #119 on board '5220ebbde4260c795c73d3b2bd3f203d' was completed in 0.41 seconds with the score of 467.76 (56 unrouted), using 1288.66 CPU seconds and 63821 MB memory.
2026-09-11 18:03:18.739 INFO   [10FB49\F17C88] Auto-router pass #120 on board '5220ebbde4260c795c73d3b2bd3f203d' was completed in 0.42 seconds with the score of 467.76 (56 unrouted), using 1288.66 CPU seconds and 63821 MB memory.
2026-09-11 18:03:19.148 INFO   [10FB49\F17C88] Auto-router pass #121 on board '5220ebbde4260c795c73d3b2bd3f203d' was completed in 0.41 seconds with the score of 467.76 (56 unrouted), using 1339.26 CPU seconds and 65115 MB memory.
2026-09-11 18:03:19.556 INFO   [10FB49\F17C88] Auto-router pass #122 on board '5220ebbde4260c795c73d3b2bd3f203d' was completed in 0.41 seconds with the score of 467.76 (56 unrouted), using 1339.26 CPU seconds and 65115 MB memory.
2026-09-11 18:03:19.967 INFO   [10FB49\F17C88] Auto-router pass #123 on board '5220ebbde4260c795c73d3b2bd3f203d' was completed in 0.41 seconds with the score of 467.76 (56 unrouted), using 1390.84 CPU seconds and 66420 MB memory.
2026-09-11 18:03:20.402 INFO   [10FB49\F17C88] Auto-router pass #124 on board '5220ebbde4260c795c73d3b2bd3f203d' was completed in 0.43 seconds with the score of 467.76 (56 unrouted), using 1390.84 CPU seconds and 66420 MB memory.
2026-09-11 18:03:20.818 INFO   [10FB49\F17C88] Auto-router pass #125 on board '5220ebbde4260c795c73d3b2bd3f203d' was completed in 0.41 seconds with the score of 467.76 (56 unrouted), using 1390.84 CPU seconds and 66420 MB memory.
2026-09-11 18:03:21.227 INFO   [10FB49\F17C88] Auto-router pass #126 on board '5220ebbde4260c795c73d3b2bd3f203d' was completed in 0.41 seconds with the score of 467.76 (56 unrouted), using 1443.39 CPU seconds and 67699 MB memory.
2026-09-11 18:03:21.642 INFO   [10FB49\F17C88] Auto-router pass #127 on board '5220ebbde4260c795c73d3b2bd3f203d' was completed in 0.41 seconds with the score of 467.76 (56 unrouted), using 1443.39 CPU seconds and 67699 MB memory.
2026-09-11 18:03:22.074 INFO   [10FB49\F17C88] Auto-router pass #128 on board '5220ebbde4260c795c73d3b2bd3f203d' was completed in 0.43 seconds with the score of 467.76 (56 unrouted), using 1496.92 CPU seconds and 68987 MB memory.
2026-09-11 18:03:22.494 INFO   [10FB49\F17C88] Auto-router pass #129 on board '5220ebbde4260c795c73d3b2bd3f203d' was completed in 0.42 seconds with the score of 467.76 (56 unrouted), using 1496.92 CPU seconds and 68987 MB memory.
2026-09-11 18:03:22.910 INFO   [10FB49\F17C88] Auto-router pass #130 on board '5220ebbde4260c795c73d3b2bd3f203d' was completed in 0.41 seconds with the score of 467.76 (56 unrouted), using 1551.41 CPU seconds and 70259 MB memory.
2026-09-11 18:03:23.332 INFO   [10FB49\F17C88] Auto-router pass #131 on board '5220ebbde4260c795c73d3b2bd3f203d' was completed in 0.42 seconds with the score of 467.76 (56 unrouted), using 1551.41 CPU seconds and 70259 MB memory.
2026-09-11 18:03:23.767 INFO   [10FB49\F17C88] Auto-router pass #132 on board '5220ebbde4260c795c73d3b2bd3f203d' was completed in 0.43 seconds with the score of 467.76 (56 unrouted), using 1551.41 CPU seconds and 70259 MB memory.
2026-09-11 18:03:24.182 INFO   [10FB49\F17C88] Auto-router pass #133 on board '5220ebbde4260c795c73d3b2bd3f203d' was completed in 0.41 seconds with the score of 467.76 (56 unrouted), using 1606.86 CPU seconds and 71530 MB memory.
2026-09-11 18:03:24.589 INFO   [10FB49\F17C88] Auto-router pass #134 on board '5220ebbde4260c795c73d3b2bd3f203d' was completed in 0.41 seconds with the score of 467.76 (56 unrouted), using 1606.86 CPU seconds and 71530 MB memory.
2026-09-11 18:03:25.004 INFO   [10FB49\F17C88] Auto-router pass #135 on board '5220ebbde4260c795c73d3b2bd3f203d' was completed in 0.41 seconds with the score of 467.76 (56 unrouted), using 1663.30 CPU seconds and 72825 MB memory.
2026-09-11 18:03:25.431 INFO   [10FB49\F17C88] Auto-router pass #136 on board '5220ebbde4260c795c73d3b2bd3f203d' was completed in 0.42 seconds with the score of 467.76 (56 unrouted), using 1663.30 CPU seconds and 72825 MB memory.
2026-09-11 18:03:25.840 INFO   [10FB49\F17C88] Auto-router pass #137 on board '5220ebbde4260c795c73d3b2bd3f203d' was completed in 0.41 seconds with the score of 467.76 (56 unrouted), using 1663.30 CPU seconds and 72825 MB memory.
2026-09-11 18:03:26.248 INFO   [10FB49\F17C88] Auto-router pass #138 on board '5220ebbde4260c795c73d3b2bd3f203d' was completed in 0.41 seconds with the score of 467.76 (56 unrouted), using 1720.71 CPU seconds and 74120 MB memory.
2026-09-11 18:03:26.659 INFO   [10FB49\F17C88] Auto-router pass #139 on board '5220ebbde4260c795c73d3b2bd3f203d' was completed in 0.41 seconds with the score of 467.76 (56 unrouted), using 1720.71 CPU seconds and 74120 MB memory.
2026-09-11 18:03:27.084 INFO   [10FB49\F17C88] Auto-router pass #140 on board '5220ebbde4260c795c73d3b2bd3f203d' was completed in 0.42 seconds with the score of 467.76 (56 unrouted), using 1779.09 CPU seconds and 75417 MB memory.
2026-09-11 18:03:27.504 INFO   [10FB49\F17C88] Auto-router pass #141 on board '5220ebbde4260c795c73d3b2bd3f203d' was completed in 0.42 seconds with the score of 467.76 (56 unrouted), using 1779.09 CPU seconds and 75417 MB memory.
2026-09-11 18:03:27.917 INFO   [10FB49\F17C88] Auto-router pass #142 on board '5220ebbde4260c795c73d3b2bd3f203d' was completed in 0.41 seconds with the score of 467.76 (56 unrouted), using 1838.45 CPU seconds and 76706 MB memory.
2026-09-11 18:03:28.337 INFO   [10FB49\F17C88] Auto-router pass #143 on board '5220ebbde4260c795c73d3b2bd3f203d' was completed in 0.42 seconds with the score of 467.76 (56 unrouted), using 1838.45 CPU seconds and 76706 MB memory.
2026-09-11 18:03:28.766 INFO   [10FB49\F17C88] Auto-router pass #144 on board '5220ebbde4260c795c73d3b2bd3f203d' was completed in 0.43 seconds with the score of 467.76 (56 unrouted), using 1838.45 CPU seconds and 76706 MB memory.
2026-09-11 18:03:29.188 INFO   [10FB49\F17C88] Auto-router pass #145 on board '5220ebbde4260c795c73d3b2bd3f203d' was completed in 0.42 seconds with the score of 467.76 (56 unrouted), using 1898.77 CPU seconds and 77967 MB memory.
2026-09-11 18:03:29.597 INFO   [10FB49\F17C88] Auto-router pass #146 on board '5220ebbde4260c795c73d3b2bd3f203d' was completed in 0.41 seconds with the score of 467.76 (56 unrouted), using 1898.77 CPU seconds and 77967 MB memory.
2026-09-11 18:03:30.010 INFO   [10FB49\F17C88] Auto-router pass #147 on board '5220ebbde4260c795c73d3b2bd3f203d' was completed in 0.41 seconds with the score of 467.76 (56 unrouted), using 1960.06 CPU seconds and 79260 MB memory.
2026-09-11 18:03:30.442 INFO   [10FB49\F17C88] Auto-router pass #148 on board '5220ebbde4260c795c73d3b2bd3f203d' was completed in 0.43 seconds with the score of 467.76 (56 unrouted), using 1960.06 CPU seconds and 79260 MB memory.
2026-09-11 18:03:30.855 INFO   [10FB49\F17C88] Auto-router pass #149 on board '5220ebbde4260c795c73d3b2bd3f203d' was completed in 0.41 seconds with the score of 467.76 (56 unrouted), using 1960.06 CPU seconds and 79260 MB memory.
2026-09-11 18:03:31.267 INFO   [10FB49\F17C88] Auto-router pass #150 on board '5220ebbde4260c795c73d3b2bd3f203d' was completed in 0.41 seconds with the score of 467.76 (56 unrouted), using 2022.33 CPU seconds and 80549 MB memory.
2026-09-11 18:03:31.680 INFO   [10FB49\F17C88] Auto-router pass #151 on board '5220ebbde4260c795c73d3b2bd3f203d' was completed in 0.41 seconds with the score of 467.76 (56 unrouted), using 2022.33 CPU seconds and 80549 MB memory.
2026-09-11 18:03:32.111 INFO   [10FB49\F17C88] Auto-router pass #152 on board '5220ebbde4260c795c73d3b2bd3f203d' was completed in 0.43 seconds with the score of 467.76 (56 unrouted), using 2085.57 CPU seconds and 81843 MB memory.
2026-09-11 18:03:32.530 INFO   [10FB49\F17C88] Auto-router pass #153 on board '5220ebbde4260c795c73d3b2bd3f203d' was completed in 0.42 seconds with the score of 467.76 (56 unrouted), using 2085.57 CPU seconds and 81843 MB memory.
2026-09-11 18:03:32.942 INFO   [10FB49\F17C88] Auto-router pass #154 on board '5220ebbde4260c795c73d3b2bd3f203d' was completed in 0.41 seconds with the score of 467.76 (56 unrouted), using 2149.78 CPU seconds and 83120 MB memory.
2026-09-11 18:03:33.356 INFO   [10FB49\F17C88] Auto-router pass #155 on board '5220ebbde4260c795c73d3b2bd3f203d' was completed in 0.41 seconds with the score of 467.76 (56 unrouted), using 2149.78 CPU seconds and 83120 MB memory.
2026-09-11 18:03:33.793 INFO   [10FB49\F17C88] Auto-router pass #156 on board '5220ebbde4260c795c73d3b2bd3f203d' was completed in 0.43 seconds with the score of 467.76 (56 unrouted), using 2149.78 CPU seconds and 83120 MB memory.
2026-09-11 18:03:34.209 INFO   [10FB49\F17C88] Auto-router pass #157 on board '5220ebbde4260c795c73d3b2bd3f203d' was completed in 0.41 seconds with the score of 467.76 (56 unrouted), using 2214.95 CPU seconds and 84396 MB memory.
2026-09-11 18:03:34.625 INFO   [10FB49\F17C88] Auto-router pass #158 on board '5220ebbde4260c795c73d3b2bd3f203d' was completed in 0.41 seconds with the score of 467.76 (56 unrouted), using 2214.95 CPU seconds and 84396 MB memory.
2026-09-11 18:03:35.045 INFO   [10FB49\F17C88] Auto-router pass #159 on board '5220ebbde4260c795c73d3b2bd3f203d' was completed in 0.42 seconds with the score of 467.76 (56 unrouted), using 2281.11 CPU seconds and 85671 MB memory.
2026-09-11 18:03:35.473 INFO   [10FB49\F17C88] Auto-router pass #160 on board '5220ebbde4260c795c73d3b2bd3f203d' was completed in 0.43 seconds with the score of 467.76 (56 unrouted), using 2281.11 CPU seconds and 85671 MB memory.
2026-09-11 18:03:35.892 INFO   [10FB49\F17C88] Auto-router pass #161 on board '5220ebbde4260c795c73d3b2bd3f203d' was completed in 0.42 seconds with the score of 467.76 (56 unrouted), using 2348.24 CPU seconds and 86958 MB memory.
2026-09-11 18:03:36.307 INFO   [10FB49\F17C88] Auto-router pass #162 on board '5220ebbde4260c795c73d3b2bd3f203d' was completed in 0.41 seconds with the score of 467.76 (56 unrouted), using 2348.24 CPU seconds and 86958 MB memory.
2026-09-11 18:03:36.724 INFO   [10FB49\F17C88] Auto-router pass #163 on board '5220ebbde4260c795c73d3b2bd3f203d' was completed in 0.41 seconds with the score of 467.76 (56 unrouted), using 2348.24 CPU seconds and 86958 MB memory.
2026-09-11 18:03:37.154 INFO   [10FB49\F17C88] Auto-router pass #164 on board '5220ebbde4260c795c73d3b2bd3f203d' was completed in 0.43 seconds with the score of 467.76 (56 unrouted), using 2416.34 CPU seconds and 88234 MB memory.
2026-09-11 18:03:37.583 INFO   [10FB49\F17C88] Auto-router pass #165 on board '5220ebbde4260c795c73d3b2bd3f203d' was completed in 0.43 seconds with the score of 467.76 (56 unrouted), using 2416.34 CPU seconds and 88234 MB memory.
2026-09-11 18:03:38.002 INFO   [10FB49\F17C88] Auto-router pass #166 on board '5220ebbde4260c795c73d3b2bd3f203d' was completed in 0.42 seconds with the score of 467.76 (56 unrouted), using 2485.41 CPU seconds and 89495 MB memory.
2026-09-11 18:03:38.417 INFO   [10FB49\F17C88] Auto-router pass #167 on board '5220ebbde4260c795c73d3b2bd3f203d' was completed in 0.41 seconds with the score of 467.76 (56 unrouted), using 2485.41 CPU seconds and 89495 MB memory.
2026-09-11 18:03:38.848 INFO   [10FB49\F17C88] Auto-router pass #168 on board '5220ebbde4260c795c73d3b2bd3f203d' was completed in 0.43 seconds with the score of 467.76 (56 unrouted), using 2485.41 CPU seconds and 89495 MB memory.
2026-09-11 18:03:39.262 INFO   [10FB49\F17C88] Auto-router pass #169 on board '5220ebbde4260c795c73d3b2bd3f203d' was completed in 0.41 seconds with the score of 467.76 (56 unrouted), using 2555.44 CPU seconds and 90771 MB memory.
2026-09-11 18:03:39.680 INFO   [10FB49\F17C88] Auto-router pass #170 on board '5220ebbde4260c795c73d3b2bd3f203d' was completed in 0.41 seconds with the score of 467.76 (56 unrouted), using 2555.44 CPU seconds and 90771 MB memory.
2026-09-11 18:03:40.087 INFO   [10FB49\F17C88] Auto-router pass #171 on board '5220ebbde4260c795c73d3b2bd3f203d' was completed in 0.41 seconds with the score of 467.76 (56 unrouted), using 2626.45 CPU seconds and 92064 MB memory.
2026-09-11 18:03:40.519 INFO   [10FB49\F17C88] Auto-router pass #172 on board '5220ebbde4260c795c73d3b2bd3f203d' was completed in 0.43 seconds with the score of 467.76 (56 unrouted), using 2626.45 CPU seconds and 92064 MB memory.
2026-09-11 18:03:40.943 INFO   [10FB49\F17C88] Auto-router pass #173 on board '5220ebbde4260c795c73d3b2bd3f203d' was completed in 0.42 seconds with the score of 467.76 (56 unrouted), using 2698.43 CPU seconds and 93341 MB memory.
2026-09-11 18:03:41.365 INFO   [10FB49\F17C88] Auto-router pass #174 on board '5220ebbde4260c795c73d3b2bd3f203d' was completed in 0.42 seconds with the score of 467.76 (56 unrouted), using 2698.43 CPU seconds and 93341 MB memory.
2026-09-11 18:03:41.782 INFO   [10FB49\F17C88] Auto-router pass #175 on board '5220ebbde4260c795c73d3b2bd3f203d' was completed in 0.41 seconds with the score of 467.76 (56 unrouted), using 2698.43 CPU seconds and 93341 MB memory.
2026-09-11 18:03:42.215 INFO   [10FB49\F17C88] Auto-router pass #176 on board '5220ebbde4260c795c73d3b2bd3f203d' was completed in 0.43 seconds with the score of 467.76 (56 unrouted), using 2771.38 CPU seconds and 94608 MB memory.
2026-09-11 18:03:42.632 INFO   [10FB49\F17C88] Auto-router pass #177 on board '5220ebbde4260c795c73d3b2bd3f203d' was completed in 0.41 seconds with the score of 467.76 (56 unrouted), using 2771.38 CPU seconds and 94608 MB memory.
2026-09-11 18:03:43.043 INFO   [10FB49\F17C88] Auto-router pass #178 on board '5220ebbde4260c795c73d3b2bd3f203d' was completed in 0.41 seconds with the score of 467.76 (56 unrouted), using 2845.30 CPU seconds and 95890 MB memory.
2026-09-11 18:03:43.459 INFO   [10FB49\F17C88] Auto-router pass #179 on board '5220ebbde4260c795c73d3b2bd3f203d' was completed in 0.41 seconds with the score of 467.76 (56 unrouted), using 2845.30 CPU seconds and 95890 MB memory.
2026-09-11 18:03:43.895 INFO   [10FB49\F17C88] Auto-router pass #180 on board '5220ebbde4260c795c73d3b2bd3f203d' was completed in 0.43 seconds with the score of 467.76 (56 unrouted), using 2920.20 CPU seconds and 97170 MB memory.
2026-09-11 18:03:44.308 INFO   [10FB49\F17C88] Auto-router pass #181 on board '5220ebbde4260c795c73d3b2bd3f203d' was completed in 0.41 seconds with the score of 467.76 (56 unrouted), using 2920.20 CPU seconds and 97170 MB memory.
2026-09-11 18:03:44.721 INFO   [10FB49\F17C88] Auto-router pass #182 on board '5220ebbde4260c795c73d3b2bd3f203d' was completed in 0.41 seconds with the score of 467.76 (56 unrouted), using 2920.20 CPU seconds and 97170 MB memory.
2026-09-11 18:03:45.138 INFO   [10FB49\F17C88] Auto-router pass #183 on board '5220ebbde4260c795c73d3b2bd3f203d' was completed in 0.41 seconds with the score of 467.76 (56 unrouted), using 2996.07 CPU seconds and 98457 MB memory.
2026-09-11 18:03:45.568 INFO   [10FB49\F17C88] Auto-router pass #184 on board '5220ebbde4260c795c73d3b2bd3f203d' was completed in 0.43 seconds with the score of 467.76 (56 unrouted), using 2996.07 CPU seconds and 98457 MB memory.
2026-09-11 18:03:45.981 INFO   [10FB49\F17C88] Auto-router pass #185 on board '5220ebbde4260c795c73d3b2bd3f203d' was completed in 0.41 seconds with the score of 467.76 (56 unrouted), using 3072.91 CPU seconds and 99742 MB memory.
2026-09-11 18:03:46.398 INFO   [10FB49\F17C88] Auto-router pass #186 on board '5220ebbde4260c795c73d3b2bd3f203d' was completed in 0.41 seconds with the score of 467.76 (56 unrouted), using 3072.91 CPU seconds and 99742 MB memory.
2026-09-11 18:03:46.818 INFO   [10FB49\F17C88] Auto-router pass #187 on board '5220ebbde4260c795c73d3b2bd3f203d' was completed in 0.42 seconds with the score of 467.76 (56 unrouted), using 3072.91 CPU seconds and 99742 MB memory.
2026-09-11 18:03:47.258 INFO   [10FB49\F17C88] Auto-router pass #188 on board '5220ebbde4260c795c73d3b2bd3f203d' was completed in 0.44 seconds with the score of 467.76 (56 unrouted), using 3150.72 CPU seconds and 101013 MB memory.
2026-09-11 18:03:47.684 INFO   [10FB49\F17C88] Auto-router pass #189 on board '5220ebbde4260c795c73d3b2bd3f203d' was completed in 0.42 seconds with the score of 467.76 (56 unrouted), using 3150.72 CPU seconds and 101013 MB memory.
2026-09-11 18:03:48.103 INFO   [10FB49\F17C88] Auto-router pass #190 on board '5220ebbde4260c795c73d3b2bd3f203d' was completed in 0.42 seconds with the score of 467.76 (56 unrouted), using 3229.50 CPU seconds and 102272 MB memory.
2026-09-11 18:03:48.514 INFO   [10FB49\F17C88] Auto-router pass #191 on board '5220ebbde4260c795c73d3b2bd3f203d' was completed in 0.41 seconds with the score of 467.76 (56 unrouted), using 3229.50 CPU seconds and 102272 MB memory.
2026-09-11 18:03:48.942 INFO   [10FB49\F17C88] Auto-router pass #192 on board '5220ebbde4260c795c73d3b2bd3f203d' was completed in 0.43 seconds with the score of 467.76 (56 unrouted), using 3309.25 CPU seconds and 103561 MB memory.
2026-09-11 18:03:49.361 INFO   [10FB49\F17C88] Auto-router pass #193 on board '5220ebbde4260c795c73d3b2bd3f203d' was completed in 0.42 seconds with the score of 467.76 (56 unrouted), using 3309.25 CPU seconds and 103561 MB memory.
2026-09-11 18:03:49.774 INFO   [10FB49\F17C88] Auto-router pass #194 on board '5220ebbde4260c795c73d3b2bd3f203d' was completed in 0.41 seconds with the score of 467.76 (56 unrouted), using 3309.25 CPU seconds and 103561 MB memory.
2026-09-11 18:03:50.192 INFO   [10FB49\F17C88] Auto-router pass #195 on board '5220ebbde4260c795c73d3b2bd3f203d' was completed in 0.42 seconds with the score of 467.76 (56 unrouted), using 3389.98 CPU seconds and 104840 MB memory.
2026-09-11 18:03:50.625 INFO   [10FB49\F17C88] Auto-router pass #196 on board '5220ebbde4260c795c73d3b2bd3f203d' was completed in 0.43 seconds with the score of 467.76 (56 unrouted), using 3389.98 CPU seconds and 104840 MB memory.
2026-09-11 18:03:51.047 INFO   [10FB49\F17C88] Auto-router pass #197 on board '5220ebbde4260c795c73d3b2bd3f203d' was completed in 0.42 seconds with the score of 467.76 (56 unrouted), using 3471.68 CPU seconds and 106108 MB memory.
2026-09-11 18:03:51.465 INFO   [10FB49\F17C88] Auto-router pass #198 on board '5220ebbde4260c795c73d3b2bd3f203d' was completed in 0.42 seconds with the score of 467.76 (56 unrouted), using 3471.68 CPU seconds and 106108 MB memory.
2026-09-11 18:03:51.888 INFO   [10FB49\F17C88] Auto-router pass #199 on board '5220ebbde4260c795c73d3b2bd3f203d' was completed in 0.42 seconds with the score of 467.76 (56 unrouted), using 3554.36 CPU seconds and 107378 MB memory.
2026-09-11 18:03:52.312 INFO   [10FB49\F17C88] Auto-router pass #200 on board '5220ebbde4260c795c73d3b2bd3f203d' was completed in 0.42 seconds with the score of 467.76 (56 unrouted), using 3554.36 CPU seconds and 107378 MB memory.
2026-09-11 18:03:52.737 INFO   [10FB49\F17C88] Auto-router pass #201 on board '5220ebbde4260c795c73d3b2bd3f203d' was completed in 0.42 seconds with the score of 467.76 (56 unrouted), using 3554.36 CPU seconds and 107378 MB memory.
2026-09-11 18:03:53.150 INFO   [10FB49\F17C88] Auto-router pass #202 on board '5220ebbde4260c795c73d3b2bd3f203d' was completed in 0.41 seconds with the score of 467.76 (56 unrouted), using 3638.01 CPU seconds and 108656 MB memory.
2026-09-11 18:03:53.567 INFO   [10FB49\F17C88] Auto-router pass #203 on board '5220ebbde4260c795c73d3b2bd3f203d' was completed in 0.41 seconds with the score of 467.76 (56 unrouted), using 3638.01 CPU seconds and 108656 MB memory.
2026-09-11 18:03:54.001 INFO   [10FB49\F17C88] Auto-router pass #204 on board '5220ebbde4260c795c73d3b2bd3f203d' was completed in 0.43 seconds with the score of 467.76 (56 unrouted), using 3722.64 CPU seconds and 109937 MB memory.
2026-09-11 18:03:54.414 INFO   [10FB49\F17C88] Auto-router pass #205 on board '5220ebbde4260c795c73d3b2bd3f203d' was completed in 0.41 seconds with the score of 467.76 (56 unrouted), using 3722.64 CPU seconds and 109937 MB memory.
2026-09-11 18:03:54.842 INFO   [10FB49\F17C88] Auto-router pass #206 on board '5220ebbde4260c795c73d3b2bd3f203d' was completed in 0.42 seconds with the score of 467.76 (56 unrouted), using 3722.64 CPU seconds and 109937 MB memory.
2026-09-11 18:03:55.261 INFO   [10FB49\F17C88] Auto-router pass #207 on board '5220ebbde4260c795c73d3b2bd3f203d' was completed in 0.42 seconds with the score of 467.76 (56 unrouted), using 3808.23 CPU seconds and 111205 MB memory.
2026-09-11 18:03:55.689 INFO   [10FB49\F17C88] Auto-router pass #208 on board '5220ebbde4260c795c73d3b2bd3f203d' was completed in 0.43 seconds with the score of 467.76 (56 unrouted), using 3808.23 CPU seconds and 111205 MB memory.
2026-09-11 18:03:56.108 INFO   [10FB49\F17C88] Auto-router pass #209 on board '5220ebbde4260c795c73d3b2bd3f203d' was completed in 0.41 seconds with the score of 467.76 (56 unrouted), using 3894.80 CPU seconds and 112485 MB memory.
2026-09-11 18:03:56.523 INFO   [10FB49\F17C88] Auto-router pass #210 on board '5220ebbde4260c795c73d3b2bd3f203d' was completed in 0.41 seconds with the score of 467.76 (56 unrouted), using 3894.80 CPU seconds and 112485 MB memory.
2026-09-11 18:03:56.937 INFO   [10FB49\F17C88] Auto-router pass #211 on board '5220ebbde4260c795c73d3b2bd3f203d' was completed in 0.41 seconds with the score of 467.76 (56 unrouted), using 3982.33 CPU seconds and 113765 MB memory.
2026-09-11 18:03:57.372 INFO   [10FB49\F17C88] Auto-router pass #212 on board '5220ebbde4260c795c73d3b2bd3f203d' was completed in 0.43 seconds with the score of 467.76 (56 unrouted), using 3982.33 CPU seconds and 113765 MB memory.
2026-09-11 18:03:57.788 INFO   [10FB49\F17C88] Auto-router pass #213 on board '5220ebbde4260c795c73d3b2bd3f203d' was completed in 0.41 seconds with the score of 467.76 (56 unrouted), using 3982.33 CPU seconds and 113765 MB memory.
2026-09-11 18:03:58.207 INFO   [10FB49\F17C88] Auto-router pass #214 on board '5220ebbde4260c795c73d3b2bd3f203d' was completed in 0.42 seconds with the score of 467.76 (56 unrouted), using 4070.84 CPU seconds and 115038 MB memory.
2026-09-11 18:03:58.624 INFO   [10FB49\F17C88] Auto-router pass #215 on board '5220ebbde4260c795c73d3b2bd3f203d' was completed in 0.42 seconds with the score of 467.76 (56 unrouted), using 4070.84 CPU seconds and 115038 MB memory.
2026-09-11 18:03:59.058 INFO   [10FB49\F17C88] Auto-router pass #216 on board '5220ebbde4260c795c73d3b2bd3f203d' was completed in 0.43 seconds with the score of 467.76 (56 unrouted), using 4160.31 CPU seconds and 116317 MB memory.
2026-09-11 18:03:59.473 INFO   [10FB49\F17C88] Auto-router pass #217 on board '5220ebbde4260c795c73d3b2bd3f203d' was completed in 0.41 seconds with the score of 467.76 (56 unrouted), using 4160.31 CPU seconds and 116317 MB memory.
2026-09-11 18:03:59.896 INFO   [10FB49\F17C88] Auto-router pass #218 on board '5220ebbde4260c795c73d3b2bd3f203d' was completed in 0.42 seconds with the score of 467.76 (56 unrouted), using 4250.75 CPU seconds and 117584 MB memory.
2026-09-11 18:04:00.310 INFO   [10FB49\F17C88] Auto-router pass #219 on board '5220ebbde4260c795c73d3b2bd3f203d' was completed in 0.41 seconds with the score of 467.76 (56 unrouted), using 4250.75 CPU seconds and 117584 MB memory.
2026-09-11 18:04:00.750 INFO   [10FB49\F17C88] Auto-router pass #220 on board '5220ebbde4260c795c73d3b2bd3f203d' was completed in 0.44 seconds with the score of 467.76 (56 unrouted), using 4250.75 CPU seconds and 117584 MB memory.
2026-09-11 18:04:01.163 INFO   [10FB49\F17C88] Auto-router pass #221 on board '5220ebbde4260c795c73d3b2bd3f203d' was completed in 0.41 seconds with the score of 467.76 (56 unrouted), using 4342.16 CPU seconds and 118859 MB memory.
2026-09-11 18:04:01.576 INFO   [10FB49\F17C88] Auto-router pass #222 on board '5220ebbde4260c795c73d3b2bd3f203d' was completed in 0.41 seconds with the score of 467.76 (56 unrouted), using 4342.16 CPU seconds and 118859 MB memory.
2026-09-11 18:04:01.997 INFO   [10FB49\F17C88] Auto-router pass #223 on board '5220ebbde4260c795c73d3b2bd3f203d' was completed in 0.42 seconds with the score of 467.76 (56 unrouted), using 4434.54 CPU seconds and 120144 MB memory.
2026-09-11 18:04:02.436 INFO   [10FB49\F17C88] Auto-router pass #224 on board '5220ebbde4260c795c73d3b2bd3f203d' was completed in 0.44 seconds with the score of 467.76 (56 unrouted), using 4434.54 CPU seconds and 120144 MB memory.
2026-09-11 18:04:02.853 INFO   [10FB49\F17C88] Auto-router pass #225 on board '5220ebbde4260c795c73d3b2bd3f203d' was completed in 0.41 seconds with the score of 467.76 (56 unrouted), using 4434.54 CPU seconds and 120144 MB memory.
2026-09-11 18:04:03.260 INFO   [10FB49\F17C88] Auto-router pass #226 on board '5220ebbde4260c795c73d3b2bd3f203d' was completed in 0.41 seconds with the score of 467.76 (56 unrouted), using 4527.89 CPU seconds and 121409 MB memory.
2026-09-11 18:04:03.671 INFO   [10FB49\F17C88] Auto-router pass #227 on board '5220ebbde4260c795c73d3b2bd3f203d' was completed in 0.41 seconds with the score of 467.76 (56 unrouted), using 4527.89 CPU seconds and 121409 MB memory.
2026-09-11 18:04:04.111 INFO   [10FB49\F17C88] Auto-router pass #228 on board '5220ebbde4260c795c73d3b2bd3f203d' was completed in 0.44 seconds with the score of 467.76 (56 unrouted), using 4622.21 CPU seconds and 122702 MB memory.
2026-09-11 18:04:04.532 INFO   [10FB49\F17C88] Auto-router pass #229 on board '5220ebbde4260c795c73d3b2bd3f203d' was completed in 0.42 seconds with the score of 467.76 (56 unrouted), using 4622.21 CPU seconds and 122702 MB memory.
2026-09-11 18:04:04.946 INFO   [10FB49\F17C88] Auto-router pass #230 on board '5220ebbde4260c795c73d3b2bd3f203d' was completed in 0.41 seconds with the score of 467.76 (56 unrouted), using 4717.51 CPU seconds and 123966 MB memory.
2026-09-11 18:04:05.354 INFO   [10FB49\F17C88] Auto-router pass #231 on board '5220ebbde4260c795c73d3b2bd3f203d' was completed in 0.41 seconds with the score of 467.76 (56 unrouted), using 4717.51 CPU seconds and 123966 MB memory.
2026-09-11 18:04:05.782 INFO   [10FB49\F17C88] Auto-router pass #232 on board '5220ebbde4260c795c73d3b2bd3f203d' was completed in 0.43 seconds with the score of 467.76 (56 unrouted), using 4717.51 CPU seconds and 123966 MB memory.
2026-09-11 18:04:06.195 INFO   [10FB49\F17C88] Auto-router pass #233 on board '5220ebbde4260c795c73d3b2bd3f203d' was completed in 0.41 seconds with the score of 467.76 (56 unrouted), using 4813.79 CPU seconds and 125270 MB memory.
2026-09-11 18:04:06.605 INFO   [10FB49\F17C88] Auto-router pass #234 on board '5220ebbde4260c795c73d3b2bd3f203d' was completed in 0.41 seconds with the score of 467.76 (56 unrouted), using 4813.79 CPU seconds and 125270 MB memory.
2026-09-11 18:04:07.018 INFO   [10FB49\F17C88] Auto-router pass #235 on board '5220ebbde4260c795c73d3b2bd3f203d' was completed in 0.41 seconds with the score of 467.76 (56 unrouted), using 4911.04 CPU seconds and 126562 MB memory.
2026-09-11 18:04:07.448 INFO   [10FB49\F17C88] Auto-router pass #236 on board '5220ebbde4260c795c73d3b2bd3f203d' was completed in 0.43 seconds with the score of 467.76 (56 unrouted), using 4911.04 CPU seconds and 126562 MB memory.
2026-09-11 18:04:07.862 INFO   [10FB49\F17C88] Auto-router pass #237 on board '5220ebbde4260c795c73d3b2bd3f203d' was completed in 0.41 seconds with the score of 467.76 (56 unrouted), using 4911.04 CPU seconds and 126562 MB memory.
2026-09-11 18:04:08.272 INFO   [10FB49\F17C88] Auto-router pass #238 on board '5220ebbde4260c795c73d3b2bd3f203d' was completed in 0.41 seconds with the score of 467.76 (56 unrouted), using 5009.26 CPU seconds and 127847 MB memory.
2026-09-11 18:04:08.688 INFO   [10FB49\F17C88] Auto-router pass #239 on board '5220ebbde4260c795c73d3b2bd3f203d' was completed in 0.41 seconds with the score of 467.76 (56 unrouted), using 5009.26 CPU seconds and 127847 MB memory.
2026-09-11 18:04:09.112 INFO   [10FB49\F17C88] Auto-router pass #240 on board '5220ebbde4260c795c73d3b2bd3f203d' was completed in 0.42 seconds with the score of 467.76 (56 unrouted), using 5108.47 CPU seconds and 129136 MB memory.
2026-09-11 18:04:09.523 INFO   [10FB49\F17C88] Auto-router pass #241 on board '5220ebbde4260c795c73d3b2bd3f203d' was completed in 0.41 seconds with the score of 467.76 (56 unrouted), using 5108.47 CPU seconds and 129136 MB memory.
2026-09-11 18:04:09.931 INFO   [10FB49\F17C88] Auto-router pass #242 on board '5220ebbde4260c795c73d3b2bd3f203d' was completed in 0.41 seconds with the score of 467.76 (56 unrouted), using 5208.65 CPU seconds and 130438 MB memory.
2026-09-11 18:04:10.347 INFO   [10FB49\F17C88] Auto-router pass #243 on board '5220ebbde4260c795c73d3b2bd3f203d' was completed in 0.41 seconds with the score of 467.76 (56 unrouted), using 5208.65 CPU seconds and 130438 MB memory.
2026-09-11 18:04:10.786 INFO   [10FB49\F17C88] Auto-router pass #244 on board '5220ebbde4260c795c73d3b2bd3f203d' was completed in 0.44 seconds with the score of 467.76 (56 unrouted), using 5208.65 CPU seconds and 130438 MB memory.
2026-09-11 18:04:11.207 INFO   [10FB49\F17C88] Auto-router pass #245 on board '5220ebbde4260c795c73d3b2bd3f203d' was completed in 0.42 seconds with the score of 467.76 (56 unrouted), using 5309.81 CPU seconds and 131715 MB memory.
2026-09-11 18:04:11.627 INFO   [10FB49\F17C88] Auto-router pass #246 on board '5220ebbde4260c795c73d3b2bd3f203d' was completed in 0.42 seconds with the score of 467.76 (56 unrouted), using 5309.81 CPU seconds and 131715 MB memory.
2026-09-11 18:04:12.044 INFO   [10FB49\F17C88] Auto-router pass #247 on board '5220ebbde4260c795c73d3b2bd3f203d' was completed in 0.41 seconds with the score of 467.76 (56 unrouted), using 5411.95 CPU seconds and 132980 MB memory.
2026-09-11 18:04:12.475 INFO   [10FB49\F17C88] Auto-router pass #248 on board '5220ebbde4260c795c73d3b2bd3f203d' was completed in 0.43 seconds with the score of 467.76 (56 unrouted), using 5411.95 CPU seconds and 132980 MB memory.
2026-09-11 18:04:12.896 INFO   [10FB49\F17C88] Auto-router pass #249 on board '5220ebbde4260c795c73d3b2bd3f203d' was completed in 0.42 seconds with the score of 467.76 (56 unrouted), using 5515.04 CPU seconds and 134253 MB memory.
2026-09-11 18:04:13.314 INFO   [10FB49\F17C88] Auto-router pass #250 on board '5220ebbde4260c795c73d3b2bd3f203d' was completed in 0.42 seconds with the score of 467.76 (56 unrouted), using 5515.04 CPU seconds and 134253 MB memory.
2026-09-11 18:04:13.734 INFO   [10FB49\F17C88] Auto-router pass #251 on board '5220ebbde4260c795c73d3b2bd3f203d' was completed in 0.42 seconds with the score of 467.76 (56 unrouted), using 5515.04 CPU seconds and 134253 MB memory.
2026-09-11 18:04:14.174 INFO   [10FB49\F17C88] Auto-router pass #252 on board '5220ebbde4260c795c73d3b2bd3f203d' was completed in 0.44 seconds with the score of 467.76 (56 unrouted), using 5619.11 CPU seconds and 135521 MB memory.
2026-09-11 18:04:14.594 INFO   [10FB49\F17C88] Auto-router pass #253 on board '5220ebbde4260c795c73d3b2bd3f203d' was completed in 0.41 seconds with the score of 467.76 (56 unrouted), using 5619.11 CPU seconds and 135521 MB memory.
2026-09-11 18:04:15.007 INFO   [10FB49\F17C88] Auto-router pass #254 on board '5220ebbde4260c795c73d3b2bd3f203d' was completed in 0.41 seconds with the score of 467.76 (56 unrouted), using 5724.15 CPU seconds and 136800 MB memory.
2026-09-11 18:04:15.420 INFO   [10FB49\F17C88] Auto-router pass #255 on board '5220ebbde4260c795c73d3b2bd3f203d' was completed in 0.41 seconds with the score of 467.76 (56 unrouted), using 5724.15 CPU seconds and 136800 MB memory.
2026-09-11 18:04:15.854 INFO   [10FB49\F17C88] Auto-router pass #256 on board '5220ebbde4260c795c73d3b2bd3f203d' was completed in 0.43 seconds with the score of 467.76 (56 unrouted), using 5724.15 CPU seconds and 136800 MB memory.
2026-09-11 18:04:16.270 INFO   [10FB49\F17C88] Auto-router pass #257 on board '5220ebbde4260c795c73d3b2bd3f203d' was completed in 0.41 seconds with the score of 467.76 (56 unrouted), using 5830.16 CPU seconds and 138077 MB memory.
2026-09-11 18:04:16.680 INFO   [10FB49\F17C88] Auto-router pass #258 on board '5220ebbde4260c795c73d3b2bd3f203d' was completed in 0.41 seconds with the score of 467.76 (56 unrouted), using 5830.16 CPU seconds and 138077 MB memory.
2026-09-11 18:04:17.095 INFO   [10FB49\F17C88] Auto-router pass #259 on board '5220ebbde4260c795c73d3b2bd3f203d' was completed in 0.41 seconds with the score of 467.76 (56 unrouted), using 5937.14 CPU seconds and 139361 MB memory.
2026-09-11 18:04:17.527 INFO   [10FB49\F17C88] Auto-router pass #260 on board '5220ebbde4260c795c73d3b2bd3f203d' was completed in 0.43 seconds with the score of 467.76 (56 unrouted), using 5937.14 CPU seconds and 139361 MB memory.
2026-09-11 18:04:17.939 INFO   [10FB49\F17C88] Auto-router pass #261 on board '5220ebbde4260c795c73d3b2bd3f203d' was completed in 0.41 seconds with the score of 467.76 (56 unrouted), using 6045.09 CPU seconds and 140652 MB memory.
2026-09-11 18:04:18.356 INFO   [10FB49\F17C88] Auto-router pass #262 on board '5220ebbde4260c795c73d3b2bd3f203d' was completed in 0.41 seconds with the score of 467.76 (56 unrouted), using 6045.09 CPU seconds and 140652 MB memory.
2026-09-11 18:04:18.774 INFO   [10FB49\F17C88] Auto-router pass #263 on board '5220ebbde4260c795c73d3b2bd3f203d' was completed in 0.42 seconds with the score of 467.76 (56 unrouted), using 6045.09 CPU seconds and 140652 MB memory.
2026-09-11 18:04:19.210 INFO   [10FB49\F17C88] Auto-router pass #264 on board '5220ebbde4260c795c73d3b2bd3f203d' was completed in 0.43 seconds with the score of 467.76 (56 unrouted), using 6154.01 CPU seconds and 141927 MB memory.
2026-09-11 18:04:19.618 INFO   [10FB49\F17C88] Auto-router pass #265 on board '5220ebbde4260c795c73d3b2bd3f203d' was completed in 0.41 seconds with the score of 467.76 (56 unrouted), using 6154.01 CPU seconds and 141927 MB memory.
2026-09-11 18:04:20.031 INFO   [10FB49\F17C88] Auto-router pass #266 on board '5220ebbde4260c795c73d3b2bd3f203d' was completed in 0.41 seconds with the score of 467.76 (56 unrouted), using 6263.92 CPU seconds and 143218 MB memory.
2026-09-11 18:04:20.448 INFO   [10FB49\F17C88] Auto-router pass #267 on board '5220ebbde4260c795c73d3b2bd3f203d' was completed in 0.41 seconds with the score of 467.76 (56 unrouted), using 6263.92 CPU seconds and 143218 MB memory.
2026-09-11 18:04:20.884 INFO   [10FB49\F17C88] Auto-router pass #268 on board '5220ebbde4260c795c73d3b2bd3f203d' was completed in 0.43 seconds with the score of 467.76 (56 unrouted), using 6374.79 CPU seconds and 144493 MB memory.
2026-09-11 18:04:21.297 INFO   [10FB49\F17C88] Auto-router pass #269 on board '5220ebbde4260c795c73d3b2bd3f203d' was completed in 0.41 seconds with the score of 467.76 (56 unrouted), using 6374.79 CPU seconds and 144493 MB memory.
2026-09-11 18:04:21.708 INFO   [10FB49\F17C88] Auto-router pass #270 on board '5220ebbde4260c795c73d3b2bd3f203d' was completed in 0.41 seconds with the score of 467.76 (56 unrouted), using 6374.79 CPU seconds and 144493 MB memory.
2026-09-11 18:04:22.119 INFO   [10FB49\F17C88] Auto-router pass #271 on board '5220ebbde4260c795c73d3b2bd3f203d' was completed in 0.41 seconds with the score of 467.76 (56 unrouted), using 6486.65 CPU seconds and 145782 MB memory.
2026-09-11 18:04:22.553 INFO   [10FB49\F17C88] Auto-router pass #272 on board '5220ebbde4260c795c73d3b2bd3f203d' was completed in 0.43 seconds with the score of 467.76 (56 unrouted), using 6486.65 CPU seconds and 145782 MB memory.
2026-09-11 18:04:22.966 INFO   [10FB49\F17C88] Auto-router pass #273 on board '5220ebbde4260c795c73d3b2bd3f203d' was completed in 0.41 seconds with the score of 467.76 (56 unrouted), using 6599.48 CPU seconds and 147069 MB memory.
2026-09-11 18:04:23.379 INFO   [10FB49\F17C88] Auto-router pass #274 on board '5220ebbde4260c795c73d3b2bd3f203d' was completed in 0.41 seconds with the score of 467.76 (56 unrouted), using 6599.48 CPU seconds and 147069 MB memory.
2026-09-11 18:04:23.788 INFO   [10FB49\F17C88] Auto-router pass #275 on board '5220ebbde4260c795c73d3b2bd3f203d' was completed in 0.41 seconds with the score of 467.76 (56 unrouted), using 6599.48 CPU seconds and 147069 MB memory.
2026-09-11 18:04:24.225 INFO   [10FB49\F17C88] Auto-router pass #276 on board '5220ebbde4260c795c73d3b2bd3f203d' was completed in 0.43 seconds with the score of 467.76 (56 unrouted), using 6713.28 CPU seconds and 148359 MB memory.
2026-09-11 18:04:24.640 INFO   [10FB49\F17C88] Auto-router pass #277 on board '5220ebbde4260c795c73d3b2bd3f203d' was completed in 0.41 seconds with the score of 467.76 (56 unrouted), using 6713.28 CPU seconds and 148359 MB memory.
2026-09-11 18:04:25.054 INFO   [10FB49\F17C88] Auto-router pass #278 on board '5220ebbde4260c795c73d3b2bd3f203d' was completed in 0.41 seconds with the score of 467.76 (56 unrouted), using 6828.05 CPU seconds and 149636 MB memory.
2026-09-11 18:04:25.466 INFO   [10FB49\F17C88] Auto-router pass #279 on board '5220ebbde4260c795c73d3b2bd3f203d' was completed in 0.41 seconds with the score of 467.76 (56 unrouted), using 6828.05 CPU seconds and 149636 MB memory.
2026-09-11 18:04:25.899 INFO   [10FB49\F17C88] Auto-router pass #280 on board '5220ebbde4260c795c73d3b2bd3f203d' was completed in 0.43 seconds with the score of 467.76 (56 unrouted), using 6943.80 CPU seconds and 150922 MB memory.
2026-09-11 18:04:26.319 INFO   [10FB49\F17C88] Auto-router pass #281 on board '5220ebbde4260c795c73d3b2bd3f203d' was completed in 0.42 seconds with the score of 467.76 (56 unrouted), using 6943.80 CPU seconds and 150922 MB memory.
2026-09-11 18:04:26.738 INFO   [10FB49\F17C88] Auto-router pass #282 on board '5220ebbde4260c795c73d3b2bd3f203d' was completed in 0.42 seconds with the score of 467.76 (56 unrouted), using 6943.80 CPU seconds and 150922 MB memory.
2026-09-11 18:04:27.158 INFO   [10FB49\F17C88] Auto-router pass #283 on board '5220ebbde4260c795c73d3b2bd3f203d' was completed in 0.42 seconds with the score of 467.76 (56 unrouted), using 7060.51 CPU seconds and 152192 MB memory.
2026-09-11 18:04:27.601 INFO   [10FB49\F17C88] Auto-router pass #284 on board '5220ebbde4260c795c73d3b2bd3f203d' was completed in 0.44 seconds with the score of 467.76 (56 unrouted), using 7060.51 CPU seconds and 152192 MB memory.
2026-09-11 18:04:28.013 INFO   [10FB49\F17C88] Auto-router pass #285 on board '5220ebbde4260c795c73d3b2bd3f203d' was completed in 0.41 seconds with the score of 467.76 (56 unrouted), using 7178.20 CPU seconds and 153456 MB memory.
2026-09-11 18:04:28.422 INFO   [10FB49\F17C88] Auto-router pass #286 on board '5220ebbde4260c795c73d3b2bd3f203d' was completed in 0.41 seconds with the score of 467.76 (56 unrouted), using 7178.20 CPU seconds and 153456 MB memory.
2026-09-11 18:04:28.833 INFO   [10FB49\F17C88] Auto-router pass #287 on board '5220ebbde4260c795c73d3b2bd3f203d' was completed in 0.41 seconds with the score of 467.76 (56 unrouted), using 7178.20 CPU seconds and 153456 MB memory.
2026-09-11 18:04:29.270 INFO   [10FB49\F17C88] Auto-router pass #288 on board '5220ebbde4260c795c73d3b2bd3f203d' was completed in 0.43 seconds with the score of 467.76 (56 unrouted), using 7296.87 CPU seconds and 154753 MB memory.
2026-09-11 18:04:29.682 INFO   [10FB49\F17C88] Auto-router pass #289 on board '5220ebbde4260c795c73d3b2bd3f203d' was completed in 0.41 seconds with the score of 467.76 (56 unrouted), using 7296.87 CPU seconds and 154753 MB memory.
2026-09-11 18:04:30.105 INFO   [10FB49\F17C88] Auto-router pass #290 on board '5220ebbde4260c795c73d3b2bd3f203d' was completed in 0.42 seconds with the score of 467.76 (56 unrouted), using 7416.51 CPU seconds and 156030 MB memory.
2026-09-11 18:04:30.535 INFO   [10FB49\F17C88] Auto-router pass #291 on board '5220ebbde4260c795c73d3b2bd3f203d' was completed in 0.43 seconds with the score of 467.76 (56 unrouted), using 7416.51 CPU seconds and 156030 MB memory.
2026-09-11 18:04:30.965 INFO   [10FB49\F17C88] Auto-router pass #292 on board '5220ebbde4260c795c73d3b2bd3f203d' was completed in 0.43 seconds with the score of 467.76 (56 unrouted), using 7537.11 CPU seconds and 157292 MB memory.
2026-09-11 18:04:31.382 INFO   [10FB49\F17C88] Auto-router pass #293 on board '5220ebbde4260c795c73d3b2bd3f203d' was completed in 0.41 seconds with the score of 467.76 (56 unrouted), using 7537.11 CPU seconds and 157292 MB memory.
2026-09-11 18:04:31.799 INFO   [10FB49\F17C88] Auto-router pass #294 on board '5220ebbde4260c795c73d3b2bd3f203d' was completed in 0.42 seconds with the score of 467.76 (56 unrouted), using 7537.11 CPU seconds and 157292 MB memory.
2026-09-11 18:04:32.214 INFO   [10FB49\F17C88] Auto-router pass #295 on board '5220ebbde4260c795c73d3b2bd3f203d' was completed in 0.41 seconds with the score of 467.76 (56 unrouted), using 7658.68 CPU seconds and 158564 MB memory.
2026-09-11 18:04:32.654 INFO   [10FB49\F17C88] Auto-router pass #296 on board '5220ebbde4260c795c73d3b2bd3f203d' was completed in 0.44 seconds with the score of 467.76 (56 unrouted), using 7658.68 CPU seconds and 158564 MB memory.
2026-09-11 18:04:33.066 INFO   [10FB49\F17C88] Auto-router pass #297 on board '5220ebbde4260c795c73d3b2bd3f203d' was completed in 0.41 seconds with the score of 467.76 (56 unrouted), using 7781.22 CPU seconds and 159843 MB memory.
2026-09-11 18:04:33.481 INFO   [10FB49\F17C88] Auto-router pass #298 on board '5220ebbde4260c795c73d3b2bd3f203d' was completed in 0.41 seconds with the score of 467.76 (56 unrouted), using 7781.22 CPU seconds and 159843 MB memory.
2026-09-11 18:04:33.897 INFO   [10FB49\F17C88] Auto-router pass #299 on board '5220ebbde4260c795c73d3b2bd3f203d' was completed in 0.41 seconds with the score of 467.76 (56 unrouted), using 7904.74 CPU seconds and 161122 MB memory.
2026-09-11 18:04:34.329 INFO   [10FB49\F17C88] Auto-router pass #300 on board '5220ebbde4260c795c73d3b2bd3f203d' was completed in 0.43 seconds with the score of 467.76 (56 unrouted), using 7904.74 CPU seconds and 161122 MB memory.
2026-09-11 18:04:34.742 INFO   [10FB49\F17C88] Auto-router pass #301 on board '5220ebbde4260c795c73d3b2bd3f203d' was completed in 0.41 seconds with the score of 467.76 (56 unrouted), using 7904.74 CPU seconds and 161122 MB memory.
2026-09-11 18:04:35.160 INFO   [10FB49\F17C88] Auto-router pass #302 on board '5220ebbde4260c795c73d3b2bd3f203d' was completed in 0.41 seconds with the score of 467.76 (56 unrouted), using 8029.23 CPU seconds and 162404 MB memory.
2026-09-11 18:04:35.574 INFO   [10FB49\F17C88] Auto-router pass #303 on board '5220ebbde4260c795c73d3b2bd3f203d' was completed in 0.41 seconds with the score of 467.76 (56 unrouted), using 8029.23 CPU seconds and 162404 MB memory.
2026-09-11 18:04:35.997 INFO   [10FB49\F17C88] Auto-router pass #304 on board '5220ebbde4260c795c73d3b2bd3f203d' was completed in 0.42 seconds with the score of 467.76 (56 unrouted), using 8154.71 CPU seconds and 163697 MB memory.
2026-09-11 18:04:36.411 INFO   [10FB49\F17C88] Auto-router pass #305 on board '5220ebbde4260c795c73d3b2bd3f203d' was completed in 0.41 seconds with the score of 467.76 (56 unrouted), using 8154.71 CPU seconds and 163697 MB memory.
2026-09-11 18:04:36.831 INFO   [10FB49\F17C88] Auto-router pass #306 on board '5220ebbde4260c795c73d3b2bd3f203d' was completed in 0.42 seconds with the score of 467.76 (56 unrouted), using 8154.71 CPU seconds and 163697 MB memory.
2026-09-11 18:04:37.246 INFO   [10FB49\F17C88] Auto-router pass #307 on board '5220ebbde4260c795c73d3b2bd3f203d' was completed in 0.41 seconds with the score of 467.76 (56 unrouted), using 8281.16 CPU seconds and 164977 MB memory.
2026-09-11 18:04:37.686 INFO   [10FB49\F17C88] Auto-router pass #308 on board '5220ebbde4260c795c73d3b2bd3f203d' was completed in 0.44 seconds with the score of 467.76 (56 unrouted), using 8281.16 CPU seconds and 164977 MB memory.
2026-09-11 18:04:38.096 INFO   [10FB49\F17C88] Auto-router pass #309 on board '5220ebbde4260c795c73d3b2bd3f203d' was completed in 0.41 seconds with the score of 467.76 (56 unrouted), using 8408.58 CPU seconds and 166249 MB memory.
2026-09-11 18:04:38.505 INFO   [10FB49\F17C88] Auto-router pass #310 on board '5220ebbde4260c795c73d3b2bd3f203d' was completed in 0.41 seconds with the score of 467.76 (56 unrouted), using 8408.58 CPU seconds and 166249 MB memory.
2026-09-11 18:04:38.921 INFO   [10FB49\F17C88] Auto-router pass #311 on board '5220ebbde4260c795c73d3b2bd3f203d' was completed in 0.41 seconds with the score of 467.76 (56 unrouted), using 8536.97 CPU seconds and 167543 MB memory.
2026-09-11 18:04:39.360 INFO   [10FB49\F17C88] Auto-router pass #312 on board '5220ebbde4260c795c73d3b2bd3f203d' was completed in 0.44 seconds with the score of 467.76 (56 unrouted), using 8536.97 CPU seconds and 167543 MB memory.
2026-09-11 18:04:39.770 INFO   [10FB49\F17C88] Auto-router pass #313 on board '5220ebbde4260c795c73d3b2bd3f203d' was completed in 0.41 seconds with the score of 467.76 (56 unrouted), using 8536.97 CPU seconds and 167543 MB memory.
2026-09-11 18:04:40.184 INFO   [10FB49\F17C88] Auto-router pass #314 on board '5220ebbde4260c795c73d3b2bd3f203d' was completed in 0.41 seconds with the score of 467.76 (56 unrouted), using 8666.35 CPU seconds and 168825 MB memory.
2026-09-11 18:04:40.599 INFO   [10FB49\F17C88] Auto-router pass #315 on board '5220ebbde4260c795c73d3b2bd3f203d' was completed in 0.41 seconds with the score of 467.76 (56 unrouted), using 8666.35 CPU seconds and 168825 MB memory.
2026-09-11 18:04:41.028 INFO   [10FB49\F17C88] Auto-router pass #316 on board '5220ebbde4260c795c73d3b2bd3f203d' was completed in 0.43 seconds with the score of 467.76 (56 unrouted), using 8796.69 CPU seconds and 170105 MB memory.
2026-09-11 18:04:41.441 INFO   [10FB49\F17C88] Auto-router pass #317 on board '5220ebbde4260c795c73d3b2bd3f203d' was completed in 0.41 seconds with the score of 467.76 (56 unrouted), using 8796.69 CPU seconds and 170105 MB memory.
2026-09-11 18:04:41.853 INFO   [10FB49\F17C88] Auto-router pass #318 on board '5220ebbde4260c795c73d3b2bd3f203d' was completed in 0.41 seconds with the score of 467.76 (56 unrouted), using 8796.69 CPU seconds and 170105 MB memory.
2026-09-11 18:04:42.272 INFO   [10FB49\F17C88] Auto-router pass #319 on board '5220ebbde4260c795c73d3b2bd3f203d' was completed in 0.42 seconds with the score of 467.76 (56 unrouted), using 8928.00 CPU seconds and 171395 MB memory.
2026-09-11 18:04:42.714 INFO   [10FB49\F17C88] Auto-router pass #320 on board '5220ebbde4260c795c73d3b2bd3f203d' was completed in 0.44 seconds with the score of 467.76 (56 unrouted), using 8928.00 CPU seconds and 171395 MB memory.
2026-09-11 18:04:43.126 INFO   [10FB49\F17C88] Auto-router pass #321 on board '5220ebbde4260c795c73d3b2bd3f203d' was completed in 0.41 seconds with the score of 467.76 (56 unrouted), using 9060.29 CPU seconds and 172668 MB memory.
2026-09-11 18:04:43.539 INFO   [10FB49\F17C88] Auto-router pass #322 on board '5220ebbde4260c795c73d3b2bd3f203d' was completed in 0.41 seconds with the score of 467.76 (56 unrouted), using 9060.29 CPU seconds and 172668 MB memory.
2026-09-11 18:04:43.957 INFO   [10FB49\F17C88] Auto-router pass #323 on board '5220ebbde4260c795c73d3b2bd3f203d' was completed in 0.42 seconds with the score of 467.76 (56 unrouted), using 9193.54 CPU seconds and 173951 MB memory.
2026-09-11 18:04:44.386 INFO   [10FB49\F17C88] Auto-router pass #324 on board '5220ebbde4260c795c73d3b2bd3f203d' was completed in 0.43 seconds with the score of 467.76 (56 unrouted), using 9193.54 CPU seconds and 173951 MB memory.
2026-09-11 18:04:44.797 INFO   [10FB49\F17C88] Auto-router pass #325 on board '5220ebbde4260c795c73d3b2bd3f203d' was completed in 0.41 seconds with the score of 467.76 (56 unrouted), using 9193.54 CPU seconds and 173951 MB memory.
2026-09-11 18:04:45.212 INFO   [10FB49\F17C88] Auto-router pass #326 on board '5220ebbde4260c795c73d3b2bd3f203d' was completed in 0.41 seconds with the score of 467.76 (56 unrouted), using 9327.77 CPU seconds and 175240 MB memory.
2026-09-11 18:04:45.628 INFO   [10FB49\F17C88] Auto-router pass #327 on board '5220ebbde4260c795c73d3b2bd3f203d' was completed in 0.41 seconds with the score of 467.76 (56 unrouted), using 9327.77 CPU seconds and 175240 MB memory.
2026-09-11 18:04:46.056 INFO   [10FB49\F17C88] Auto-router pass #328 on board '5220ebbde4260c795c73d3b2bd3f203d' was completed in 0.43 seconds with the score of 467.76 (56 unrouted), using 9462.98 CPU seconds and 176518 MB memory.
2026-09-11 18:04:46.478 INFO   [10FB49\F17C88] Auto-router pass #329 on board '5220ebbde4260c795c73d3b2bd3f203d' was completed in 0.42 seconds with the score of 467.76 (56 unrouted), using 9462.98 CPU seconds and 176518 MB memory.
2026-09-11 18:04:46.894 INFO   [10FB49\F17C88] Auto-router pass #330 on board '5220ebbde4260c795c73d3b2bd3f203d' was completed in 0.41 seconds with the score of 467.76 (56 unrouted), using 9599.15 CPU seconds and 177798 MB memory.
2026-09-11 18:04:47.308 INFO   [10FB49\F17C88] Auto-router pass #331 on board '5220ebbde4260c795c73d3b2bd3f203d' was completed in 0.41 seconds with the score of 467.76 (56 unrouted), using 9599.15 CPU seconds and 177798 MB memory.
2026-09-11 18:04:47.751 INFO   [10FB49\F17C88] Auto-router pass #332 on board '5220ebbde4260c795c73d3b2bd3f203d' was completed in 0.44 seconds with the score of 467.76 (56 unrouted), using 9599.15 CPU seconds and 177798 MB memory.
2026-09-11 18:04:48.169 INFO   [10FB49\F17C88] Auto-router pass #333 on board '5220ebbde4260c795c73d3b2bd3f203d' was completed in 0.41 seconds with the score of 467.76 (56 unrouted), using 9736.30 CPU seconds and 179067 MB memory.
2026-09-11 18:04:48.587 INFO   [10FB49\F17C88] Auto-router pass #334 on board '5220ebbde4260c795c73d3b2bd3f203d' was completed in 0.42 seconds with the score of 467.76 (56 unrouted), using 9736.30 CPU seconds and 179067 MB memory.
2026-09-11 18:04:49.007 INFO   [10FB49\F17C88] Auto-router pass #335 on board '5220ebbde4260c795c73d3b2bd3f203d' was completed in 0.42 seconds with the score of 467.76 (56 unrouted), using 9874.42 CPU seconds and 180335 MB memory.
2026-09-11 18:04:49.446 INFO   [10FB49\F17C88] Auto-router pass #336 on board '5220ebbde4260c795c73d3b2bd3f203d' was completed in 0.44 seconds with the score of 467.76 (56 unrouted), using 9874.42 CPU seconds and 180335 MB memory.
2026-09-11 18:04:49.856 INFO   [10FB49\F17C88] Auto-router pass #337 on board '5220ebbde4260c795c73d3b2bd3f203d' was completed in 0.41 seconds with the score of 467.76 (56 unrouted), using 9874.42 CPU seconds and 180335 MB memory.
2026-09-11 18:04:50.267 INFO   [10FB49\F17C88] Auto-router pass #338 on board '5220ebbde4260c795c73d3b2bd3f203d' was completed in 0.41 seconds with the score of 467.76 (56 unrouted), using 10013.51 CPU seconds and 181609 MB memory.
2026-09-11 18:04:50.679 INFO   [10FB49\F17C88] Auto-router pass #339 on board '5220ebbde4260c795c73d3b2bd3f203d' was completed in 0.41 seconds with the score of 467.76 (56 unrouted), using 10013.51 CPU seconds and 181609 MB memory.
2026-09-11 18:04:51.119 INFO   [10FB49\F17C88] Auto-router pass #340 on board '5220ebbde4260c795c73d3b2bd3f203d' was completed in 0.44 seconds with the score of 467.76 (56 unrouted), using 10153.58 CPU seconds and 182901 MB memory.
2026-09-11 18:04:51.538 INFO   [10FB49\F17C88] Auto-router pass #341 on board '5220ebbde4260c795c73d3b2bd3f203d' was completed in 0.42 seconds with the score of 467.76 (56 unrouted), using 10153.58 CPU seconds and 182901 MB memory.
2026-09-11 18:04:51.962 INFO   [10FB49\F17C88] Auto-router pass #342 on board '5220ebbde4260c795c73d3b2bd3f203d' was completed in 0.42 seconds with the score of 467.76 (56 unrouted), using 10294.62 CPU seconds and 184166 MB memory.
2026-09-11 18:04:52.373 INFO   [10FB49\F17C88] Auto-router pass #343 on board '5220ebbde4260c795c73d3b2bd3f203d' was completed in 0.41 seconds with the score of 467.76 (56 unrouted), using 10294.62 CPU seconds and 184166 MB memory.
2026-09-11 18:04:52.800 INFO   [10FB49\F17C88] Auto-router pass #344 on board '5220ebbde4260c795c73d3b2bd3f203d' was completed in 0.42 seconds with the score of 467.76 (56 unrouted), using 10294.62 CPU seconds and 184166 MB memory.
2026-09-11 18:04:53.213 INFO   [10FB49\F17C88] Auto-router pass #345 on board '5220ebbde4260c795c73d3b2bd3f203d' was completed in 0.41 seconds with the score of 467.76 (56 unrouted), using 10436.63 CPU seconds and 185454 MB memory.
2026-09-11 18:04:53.626 INFO   [10FB49\F17C88] Auto-router pass #346 on board '5220ebbde4260c795c73d3b2bd3f203d' was completed in 0.41 seconds with the score of 467.76 (56 unrouted), using 10436.63 CPU seconds and 185454 MB memory.
2026-09-11 18:04:54.038 INFO   [10FB49\F17C88] Auto-router pass #347 on board '5220ebbde4260c795c73d3b2bd3f203d' was completed in 0.41 seconds with the score of 467.76 (56 unrouted), using 10579.62 CPU seconds and 186741 MB memory.
2026-09-11 18:04:54.464 INFO   [10FB49\F17C88] Auto-router pass #348 on board '5220ebbde4260c795c73d3b2bd3f203d' was completed in 0.42 seconds with the score of 467.76 (56 unrouted), using 10579.62 CPU seconds and 186741 MB memory.
2026-09-11 18:04:54.873 INFO   [10FB49\F17C88] Auto-router pass #349 on board '5220ebbde4260c795c73d3b2bd3f203d' was completed in 0.41 seconds with the score of 467.76 (56 unrouted), using 10579.62 CPU seconds and 186741 MB memory.
2026-09-11 18:04:55.285 INFO   [10FB49\F17C88] Auto-router pass #350 on board '5220ebbde4260c795c73d3b2bd3f203d' was completed in 0.41 seconds with the score of 467.76 (56 unrouted), using 10723.57 CPU seconds and 188036 MB memory.
2026-09-11 18:04:55.694 INFO   [10FB49\F17C88] Auto-router pass #351 on board '5220ebbde4260c795c73d3b2bd3f203d' was completed in 0.41 seconds with the score of 467.76 (56 unrouted), using 10723.57 CPU seconds and 188036 MB memory.
2026-09-11 18:04:56.121 INFO   [10FB49\F17C88] Auto-router pass #352 on board '5220ebbde4260c795c73d3b2bd3f203d' was completed in 0.42 seconds with the score of 467.76 (56 unrouted), using 10868.51 CPU seconds and 189337 MB memory.
2026-09-11 18:04:56.548 INFO   [10FB49\F17C88] Auto-router pass #353 on board '5220ebbde4260c795c73d3b2bd3f203d' was completed in 0.42 seconds with the score of 467.76 (56 unrouted), using 10868.51 CPU seconds and 189337 MB memory.
2026-09-11 18:04:56.957 INFO   [10FB49\F17C88] Auto-router pass #354 on board '5220ebbde4260c795c73d3b2bd3f203d' was completed in 0.41 seconds with the score of 467.76 (56 unrouted), using 11014.41 CPU seconds and 190617 MB memory.
2026-09-11 18:04:57.372 INFO   [10FB49\F17C88] Auto-router pass #355 on board '5220ebbde4260c795c73d3b2bd3f203d' was completed in 0.41 seconds with the score of 467.76 (56 unrouted), using 11014.41 CPU seconds and 190617 MB memory.
2026-09-11 18:04:57.799 INFO   [10FB49\F17C88] Auto-router pass #356 on board '5220ebbde4260c795c73d3b2bd3f203d' was completed in 0.42 seconds with the score of 467.76 (56 unrouted), using 11014.41 CPU seconds and 190617 MB memory.
2026-09-11 18:04:58.220 INFO   [10FB49\F17C88] Auto-router pass #357 on board '5220ebbde4260c795c73d3b2bd3f203d' was completed in 0.42 seconds with the score of 467.76 (56 unrouted), using 11161.29 CPU seconds and 191905 MB memory.
2026-09-11 18:04:58.637 INFO   [10FB49\F17C88] Auto-router pass #358 on board '5220ebbde4260c795c73d3b2bd3f203d' was completed in 0.41 seconds with the score of 467.76 (56 unrouted), using 11161.29 CPU seconds and 191905 MB memory.
2026-09-11 18:04:59.051 INFO   [10FB49\F17C88] Auto-router pass #359 on board '5220ebbde4260c795c73d3b2bd3f203d' was completed in 0.41 seconds with the score of 467.76 (56 unrouted), using 11309.13 CPU seconds and 193181 MB memory.
2026-09-11 18:04:59.482 INFO   [10FB49\F17C88] Auto-router pass #360 on board '5220ebbde4260c795c73d3b2bd3f203d' was completed in 0.43 seconds with the score of 467.76 (56 unrouted), using 11309.13 CPU seconds and 193181 MB memory.
2026-09-11 18:04:59.896 INFO   [10FB49\F17C88] Auto-router pass #361 on board '5220ebbde4260c795c73d3b2bd3f203d' was completed in 0.41 seconds with the score of 467.76 (56 unrouted), using 11309.13 CPU seconds and 193181 MB memory.
2026-09-11 18:05:00.313 INFO   [10FB49\F17C88] Auto-router pass #362 on board '5220ebbde4260c795c73d3b2bd3f203d' was completed in 0.41 seconds with the score of 467.76 (56 unrouted), using 11457.94 CPU seconds and 194463 MB memory.
2026-09-11 18:05:00.726 INFO   [10FB49\F17C88] Auto-router pass #363 on board '5220ebbde4260c795c73d3b2bd3f203d' was completed in 0.41 seconds with the score of 467.76 (56 unrouted), using 11457.94 CPU seconds and 194463 MB memory.
2026-09-11 18:05:01.165 INFO   [10FB49\F17C88] Auto-router pass #364 on board '5220ebbde4260c795c73d3b2bd3f203d' was completed in 0.44 seconds with the score of 467.76 (56 unrouted), using 11607.70 CPU seconds and 195742 MB memory.
2026-09-11 18:05:01.592 INFO   [10FB49\F17C88] Auto-router pass #365 on board '5220ebbde4260c795c73d3b2bd3f203d' was completed in 0.42 seconds with the score of 467.76 (56 unrouted), using 11607.70 CPU seconds and 195742 MB memory.
2026-09-11 18:05:02.010 INFO   [10FB49\F17C88] Auto-router pass #366 on board '5220ebbde4260c795c73d3b2bd3f203d' was completed in 0.42 seconds with the score of 467.76 (56 unrouted), using 11758.43 CPU seconds and 197001 MB memory.
2026-09-11 18:05:02.428 INFO   [10FB49\F17C88] Auto-router pass #367 on board '5220ebbde4260c795c73d3b2bd3f203d' was completed in 0.42 seconds with the score of 467.76 (56 unrouted), using 11758.43 CPU seconds and 197001 MB memory.
2026-09-11 18:05:02.858 INFO   [10FB49\F17C88] Auto-router pass #368 on board '5220ebbde4260c795c73d3b2bd3f203d' was completed in 0.43 seconds with the score of 467.76 (56 unrouted), using 11758.43 CPU seconds and 197001 MB memory.
2026-09-11 18:05:03.279 INFO   [10FB49\F17C88] Auto-router pass #369 on board '5220ebbde4260c795c73d3b2bd3f203d' was completed in 0.42 seconds with the score of 467.76 (56 unrouted), using 11910.13 CPU seconds and 198283 MB memory.
2026-09-11 18:05:03.695 INFO   [10FB49\F17C88] Auto-router pass #370 on board '5220ebbde4260c795c73d3b2bd3f203d' was completed in 0.41 seconds with the score of 467.76 (56 unrouted), using 11910.13 CPU seconds and 198283 MB memory.
2026-09-11 18:05:04.111 INFO   [10FB49\F17C88] Auto-router pass #371 on board '5220ebbde4260c795c73d3b2bd3f203d' was completed in 0.41 seconds with the score of 467.76 (56 unrouted), using 12062.79 CPU seconds and 199555 MB memory.
2026-09-11 18:05:04.544 INFO   [10FB49\F17C88] Auto-router pass #372 on board '5220ebbde4260c795c73d3b2bd3f203d' was completed in 0.43 seconds with the score of 467.76 (56 unrouted), using 12062.79 CPU seconds and 199555 MB memory.
2026-09-11 18:05:04.954 INFO   [10FB49\F17C88] Auto-router pass #373 on board '5220ebbde4260c795c73d3b2bd3f203d' was completed in 0.41 seconds with the score of 467.76 (56 unrouted), using 12216.43 CPU seconds and 200837 MB memory.
2026-09-11 18:05:05.370 INFO   [10FB49\F17C88] Auto-router pass #374 on board '5220ebbde4260c795c73d3b2bd3f203d' was completed in 0.41 seconds with the score of 467.76 (56 unrouted), using 12216.43 CPU seconds and 200837 MB memory.
2026-09-11 18:05:05.787 INFO   [10FB49\F17C88] Auto-router pass #375 on board '5220ebbde4260c795c73d3b2bd3f203d' was completed in 0.41 seconds with the score of 467.76 (56 unrouted), using 12216.43 CPU seconds and 200837 MB memory.
2026-09-11 18:05:06.212 INFO   [10FB49\F17C88] Auto-router pass #376 on board '5220ebbde4260c795c73d3b2bd3f203d' was completed in 0.42 seconds with the score of 467.76 (56 unrouted), using 12371.04 CPU seconds and 202123 MB memory.
2026-09-11 18:05:06.631 INFO   [10FB49\F17C88] Auto-router pass #377 on board '5220ebbde4260c795c73d3b2bd3f203d' was completed in 0.42 seconds with the score of 467.76 (56 unrouted), using 12371.04 CPU seconds and 202123 MB memory.
2026-09-11 18:05:07.044 INFO   [10FB49\F17C88] Auto-router pass #378 on board '5220ebbde4260c795c73d3b2bd3f203d' was completed in 0.41 seconds with the score of 467.76 (56 unrouted), using 12526.63 CPU seconds and 203409 MB memory.
2026-09-11 18:05:07.453 INFO   [10FB49\F17C88] Auto-router pass #379 on board '5220ebbde4260c795c73d3b2bd3f203d' was completed in 0.41 seconds with the score of 467.76 (56 unrouted), using 12526.63 CPU seconds and 203409 MB memory.
2026-09-11 18:05:07.886 INFO   [10FB49\F17C88] Auto-router pass #380 on board '5220ebbde4260c795c73d3b2bd3f203d' was completed in 0.43 seconds with the score of 467.76 (56 unrouted), using 12526.63 CPU seconds and 203409 MB memory.
2026-09-11 18:05:08.304 INFO   [10FB49\F17C88] Auto-router pass #381 on board '5220ebbde4260c795c73d3b2bd3f203d' was completed in 0.42 seconds with the score of 467.76 (56 unrouted), using 12683.19 CPU seconds and 204697 MB memory.
2026-09-11 18:05:08.718 INFO   [10FB49\F17C88] Auto-router pass #382 on board '5220ebbde4260c795c73d3b2bd3f203d' was completed in 0.41 seconds with the score of 467.76 (56 unrouted), using 12683.19 CPU seconds and 204697 MB memory.
2026-09-11 18:05:09.127 INFO   [10FB49\F17C88] Auto-router pass #383 on board '5220ebbde4260c795c73d3b2bd3f203d' was completed in 0.41 seconds with the score of 467.76 (56 unrouted), using 12840.73 CPU seconds and 205978 MB memory.
2026-09-11 18:05:09.554 INFO   [10FB49\F17C88] Auto-router pass #384 on board '5220ebbde4260c795c73d3b2bd3f203d' was completed in 0.42 seconds with the score of 467.76 (56 unrouted), using 12840.73 CPU seconds and 205978 MB memory.
2026-09-11 18:05:09.966 INFO   [10FB49\F17C88] Auto-router pass #385 on board '5220ebbde4260c795c73d3b2bd3f203d' was completed in 0.41 seconds with the score of 467.76 (56 unrouted), using 12999.24 CPU seconds and 207273 MB memory.
2026-09-11 18:05:10.378 INFO   [10FB49\F17C88] Auto-router pass #386 on board '5220ebbde4260c795c73d3b2bd3f203d' was completed in 0.41 seconds with the score of 467.76 (56 unrouted), using 12999.24 CPU seconds and 207273 MB memory.
2026-09-11 18:05:10.790 INFO   [10FB49\F17C88] Auto-router pass #387 on board '5220ebbde4260c795c73d3b2bd3f203d' was completed in 0.41 seconds with the score of 467.76 (56 unrouted), using 12999.24 CPU seconds and 207273 MB memory.
2026-09-11 18:05:11.220 INFO   [10FB49\F17C88] Auto-router pass #388 on board '5220ebbde4260c795c73d3b2bd3f203d' was completed in 0.43 seconds with the score of 467.76 (56 unrouted), using 13158.74 CPU seconds and 208566 MB memory.
2026-09-11 18:05:11.631 INFO   [10FB49\F17C88] Auto-router pass #389 on board '5220ebbde4260c795c73d3b2bd3f203d' was completed in 0.41 seconds with the score of 467.76 (56 unrouted), using 13158.74 CPU seconds and 208566 MB memory.
2026-09-11 18:05:12.041 INFO   [10FB49\F17C88] Auto-router pass #390 on board '5220ebbde4260c795c73d3b2bd3f203d' was completed in 0.41 seconds with the score of 467.76 (56 unrouted), using 13319.21 CPU seconds and 209864 MB memory.
2026-09-11 18:05:12.458 INFO   [10FB49\F17C88] Auto-router pass #391 on board '5220ebbde4260c795c73d3b2bd3f203d' was completed in 0.41 seconds with the score of 467.76 (56 unrouted), using 13319.21 CPU seconds and 209864 MB memory.
2026-09-11 18:05:12.888 INFO   [10FB49\F17C88] Auto-router pass #392 on board '5220ebbde4260c795c73d3b2bd3f203d' was completed in 0.43 seconds with the score of 467.76 (56 unrouted), using 13319.21 CPU seconds and 209864 MB memory.
2026-09-11 18:05:13.297 INFO   [10FB49\F17C88] Auto-router pass #393 on board '5220ebbde4260c795c73d3b2bd3f203d' was completed in 0.41 seconds with the score of 467.76 (56 unrouted), using 13480.65 CPU seconds and 211146 MB memory.
2026-09-11 18:05:13.718 INFO   [10FB49\F17C88] Auto-router pass #394 on board '5220ebbde4260c795c73d3b2bd3f203d' was completed in 0.42 seconds with the score of 467.76 (56 unrouted), using 13480.65 CPU seconds and 211146 MB memory.
2026-09-11 18:05:14.135 INFO   [10FB49\F17C88] Auto-router pass #395 on board '5220ebbde4260c795c73d3b2bd3f203d' was completed in 0.41 seconds with the score of 467.76 (56 unrouted), using 13643.06 CPU seconds and 212424 MB memory.
2026-09-11 18:05:14.572 INFO   [10FB49\F17C88] Auto-router pass #396 on board '5220ebbde4260c795c73d3b2bd3f203d' was completed in 0.43 seconds with the score of 467.76 (56 unrouted), using 13643.06 CPU seconds and 212424 MB memory.
2026-09-11 18:05:14.986 INFO   [10FB49\F17C88] Auto-router pass #397 on board '5220ebbde4260c795c73d3b2bd3f203d' was completed in 0.41 seconds with the score of 467.76 (56 unrouted), using 13806.45 CPU seconds and 213698 MB memory.
2026-09-11 18:05:15.402 INFO   [10FB49\F17C88] Auto-router pass #398 on board '5220ebbde4260c795c73d3b2bd3f203d' was completed in 0.41 seconds with the score of 467.76 (56 unrouted), using 13806.45 CPU seconds and 213698 MB memory.
2026-09-11 18:05:15.817 INFO   [10FB49\F17C88] Auto-router pass #399 on board '5220ebbde4260c795c73d3b2bd3f203d' was completed in 0.41 seconds with the score of 467.76 (56 unrouted), using 13806.45 CPU seconds and 213698 MB memory.
2026-09-11 18:05:16.249 INFO   [10FB49\F17C88] Auto-router pass #400 on board '5220ebbde4260c795c73d3b2bd3f203d' was completed in 0.43 seconds with the score of 467.76 (56 unrouted), using 13970.81 CPU seconds and 214981 MB memory.
2026-09-11 18:05:16.661 INFO   [10FB49\F17C88] Auto-router pass #401 on board '5220ebbde4260c795c73d3b2bd3f203d' was completed in 0.41 seconds with the score of 467.76 (56 unrouted), using 13970.81 CPU seconds and 214981 MB memory.
2026-09-11 18:05:17.070 INFO   [10FB49\F17C88] Auto-router pass #402 on board '5220ebbde4260c795c73d3b2bd3f203d' was completed in 0.41 seconds with the score of 467.76 (56 unrouted), using 14136.14 CPU seconds and 216272 MB memory.
2026-09-11 18:05:17.485 INFO   [10FB49\F17C88] Auto-router pass #403 on board '5220ebbde4260c795c73d3b2bd3f203d' was completed in 0.41 seconds with the score of 467.76 (56 unrouted), using 14136.14 CPU seconds and 216272 MB memory.
2026-09-11 18:05:17.925 INFO   [10FB49\F17C88] Auto-router pass #404 on board '5220ebbde4260c795c73d3b2bd3f203d' was completed in 0.44 seconds with the score of 467.76 (56 unrouted), using 14302.45 CPU seconds and 217547 MB memory.
2026-09-11 18:05:18.337 INFO   [10FB49\F17C88] Auto-router pass #405 on board '5220ebbde4260c795c73d3b2bd3f203d' was completed in 0.41 seconds with the score of 467.76 (56 unrouted), using 14302.45 CPU seconds and 217547 MB memory.
2026-09-11 18:05:18.751 INFO   [10FB49\F17C88] Auto-router pass #406 on board '5220ebbde4260c795c73d3b2bd3f203d' was completed in 0.41 seconds with the score of 467.76 (56 unrouted), using 14302.45 CPU seconds and 217547 MB memory.
2026-09-11 18:05:19.166 INFO   [10FB49\F17C88] Auto-router pass #407 on board '5220ebbde4260c795c73d3b2bd3f203d' was completed in 0.41 seconds with the score of 467.76 (56 unrouted), using 14469.73 CPU seconds and 218833 MB memory.
2026-09-11 18:05:19.598 INFO   [10FB49\F17C88] Auto-router pass #408 on board '5220ebbde4260c795c73d3b2bd3f203d' was completed in 0.43 seconds with the score of 467.76 (56 unrouted), using 14469.73 CPU seconds and 218833 MB memory.
2026-09-11 18:05:20.006 INFO   [10FB49\F17C88] Auto-router pass #409 on board '5220ebbde4260c795c73d3b2bd3f203d' was completed in 0.41 seconds with the score of 467.76 (56 unrouted), using 14637.99 CPU seconds and 220125 MB memory.
2026-09-11 18:05:20.420 INFO   [10FB49\F17C88] Auto-router pass #410 on board '5220ebbde4260c795c73d3b2bd3f203d' was completed in 0.41 seconds with the score of 467.76 (56 unrouted), using 14637.99 CPU seconds and 220125 MB memory.
2026-09-11 18:05:20.833 INFO   [10FB49\F17C88] Auto-router pass #411 on board '5220ebbde4260c795c73d3b2bd3f203d' was completed in 0.41 seconds with the score of 467.76 (56 unrouted), using 14637.99 CPU seconds and 220125 MB memory.
2026-09-11 18:05:21.268 INFO   [10FB49\F17C88] Auto-router pass #412 on board '5220ebbde4260c795c73d3b2bd3f203d' was completed in 0.43 seconds with the score of 467.76 (56 unrouted), using 14807.22 CPU seconds and 221412 MB memory.
2026-09-11 18:05:21.688 INFO   [10FB49\F17C88] Auto-router pass #413 on board '5220ebbde4260c795c73d3b2bd3f203d' was completed in 0.42 seconds with the score of 467.76 (56 unrouted), using 14807.22 CPU seconds and 221412 MB memory.
2026-09-11 18:05:22.106 INFO   [10FB49\F17C88] Auto-router pass #414 on board '5220ebbde4260c795c73d3b2bd3f203d' was completed in 0.42 seconds with the score of 467.76 (56 unrouted), using 14977.43 CPU seconds and 222686 MB memory.
2026-09-11 18:05:22.534 INFO   [10FB49\F17C88] Auto-router pass #415 on board '5220ebbde4260c795c73d3b2bd3f203d' was completed in 0.42 seconds with the score of 467.76 (56 unrouted), using 14977.43 CPU seconds and 222686 MB memory.
2026-09-11 18:05:22.966 INFO   [10FB49\F17C88] Auto-router pass #416 on board '5220ebbde4260c795c73d3b2bd3f203d' was completed in 0.43 seconds with the score of 467.76 (56 unrouted), using 15148.59 CPU seconds and 223944 MB memory.
2026-09-11 18:05:23.385 INFO   [10FB49\F17C88] Auto-router pass #417 on board '5220ebbde4260c795c73d3b2bd3f203d' was completed in 0.42 seconds with the score of 467.76 (56 unrouted), using 15148.59 CPU seconds and 223944 MB memory.
2026-09-11 18:05:23.800 INFO   [10FB49\F17C88] Auto-router pass #418 on board '5220ebbde4260c795c73d3b2bd3f203d' was completed in 0.41 seconds with the score of 467.76 (56 unrouted), using 15148.59 CPU seconds and 223944 MB memory.
2026-09-11 18:05:24.213 INFO   [10FB49\F17C88] Auto-router pass #419 on board '5220ebbde4260c795c73d3b2bd3f203d' was completed in 0.41 seconds with the score of 467.76 (56 unrouted), using 15320.73 CPU seconds and 225227 MB memory.
2026-09-11 18:05:24.641 INFO   [10FB49\F17C88] Auto-router pass #420 on board '5220ebbde4260c795c73d3b2bd3f203d' was completed in 0.43 seconds with the score of 467.76 (56 unrouted), using 15320.73 CPU seconds and 225227 MB memory.
2026-09-11 18:05:25.045 INFO   [10FB49\F17C88] Auto-router pass #421 on board '5220ebbde4260c795c73d3b2bd3f203d' was completed in 0.40 seconds with the score of 467.76 (56 unrouted), using 15493.85 CPU seconds and 226521 MB memory.
2026-09-11 18:05:25.462 INFO   [10FB49\F17C88] Auto-router pass #422 on board '5220ebbde4260c795c73d3b2bd3f203d' was completed in 0.41 seconds with the score of 467.76 (56 unrouted), using 15493.85 CPU seconds and 226521 MB memory.
2026-09-11 18:05:25.884 INFO   [10FB49\F17C88] Auto-router pass #423 on board '5220ebbde4260c795c73d3b2bd3f203d' was completed in 0.42 seconds with the score of 467.76 (56 unrouted), using 15493.85 CPU seconds and 226521 MB memory.
2026-09-11 18:05:26.314 INFO   [10FB49\F17C88] Auto-router pass #424 on board '5220ebbde4260c795c73d3b2bd3f203d' was completed in 0.43 seconds with the score of 467.76 (56 unrouted), using 15667.94 CPU seconds and 227800 MB memory.
2026-09-11 18:05:26.727 INFO   [10FB49\F17C88] Auto-router pass #425 on board '5220ebbde4260c795c73d3b2bd3f203d' was completed in 0.41 seconds with the score of 467.76 (56 unrouted), using 15667.94 CPU seconds and 227800 MB memory.
2026-09-11 18:05:27.138 INFO   [10FB49\F17C88] Auto-router pass #426 on board '5220ebbde4260c795c73d3b2bd3f203d' was completed in 0.41 seconds with the score of 467.76 (56 unrouted), using 15843.00 CPU seconds and 229087 MB memory.
2026-09-11 18:05:27.558 INFO   [10FB49\F17C88] Auto-router pass #427 on board '5220ebbde4260c795c73d3b2bd3f203d' was completed in 0.42 seconds with the score of 467.76 (56 unrouted), using 15843.00 CPU seconds and 229087 MB memory.
2026-09-11 18:05:27.989 INFO   [10FB49\F17C88] Auto-router pass #428 on board '5220ebbde4260c795c73d3b2bd3f203d' was completed in 0.43 seconds with the score of 467.76 (56 unrouted), using 16019.03 CPU seconds and 230369 MB memory.
2026-09-11 18:05:28.403 INFO   [10FB49\F17C88] Auto-router pass #429 on board '5220ebbde4260c795c73d3b2bd3f203d' was completed in 0.41 seconds with the score of 467.76 (56 unrouted), using 16019.03 CPU seconds and 230369 MB memory.
2026-09-11 18:05:28.819 INFO   [10FB49\F17C88] Auto-router pass #430 on board '5220ebbde4260c795c73d3b2bd3f203d' was completed in 0.41 seconds with the score of 467.76 (56 unrouted), using 16019.03 CPU seconds and 230369 MB memory.
2026-09-11 18:05:29.236 INFO   [10FB49\F17C88] Auto-router pass #431 on board '5220ebbde4260c795c73d3b2bd3f203d' was completed in 0.42 seconds with the score of 467.76 (56 unrouted), using 16196.04 CPU seconds and 231648 MB memory.
2026-09-11 18:05:29.674 INFO   [10FB49\F17C88] Auto-router pass #432 on board '5220ebbde4260c795c73d3b2bd3f203d' was completed in 0.44 seconds with the score of 467.76 (56 unrouted), using 16196.04 CPU seconds and 231648 MB memory.
2026-09-11 18:05:30.091 INFO   [10FB49\F17C88] Auto-router pass #433 on board '5220ebbde4260c795c73d3b2bd3f203d' was completed in 0.41 seconds with the score of 467.76 (56 unrouted), using 16374.03 CPU seconds and 232921 MB memory.
2026-09-11 18:05:30.500 INFO   [10FB49\F17C88] Auto-router pass #434 on board '5220ebbde4260c795c73d3b2bd3f203d' was completed in 0.41 seconds with the score of 467.76 (56 unrouted), using 16374.03 CPU seconds and 232921 MB memory.
2026-09-11 18:05:30.916 INFO   [10FB49\F17C88] Auto-router pass #435 on board '5220ebbde4260c795c73d3b2bd3f203d' was completed in 0.41 seconds with the score of 467.76 (56 unrouted), using 16552.99 CPU seconds and 234207 MB memory.
2026-09-11 18:05:31.351 INFO   [10FB49\F17C88] Auto-router pass #436 on board '5220ebbde4260c795c73d3b2bd3f203d' was completed in 0.43 seconds with the score of 467.76 (56 unrouted), using 16552.99 CPU seconds and 234207 MB memory.
2026-09-11 18:05:31.772 INFO   [10FB49\F17C88] Auto-router pass #437 on board '5220ebbde4260c795c73d3b2bd3f203d' was completed in 0.42 seconds with the score of 467.76 (56 unrouted), using 16552.99 CPU seconds and 234207 MB memory.
2026-09-11 18:05:32.191 INFO   [10FB49\F17C88] Auto-router pass #438 on board '5220ebbde4260c795c73d3b2bd3f203d' was completed in 0.42 seconds with the score of 467.76 (56 unrouted), using 16732.92 CPU seconds and 235481 MB memory.
2026-09-11 18:05:32.615 INFO   [10FB49\F17C88] Auto-router pass #439 on board '5220ebbde4260c795c73d3b2bd3f203d' was completed in 0.42 seconds with the score of 467.76 (56 unrouted), using 16732.92 CPU seconds and 235481 MB memory.
2026-09-11 18:05:33.050 INFO   [10FB49\F17C88] Auto-router pass #440 on board '5220ebbde4260c795c73d3b2bd3f203d' was completed in 0.43 seconds with the score of 467.76 (56 unrouted), using 16913.81 CPU seconds and 236743 MB memory.
2026-09-11 18:05:33.469 INFO   [10FB49\F17C88] Auto-router pass #441 on board '5220ebbde4260c795c73d3b2bd3f203d' was completed in 0.42 seconds with the score of 467.76 (56 unrouted), using 16913.81 CPU seconds and 236743 MB memory.
2026-09-11 18:05:33.880 INFO   [10FB49\F17C88] Auto-router pass #442 on board '5220ebbde4260c795c73d3b2bd3f203d' was completed in 0.41 seconds with the score of 467.76 (56 unrouted), using 16913.81 CPU seconds and 236743 MB memory.
2026-09-11 18:05:34.288 INFO   [10FB49\F17C88] Auto-router pass #443 on board '5220ebbde4260c795c73d3b2bd3f203d' was completed in 0.41 seconds with the score of 467.76 (56 unrouted), using 17095.69 CPU seconds and 238026 MB memory.
2026-09-11 18:05:34.712 INFO   [10FB49\F17C88] Auto-router pass #444 on board '5220ebbde4260c795c73d3b2bd3f203d' was completed in 0.42 seconds with the score of 467.76 (56 unrouted), using 17095.69 CPU seconds and 238026 MB memory.
2026-09-11 18:05:35.122 INFO   [10FB49\F17C88] Auto-router pass #445 on board '5220ebbde4260c795c73d3b2bd3f203d' was completed in 0.41 seconds with the score of 467.76 (56 unrouted), using 17278.54 CPU seconds and 239328 MB memory.
2026-09-11 18:05:35.528 INFO   [10FB49\F17C88] Auto-router pass #446 on board '5220ebbde4260c795c73d3b2bd3f203d' was completed in 0.40 seconds with the score of 467.76 (56 unrouted), using 17278.54 CPU seconds and 239328 MB memory.
2026-09-11 18:05:35.944 INFO   [10FB49\F17C88] Auto-router pass #447 on board '5220ebbde4260c795c73d3b2bd3f203d' was completed in 0.41 seconds with the score of 467.76 (56 unrouted), using 17462.37 CPU seconds and 240627 MB memory.
2026-09-11 18:05:36.382 INFO   [10FB49\F17C88] Auto-router pass #448 on board '5220ebbde4260c795c73d3b2bd3f203d' was completed in 0.44 seconds with the score of 467.76 (56 unrouted), using 17462.37 CPU seconds and 240627 MB memory.
2026-09-11 18:05:36.805 INFO   [10FB49\F17C88] Auto-router pass #449 on board '5220ebbde4260c795c73d3b2bd3f203d' was completed in 0.42 seconds with the score of 467.76 (56 unrouted), using 17462.37 CPU seconds and 240627 MB memory.
2026-09-11 18:05:37.225 INFO   [10FB49\F17C88] Auto-router pass #450 on board '5220ebbde4260c795c73d3b2bd3f203d' was completed in 0.42 seconds with the score of 467.76 (56 unrouted), using 17647.17 CPU seconds and 241889 MB memory.
2026-09-11 18:05:37.649 INFO   [10FB49\F17C88] Auto-router pass #451 on board '5220ebbde4260c795c73d3b2bd3f203d' was completed in 0.42 seconds with the score of 467.76 (56 unrouted), using 17647.17 CPU seconds and 241889 MB memory.
2026-09-11 18:05:38.086 INFO   [10FB49\F17C88] Auto-router pass #452 on board '5220ebbde4260c795c73d3b2bd3f203d' was completed in 0.43 seconds with the score of 467.76 (56 unrouted), using 17832.94 CPU seconds and 243147 MB memory.
2026-09-11 18:05:38.505 INFO   [10FB49\F17C88] Auto-router pass #453 on board '5220ebbde4260c795c73d3b2bd3f203d' was completed in 0.42 seconds with the score of 467.76 (56 unrouted), using 17832.94 CPU seconds and 243147 MB memory.
2026-09-11 18:05:38.918 INFO   [10FB49\F17C88] Auto-router pass #454 on board '5220ebbde4260c795c73d3b2bd3f203d' was completed in 0.41 seconds with the score of 467.76 (56 unrouted), using 18019.69 CPU seconds and 244427 MB memory.
2026-09-11 18:05:39.329 INFO   [10FB49\F17C88] Auto-router pass #455 on board '5220ebbde4260c795c73d3b2bd3f203d' was completed in 0.41 seconds with the score of 467.76 (56 unrouted), using 18019.69 CPU seconds and 244427 MB memory.
2026-09-11 18:05:39.763 INFO   [10FB49\F17C88] Auto-router pass #456 on board '5220ebbde4260c795c73d3b2bd3f203d' was completed in 0.43 seconds with the score of 467.76 (56 unrouted), using 18019.69 CPU seconds and 244427 MB memory.
2026-09-11 18:05:40.182 INFO   [10FB49\F17C88] Auto-router pass #457 on board '5220ebbde4260c795c73d3b2bd3f203d' was completed in 0.42 seconds with the score of 467.76 (56 unrouted), using 18207.41 CPU seconds and 245708 MB memory.
2026-09-11 18:05:40.596 INFO   [10FB49\F17C88] Auto-router pass #458 on board '5220ebbde4260c795c73d3b2bd3f203d' was completed in 0.41 seconds with the score of 467.76 (56 unrouted), using 18207.41 CPU seconds and 245708 MB memory.
2026-09-11 18:05:41.017 INFO   [10FB49\F17C88] Auto-router pass #459 on board '5220ebbde4260c795c73d3b2bd3f203d' was completed in 0.42 seconds with the score of 467.76 (56 unrouted), using 18396.10 CPU seconds and 246985 MB memory.
2026-09-11 18:05:41.453 INFO   [10FB49\F17C88] Auto-router pass #460 on board '5220ebbde4260c795c73d3b2bd3f203d' was completed in 0.43 seconds with the score of 467.76 (56 unrouted), using 18396.10 CPU seconds and 246985 MB memory.
2026-09-11 18:05:41.874 INFO   [10FB49\F17C88] Auto-router pass #461 on board '5220ebbde4260c795c73d3b2bd3f203d' was completed in 0.42 seconds with the score of 467.76 (56 unrouted), using 18396.10 CPU seconds and 246985 MB memory.
2026-09-11 18:05:42.292 INFO   [10FB49\F17C88] Auto-router pass #462 on board '5220ebbde4260c795c73d3b2bd3f203d' was completed in 0.42 seconds with the score of 467.76 (56 unrouted), using 18585.76 CPU seconds and 248252 MB memory.
2026-09-11 18:05:42.715 INFO   [10FB49\F17C88] Auto-router pass #463 on board '5220ebbde4260c795c73d3b2bd3f203d' was completed in 0.42 seconds with the score of 467.76 (56 unrouted), using 18585.76 CPU seconds and 248252 MB memory.
2026-09-11 18:05:43.150 INFO   [10FB49\F17C88] Auto-router pass #464 on board '5220ebbde4260c795c73d3b2bd3f203d' was completed in 0.43 seconds with the score of 467.76 (56 unrouted), using 18776.39 CPU seconds and 249519 MB memory.
2026-09-11 18:05:43.570 INFO   [10FB49\F17C88] Auto-router pass #465 on board '5220ebbde4260c795c73d3b2bd3f203d' was completed in 0.42 seconds with the score of 467.76 (56 unrouted), using 18776.39 CPU seconds and 249519 MB memory.
2026-09-11 18:05:43.989 INFO   [10FB49\F17C88] Auto-router pass #466 on board '5220ebbde4260c795c73d3b2bd3f203d' was completed in 0.42 seconds with the score of 467.76 (56 unrouted), using 18967.98 CPU seconds and 250788 MB memory.
2026-09-11 18:05:44.401 INFO   [10FB49\F17C88] Auto-router pass #467 on board '5220ebbde4260c795c73d3b2bd3f203d' was completed in 0.41 seconds with the score of 467.76 (56 unrouted), using 18967.98 CPU seconds and 250788 MB memory.
2026-09-11 18:05:44.838 INFO   [10FB49\F17C88] Auto-router pass #468 on board '5220ebbde4260c795c73d3b2bd3f203d' was completed in 0.43 seconds with the score of 467.76 (56 unrouted), using 18967.98 CPU seconds and 250788 MB memory.
2026-09-11 18:05:45.258 INFO   [10FB49\F17C88] Auto-router pass #469 on board '5220ebbde4260c795c73d3b2bd3f203d' was completed in 0.42 seconds with the score of 467.76 (56 unrouted), using 19160.55 CPU seconds and 252066 MB memory.
2026-09-11 18:05:45.676 INFO   [10FB49\F17C88] Auto-router pass #470 on board '5220ebbde4260c795c73d3b2bd3f203d' was completed in 0.41 seconds with the score of 467.76 (56 unrouted), using 19160.55 CPU seconds and 252066 MB memory.
2026-09-11 18:05:46.097 INFO   [10FB49\F17C88] Auto-router pass #471 on board '5220ebbde4260c795c73d3b2bd3f203d' was completed in 0.42 seconds with the score of 467.76 (56 unrouted), using 19354.09 CPU seconds and 253335 MB memory.
2026-09-11 18:05:46.526 INFO   [10FB49\F17C88] Auto-router pass #472 on board '5220ebbde4260c795c73d3b2bd3f203d' was completed in 0.43 seconds with the score of 467.76 (56 unrouted), using 19354.09 CPU seconds and 253335 MB memory.
2026-09-11 18:05:46.944 INFO   [10FB49\F17C88] Auto-router pass #473 on board '5220ebbde4260c795c73d3b2bd3f203d' was completed in 0.42 seconds with the score of 467.76 (56 unrouted), using 19548.61 CPU seconds and 254615 MB memory.
2026-09-11 18:05:47.359 INFO   [10FB49\F17C88] Auto-router pass #474 on board '5220ebbde4260c795c73d3b2bd3f203d' was completed in 0.41 seconds with the score of 467.76 (56 unrouted), using 19548.61 CPU seconds and 254615 MB memory.
2026-09-11 18:05:47.781 INFO   [10FB49\F17C88] Auto-router pass #475 on board '5220ebbde4260c795c73d3b2bd3f203d' was completed in 0.42 seconds with the score of 467.76 (56 unrouted), using 19548.61 CPU seconds and 254615 MB memory.
2026-09-11 18:05:48.215 INFO   [10FB49\F17C88] Auto-router pass #476 on board '5220ebbde4260c795c73d3b2bd3f203d' was completed in 0.43 seconds with the score of 467.76 (56 unrouted), using 19744.09 CPU seconds and 255888 MB memory.
2026-09-11 18:05:48.634 INFO   [10FB49\F17C88] Auto-router pass #477 on board '5220ebbde4260c795c73d3b2bd3f203d' was completed in 0.42 seconds with the score of 467.76 (56 unrouted), using 19744.09 CPU seconds and 255888 MB memory.
2026-09-11 18:05:49.048 INFO   [10FB49\F17C88] Auto-router pass #478 on board '5220ebbde4260c795c73d3b2bd3f203d' was completed in 0.41 seconds with the score of 467.76 (56 unrouted), using 19940.55 CPU seconds and 257162 MB memory.
2026-09-11 18:05:49.471 INFO   [10FB49\F17C88] Auto-router pass #479 on board '5220ebbde4260c795c73d3b2bd3f203d' was completed in 0.42 seconds with the score of 467.76 (56 unrouted), using 19940.55 CPU seconds and 257162 MB memory.
2026-09-11 18:05:49.904 INFO   [10FB49\F17C88] Auto-router pass #480 on board '5220ebbde4260c795c73d3b2bd3f203d' was completed in 0.43 seconds with the score of 467.76 (56 unrouted), using 19940.55 CPU seconds and 257162 MB memory.
2026-09-11 18:05:50.309 INFO   [10FB49\F17C88] Auto-router pass #481 on board '5220ebbde4260c795c73d3b2bd3f203d' was completed in 0.40 seconds with the score of 467.76 (56 unrouted), using 20137.98 CPU seconds and 258435 MB memory.
2026-09-11 18:05:50.719 INFO   [10FB49\F17C88] Auto-router pass #482 on board '5220ebbde4260c795c73d3b2bd3f203d' was completed in 0.41 seconds with the score of 467.76 (56 unrouted), using 20137.98 CPU seconds and 258435 MB memory.
2026-09-11 18:05:51.136 INFO   [10FB49\F17C88] Auto-router pass #483 on board '5220ebbde4260c795c73d3b2bd3f203d' was completed in 0.41 seconds with the score of 467.76 (56 unrouted), using 20336.39 CPU seconds and 259731 MB memory.
2026-09-11 18:05:51.566 INFO   [10FB49\F17C88] Auto-router pass #484 on board '5220ebbde4260c795c73d3b2bd3f203d' was completed in 0.43 seconds with the score of 467.76 (56 unrouted), using 20336.39 CPU seconds and 259731 MB memory.
2026-09-11 18:05:51.984 INFO   [10FB49\F17C88] Auto-router pass #485 on board '5220ebbde4260c795c73d3b2bd3f203d' was completed in 0.42 seconds with the score of 467.76 (56 unrouted), using 20535.77 CPU seconds and 261010 MB memory.
2026-09-11 18:05:52.392 INFO   [10FB49\F17C88] Auto-router pass #486 on board '5220ebbde4260c795c73d3b2bd3f203d' was completed in 0.41 seconds with the score of 467.76 (56 unrouted), using 20535.77 CPU seconds and 261010 MB memory.
2026-09-11 18:05:52.805 INFO   [10FB49\F17C88] Auto-router pass #487 on board '5220ebbde4260c795c73d3b2bd3f203d' was completed in 0.41 seconds with the score of 467.76 (56 unrouted), using 20535.77 CPU seconds and 261010 MB memory.
2026-09-11 18:05:53.234 INFO   [10FB49\F17C88] Auto-router pass #488 on board '5220ebbde4260c795c73d3b2bd3f203d' was completed in 0.43 seconds with the score of 467.76 (56 unrouted), using 20736.14 CPU seconds and 262310 MB memory.
2026-09-11 18:05:53.654 INFO   [10FB49\F17C88] Auto-router pass #489 on board '5220ebbde4260c795c73d3b2bd3f203d' was completed in 0.42 seconds with the score of 467.76 (56 unrouted), using 20736.14 CPU seconds and 262310 MB memory.
2026-09-11 18:05:54.068 INFO   [10FB49\F17C88] Auto-router pass #490 on board '5220ebbde4260c795c73d3b2bd3f203d' was completed in 0.41 seconds with the score of 467.76 (56 unrouted), using 20937.47 CPU seconds and 263583 MB memory.
2026-09-11 18:05:54.487 INFO   [10FB49\F17C88] Auto-router pass #491 on board '5220ebbde4260c795c73d3b2bd3f203d' was completed in 0.42 seconds with the score of 467.76 (56 unrouted), using 20937.47 CPU seconds and 263583 MB memory.
2026-09-11 18:05:54.917 INFO   [10FB49\F17C88] Auto-router pass #492 on board '5220ebbde4260c795c73d3b2bd3f203d' was completed in 0.43 seconds with the score of 467.76 (56 unrouted), using 20937.47 CPU seconds and 263583 MB memory.
2026-09-11 18:05:55.338 INFO   [10FB49\F17C88] Auto-router pass #493 on board '5220ebbde4260c795c73d3b2bd3f203d' was completed in 0.42 seconds with the score of 467.76 (56 unrouted), using 21139.79 CPU seconds and 264865 MB memory.
2026-09-11 18:05:55.757 INFO   [10FB49\F17C88] Auto-router pass #494 on board '5220ebbde4260c795c73d3b2bd3f203d' was completed in 0.42 seconds with the score of 467.76 (56 unrouted), using 21139.79 CPU seconds and 264865 MB memory.
2026-09-11 18:05:56.178 INFO   [10FB49\F17C88] Auto-router pass #495 on board '5220ebbde4260c795c73d3b2bd3f203d' was completed in 0.42 seconds with the score of 467.76 (56 unrouted), using 21343.07 CPU seconds and 266132 MB memory.
2026-09-11 18:05:56.621 INFO   [10FB49\F17C88] Auto-router pass #496 on board '5220ebbde4260c795c73d3b2bd3f203d' was completed in 0.44 seconds with the score of 467.76 (56 unrouted), using 21343.07 CPU seconds and 266132 MB memory.
2026-09-11 18:05:57.042 INFO   [10FB49\F17C88] Auto-router pass #497 on board '5220ebbde4260c795c73d3b2bd3f203d' was completed in 0.42 seconds with the score of 467.76 (56 unrouted), using 21547.32 CPU seconds and 267390 MB memory.
2026-09-11 18:05:57.459 INFO   [10FB49\F17C88] Auto-router pass #498 on board '5220ebbde4260c795c73d3b2bd3f203d' was completed in 0.41 seconds with the score of 467.76 (56 unrouted), using 21547.32 CPU seconds and 267390 MB memory.
2026-09-11 18:05:57.880 INFO   [10FB49\F17C88] Auto-router pass #499 on board '5220ebbde4260c795c73d3b2bd3f203d' was completed in 0.42 seconds with the score of 467.76 (56 unrouted), using 21547.32 CPU seconds and 267390 MB memory.
2026-09-11 18:05:58.320 INFO   [10FB49\F17C88] Auto-router pass #500 on board '5220ebbde4260c795c73d3b2bd3f203d' was completed in 0.44 seconds with the score of 467.76 (56 unrouted), using 21752.54 CPU seconds and 268663 MB memory.
2026-09-11 18:05:58.733 INFO   [10FB49\F17C88] Auto-router pass #501 on board '5220ebbde4260c795c73d3b2bd3f203d' was completed in 0.41 seconds with the score of 467.76 (56 unrouted), using 21752.54 CPU seconds and 268663 MB memory.
2026-09-11 18:05:59.146 INFO   [10FB49\F17C88] Auto-router pass #502 on board '5220ebbde4260c795c73d3b2bd3f203d' was completed in 0.41 seconds with the score of 467.76 (56 unrouted), using 21958.73 CPU seconds and 269937 MB memory.
2026-09-11 18:05:59.565 INFO   [10FB49\F17C88] Auto-router pass #503 on board '5220ebbde4260c795c73d3b2bd3f203d' was completed in 0.42 seconds with the score of 467.76 (56 unrouted), using 21958.73 CPU seconds and 269937 MB memory.
2026-09-11 18:06:00.000 INFO   [10FB49\F17C88] Auto-router pass #504 on board '5220ebbde4260c795c73d3b2bd3f203d' was completed in 0.43 seconds with the score of 467.76 (56 unrouted), using 22165.90 CPU seconds and 271212 MB memory.
2026-09-11 18:06:00.413 INFO   [10FB49\F17C88] Auto-router pass #505 on board '5220ebbde4260c795c73d3b2bd3f203d' was completed in 0.41 seconds with the score of 467.76 (56 unrouted), using 22165.90 CPU seconds and 271212 MB memory.
2026-09-11 18:06:00.837 INFO   [10FB49\F17C88] Auto-router pass #506 on board '5220ebbde4260c795c73d3b2bd3f203d' was completed in 0.42 seconds with the score of 467.76 (56 unrouted), using 22165.90 CPU seconds and 271212 MB memory.
2026-09-11 18:06:01.254 INFO   [10FB49\F17C88] Auto-router pass #507 on board '5220ebbde4260c795c73d3b2bd3f203d' was completed in 0.41 seconds with the score of 467.76 (56 unrouted), using 22374.04 CPU seconds and 272484 MB memory.
2026-09-11 18:06:01.687 INFO   [10FB49\F17C88] Auto-router pass #508 on board '5220ebbde4260c795c73d3b2bd3f203d' was completed in 0.43 seconds with the score of 467.76 (56 unrouted), using 22374.04 CPU seconds and 272484 MB memory.
2026-09-11 18:06:02.099 INFO   [10FB49\F17C88] Auto-router pass #509 on board '5220ebbde4260c795c73d3b2bd3f203d' was completed in 0.41 seconds with the score of 467.76 (56 unrouted), using 22583.15 CPU seconds and 273771 MB memory.
2026-09-11 18:06:02.522 INFO   [10FB49\F17C88] Auto-router pass #510 on board '5220ebbde4260c795c73d3b2bd3f203d' was completed in 0.42 seconds with the score of 467.76 (56 unrouted), using 22583.15 CPU seconds and 273771 MB memory.
2026-09-11 18:06:02.936 INFO   [10FB49\F17C88] Auto-router pass #511 on board '5220ebbde4260c795c73d3b2bd3f203d' was completed in 0.41 seconds with the score of 467.76 (56 unrouted), using 22793.23 CPU seconds and 275043 MB memory.
2026-09-11 18:06:03.377 INFO   [10FB49\F17C88] Auto-router pass #512 on board '5220ebbde4260c795c73d3b2bd3f203d' was completed in 0.44 seconds with the score of 467.76 (56 unrouted), using 22793.23 CPU seconds and 275043 MB memory.
2026-09-11 18:06:03.790 INFO   [10FB49\F17C88] Auto-router pass #513 on board '5220ebbde4260c795c73d3b2bd3f203d' was completed in 0.41 seconds with the score of 467.76 (56 unrouted), using 22793.23 CPU seconds and 275043 MB memory.
2026-09-11 18:06:04.200 INFO   [10FB49\F17C88] Auto-router pass #514 on board '5220ebbde4260c795c73d3b2bd3f203d' was completed in 0.41 seconds with the score of 467.76 (56 unrouted), using 23004.28 CPU seconds and 276318 MB memory.
2026-09-11 18:06:04.614 INFO   [10FB49\F17C88] Auto-router pass #515 on board '5220ebbde4260c795c73d3b2bd3f203d' was completed in 0.41 seconds with the score of 467.76 (56 unrouted), using 23004.28 CPU seconds and 276318 MB memory.
2026-09-11 18:06:05.050 INFO   [10FB49\F17C88] Auto-router pass #516 on board '5220ebbde4260c795c73d3b2bd3f203d' was completed in 0.43 seconds with the score of 467.76 (56 unrouted), using 23216.30 CPU seconds and 277599 MB memory.
2026-09-11 18:06:05.464 INFO   [10FB49\F17C88] Auto-router pass #517 on board '5220ebbde4260c795c73d3b2bd3f203d' was completed in 0.41 seconds with the score of 467.76 (56 unrouted), using 23216.30 CPU seconds and 277599 MB memory.
2026-09-11 18:06:05.877 INFO   [10FB49\F17C88] Auto-router pass #518 on board '5220ebbde4260c795c73d3b2bd3f203d' was completed in 0.41 seconds with the score of 467.76 (56 unrouted), using 23216.30 CPU seconds and 277599 MB memory.
2026-09-11 18:06:06.295 INFO   [10FB49\F17C88] Auto-router pass #519 on board '5220ebbde4260c795c73d3b2bd3f203d' was completed in 0.42 seconds with the score of 467.76 (56 unrouted), using 23429.29 CPU seconds and 278883 MB memory.
2026-09-11 18:06:06.728 INFO   [10FB49\F17C88] Auto-router pass #520 on board '5220ebbde4260c795c73d3b2bd3f203d' was completed in 0.43 seconds with the score of 467.76 (56 unrouted), using 23429.29 CPU seconds and 278883 MB memory.
2026-09-11 18:06:07.139 INFO   [10FB49\F17C88] Auto-router pass #521 on board '5220ebbde4260c795c73d3b2bd3f203d' was completed in 0.41 seconds with the score of 467.76 (56 unrouted), using 23643.25 CPU seconds and 280165 MB memory.
2026-09-11 18:06:07.557 INFO   [10FB49\F17C88] Auto-router pass #522 on board '5220ebbde4260c795c73d3b2bd3f203d' was completed in 0.41 seconds with the score of 467.76 (56 unrouted), using 23643.25 CPU seconds and 280165 MB memory.
2026-09-11 18:06:07.971 INFO   [10FB49\F17C88] Auto-router pass #523 on board '5220ebbde4260c795c73d3b2bd3f203d' was completed in 0.41 seconds with the score of 467.76 (56 unrouted), using 23858.18 CPU seconds and 281450 MB memory.
2026-09-11 18:06:08.404 INFO   [10FB49\F17C88] Auto-router pass #524 on board '5220ebbde4260c795c73d3b2bd3f203d' was completed in 0.43 seconds with the score of 467.76 (56 unrouted), using 23858.18 CPU seconds and 281450 MB memory.
2026-09-11 18:06:08.818 INFO   [10FB49\F17C88] Auto-router pass #525 on board '5220ebbde4260c795c73d3b2bd3f203d' was completed in 0.41 seconds with the score of 467.76 (56 unrouted), using 23858.18 CPU seconds and 281450 MB memory.
2026-09-11 18:06:09.234 INFO   [10FB49\F17C88] Auto-router pass #526 on board '5220ebbde4260c795c73d3b2bd3f203d' was completed in 0.41 seconds with the score of 467.76 (56 unrouted), using 24074.08 CPU seconds and 282732 MB memory.
2026-09-11 18:06:09.654 INFO   [10FB49\F17C88] Auto-router pass #527 on board '5220ebbde4260c795c73d3b2bd3f203d' was completed in 0.42 seconds with the score of 467.76 (56 unrouted), using 24074.08 CPU seconds and 282732 MB memory.
2026-09-11 18:06:10.084 INFO   [10FB49\F17C88] Auto-router pass #528 on board '5220ebbde4260c795c73d3b2bd3f203d' was completed in 0.43 seconds with the score of 467.76 (56 unrouted), using 24290.94 CPU seconds and 284004 MB memory.
2026-09-11 18:06:10.499 INFO   [10FB49\F17C88] Auto-router pass #529 on board '5220ebbde4260c795c73d3b2bd3f203d' was completed in 0.41 seconds with the score of 467.76 (56 unrouted), using 24290.94 CPU seconds and 284004 MB memory.
2026-09-11 18:06:10.916 INFO   [10FB49\F17C88] Auto-router pass #530 on board '5220ebbde4260c795c73d3b2bd3f203d' was completed in 0.41 seconds with the score of 467.76 (56 unrouted), using 24290.94 CPU seconds and 284004 MB memory.
2026-09-11 18:06:11.338 INFO   [10FB49\F17C88] Auto-router pass #531 on board '5220ebbde4260c795c73d3b2bd3f203d' was completed in 0.42 seconds with the score of 467.76 (56 unrouted), using 24508.77 CPU seconds and 285288 MB memory.
2026-09-11 18:06:11.771 INFO   [10FB49\F17C88] Auto-router pass #532 on board '5220ebbde4260c795c73d3b2bd3f203d' was completed in 0.43 seconds with the score of 467.76 (56 unrouted), using 24508.77 CPU seconds and 285288 MB memory.
2026-09-11 18:06:12.185 INFO   [10FB49\F17C88] Auto-router pass #533 on board '5220ebbde4260c795c73d3b2bd3f203d' was completed in 0.41 seconds with the score of 467.76 (56 unrouted), using 24727.58 CPU seconds and 286560 MB memory.
2026-09-11 18:06:12.604 INFO   [10FB49\F17C88] Auto-router pass #534 on board '5220ebbde4260c795c73d3b2bd3f203d' was completed in 0.42 seconds with the score of 467.76 (56 unrouted), using 24727.58 CPU seconds and 286560 MB memory.
2026-09-11 18:06:13.016 INFO   [10FB49\F17C88] Auto-router pass #535 on board '5220ebbde4260c795c73d3b2bd3f203d' was completed in 0.41 seconds with the score of 467.76 (56 unrouted), using 24947.35 CPU seconds and 287843 MB memory.
2026-09-11 18:06:13.449 INFO   [10FB49\F17C88] Auto-router pass #536 on board '5220ebbde4260c795c73d3b2bd3f203d' was completed in 0.43 seconds with the score of 467.76 (56 unrouted), using 24947.35 CPU seconds and 287843 MB memory.
2026-09-11 18:06:13.859 INFO   [10FB49\F17C88] Auto-router pass #537 on board '5220ebbde4260c795c73d3b2bd3f203d' was completed in 0.41 seconds with the score of 467.76 (56 unrouted), using 24947.35 CPU seconds and 287843 MB memory.
2026-09-11 18:06:14.273 INFO   [10FB49\F17C88] Auto-router pass #538 on board '5220ebbde4260c795c73d3b2bd3f203d' was completed in 0.41 seconds with the score of 467.76 (56 unrouted), using 25168.09 CPU seconds and 289127 MB memory.
2026-09-11 18:06:14.686 INFO   [10FB49\F17C88] Auto-router pass #539 on board '5220ebbde4260c795c73d3b2bd3f203d' was completed in 0.41 seconds with the score of 467.76 (56 unrouted), using 25168.09 CPU seconds and 289127 MB memory.
2026-09-11 18:06:15.112 INFO   [10FB49\F17C88] Auto-router pass #540 on board '5220ebbde4260c795c73d3b2bd3f203d' was completed in 0.42 seconds with the score of 467.76 (56 unrouted), using 25389.80 CPU seconds and 290418 MB memory.
2026-09-11 18:06:15.522 INFO   [10FB49\F17C88] Auto-router pass #541 on board '5220ebbde4260c795c73d3b2bd3f203d' was completed in 0.41 seconds with the score of 467.76 (56 unrouted), using 25389.80 CPU seconds and 290418 MB memory.
2026-09-11 18:06:15.941 INFO   [10FB49\F17C88] Auto-router pass #542 on board '5220ebbde4260c795c73d3b2bd3f203d' was completed in 0.42 seconds with the score of 467.76 (56 unrouted), using 25612.49 CPU seconds and 291705 MB memory.
2026-09-11 18:06:16.357 INFO   [10FB49\F17C88] Auto-router pass #543 on board '5220ebbde4260c795c73d3b2bd3f203d' was completed in 0.41 seconds with the score of 467.76 (56 unrouted), using 25612.49 CPU seconds and 291705 MB memory.
2026-09-11 18:06:16.787 INFO   [10FB49\F17C88] Auto-router pass #544 on board '5220ebbde4260c795c73d3b2bd3f203d' was completed in 0.43 seconds with the score of 467.76 (56 unrouted), using 25612.49 CPU seconds and 291705 MB memory.
2026-09-11 18:06:17.202 INFO   [10FB49\F17C88] Auto-router pass #545 on board '5220ebbde4260c795c73d3b2bd3f203d' was completed in 0.41 seconds with the score of 467.76 (56 unrouted), using 25836.15 CPU seconds and 292986 MB memory.
2026-09-11 18:06:17.624 INFO   [10FB49\F17C88] Auto-router pass #546 on board '5220ebbde4260c795c73d3b2bd3f203d' was completed in 0.42 seconds with the score of 467.76 (56 unrouted), using 25836.15 CPU seconds and 292986 MB memory.
2026-09-11 18:06:18.035 INFO   [10FB49\F17C88] Auto-router pass #547 on board '5220ebbde4260c795c73d3b2bd3f203d' was completed in 0.41 seconds with the score of 467.76 (56 unrouted), using 26060.78 CPU seconds and 294263 MB memory.
2026-09-11 18:06:18.473 INFO   [10FB49\F17C88] Auto-router pass #548 on board '5220ebbde4260c795c73d3b2bd3f203d' was completed in 0.43 seconds with the score of 467.76 (56 unrouted), using 26060.78 CPU seconds and 294263 MB memory.
2026-09-11 18:06:18.890 INFO   [10FB49\F17C88] Auto-router pass #549 on board '5220ebbde4260c795c73d3b2bd3f203d' was completed in 0.41 seconds with the score of 467.76 (56 unrouted), using 26060.78 CPU seconds and 294263 MB memory.
2026-09-11 18:06:19.306 INFO   [10FB49\F17C88] Auto-router pass #550 on board '5220ebbde4260c795c73d3b2bd3f203d' was completed in 0.41 seconds with the score of 467.76 (56 unrouted), using 26286.38 CPU seconds and 295541 MB memory.
2026-09-11 18:06:19.729 INFO   [10FB49\F17C88] Auto-router pass #551 on board '5220ebbde4260c795c73d3b2bd3f203d' was completed in 0.42 seconds with the score of 467.76 (56 unrouted), using 26286.38 CPU seconds and 295541 MB memory.
2026-09-11 18:06:20.167 INFO   [10FB49\F17C88] Auto-router pass #552 on board '5220ebbde4260c795c73d3b2bd3f203d' was completed in 0.44 seconds with the score of 467.76 (56 unrouted), using 26512.96 CPU seconds and 296807 MB memory.
2026-09-11 18:06:20.588 INFO   [10FB49\F17C88] Auto-router pass #553 on board '5220ebbde4260c795c73d3b2bd3f203d' was completed in 0.42 seconds with the score of 467.76 (56 unrouted), using 26512.96 CPU seconds and 296807 MB memory.
2026-09-11 18:06:21.010 INFO   [10FB49\F17C88] Auto-router pass #554 on board '5220ebbde4260c795c73d3b2bd3f203d' was completed in 0.42 seconds with the score of 467.76 (56 unrouted), using 26740.51 CPU seconds and 298069 MB memory.
2026-09-11 18:06:21.424 INFO   [10FB49\F17C88] Auto-router pass #555 on board '5220ebbde4260c795c73d3b2bd3f203d' was completed in 0.41 seconds with the score of 467.76 (56 unrouted), using 26740.51 CPU seconds and 298069 MB memory.
2026-09-11 18:06:21.856 INFO   [10FB49\F17C88] Auto-router pass #556 on board '5220ebbde4260c795c73d3b2bd3f203d' was completed in 0.43 seconds with the score of 467.76 (56 unrouted), using 26740.51 CPU seconds and 298069 MB memory.
2026-09-11 18:06:22.274 INFO   [10FB49\F17C88] Auto-router pass #557 on board '5220ebbde4260c795c73d3b2bd3f203d' was completed in 0.41 seconds with the score of 467.76 (56 unrouted), using 26969.04 CPU seconds and 299348 MB memory.
2026-09-11 18:06:22.690 INFO   [10FB49\F17C88] Auto-router pass #558 on board '5220ebbde4260c795c73d3b2bd3f203d' was completed in 0.41 seconds with the score of 467.76 (56 unrouted), using 26969.04 CPU seconds and 299348 MB memory.
2026-09-11 18:06:23.103 INFO   [10FB49\F17C88] Auto-router pass #559 on board '5220ebbde4260c795c73d3b2bd3f203d' was completed in 0.41 seconds with the score of 467.76 (56 unrouted), using 27198.55 CPU seconds and 300632 MB memory.
2026-09-11 18:06:23.536 INFO   [10FB49\F17C88] Auto-router pass #560 on board '5220ebbde4260c795c73d3b2bd3f203d' was completed in 0.43 seconds with the score of 467.76 (56 unrouted), using 27198.55 CPU seconds and 300632 MB memory.
2026-09-11 18:06:23.951 INFO   [10FB49\F17C88] Auto-router pass #561 on board '5220ebbde4260c795c73d3b2bd3f203d' was completed in 0.41 seconds with the score of 467.76 (56 unrouted), using 27429.02 CPU seconds and 301913 MB memory.
2026-09-11 18:06:24.366 INFO   [10FB49\F17C88] Auto-router pass #562 on board '5220ebbde4260c795c73d3b2bd3f203d' was completed in 0.41 seconds with the score of 467.76 (56 unrouted), using 27429.02 CPU seconds and 301913 MB memory.
2026-09-11 18:06:24.775 INFO   [10FB49\F17C88] Auto-router pass #563 on board '5220ebbde4260c795c73d3b2bd3f203d' was completed in 0.41 seconds with the score of 467.76 (56 unrouted), using 27429.02 CPU seconds and 301913 MB memory.
2026-09-11 18:06:25.217 INFO   [10FB49\F17C88] Auto-router pass #564 on board '5220ebbde4260c795c73d3b2bd3f203d' was completed in 0.44 seconds with the score of 467.76 (56 unrouted), using 27660.46 CPU seconds and 303196 MB memory.
2026-09-11 18:06:25.638 INFO   [10FB49\F17C88] Auto-router pass #565 on board '5220ebbde4260c795c73d3b2bd3f203d' was completed in 0.42 seconds with the score of 467.76 (56 unrouted), using 27660.46 CPU seconds and 303196 MB memory.
2026-09-11 18:06:26.057 INFO   [10FB49\F17C88] Auto-router pass #566 on board '5220ebbde4260c795c73d3b2bd3f203d' was completed in 0.42 seconds with the score of 467.76 (56 unrouted), using 27892.88 CPU seconds and 304459 MB memory.
2026-09-11 18:06:26.470 INFO   [10FB49\F17C88] Auto-router pass #567 on board '5220ebbde4260c795c73d3b2bd3f203d' was completed in 0.41 seconds with the score of 467.76 (56 unrouted), using 27892.88 CPU seconds and 304459 MB memory.
2026-09-11 18:06:26.915 INFO   [10FB49\F17C88] Auto-router pass #568 on board '5220ebbde4260c795c73d3b2bd3f203d' was completed in 0.44 seconds with the score of 467.76 (56 unrouted), using 27892.88 CPU seconds and 304459 MB memory.
2026-09-11 18:06:27.335 INFO   [10FB49\F17C88] Auto-router pass #569 on board '5220ebbde4260c795c73d3b2bd3f203d' was completed in 0.42 seconds with the score of 467.76 (56 unrouted), using 28126.28 CPU seconds and 305729 MB memory.
2026-09-11 18:06:27.760 INFO   [10FB49\F17C88] Auto-router pass #570 on board '5220ebbde4260c795c73d3b2bd3f203d' was completed in 0.42 seconds with the score of 467.76 (56 unrouted), using 28126.28 CPU seconds and 305729 MB memory.
2026-09-11 18:06:28.177 INFO   [10FB49\F17C88] Auto-router pass #571 on board '5220ebbde4260c795c73d3b2bd3f203d' was completed in 0.41 seconds with the score of 467.76 (56 unrouted), using 28360.64 CPU seconds and 306987 MB memory.
2026-09-11 18:06:28.614 INFO   [10FB49\F17C88] Auto-router pass #572 on board '5220ebbde4260c795c73d3b2bd3f203d' was completed in 0.43 seconds with the score of 467.76 (56 unrouted), using 28360.64 CPU seconds and 306987 MB memory.
2026-09-11 18:06:29.036 INFO   [10FB49\F17C88] Auto-router pass #573 on board '5220ebbde4260c795c73d3b2bd3f203d' was completed in 0.42 seconds with the score of 467.76 (56 unrouted), using 28595.97 CPU seconds and 308255 MB memory.
2026-09-11 18:06:29.461 INFO   [10FB49\F17C88] Auto-router pass #574 on board '5220ebbde4260c795c73d3b2bd3f203d' was completed in 0.42 seconds with the score of 467.76 (56 unrouted), using 28595.97 CPU seconds and 308255 MB memory.
2026-09-11 18:06:29.884 INFO   [10FB49\F17C88] Auto-router pass #575 on board '5220ebbde4260c795c73d3b2bd3f203d' was completed in 0.42 seconds with the score of 467.76 (56 unrouted), using 28595.97 CPU seconds and 308255 MB memory.
2026-09-11 18:06:30.319 INFO   [10FB49\F17C88] Auto-router pass #576 on board '5220ebbde4260c795c73d3b2bd3f203d' was completed in 0.43 seconds with the score of 467.76 (56 unrouted), using 28832.27 CPU seconds and 309517 MB memory.
2026-09-11 18:06:30.732 INFO   [10FB49\F17C88] Auto-router pass #577 on board '5220ebbde4260c795c73d3b2bd3f203d' was completed in 0.41 seconds with the score of 467.76 (56 unrouted), using 28832.27 CPU seconds and 309517 MB memory.
2026-09-11 18:06:31.146 INFO   [10FB49\F17C88] Auto-router pass #578 on board '5220ebbde4260c795c73d3b2bd3f203d' was completed in 0.41 seconds with the score of 467.76 (56 unrouted), using 29069.53 CPU seconds and 310794 MB memory.
2026-09-11 18:06:31.561 INFO   [10FB49\F17C88] Auto-router pass #579 on board '5220ebbde4260c795c73d3b2bd3f203d' was completed in 0.41 seconds with the score of 467.76 (56 unrouted), using 29069.53 CPU seconds and 310794 MB memory.
2026-09-11 18:06:31.989 INFO   [10FB49\F17C88] Auto-router pass #580 on board '5220ebbde4260c795c73d3b2bd3f203d' was completed in 0.43 seconds with the score of 467.76 (56 unrouted), using 29307.77 CPU seconds and 312079 MB memory.
2026-09-11 18:06:32.407 INFO   [10FB49\F17C88] Auto-router pass #581 on board '5220ebbde4260c795c73d3b2bd3f203d' was completed in 0.42 seconds with the score of 467.76 (56 unrouted), using 29307.77 CPU seconds and 312079 MB memory.
2026-09-11 18:06:32.821 INFO   [10FB49\F17C88] Auto-router pass #582 on board '5220ebbde4260c795c73d3b2bd3f203d' was completed in 0.41 seconds with the score of 467.76 (56 unrouted), using 29307.77 CPU seconds and 312079 MB memory.
2026-09-11 18:06:33.244 INFO   [10FB49\F17C88] Auto-router pass #583 on board '5220ebbde4260c795c73d3b2bd3f203d' was completed in 0.42 seconds with the score of 467.76 (56 unrouted), using 29546.97 CPU seconds and 313363 MB memory.
2026-09-11 18:06:33.686 INFO   [10FB49\F17C88] Auto-router pass #584 on board '5220ebbde4260c795c73d3b2bd3f203d' was completed in 0.44 seconds with the score of 467.76 (56 unrouted), using 29546.97 CPU seconds and 313363 MB memory.
2026-09-11 18:06:34.102 INFO   [10FB49\F17C88] Auto-router pass #585 on board '5220ebbde4260c795c73d3b2bd3f203d' was completed in 0.41 seconds with the score of 467.76 (56 unrouted), using 29787.14 CPU seconds and 314621 MB memory.
2026-09-11 18:06:34.518 INFO   [10FB49\F17C88] Auto-router pass #586 on board '5220ebbde4260c795c73d3b2bd3f203d' was completed in 0.41 seconds with the score of 467.76 (56 unrouted), using 29787.14 CPU seconds and 314621 MB memory.
2026-09-11 18:06:34.941 INFO   [10FB49\F17C88] Auto-router pass #587 on board '5220ebbde4260c795c73d3b2bd3f203d' was completed in 0.42 seconds with the score of 467.76 (56 unrouted), using 29787.14 CPU seconds and 314621 MB memory.
2026-09-11 18:06:35.384 INFO   [10FB49\F17C88] Auto-router pass #588 on board '5220ebbde4260c795c73d3b2bd3f203d' was completed in 0.44 seconds with the score of 467.76 (56 unrouted), using 30028.29 CPU seconds and 315891 MB memory.
2026-09-11 18:06:35.804 INFO   [10FB49\F17C88] Auto-router pass #589 on board '5220ebbde4260c795c73d3b2bd3f203d' was completed in 0.42 seconds with the score of 467.76 (56 unrouted), using 30028.29 CPU seconds and 315891 MB memory.
2026-09-11 18:06:36.224 INFO   [10FB49\F17C88] Auto-router pass #590 on board '5220ebbde4260c795c73d3b2bd3f203d' was completed in 0.42 seconds with the score of 467.76 (56 unrouted), using 30270.39 CPU seconds and 317148 MB memory.
2026-09-11 18:06:36.642 INFO   [10FB49\F17C88] Auto-router pass #591 on board '5220ebbde4260c795c73d3b2bd3f203d' was completed in 0.41 seconds with the score of 467.76 (56 unrouted), using 30270.39 CPU seconds and 317148 MB memory.
2026-09-11 18:06:37.081 INFO   [10FB49\F17C88] Auto-router pass #592 on board '5220ebbde4260c795c73d3b2bd3f203d' was completed in 0.44 seconds with the score of 467.76 (56 unrouted), using 30513.46 CPU seconds and 318421 MB memory.
2026-09-11 18:06:37.504 INFO   [10FB49\F17C88] Auto-router pass #593 on board '5220ebbde4260c795c73d3b2bd3f203d' was completed in 0.42 seconds with the score of 467.76 (56 unrouted), using 30513.46 CPU seconds and 318421 MB memory.
2026-09-11 18:06:37.915 INFO   [10FB49\F17C88] Auto-router pass #594 on board '5220ebbde4260c795c73d3b2bd3f203d' was completed in 0.41 seconds with the score of 467.76 (56 unrouted), using 30513.46 CPU seconds and 318421 MB memory.
2026-09-11 18:06:38.331 INFO   [10FB49\F17C88] Auto-router pass #595 on board '5220ebbde4260c795c73d3b2bd3f203d' was completed in 0.41 seconds with the score of 467.76 (56 unrouted), using 30757.51 CPU seconds and 319695 MB memory.
2026-09-11 18:06:38.768 INFO   [10FB49\F17C88] Auto-router pass #596 on board '5220ebbde4260c795c73d3b2bd3f203d' was completed in 0.43 seconds with the score of 467.76 (56 unrouted), using 30757.51 CPU seconds and 319695 MB memory.
2026-09-11 18:06:39.184 INFO   [10FB49\F17C88] Auto-router pass #597 on board '5220ebbde4260c795c73d3b2bd3f203d' was completed in 0.41 seconds with the score of 467.76 (56 unrouted), using 31002.53 CPU seconds and 320969 MB memory.
2026-09-11 18:06:39.599 INFO   [10FB49\F17C88] Auto-router pass #598 on board '5220ebbde4260c795c73d3b2bd3f203d' was completed in 0.41 seconds with the score of 467.76 (56 unrouted), using 31002.53 CPU seconds and 320969 MB memory.
2026-09-11 18:06:40.014 INFO   [10FB49\F17C88] Auto-router pass #599 on board '5220ebbde4260c795c73d3b2bd3f203d' was completed in 0.41 seconds with the score of 467.76 (56 unrouted), using 31248.52 CPU seconds and 322247 MB memory.
2026-09-11 18:06:40.455 INFO   [10FB49\F17C88] Auto-router pass #600 on board '5220ebbde4260c795c73d3b2bd3f203d' was completed in 0.44 seconds with the score of 467.76 (56 unrouted), using 31248.52 CPU seconds and 322247 MB memory.
2026-09-11 18:06:40.869 INFO   [10FB49\F17C88] Auto-router pass #601 on board '5220ebbde4260c795c73d3b2bd3f203d' was completed in 0.41 seconds with the score of 467.76 (56 unrouted), using 31248.52 CPU seconds and 322247 MB memory.
2026-09-11 18:06:41.289 INFO   [10FB49\F17C88] Auto-router pass #602 on board '5220ebbde4260c795c73d3b2bd3f203d' was completed in 0.42 seconds with the score of 467.76 (56 unrouted), using 31495.49 CPU seconds and 323528 MB memory.
2026-09-11 18:06:41.701 INFO   [10FB49\F17C88] Auto-router pass #603 on board '5220ebbde4260c795c73d3b2bd3f203d' was completed in 0.41 seconds with the score of 467.76 (56 unrouted), using 31495.49 CPU seconds and 323528 MB memory.
2026-09-11 18:06:42.138 INFO   [10FB49\F17C88] Auto-router pass #604 on board '5220ebbde4260c795c73d3b2bd3f203d' was completed in 0.43 seconds with the score of 467.76 (56 unrouted), using 31743.43 CPU seconds and 324799 MB memory.
2026-09-11 18:06:42.560 INFO   [10FB49\F17C88] Auto-router pass #605 on board '5220ebbde4260c795c73d3b2bd3f203d' was completed in 0.42 seconds with the score of 467.76 (56 unrouted), using 31743.43 CPU seconds and 324799 MB memory.
2026-09-11 18:06:42.977 INFO   [10FB49\F17C88] Auto-router pass #606 on board '5220ebbde4260c795c73d3b2bd3f203d' was completed in 0.41 seconds with the score of 467.76 (56 unrouted), using 31992.33 CPU seconds and 326066 MB memory.
2026-09-11 18:06:43.391 INFO   [10FB49\F17C88] Auto-router pass #607 on board '5220ebbde4260c795c73d3b2bd3f203d' was completed in 0.41 seconds with the score of 467.76 (56 unrouted), using 31992.33 CPU seconds and 326066 MB memory.
2026-09-11 18:06:43.822 INFO   [10FB49\F17C88] Auto-router pass #608 on board '5220ebbde4260c795c73d3b2bd3f203d' was completed in 0.43 seconds with the score of 467.76 (56 unrouted), using 31992.33 CPU seconds and 326066 MB memory.
2026-09-11 18:06:44.244 INFO   [10FB49\F17C88] Auto-router pass #609 on board '5220ebbde4260c795c73d3b2bd3f203d' was completed in 0.42 seconds with the score of 467.76 (56 unrouted), using 32242.21 CPU seconds and 327345 MB memory.
2026-09-11 18:06:44.661 INFO   [10FB49\F17C88] Auto-router pass #610 on board '5220ebbde4260c795c73d3b2bd3f203d' was completed in 0.41 seconds with the score of 467.76 (56 unrouted), using 32242.21 CPU seconds and 327345 MB memory.
2026-09-11 18:06:45.077 INFO   [10FB49\F17C88] Auto-router pass #611 on board '5220ebbde4260c795c73d3b2bd3f203d' was completed in 0.41 seconds with the score of 467.76 (56 unrouted), using 32493.07 CPU seconds and 328623 MB memory.
2026-09-11 18:06:45.516 INFO   [10FB49\F17C88] Auto-router pass #612 on board '5220ebbde4260c795c73d3b2bd3f203d' was completed in 0.44 seconds with the score of 467.76 (56 unrouted), using 32493.07 CPU seconds and 328623 MB memory.
2026-09-11 18:06:45.930 INFO   [10FB49\F17C88] Auto-router pass #613 on board '5220ebbde4260c795c73d3b2bd3f203d' was completed in 0.41 seconds with the score of 467.76 (56 unrouted), using 32493.07 CPU seconds and 328623 MB memory.
2026-09-11 18:06:46.341 INFO   [10FB49\F17C88] Auto-router pass #614 on board '5220ebbde4260c795c73d3b2bd3f203d' was completed in 0.41 seconds with the score of 467.76 (56 unrouted), using 32744.91 CPU seconds and 329897 MB memory.
2026-09-11 18:06:46.755 INFO   [10FB49\F17C88] Auto-router pass #615 on board '5220ebbde4260c795c73d3b2bd3f203d' was completed in 0.41 seconds with the score of 467.76 (56 unrouted), using 32744.91 CPU seconds and 329897 MB memory.
2026-09-11 18:06:47.186 INFO   [10FB49\F17C88] Auto-router pass #616 on board '5220ebbde4260c795c73d3b2bd3f203d' was completed in 0.43 seconds with the score of 467.76 (56 unrouted), using 32997.71 CPU seconds and 331183 MB memory.
2026-09-11 18:06:47.603 INFO   [10FB49\F17C88] Auto-router pass #617 on board '5220ebbde4260c795c73d3b2bd3f203d' was completed in 0.41 seconds with the score of 467.76 (56 unrouted), using 32997.71 CPU seconds and 331183 MB memory.
2026-09-11 18:06:48.015 INFO   [10FB49\F17C88] Auto-router pass #618 on board '5220ebbde4260c795c73d3b2bd3f203d' was completed in 0.41 seconds with the score of 467.76 (56 unrouted), using 33251.49 CPU seconds and 332466 MB memory.
2026-09-11 18:06:48.426 INFO   [10FB49\F17C88] Auto-router pass #619 on board '5220ebbde4260c795c73d3b2bd3f203d' was completed in 0.41 seconds with the score of 467.76 (56 unrouted), using 33251.49 CPU seconds and 332466 MB memory.
2026-09-11 18:06:48.865 INFO   [10FB49\F17C88] Auto-router pass #620 on board '5220ebbde4260c795c73d3b2bd3f203d' was completed in 0.44 seconds with the score of 467.76 (56 unrouted), using 33251.49 CPU seconds and 332466 MB memory.
2026-09-11 18:06:49.282 INFO   [10FB49\F17C88] Auto-router pass #621 on board '5220ebbde4260c795c73d3b2bd3f203d' was completed in 0.42 seconds with the score of 467.76 (56 unrouted), using 33506.24 CPU seconds and 333751 MB memory.
2026-09-11 18:06:49.695 INFO   [10FB49\F17C88] Auto-router pass #622 on board '5220ebbde4260c795c73d3b2bd3f203d' was completed in 0.41 seconds with the score of 467.76 (56 unrouted), using 33506.24 CPU seconds and 333751 MB memory.
2026-09-11 18:06:50.108 INFO   [10FB49\F17C88] Auto-router pass #623 on board '5220ebbde4260c795c73d3b2bd3f203d' was completed in 0.41 seconds with the score of 467.76 (56 unrouted), using 33761.96 CPU seconds and 335031 MB memory.
2026-09-11 18:06:50.546 INFO   [10FB49\F17C88] Auto-router pass #624 on board '5220ebbde4260c795c73d3b2bd3f203d' was completed in 0.44 seconds with the score of 467.76 (56 unrouted), using 33761.96 CPU seconds and 335031 MB memory.
2026-09-11 18:06:50.961 INFO   [10FB49\F17C88] Auto-router pass #625 on board '5220ebbde4260c795c73d3b2bd3f203d' was completed in 0.41 seconds with the score of 467.76 (56 unrouted), using 34018.66 CPU seconds and 336308 MB memory.
2026-09-11 18:06:51.374 INFO   [10FB49\F17C88] Auto-router pass #626 on board '5220ebbde4260c795c73d3b2bd3f203d' was completed in 0.41 seconds with the score of 467.76 (56 unrouted), using 34018.66 CPU seconds and 336308 MB memory.
2026-09-11 18:06:51.787 INFO   [10FB49\F17C88] Auto-router pass #627 on board '5220ebbde4260c795c73d3b2bd3f203d' was completed in 0.41 seconds with the score of 467.76 (56 unrouted), using 34018.66 CPU seconds and 336308 MB memory.
2026-09-11 18:06:52.218 INFO   [10FB49\F17C88] Auto-router pass #628 on board '5220ebbde4260c795c73d3b2bd3f203d' was completed in 0.43 seconds with the score of 467.76 (56 unrouted), using 34276.32 CPU seconds and 337593 MB memory.
2026-09-11 18:06:52.639 INFO   [10FB49\F17C88] Auto-router pass #629 on board '5220ebbde4260c795c73d3b2bd3f203d' was completed in 0.42 seconds with the score of 467.76 (56 unrouted), using 34276.32 CPU seconds and 337593 MB memory.
2026-09-11 18:06:53.055 INFO   [10FB49\F17C88] Auto-router pass #630 on board '5220ebbde4260c795c73d3b2bd3f203d' was completed in 0.41 seconds with the score of 467.76 (56 unrouted), using 34534.95 CPU seconds and 338865 MB memory.
2026-09-11 18:06:53.468 INFO   [10FB49\F17C88] Auto-router pass #631 on board '5220ebbde4260c795c73d3b2bd3f203d' was completed in 0.41 seconds with the score of 467.76 (56 unrouted), using 34534.95 CPU seconds and 338865 MB memory.
2026-09-11 18:06:53.900 INFO   [10FB49\F17C88] Auto-router pass #632 on board '5220ebbde4260c795c73d3b2bd3f203d' was completed in 0.43 seconds with the score of 467.76 (56 unrouted), using 34534.95 CPU seconds and 338865 MB memory.
2026-09-11 18:06:54.314 INFO   [10FB49\F17C88] Auto-router pass #633 on board '5220ebbde4260c795c73d3b2bd3f203d' was completed in 0.41 seconds with the score of 467.76 (56 unrouted), using 34794.55 CPU seconds and 340154 MB memory.
2026-09-11 18:06:54.728 INFO   [10FB49\F17C88] Auto-router pass #634 on board '5220ebbde4260c795c73d3b2bd3f203d' was completed in 0.41 seconds with the score of 467.76 (56 unrouted), using 34794.55 CPU seconds and 340154 MB memory.
2026-09-11 18:06:55.141 INFO   [10FB49\F17C88] Auto-router pass #635 on board '5220ebbde4260c795c73d3b2bd3f203d' was completed in 0.41 seconds with the score of 467.76 (56 unrouted), using 35055.12 CPU seconds and 341442 MB memory.
2026-09-11 18:06:55.571 INFO   [10FB49\F17C88] Auto-router pass #636 on board '5220ebbde4260c795c73d3b2bd3f203d' was completed in 0.43 seconds with the score of 467.76 (56 unrouted), using 35055.12 CPU seconds and 341442 MB memory.
2026-09-11 18:06:55.986 INFO   [10FB49\F17C88] Auto-router pass #637 on board '5220ebbde4260c795c73d3b2bd3f203d' was completed in 0.41 seconds with the score of 467.76 (56 unrouted), using 35316.68 CPU seconds and 342724 MB memory.
2026-09-11 18:06:56.403 INFO   [10FB49\F17C88] Auto-router pass #638 on board '5220ebbde4260c795c73d3b2bd3f203d' was completed in 0.41 seconds with the score of 467.76 (56 unrouted), using 35316.68 CPU seconds and 342724 MB memory.
2026-09-11 18:06:56.818 INFO   [10FB49\F17C88] Auto-router pass #639 on board '5220ebbde4260c795c73d3b2bd3f203d' was completed in 0.41 seconds with the score of 467.76 (56 unrouted), using 35316.68 CPU seconds and 342724 MB memory.
2026-09-11 18:06:57.257 INFO   [10FB49\F17C88] Auto-router pass #640 on board '5220ebbde4260c795c73d3b2bd3f203d' was completed in 0.44 seconds with the score of 467.76 (56 unrouted), using 35579.20 CPU seconds and 344001 MB memory.
2026-09-11 18:06:57.677 INFO   [10FB49\F17C88] Auto-router pass #641 on board '5220ebbde4260c795c73d3b2bd3f203d' was completed in 0.42 seconds with the score of 467.76 (56 unrouted), using 35579.20 CPU seconds and 344001 MB memory.
2026-09-11 18:06:58.096 INFO   [10FB49\F17C88] Auto-router pass #642 on board '5220ebbde4260c795c73d3b2bd3f203d' was completed in 0.42 seconds with the score of 467.76 (56 unrouted), using 35842.71 CPU seconds and 345276 MB memory.
2026-09-11 18:06:58.513 INFO   [10FB49\F17C88] Auto-router pass #643 on board '5220ebbde4260c795c73d3b2bd3f203d' was completed in 0.41 seconds with the score of 467.76 (56 unrouted), using 35842.71 CPU seconds and 345276 MB memory.
2026-09-11 18:06:58.949 INFO   [10FB49\F17C88] Auto-router pass #644 on board '5220ebbde4260c795c73d3b2bd3f203d' was completed in 0.43 seconds with the score of 467.76 (56 unrouted), using 35842.71 CPU seconds and 345276 MB memory.
2026-09-11 18:06:59.366 INFO   [10FB49\F17C88] Auto-router pass #645 on board '5220ebbde4260c795c73d3b2bd3f203d' was completed in 0.41 seconds with the score of 467.76 (56 unrouted), using 36107.19 CPU seconds and 346545 MB memory.
2026-09-11 18:06:59.776 INFO   [10FB49\F17C88] Auto-router pass #646 on board '5220ebbde4260c795c73d3b2bd3f203d' was completed in 0.41 seconds with the score of 467.76 (56 unrouted), using 36107.19 CPU seconds and 346545 MB memory.
2026-09-11 18:07:00.199 INFO   [10FB49\F17C88] Auto-router pass #647 on board '5220ebbde4260c795c73d3b2bd3f203d' was completed in 0.42 seconds with the score of 467.76 (56 unrouted), using 36372.65 CPU seconds and 347830 MB memory.
2026-09-11 18:07:00.632 INFO   [10FB49\F17C88] Auto-router pass #648 on board '5220ebbde4260c795c73d3b2bd3f203d' was completed in 0.43 seconds with the score of 467.76 (56 unrouted), using 36372.65 CPU seconds and 347830 MB memory.
2026-09-11 18:07:01.051 INFO   [10FB49\F17C88] Auto-router pass #649 on board '5220ebbde4260c795c73d3b2bd3f203d' was completed in 0.42 seconds with the score of 467.76 (56 unrouted), using 36639.08 CPU seconds and 349097 MB memory.
2026-09-11 18:07:01.472 INFO   [10FB49\F17C88] Auto-router pass #650 on board '5220ebbde4260c795c73d3b2bd3f203d' was completed in 0.42 seconds with the score of 467.76 (56 unrouted), using 36639.08 CPU seconds and 349097 MB memory.
2026-09-11 18:07:01.891 INFO   [10FB49\F17C88] Auto-router pass #651 on board '5220ebbde4260c795c73d3b2bd3f203d' was completed in 0.42 seconds with the score of 467.76 (56 unrouted), using 36639.08 CPU seconds and 349097 MB memory.
2026-09-11 18:07:02.327 INFO   [10FB49\F17C88] Auto-router pass #652 on board '5220ebbde4260c795c73d3b2bd3f203d' was completed in 0.43 seconds with the score of 467.76 (56 unrouted), using 36906.48 CPU seconds and 350369 MB memory.
2026-09-11 18:07:02.742 INFO   [10FB49\F17C88] Auto-router pass #653 on board '5220ebbde4260c795c73d3b2bd3f203d' was completed in 0.41 seconds with the score of 467.76 (56 unrouted), using 36906.48 CPU seconds and 350369 MB memory.
2026-09-11 18:07:03.159 INFO   [10FB49\F17C88] Auto-router pass #654 on board '5220ebbde4260c795c73d3b2bd3f203d' was completed in 0.41 seconds with the score of 467.76 (56 unrouted), using 37174.84 CPU seconds and 351643 MB memory.
2026-09-11 18:07:03.576 INFO   [10FB49\F17C88] Auto-router pass #655 on board '5220ebbde4260c795c73d3b2bd3f203d' was completed in 0.41 seconds with the score of 467.76 (56 unrouted), using 37174.84 CPU seconds and 351643 MB memory.
2026-09-11 18:07:04.006 INFO   [10FB49\F17C88] Auto-router pass #656 on board '5220ebbde4260c795c73d3b2bd3f203d' was completed in 0.43 seconds with the score of 467.76 (56 unrouted), using 37444.18 CPU seconds and 352923 MB memory.
2026-09-11 18:07:04.420 INFO   [10FB49\F17C88] Auto-router pass #657 on board '5220ebbde4260c795c73d3b2bd3f203d' was completed in 0.41 seconds with the score of 467.76 (56 unrouted), using 37444.18 CPU seconds and 352923 MB memory.
2026-09-11 18:07:04.833 INFO   [10FB49\F17C88] Auto-router pass #658 on board '5220ebbde4260c795c73d3b2bd3f203d' was completed in 0.41 seconds with the score of 467.76 (56 unrouted), using 37444.18 CPU seconds and 352923 MB memory.
2026-09-11 18:07:05.256 INFO   [10FB49\F17C88] Auto-router pass #659 on board '5220ebbde4260c795c73d3b2bd3f203d' was completed in 0.42 seconds with the score of 467.76 (56 unrouted), using 37714.49 CPU seconds and 354205 MB memory.
2026-09-11 18:07:05.691 INFO   [10FB49\F17C88] Auto-router pass #660 on board '5220ebbde4260c795c73d3b2bd3f203d' was completed in 0.43 seconds with the score of 467.76 (56 unrouted), using 37714.49 CPU seconds and 354205 MB memory.
2026-09-11 18:07:06.112 INFO   [10FB49\F17C88] Auto-router pass #661 on board '5220ebbde4260c795c73d3b2bd3f203d' was completed in 0.42 seconds with the score of 467.76 (56 unrouted), using 37985.76 CPU seconds and 355473 MB memory.
2026-09-11 18:07:06.531 INFO   [10FB49\F17C88] Auto-router pass #662 on board '5220ebbde4260c795c73d3b2bd3f203d' was completed in 0.42 seconds with the score of 467.76 (56 unrouted), using 37985.76 CPU seconds and 355473 MB memory.
2026-09-11 18:07:06.951 INFO   [10FB49\F17C88] Auto-router pass #663 on board '5220ebbde4260c795c73d3b2bd3f203d' was completed in 0.42 seconds with the score of 467.76 (56 unrouted), using 37985.76 CPU seconds and 355473 MB memory.
2026-09-11 18:07:07.390 INFO   [10FB49\F17C88] Auto-router pass #664 on board '5220ebbde4260c795c73d3b2bd3f203d' was completed in 0.44 seconds with the score of 467.76 (56 unrouted), using 38258.01 CPU seconds and 356740 MB memory.
2026-09-11 18:07:07.809 INFO   [10FB49\F17C88] Auto-router pass #665 on board '5220ebbde4260c795c73d3b2bd3f203d' was completed in 0.42 seconds with the score of 467.76 (56 unrouted), using 38258.01 CPU seconds and 356740 MB memory.
2026-09-11 18:07:08.234 INFO   [10FB49\F17C88] Auto-router pass #666 on board '5220ebbde4260c795c73d3b2bd3f203d' was completed in 0.42 seconds with the score of 467.76 (56 unrouted), using 38531.22 CPU seconds and 357999 MB memory.
2026-09-11 18:07:08.654 INFO   [10FB49\F17C88] Auto-router pass #667 on board '5220ebbde4260c795c73d3b2bd3f203d' was completed in 0.42 seconds with the score of 467.76 (56 unrouted), using 38531.22 CPU seconds and 357999 MB memory.
2026-09-11 18:07:09.086 INFO   [10FB49\F17C88] Auto-router pass #668 on board '5220ebbde4260c795c73d3b2bd3f203d' was completed in 0.43 seconds with the score of 467.76 (56 unrouted), using 38805.41 CPU seconds and 359275 MB memory.
2026-09-11 18:07:09.496 INFO   [10FB49\F17C88] Auto-router pass #669 on board '5220ebbde4260c795c73d3b2bd3f203d' was completed in 0.41 seconds with the score of 467.76 (56 unrouted), using 38805.41 CPU seconds and 359275 MB memory.
2026-09-11 18:07:09.905 INFO   [10FB49\F17C88] Auto-router pass #670 on board '5220ebbde4260c795c73d3b2bd3f203d' was completed in 0.41 seconds with the score of 467.76 (56 unrouted), using 38805.41 CPU seconds and 359275 MB memory.
2026-09-11 18:07:10.324 INFO   [10FB49\F17C88] Auto-router pass #671 on board '5220ebbde4260c795c73d3b2bd3f203d' was completed in 0.42 seconds with the score of 467.76 (56 unrouted), using 39080.57 CPU seconds and 360566 MB memory.
2026-09-11 18:07:10.763 INFO   [10FB49\F17C88] Auto-router pass #672 on board '5220ebbde4260c795c73d3b2bd3f203d' was completed in 0.44 seconds with the score of 467.76 (56 unrouted), using 39080.57 CPU seconds and 360566 MB memory.
2026-09-11 18:07:11.172 INFO   [10FB49\F17C88] Auto-router pass #673 on board '5220ebbde4260c795c73d3b2bd3f203d' was completed in 0.41 seconds with the score of 467.76 (56 unrouted), using 39356.69 CPU seconds and 361839 MB memory.
2026-09-11 18:07:11.581 INFO   [10FB49\F17C88] Auto-router pass #674 on board '5220ebbde4260c795c73d3b2bd3f203d' was completed in 0.41 seconds with the score of 467.76 (56 unrouted), using 39356.69 CPU seconds and 361839 MB memory.
2026-09-11 18:07:11.993 INFO   [10FB49\F17C88] Auto-router pass #675 on board '5220ebbde4260c795c73d3b2bd3f203d' was completed in 0.41 seconds with the score of 467.76 (56 unrouted), using 39633.79 CPU seconds and 363138 MB memory.
2026-09-11 18:07:12.429 INFO   [10FB49\F17C88] Auto-router pass #676 on board '5220ebbde4260c795c73d3b2bd3f203d' was completed in 0.43 seconds with the score of 467.76 (56 unrouted), using 39633.79 CPU seconds and 363138 MB memory.
2026-09-11 18:07:12.842 INFO   [10FB49\F17C88] Auto-router pass #677 on board '5220ebbde4260c795c73d3b2bd3f203d' was completed in 0.41 seconds with the score of 467.76 (56 unrouted), using 39633.79 CPU seconds and 363138 MB memory.
2026-09-11 18:07:13.255 INFO   [10FB49\F17C88] Auto-router pass #678 on board '5220ebbde4260c795c73d3b2bd3f203d' was completed in 0.41 seconds with the score of 467.76 (56 unrouted), using 39911.87 CPU seconds and 364420 MB memory.
2026-09-11 18:07:13.669 INFO   [10FB49\F17C88] Auto-router pass #679 on board '5220ebbde4260c795c73d3b2bd3f203d' was completed in 0.41 seconds with the score of 467.76 (56 unrouted), using 39911.87 CPU seconds and 364420 MB memory.
2026-09-11 18:07:14.100 INFO   [10FB49\F17C88] Auto-router pass #680 on board '5220ebbde4260c795c73d3b2bd3f203d' was completed in 0.43 seconds with the score of 467.76 (56 unrouted), using 40190.92 CPU seconds and 365706 MB memory.
2026-09-11 18:07:14.511 INFO   [10FB49\F17C88] Auto-router pass #681 on board '5220ebbde4260c795c73d3b2bd3f203d' was completed in 0.41 seconds with the score of 467.76 (56 unrouted), using 40190.92 CPU seconds and 365706 MB memory.
2026-09-11 18:07:14.918 INFO   [10FB49\F17C88] Auto-router pass #682 on board '5220ebbde4260c795c73d3b2bd3f203d' was completed in 0.40 seconds with the score of 467.76 (56 unrouted), using 40190.92 CPU seconds and 365706 MB memory.
2026-09-11 18:07:15.341 INFO   [10FB49\F17C88] Auto-router pass #683 on board '5220ebbde4260c795c73d3b2bd3f203d' was completed in 0.42 seconds with the score of 467.76 (56 unrouted), using 40470.96 CPU seconds and 367001 MB memory.
2026-09-11 18:07:15.778 INFO   [10FB49\F17C88] Auto-router pass #684 on board '5220ebbde4260c795c73d3b2bd3f203d' was completed in 0.43 seconds with the score of 467.76 (56 unrouted), using 40470.96 CPU seconds and 367001 MB memory.
2026-09-11 18:07:16.191 INFO   [10FB49\F17C88] Auto-router pass #685 on board '5220ebbde4260c795c73d3b2bd3f203d' was completed in 0.41 seconds with the score of 467.76 (56 unrouted), using 40751.96 CPU seconds and 368272 MB memory.
2026-09-11 18:07:16.605 INFO   [10FB49\F17C88] Auto-router pass #686 on board '5220ebbde4260c795c73d3b2bd3f203d' was completed in 0.41 seconds with the score of 467.76 (56 unrouted), using 40751.96 CPU seconds and 368272 MB memory.
2026-09-11 18:07:17.019 INFO   [10FB49\F17C88] Auto-router pass #687 on board '5220ebbde4260c795c73d3b2bd3f203d' was completed in 0.41 seconds with the score of 467.76 (56 unrouted), using 41033.95 CPU seconds and 369560 MB memory.
2026-09-11 18:07:17.454 INFO   [10FB49\F17C88] Auto-router pass #688 on board '5220ebbde4260c795c73d3b2bd3f203d' was completed in 0.43 seconds with the score of 467.76 (56 unrouted), using 41033.95 CPU seconds and 369560 MB memory.
2026-09-11 18:07:17.863 INFO   [10FB49\F17C88] Auto-router pass #689 on board '5220ebbde4260c795c73d3b2bd3f203d' was completed in 0.41 seconds with the score of 467.76 (56 unrouted), using 41033.95 CPU seconds and 369560 MB memory.
2026-09-11 18:07:18.269 INFO   [10FB49\F17C88] Auto-router pass #690 on board '5220ebbde4260c795c73d3b2bd3f203d' was completed in 0.40 seconds with the score of 467.76 (56 unrouted), using 41316.90 CPU seconds and 370848 MB memory.
2026-09-11 18:07:18.677 INFO   [10FB49\F17C88] Auto-router pass #691 on board '5220ebbde4260c795c73d3b2bd3f203d' was completed in 0.41 seconds with the score of 467.76 (56 unrouted), using 41316.90 CPU seconds and 370848 MB memory.
2026-09-11 18:07:19.107 INFO   [10FB49\F17C88] Auto-router pass #692 on board '5220ebbde4260c795c73d3b2bd3f203d' was completed in 0.43 seconds with the score of 467.76 (56 unrouted), using 41600.83 CPU seconds and 372148 MB memory.
2026-09-11 18:07:19.525 INFO   [10FB49\F17C88] Auto-router pass #693 on board '5220ebbde4260c795c73d3b2bd3f203d' was completed in 0.42 seconds with the score of 467.76 (56 unrouted), using 41600.83 CPU seconds and 372148 MB memory.
2026-09-11 18:07:19.938 INFO   [10FB49\F17C88] Auto-router pass #694 on board '5220ebbde4260c795c73d3b2bd3f203d' was completed in 0.41 seconds with the score of 467.76 (56 unrouted), using 41600.83 CPU seconds and 372148 MB memory.
2026-09-11 18:07:20.351 INFO   [10FB49\F17C88] Auto-router pass #695 on board '5220ebbde4260c795c73d3b2bd3f203d' was completed in 0.41 seconds with the score of 467.76 (56 unrouted), using 41885.74 CPU seconds and 373428 MB memory.
2026-09-11 18:07:20.784 INFO   [10FB49\F17C88] Auto-router pass #696 on board '5220ebbde4260c795c73d3b2bd3f203d' was completed in 0.43 seconds with the score of 467.76 (56 unrouted), using 41885.74 CPU seconds and 373428 MB memory.
2026-09-11 18:07:21.199 INFO   [10FB49\F17C88] Auto-router pass #697 on board '5220ebbde4260c795c73d3b2bd3f203d' was completed in 0.41 seconds with the score of 467.76 (56 unrouted), using 42171.62 CPU seconds and 374714 MB memory.
2026-09-11 18:07:21.614 INFO   [10FB49\F17C88] Auto-router pass #698 on board '5220ebbde4260c795c73d3b2bd3f203d' was completed in 0.41 seconds with the score of 467.76 (56 unrouted), using 42171.62 CPU seconds and 374714 MB memory.
2026-09-11 18:07:22.027 INFO   [10FB49\F17C88] Auto-router pass #699 on board '5220ebbde4260c795c73d3b2bd3f203d' was completed in 0.41 seconds with the score of 467.76 (56 unrouted), using 42458.48 CPU seconds and 376003 MB memory.
2026-09-11 18:07:22.460 INFO   [10FB49\F17C88] Auto-router pass #700 on board '5220ebbde4260c795c73d3b2bd3f203d' was completed in 0.43 seconds with the score of 467.76 (56 unrouted), using 42458.48 CPU seconds and 376003 MB memory.
2026-09-11 18:07:22.872 INFO   [10FB49\F17C88] Auto-router pass #701 on board '5220ebbde4260c795c73d3b2bd3f203d' was completed in 0.41 seconds with the score of 467.76 (56 unrouted), using 42458.48 CPU seconds and 376003 MB memory.
2026-09-11 18:07:23.284 INFO   [10FB49\F17C88] Auto-router pass #702 on board '5220ebbde4260c795c73d3b2bd3f203d' was completed in 0.41 seconds with the score of 467.76 (56 unrouted), using 42746.31 CPU seconds and 377288 MB memory.
2026-09-11 18:07:23.694 INFO   [10FB49\F17C88] Auto-router pass #703 on board '5220ebbde4260c795c73d3b2bd3f203d' was completed in 0.41 seconds with the score of 467.76 (56 unrouted), using 42746.31 CPU seconds and 377288 MB memory.
2026-09-11 18:07:24.121 INFO   [10FB49\F17C88] Auto-router pass #704 on board '5220ebbde4260c795c73d3b2bd3f203d' was completed in 0.42 seconds with the score of 467.76 (56 unrouted), using 43035.12 CPU seconds and 378582 MB memory.
2026-09-11 18:07:24.535 INFO   [10FB49\F17C88] Auto-router pass #705 on board '5220ebbde4260c795c73d3b2bd3f203d' was completed in 0.41 seconds with the score of 467.76 (56 unrouted), using 43035.12 CPU seconds and 378582 MB memory.
2026-09-11 18:07:24.949 INFO   [10FB49\F17C88] Auto-router pass #706 on board '5220ebbde4260c795c73d3b2bd3f203d' was completed in 0.41 seconds with the score of 467.76 (56 unrouted), using 43035.12 CPU seconds and 378582 MB memory.
2026-09-11 18:07:25.366 INFO   [10FB49\F17C88] Auto-router pass #707 on board '5220ebbde4260c795c73d3b2bd3f203d' was completed in 0.41 seconds with the score of 467.76 (56 unrouted), using 43324.89 CPU seconds and 379867 MB memory.
2026-09-11 18:07:25.798 INFO   [10FB49\F17C88] Auto-router pass #708 on board '5220ebbde4260c795c73d3b2bd3f203d' was completed in 0.43 seconds with the score of 467.76 (56 unrouted), using 43324.89 CPU seconds and 379867 MB memory.
2026-09-11 18:07:26.212 INFO   [10FB49\F17C88] Auto-router pass #709 on board '5220ebbde4260c795c73d3b2bd3f203d' was completed in 0.41 seconds with the score of 467.76 (56 unrouted), using 43615.64 CPU seconds and 381150 MB memory.
2026-09-11 18:07:26.626 INFO   [10FB49\F17C88] Auto-router pass #710 on board '5220ebbde4260c795c73d3b2bd3f203d' was completed in 0.41 seconds with the score of 467.76 (56 unrouted), using 43615.64 CPU seconds and 381150 MB memory.
2026-09-11 18:07:27.044 INFO   [10FB49\F17C88] Auto-router pass #711 on board '5220ebbde4260c795c73d3b2bd3f203d' was completed in 0.42 seconds with the score of 467.76 (56 unrouted), using 43907.36 CPU seconds and 382434 MB memory.
2026-09-11 18:07:27.477 INFO   [10FB49\F17C88] Auto-router pass #712 on board '5220ebbde4260c795c73d3b2bd3f203d' was completed in 0.43 seconds with the score of 467.76 (56 unrouted), using 43907.36 CPU seconds and 382434 MB memory.
2026-09-11 18:07:27.892 INFO   [10FB49\F17C88] Auto-router pass #713 on board '5220ebbde4260c795c73d3b2bd3f203d' was completed in 0.41 seconds with the score of 467.76 (56 unrouted), using 43907.36 CPU seconds and 382434 MB memory.
2026-09-11 18:07:28.307 INFO   [10FB49\F17C88] Auto-router pass #714 on board '5220ebbde4260c795c73d3b2bd3f203d' was completed in 0.41 seconds with the score of 467.76 (56 unrouted), using 44200.05 CPU seconds and 383710 MB memory.
2026-09-11 18:07:28.727 INFO   [10FB49\F17C88] Auto-router pass #715 on board '5220ebbde4260c795c73d3b2bd3f203d' was completed in 0.42 seconds with the score of 467.76 (56 unrouted), using 44200.05 CPU seconds and 383710 MB memory.
2026-09-11 18:07:29.168 INFO   [10FB49\F17C88] Auto-router pass #716 on board '5220ebbde4260c795c73d3b2bd3f203d' was completed in 0.44 seconds with the score of 467.76 (56 unrouted), using 44493.71 CPU seconds and 384975 MB memory.
2026-09-11 18:07:29.585 INFO   [10FB49\F17C88] Auto-router pass #717 on board '5220ebbde4260c795c73d3b2bd3f203d' was completed in 0.41 seconds with the score of 467.76 (56 unrouted), using 44493.71 CPU seconds and 384975 MB memory.
2026-09-11 18:07:30.006 INFO   [10FB49\F17C88] Auto-router pass #718 on board '5220ebbde4260c795c73d3b2bd3f203d' was completed in 0.41 seconds with the score of 467.76 (56 unrouted), using 44788.34 CPU seconds and 386252 MB memory.
2026-09-11 18:07:30.427 INFO   [10FB49\F17C88] Auto-router pass #719 on board '5220ebbde4260c795c73d3b2bd3f203d' was completed in 0.42 seconds with the score of 467.76 (56 unrouted), using 44788.34 CPU seconds and 386252 MB memory.
2026-09-11 18:07:30.863 INFO   [10FB49\F17C88] Auto-router pass #720 on board '5220ebbde4260c795c73d3b2bd3f203d' was completed in 0.43 seconds with the score of 467.76 (56 unrouted), using 44788.34 CPU seconds and 386252 MB memory.
2026-09-11 18:07:31.276 INFO   [10FB49\F17C88] Auto-router pass #721 on board '5220ebbde4260c795c73d3b2bd3f203d' was completed in 0.41 seconds with the score of 467.76 (56 unrouted), using 45083.94 CPU seconds and 387523 MB memory.
2026-09-11 18:07:31.694 INFO   [10FB49\F17C88] Auto-router pass #722 on board '5220ebbde4260c795c73d3b2bd3f203d' was completed in 0.41 seconds with the score of 467.76 (56 unrouted), using 45083.94 CPU seconds and 387523 MB memory.
2026-09-11 18:07:32.112 INFO   [10FB49\F17C88] Auto-router pass #723 on board '5220ebbde4260c795c73d3b2bd3f203d' was completed in 0.42 seconds with the score of 467.76 (56 unrouted), using 45380.51 CPU seconds and 388792 MB memory.
2026-09-11 18:07:32.555 INFO   [10FB49\F17C88] Auto-router pass #724 on board '5220ebbde4260c795c73d3b2bd3f203d' was completed in 0.44 seconds with the score of 467.76 (56 unrouted), using 45380.51 CPU seconds and 388792 MB memory.
2026-09-11 18:07:32.966 INFO   [10FB49\F17C88] Auto-router pass #725 on board '5220ebbde4260c795c73d3b2bd3f203d' was completed in 0.41 seconds with the score of 467.76 (56 unrouted), using 45380.51 CPU seconds and 388792 MB memory.
2026-09-11 18:07:33.373 INFO   [10FB49\F17C88] Auto-router pass #726 on board '5220ebbde4260c795c73d3b2bd3f203d' was completed in 0.41 seconds with the score of 467.76 (56 unrouted), using 45678.06 CPU seconds and 390064 MB memory.
2026-09-11 18:07:33.784 INFO   [10FB49\F17C88] Auto-router pass #727 on board '5220ebbde4260c795c73d3b2bd3f203d' was completed in 0.41 seconds with the score of 467.76 (56 unrouted), using 45678.06 CPU seconds and 390064 MB memory.
2026-09-11 18:07:34.220 INFO   [10FB49\F17C88] Auto-router pass #728 on board '5220ebbde4260c795c73d3b2bd3f203d' was completed in 0.43 seconds with the score of 467.76 (56 unrouted), using 45976.59 CPU seconds and 391364 MB memory.
2026-09-11 18:07:34.653 INFO   [10FB49\F17C88] Auto-router pass #729 on board '5220ebbde4260c795c73d3b2bd3f203d' was completed in 0.43 seconds with the score of 467.76 (56 unrouted), using 45976.59 CPU seconds and 391364 MB memory.
2026-09-11 18:07:35.068 INFO   [10FB49\F17C88] Auto-router pass #730 on board '5220ebbde4260c795c73d3b2bd3f203d' was completed in 0.41 seconds with the score of 467.76 (56 unrouted), using 46276.08 CPU seconds and 392622 MB memory.
2026-09-11 18:07:35.481 INFO   [10FB49\F17C88] Auto-router pass #731 on board '5220ebbde4260c795c73d3b2bd3f203d' was completed in 0.41 seconds with the score of 467.76 (56 unrouted), using 46276.08 CPU seconds and 392622 MB memory.
2026-09-11 18:07:35.918 INFO   [10FB49\F17C88] Auto-router pass #732 on board '5220ebbde4260c795c73d3b2bd3f203d' was completed in 0.43 seconds with the score of 467.76 (56 unrouted), using 46276.08 CPU seconds and 392622 MB memory.
2026-09-11 18:07:36.336 INFO   [10FB49\F17C88] Auto-router pass #733 on board '5220ebbde4260c795c73d3b2bd3f203d' was completed in 0.42 seconds with the score of 467.76 (56 unrouted), using 46576.55 CPU seconds and 393895 MB memory.
2026-09-11 18:07:36.748 INFO   [10FB49\F17C88] Auto-router pass #734 on board '5220ebbde4260c795c73d3b2bd3f203d' was completed in 0.41 seconds with the score of 467.76 (56 unrouted), using 46576.55 CPU seconds and 393895 MB memory.
2026-09-11 18:07:37.161 INFO   [10FB49\F17C88] Auto-router pass #735 on board '5220ebbde4260c795c73d3b2bd3f203d' was completed in 0.41 seconds with the score of 467.76 (56 unrouted), using 46878.00 CPU seconds and 395178 MB memory.
2026-09-11 18:07:37.605 INFO   [10FB49\F17C88] Auto-router pass #736 on board '5220ebbde4260c795c73d3b2bd3f203d' was completed in 0.44 seconds with the score of 467.76 (56 unrouted), using 46878.00 CPU seconds and 395178 MB memory.
2026-09-11 18:07:38.022 INFO   [10FB49\F17C88] Auto-router pass #737 on board '5220ebbde4260c795c73d3b2bd3f203d' was completed in 0.42 seconds with the score of 467.76 (56 unrouted), using 47180.41 CPU seconds and 396449 MB memory.
2026-09-11 18:07:38.434 INFO   [10FB49\F17C88] Auto-router pass #738 on board '5220ebbde4260c795c73d3b2bd3f203d' was completed in 0.41 seconds with the score of 467.76 (56 unrouted), using 47180.41 CPU seconds and 396449 MB memory.
2026-09-11 18:07:38.846 INFO   [10FB49\F17C88] Auto-router pass #739 on board '5220ebbde4260c795c73d3b2bd3f203d' was completed in 0.41 seconds with the score of 467.76 (56 unrouted), using 47180.41 CPU seconds and 396449 MB memory.
2026-09-11 18:07:39.274 INFO   [10FB49\F17C88] Auto-router pass #740 on board '5220ebbde4260c795c73d3b2bd3f203d' was completed in 0.43 seconds with the score of 467.76 (56 unrouted), using 47483.79 CPU seconds and 397738 MB memory.
2026-09-11 18:07:39.691 INFO   [10FB49\F17C88] Auto-router pass #741 on board '5220ebbde4260c795c73d3b2bd3f203d' was completed in 0.41 seconds with the score of 467.76 (56 unrouted), using 47483.79 CPU seconds and 397738 MB memory.
2026-09-11 18:07:40.105 INFO   [10FB49\F17C88] Auto-router pass #742 on board '5220ebbde4260c795c73d3b2bd3f203d' was completed in 0.41 seconds with the score of 467.76 (56 unrouted), using 47788.16 CPU seconds and 399021 MB memory.
2026-09-11 18:07:40.517 INFO   [10FB49\F17C88] Auto-router pass #743 on board '5220ebbde4260c795c73d3b2bd3f203d' was completed in 0.41 seconds with the score of 467.76 (56 unrouted), using 47788.16 CPU seconds and 399021 MB memory.
2026-09-11 18:07:40.952 INFO   [10FB49\F17C88] Auto-router pass #744 on board '5220ebbde4260c795c73d3b2bd3f203d' was completed in 0.43 seconds with the score of 467.76 (56 unrouted), using 47788.16 CPU seconds and 399021 MB memory.
2026-09-11 18:07:41.368 INFO   [10FB49\F17C88] Auto-router pass #745 on board '5220ebbde4260c795c73d3b2bd3f203d' was completed in 0.41 seconds with the score of 467.76 (56 unrouted), using 48093.49 CPU seconds and 400300 MB memory.
2026-09-11 18:07:41.782 INFO   [10FB49\F17C88] Auto-router pass #746 on board '5220ebbde4260c795c73d3b2bd3f203d' was completed in 0.41 seconds with the score of 467.76 (56 unrouted), using 48093.49 CPU seconds and 400300 MB memory.
2026-09-11 18:07:42.198 INFO   [10FB49\F17C88] Auto-router pass #747 on board '5220ebbde4260c795c73d3b2bd3f203d' was completed in 0.41 seconds with the score of 467.76 (56 unrouted), using 48399.80 CPU seconds and 401584 MB memory.
2026-09-11 18:07:42.639 INFO   [10FB49\F17C88] Auto-router pass #748 on board '5220ebbde4260c795c73d3b2bd3f203d' was completed in 0.44 seconds with the score of 467.76 (56 unrouted), using 48399.80 CPU seconds and 401584 MB memory.
2026-09-11 18:07:43.052 INFO   [10FB49\F17C88] Auto-router pass #749 on board '5220ebbde4260c795c73d3b2bd3f203d' was completed in 0.41 seconds with the score of 467.76 (56 unrouted), using 48707.08 CPU seconds and 402859 MB memory.
2026-09-11 18:07:43.471 INFO   [10FB49\F17C88] Auto-router pass #750 on board '5220ebbde4260c795c73d3b2bd3f203d' was completed in 0.42 seconds with the score of 467.76 (56 unrouted), using 48707.08 CPU seconds and 402859 MB memory.
2026-09-11 18:07:43.890 INFO   [10FB49\F17C88] Auto-router pass #751 on board '5220ebbde4260c795c73d3b2bd3f203d' was completed in 0.42 seconds with the score of 467.76 (56 unrouted), using 48707.08 CPU seconds and 402859 MB memory.
2026-09-11 18:07:44.330 INFO   [10FB49\F17C88] Auto-router pass #752 on board '5220ebbde4260c795c73d3b2bd3f203d' was completed in 0.44 seconds with the score of 467.76 (56 unrouted), using 49015.33 CPU seconds and 404128 MB memory.
2026-09-11 18:07:44.754 INFO   [10FB49\F17C88] Auto-router pass #753 on board '5220ebbde4260c795c73d3b2bd3f203d' was completed in 0.42 seconds with the score of 467.76 (56 unrouted), using 49015.33 CPU seconds and 404128 MB memory.
2026-09-11 18:07:45.171 INFO   [10FB49\F17C88] Auto-router pass #754 on board '5220ebbde4260c795c73d3b2bd3f203d' was completed in 0.41 seconds with the score of 467.76 (56 unrouted), using 49324.55 CPU seconds and 405391 MB memory.
2026-09-11 18:07:45.590 INFO   [10FB49\F17C88] Auto-router pass #755 on board '5220ebbde4260c795c73d3b2bd3f203d' was completed in 0.42 seconds with the score of 467.76 (56 unrouted), using 49324.55 CPU seconds and 405391 MB memory.
2026-09-11 18:07:46.023 INFO   [10FB49\F17C88] Auto-router pass #756 on board '5220ebbde4260c795c73d3b2bd3f203d' was completed in 0.43 seconds with the score of 467.76 (56 unrouted), using 49634.75 CPU seconds and 406668 MB memory.
2026-09-11 18:07:46.435 INFO   [10FB49\F17C88] Auto-router pass #757 on board '5220ebbde4260c795c73d3b2bd3f203d' was completed in 0.41 seconds with the score of 467.76 (56 unrouted), using 49634.75 CPU seconds and 406668 MB memory.
2026-09-11 18:07:46.847 INFO   [10FB49\F17C88] Auto-router pass #758 on board '5220ebbde4260c795c73d3b2bd3f203d' was completed in 0.41 seconds with the score of 467.76 (56 unrouted), using 49634.75 CPU seconds and 406668 MB memory.
2026-09-11 18:07:47.263 INFO   [10FB49\F17C88] Auto-router pass #759 on board '5220ebbde4260c795c73d3b2bd3f203d' was completed in 0.41 seconds with the score of 467.76 (56 unrouted), using 49945.92 CPU seconds and 407958 MB memory.
2026-09-11 18:07:47.693 INFO   [10FB49\F17C88] Auto-router pass #760 on board '5220ebbde4260c795c73d3b2bd3f203d' was completed in 0.43 seconds with the score of 467.76 (56 unrouted), using 49945.92 CPU seconds and 407958 MB memory.
2026-09-11 18:07:48.105 INFO   [10FB49\F17C88] Auto-router pass #761 on board '5220ebbde4260c795c73d3b2bd3f203d' was completed in 0.41 seconds with the score of 467.76 (56 unrouted), using 50258.07 CPU seconds and 409240 MB memory.
2026-09-11 18:07:48.521 INFO   [10FB49\F17C88] Auto-router pass #762 on board '5220ebbde4260c795c73d3b2bd3f203d' was completed in 0.41 seconds with the score of 467.76 (56 unrouted), using 50258.07 CPU seconds and 409240 MB memory.
2026-09-11 18:07:48.936 INFO   [10FB49\F17C88] Auto-router pass #763 on board '5220ebbde4260c795c73d3b2bd3f203d' was completed in 0.41 seconds with the score of 467.76 (56 unrouted), using 50258.07 CPU seconds and 409240 MB memory.
2026-09-11 18:07:49.363 INFO   [10FB49\F17C88] Auto-router pass #764 on board '5220ebbde4260c795c73d3b2bd3f203d' was completed in 0.42 seconds with the score of 467.76 (56 unrouted), using 50571.19 CPU seconds and 410526 MB memory.
2026-09-11 18:07:49.778 INFO   [10FB49\F17C88] Auto-router pass #765 on board '5220ebbde4260c795c73d3b2bd3f203d' was completed in 0.41 seconds with the score of 467.76 (56 unrouted), using 50571.19 CPU seconds and 410526 MB memory.
2026-09-11 18:07:50.193 INFO   [10FB49\F17C88] Auto-router pass #766 on board '5220ebbde4260c795c73d3b2bd3f203d' was completed in 0.41 seconds with the score of 467.76 (56 unrouted), using 50885.29 CPU seconds and 411812 MB memory.
2026-09-11 18:07:50.608 INFO   [10FB49\F17C88] Auto-router pass #767 on board '5220ebbde4260c795c73d3b2bd3f203d' was completed in 0.41 seconds with the score of 467.76 (56 unrouted), using 50885.29 CPU seconds and 411812 MB memory.
2026-09-11 18:07:51.042 INFO   [10FB49\F17C88] Auto-router pass #768 on board '5220ebbde4260c795c73d3b2bd3f203d' was completed in 0.43 seconds with the score of 467.76 (56 unrouted), using 51200.36 CPU seconds and 413091 MB memory.
2026-09-11 18:07:51.449 INFO   [10FB49\F17C88] Auto-router pass #769 on board '5220ebbde4260c795c73d3b2bd3f203d' was completed in 0.40 seconds with the score of 467.76 (56 unrouted), using 51200.36 CPU seconds and 413091 MB memory.
2026-09-11 18:07:51.862 INFO   [10FB49\F17C88] Auto-router pass #770 on board '5220ebbde4260c795c73d3b2bd3f203d' was completed in 0.41 seconds with the score of 467.76 (56 unrouted), using 51200.36 CPU seconds and 413091 MB memory.
2026-09-11 18:07:52.275 INFO   [10FB49\F17C88] Auto-router pass #771 on board '5220ebbde4260c795c73d3b2bd3f203d' was completed in 0.41 seconds with the score of 467.76 (56 unrouted), using 51516.40 CPU seconds and 414386 MB memory.
2026-09-11 18:07:52.714 INFO   [10FB49\F17C88] Auto-router pass #772 on board '5220ebbde4260c795c73d3b2bd3f203d' was completed in 0.44 seconds with the score of 467.76 (56 unrouted), using 51516.40 CPU seconds and 414386 MB memory.
2026-09-11 18:07:53.134 INFO   [10FB49\F17C88] Auto-router pass #773 on board '5220ebbde4260c795c73d3b2bd3f203d' was completed in 0.42 seconds with the score of 467.76 (56 unrouted), using 51833.41 CPU seconds and 415659 MB memory.
2026-09-11 18:07:53.552 INFO   [10FB49\F17C88] Auto-router pass #774 on board '5220ebbde4260c795c73d3b2bd3f203d' was completed in 0.41 seconds with the score of 467.76 (56 unrouted), using 51833.41 CPU seconds and 415659 MB memory.
2026-09-11 18:07:53.970 INFO   [10FB49\F17C88] Auto-router pass #775 on board '5220ebbde4260c795c73d3b2bd3f203d' was completed in 0.42 seconds with the score of 467.76 (56 unrouted), using 51833.41 CPU seconds and 415659 MB memory.
2026-09-11 18:07:54.407 INFO   [10FB49\F17C88] Auto-router pass #776 on board '5220ebbde4260c795c73d3b2bd3f203d' was completed in 0.43 seconds with the score of 467.76 (56 unrouted), using 52151.38 CPU seconds and 416929 MB memory.
2026-09-11 18:07:54.821 INFO   [10FB49\F17C88] Auto-router pass #777 on board '5220ebbde4260c795c73d3b2bd3f203d' was completed in 0.41 seconds with the score of 467.76 (56 unrouted), using 52151.38 CPU seconds and 416929 MB memory.
2026-09-11 18:07:55.239 INFO   [10FB49\F17C88] Auto-router pass #778 on board '5220ebbde4260c795c73d3b2bd3f203d' was completed in 0.42 seconds with the score of 467.76 (56 unrouted), using 52470.33 CPU seconds and 418206 MB memory.
2026-09-11 18:07:55.652 INFO   [10FB49\F17C88] Auto-router pass #779 on board '5220ebbde4260c795c73d3b2bd3f203d' was completed in 0.41 seconds with the score of 467.76 (56 unrouted), using 52470.33 CPU seconds and 418206 MB memory.
2026-09-11 18:07:56.082 INFO   [10FB49\F17C88] Auto-router pass #780 on board '5220ebbde4260c795c73d3b2bd3f203d' was completed in 0.43 seconds with the score of 467.76 (56 unrouted), using 52790.25 CPU seconds and 419491 MB memory.
2026-09-11 18:07:56.504 INFO   [10FB49\F17C88] Auto-router pass #781 on board '5220ebbde4260c795c73d3b2bd3f203d' was completed in 0.42 seconds with the score of 467.76 (56 unrouted), using 52790.25 CPU seconds and 419491 MB memory.
2026-09-11 18:07:56.918 INFO   [10FB49\F17C88] Auto-router pass #782 on board '5220ebbde4260c795c73d3b2bd3f203d' was completed in 0.41 seconds with the score of 467.76 (56 unrouted), using 52790.25 CPU seconds and 419491 MB memory.
2026-09-11 18:07:57.333 INFO   [10FB49\F17C88] Auto-router pass #783 on board '5220ebbde4260c795c73d3b2bd3f203d' was completed in 0.41 seconds with the score of 467.76 (56 unrouted), using 53111.15 CPU seconds and 420768 MB memory.
2026-09-11 18:07:57.765 INFO   [10FB49\F17C88] Auto-router pass #784 on board '5220ebbde4260c795c73d3b2bd3f203d' was completed in 0.43 seconds with the score of 467.76 (56 unrouted), using 53111.15 CPU seconds and 420768 MB memory.
2026-09-11 18:07:58.179 INFO   [10FB49\F17C88] Auto-router pass #785 on board '5220ebbde4260c795c73d3b2bd3f203d' was completed in 0.41 seconds with the score of 467.76 (56 unrouted), using 53433.02 CPU seconds and 422051 MB memory.
2026-09-11 18:07:58.593 INFO   [10FB49\F17C88] Auto-router pass #786 on board '5220ebbde4260c795c73d3b2bd3f203d' was completed in 0.41 seconds with the score of 467.76 (56 unrouted), using 53433.02 CPU seconds and 422051 MB memory.
2026-09-11 18:07:59.008 INFO   [10FB49\F17C88] Auto-router pass #787 on board '5220ebbde4260c795c73d3b2bd3f203d' was completed in 0.41 seconds with the score of 467.76 (56 unrouted), using 53755.87 CPU seconds and 423332 MB memory.
2026-09-11 18:07:59.436 INFO   [10FB49\F17C88] Auto-router pass #788 on board '5220ebbde4260c795c73d3b2bd3f203d' was completed in 0.43 seconds with the score of 467.76 (56 unrouted), using 53755.87 CPU seconds and 423332 MB memory.
2026-09-11 18:07:59.848 INFO   [10FB49\F17C88] Auto-router pass #789 on board '5220ebbde4260c795c73d3b2bd3f203d' was completed in 0.41 seconds with the score of 467.76 (56 unrouted), using 53755.87 CPU seconds and 423332 MB memory.
2026-09-11 18:08:00.260 INFO   [10FB49\F17C88] Auto-router pass #790 on board '5220ebbde4260c795c73d3b2bd3f203d' was completed in 0.41 seconds with the score of 467.76 (56 unrouted), using 54079.69 CPU seconds and 424623 MB memory.
2026-09-11 18:08:00.669 INFO   [10FB49\F17C88] Auto-router pass #791 on board '5220ebbde4260c795c73d3b2bd3f203d' was completed in 0.41 seconds with the score of 467.76 (56 unrouted), using 54079.69 CPU seconds and 424623 MB memory.
2026-09-11 18:08:01.094 INFO   [10FB49\F17C88] Auto-router pass #792 on board '5220ebbde4260c795c73d3b2bd3f203d' was completed in 0.42 seconds with the score of 467.76 (56 unrouted), using 54404.49 CPU seconds and 425924 MB memory.
2026-09-11 18:08:01.506 INFO   [10FB49\F17C88] Auto-router pass #793 on board '5220ebbde4260c795c73d3b2bd3f203d' was completed in 0.41 seconds with the score of 467.76 (56 unrouted), using 54404.49 CPU seconds and 425924 MB memory.
2026-09-11 18:08:01.917 INFO   [10FB49\F17C88] Auto-router pass #794 on board '5220ebbde4260c795c73d3b2bd3f203d' was completed in 0.41 seconds with the score of 467.76 (56 unrouted), using 54404.49 CPU seconds and 425924 MB memory.
2026-09-11 18:08:02.335 INFO   [10FB49\F17C88] Auto-router pass #795 on board '5220ebbde4260c795c73d3b2bd3f203d' was completed in 0.41 seconds with the score of 467.76 (56 unrouted), using 54730.27 CPU seconds and 427214 MB memory.
2026-09-11 18:08:02.769 INFO   [10FB49\F17C88] Auto-router pass #796 on board '5220ebbde4260c795c73d3b2bd3f203d' was completed in 0.43 seconds with the score of 467.76 (56 unrouted), using 54730.27 CPU seconds and 427214 MB memory.
2026-09-11 18:08:03.182 INFO   [10FB49\F17C88] Auto-router pass #797 on board '5220ebbde4260c795c73d3b2bd3f203d' was completed in 0.41 seconds with the score of 467.76 (56 unrouted), using 55057.02 CPU seconds and 428500 MB memory.
2026-09-11 18:08:03.596 INFO   [10FB49\F17C88] Auto-router pass #798 on board '5220ebbde4260c795c73d3b2bd3f203d' was completed in 0.41 seconds with the score of 467.76 (56 unrouted), using 55057.02 CPU seconds and 428500 MB memory.
2026-09-11 18:08:04.010 INFO   [10FB49\F17C88] Auto-router pass #799 on board '5220ebbde4260c795c73d3b2bd3f203d' was completed in 0.41 seconds with the score of 467.76 (56 unrouted), using 55384.73 CPU seconds and 429782 MB memory.
2026-09-11 18:08:04.439 INFO   [10FB49\F17C88] Auto-router pass #800 on board '5220ebbde4260c795c73d3b2bd3f203d' was completed in 0.43 seconds with the score of 467.76 (56 unrouted), using 55384.73 CPU seconds and 429782 MB memory.
2026-09-11 18:08:04.854 INFO   [10FB49\F17C88] Auto-router pass #801 on board '5220ebbde4260c795c73d3b2bd3f203d' was completed in 0.41 seconds with the score of 467.76 (56 unrouted), using 55384.73 CPU seconds and 429782 MB memory.
2026-09-11 18:08:05.272 INFO   [10FB49\F17C88] Auto-router pass #802 on board '5220ebbde4260c795c73d3b2bd3f203d' was completed in 0.42 seconds with the score of 467.76 (56 unrouted), using 55713.43 CPU seconds and 431067 MB memory.
2026-09-11 18:08:05.691 INFO   [10FB49\F17C88] Auto-router pass #803 on board '5220ebbde4260c795c73d3b2bd3f203d' was completed in 0.42 seconds with the score of 467.76 (56 unrouted), using 55713.43 CPU seconds and 431067 MB memory.
2026-09-11 18:08:06.128 INFO   [10FB49\F17C88] Auto-router pass #804 on board '5220ebbde4260c795c73d3b2bd3f203d' was completed in 0.43 seconds with the score of 467.76 (56 unrouted), using 56043.10 CPU seconds and 432340 MB memory.
2026-09-11 18:08:06.547 INFO   [10FB49\F17C88] Auto-router pass #805 on board '5220ebbde4260c795c73d3b2bd3f203d' was completed in 0.42 seconds with the score of 467.76 (56 unrouted), using 56043.10 CPU seconds and 432340 MB memory.
2026-09-11 18:08:06.973 INFO   [10FB49\F17C88] Auto-router pass #806 on board '5220ebbde4260c795c73d3b2bd3f203d' was completed in 0.42 seconds with the score of 467.76 (56 unrouted), using 56043.10 CPU seconds and 432340 MB memory.
2026-09-11 18:08:07.393 INFO   [10FB49\F17C88] Auto-router pass #807 on board '5220ebbde4260c795c73d3b2bd3f203d' was completed in 0.42 seconds with the score of 467.76 (56 unrouted), using 56373.74 CPU seconds and 433600 MB memory.
2026-09-11 18:08:07.832 INFO   [10FB49\F17C88] Auto-router pass #808 on board '5220ebbde4260c795c73d3b2bd3f203d' was completed in 0.44 seconds with the score of 467.76 (56 unrouted), using 56373.74 CPU seconds and 433600 MB memory.
2026-09-11 18:08:08.249 INFO   [10FB49\F17C88] Auto-router pass #809 on board '5220ebbde4260c795c73d3b2bd3f203d' was completed in 0.41 seconds with the score of 467.76 (56 unrouted), using 56705.35 CPU seconds and 434859 MB memory.
2026-09-11 18:08:08.661 INFO   [10FB49\F17C88] Auto-router pass #810 on board '5220ebbde4260c795c73d3b2bd3f203d' was completed in 0.41 seconds with the score of 467.76 (56 unrouted), using 56705.35 CPU seconds and 434859 MB memory.
2026-09-11 18:08:09.069 INFO   [10FB49\F17C88] Auto-router pass #811 on board '5220ebbde4260c795c73d3b2bd3f203d' was completed in 0.41 seconds with the score of 467.76 (56 unrouted), using 57037.94 CPU seconds and 436154 MB memory.
2026-09-11 18:08:09.501 INFO   [10FB49\F17C88] Auto-router pass #812 on board '5220ebbde4260c795c73d3b2bd3f203d' was completed in 0.43 seconds with the score of 467.76 (56 unrouted), using 57037.94 CPU seconds and 436154 MB memory.
2026-09-11 18:08:09.912 INFO   [10FB49\F17C88] Auto-router pass #813 on board '5220ebbde4260c795c73d3b2bd3f203d' was completed in 0.41 seconds with the score of 467.76 (56 unrouted), using 57037.94 CPU seconds and 436154 MB memory.
2026-09-11 18:08:10.321 INFO   [10FB49\F17C88] Auto-router pass #814 on board '5220ebbde4260c795c73d3b2bd3f203d' was completed in 0.41 seconds with the score of 467.76 (56 unrouted), using 57371.50 CPU seconds and 437448 MB memory.
2026-09-11 18:08:10.728 INFO   [10FB49\F17C88] Auto-router pass #815 on board '5220ebbde4260c795c73d3b2bd3f203d' was completed in 0.41 seconds with the score of 467.76 (56 unrouted), using 57371.50 CPU seconds and 437448 MB memory.
2026-09-11 18:08:11.167 INFO   [10FB49\F17C88] Auto-router pass #816 on board '5220ebbde4260c795c73d3b2bd3f203d' was completed in 0.44 seconds with the score of 467.76 (56 unrouted), using 57706.04 CPU seconds and 438741 MB memory.
2026-09-11 18:08:11.578 INFO   [10FB49\F17C88] Auto-router pass #817 on board '5220ebbde4260c795c73d3b2bd3f203d' was completed in 0.41 seconds with the score of 467.76 (56 unrouted), using 57706.04 CPU seconds and 438741 MB memory.
2026-09-11 18:08:11.992 INFO   [10FB49\F17C88] Auto-router pass #818 on board '5220ebbde4260c795c73d3b2bd3f203d' was completed in 0.41 seconds with the score of 467.76 (56 unrouted), using 57706.04 CPU seconds and 438741 MB memory.
2026-09-11 18:08:12.416 INFO   [10FB49\F17C88] Auto-router pass #819 on board '5220ebbde4260c795c73d3b2bd3f203d' was completed in 0.42 seconds with the score of 467.76 (56 unrouted), using 58041.54 CPU seconds and 440023 MB memory.
2026-09-11 18:08:12.847 INFO   [10FB49\F17C88] Auto-router pass #820 on board '5220ebbde4260c795c73d3b2bd3f203d' was completed in 0.43 seconds with the score of 467.76 (56 unrouted), using 58041.54 CPU seconds and 440023 MB memory.
2026-09-11 18:08:13.258 INFO   [10FB49\F17C88] Auto-router pass #821 on board '5220ebbde4260c795c73d3b2bd3f203d' was completed in 0.41 seconds with the score of 467.76 (56 unrouted), using 58378.02 CPU seconds and 441297 MB memory.
2026-09-11 18:08:13.672 INFO   [10FB49\F17C88] Auto-router pass #822 on board '5220ebbde4260c795c73d3b2bd3f203d' was completed in 0.41 seconds with the score of 467.76 (56 unrouted), using 58378.02 CPU seconds and 441297 MB memory.
2026-09-11 18:08:14.085 INFO   [10FB49\F17C88] Auto-router pass #823 on board '5220ebbde4260c795c73d3b2bd3f203d' was completed in 0.41 seconds with the score of 467.76 (56 unrouted), using 58715.46 CPU seconds and 442588 MB memory.
2026-09-11 18:08:14.515 INFO   [10FB49\F17C88] Auto-router pass #824 on board '5220ebbde4260c795c73d3b2bd3f203d' was completed in 0.43 seconds with the score of 467.76 (56 unrouted), using 58715.46 CPU seconds and 442588 MB memory.
2026-09-11 18:08:14.925 INFO   [10FB49\F17C88] Auto-router pass #825 on board '5220ebbde4260c795c73d3b2bd3f203d' was completed in 0.41 seconds with the score of 467.76 (56 unrouted), using 58715.46 CPU seconds and 442588 MB memory.
2026-09-11 18:08:15.335 INFO   [10FB49\F17C88] Auto-router pass #826 on board '5220ebbde4260c795c73d3b2bd3f203d' was completed in 0.41 seconds with the score of 467.76 (56 unrouted), using 59053.89 CPU seconds and 443878 MB memory.
2026-09-11 18:08:15.750 INFO   [10FB49\F17C88] Auto-router pass #827 on board '5220ebbde4260c795c73d3b2bd3f203d' was completed in 0.41 seconds with the score of 467.76 (56 unrouted), using 59053.89 CPU seconds and 443878 MB memory.
2026-09-11 18:08:16.175 INFO   [10FB49\F17C88] Auto-router pass #828 on board '5220ebbde4260c795c73d3b2bd3f203d' was completed in 0.42 seconds with the score of 467.76 (56 unrouted), using 59393.29 CPU seconds and 445171 MB memory.
2026-09-11 18:08:16.587 INFO   [10FB49\F17C88] Auto-router pass #829 on board '5220ebbde4260c795c73d3b2bd3f203d' was completed in 0.41 seconds with the score of 467.76 (56 unrouted), using 59393.29 CPU seconds and 445171 MB memory.
2026-09-11 18:08:17.002 INFO   [10FB49\F17C88] Auto-router pass #830 on board '5220ebbde4260c795c73d3b2bd3f203d' was completed in 0.41 seconds with the score of 467.76 (56 unrouted), using 59733.67 CPU seconds and 446462 MB memory.
2026-09-11 18:08:17.422 INFO   [10FB49\F17C88] Auto-router pass #831 on board '5220ebbde4260c795c73d3b2bd3f203d' was completed in 0.42 seconds with the score of 467.76 (56 unrouted), using 59733.67 CPU seconds and 446462 MB memory.
2026-09-11 18:08:17.852 INFO   [10FB49\F17C88] Auto-router pass #832 on board '5220ebbde4260c795c73d3b2bd3f203d' was completed in 0.43 seconds with the score of 467.76 (56 unrouted), using 59733.67 CPU seconds and 446462 MB memory.
2026-09-11 18:08:18.265 INFO   [10FB49\F17C88] Auto-router pass #833 on board '5220ebbde4260c795c73d3b2bd3f203d' was completed in 0.41 seconds with the score of 467.76 (56 unrouted), using 60075.02 CPU seconds and 447744 MB memory.
2026-09-11 18:08:18.676 INFO   [10FB49\F17C88] Auto-router pass #834 on board '5220ebbde4260c795c73d3b2bd3f203d' was completed in 0.41 seconds with the score of 467.76 (56 unrouted), using 60075.02 CPU seconds and 447744 MB memory.
2026-09-11 18:08:19.088 INFO   [10FB49\F17C88] Auto-router pass #835 on board '5220ebbde4260c795c73d3b2bd3f203d' was completed in 0.41 seconds with the score of 467.76 (56 unrouted), using 60417.34 CPU seconds and 449036 MB memory.
2026-09-11 18:08:19.514 INFO   [10FB49\F17C88] Auto-router pass #836 on board '5220ebbde4260c795c73d3b2bd3f203d' was completed in 0.42 seconds with the score of 467.76 (56 unrouted), using 60417.34 CPU seconds and 449036 MB memory.
2026-09-11 18:08:19.922 INFO   [10FB49\F17C88] Auto-router pass #837 on board '5220ebbde4260c795c73d3b2bd3f203d' was completed in 0.41 seconds with the score of 467.76 (56 unrouted), using 60417.34 CPU seconds and 449036 MB memory.
2026-09-11 18:08:20.331 INFO   [10FB49\F17C88] Auto-router pass #838 on board '5220ebbde4260c795c73d3b2bd3f203d' was completed in 0.41 seconds with the score of 467.76 (56 unrouted), using 60760.65 CPU seconds and 450332 MB memory.
2026-09-11 18:08:20.740 INFO   [10FB49\F17C88] Auto-router pass #839 on board '5220ebbde4260c795c73d3b2bd3f203d' was completed in 0.41 seconds with the score of 467.76 (56 unrouted), using 60760.65 CPU seconds and 450332 MB memory.
2026-09-11 18:08:21.176 INFO   [10FB49\F17C88] Auto-router pass #840 on board '5220ebbde4260c795c73d3b2bd3f203d' was completed in 0.43 seconds with the score of 467.76 (56 unrouted), using 61104.93 CPU seconds and 451623 MB memory.
2026-09-11 18:08:21.588 INFO   [10FB49\F17C88] Auto-router pass #841 on board '5220ebbde4260c795c73d3b2bd3f203d' was completed in 0.41 seconds with the score of 467.76 (56 unrouted), using 61104.93 CPU seconds and 451623 MB memory.
2026-09-11 18:08:22.002 INFO   [10FB49\F17C88] Auto-router pass #842 on board '5220ebbde4260c795c73d3b2bd3f203d' was completed in 0.41 seconds with the score of 467.76 (56 unrouted), using 61104.93 CPU seconds and 451623 MB memory.
2026-09-11 18:08:22.433 INFO   [10FB49\F17C88] Auto-router pass #843 on board '5220ebbde4260c795c73d3b2bd3f203d' was completed in 0.43 seconds with the score of 467.76 (56 unrouted), using 61450.18 CPU seconds and 452911 MB memory.
2026-09-11 18:08:22.866 INFO   [10FB49\F17C88] Auto-router pass #844 on board '5220ebbde4260c795c73d3b2bd3f203d' was completed in 0.43 seconds with the score of 467.76 (56 unrouted), using 61450.18 CPU seconds and 452911 MB memory.
2026-09-11 18:08:23.278 INFO   [10FB49\F17C88] Auto-router pass #845 on board '5220ebbde4260c795c73d3b2bd3f203d' was completed in 0.41 seconds with the score of 467.76 (56 unrouted), using 61796.39 CPU seconds and 454179 MB memory.
2026-09-11 18:08:23.690 INFO   [10FB49\F17C88] Auto-router pass #846 on board '5220ebbde4260c795c73d3b2bd3f203d' was completed in 0.41 seconds with the score of 467.76 (56 unrouted), using 61796.39 CPU seconds and 454179 MB memory.
2026-09-11 18:08:24.105 INFO   [10FB49\F17C88] Auto-router pass #847 on board '5220ebbde4260c795c73d3b2bd3f203d' was completed in 0.41 seconds with the score of 467.76 (56 unrouted), using 62143.58 CPU seconds and 455464 MB memory.
2026-09-11 18:08:24.532 INFO   [10FB49\F17C88] Auto-router pass #848 on board '5220ebbde4260c795c73d3b2bd3f203d' was completed in 0.42 seconds with the score of 467.76 (56 unrouted), using 62143.58 CPU seconds and 455464 MB memory.
2026-09-11 18:08:24.946 INFO   [10FB49\F17C88] Auto-router pass #849 on board '5220ebbde4260c795c73d3b2bd3f203d' was completed in 0.41 seconds with the score of 467.76 (56 unrouted), using 62143.58 CPU seconds and 455464 MB memory.
2026-09-11 18:08:25.364 INFO   [10FB49\F17C88] Auto-router pass #850 on board '5220ebbde4260c795c73d3b2bd3f203d' was completed in 0.42 seconds with the score of 467.76 (56 unrouted), using 62491.75 CPU seconds and 456753 MB memory.
2026-09-11 18:08:25.777 INFO   [10FB49\F17C88] Auto-router pass #851 on board '5220ebbde4260c795c73d3b2bd3f203d' was completed in 0.41 seconds with the score of 467.76 (56 unrouted), using 62491.75 CPU seconds and 456753 MB memory.
2026-09-11 18:08:26.214 INFO   [10FB49\F17C88] Auto-router pass #852 on board '5220ebbde4260c795c73d3b2bd3f203d' was completed in 0.43 seconds with the score of 467.76 (56 unrouted), using 62840.89 CPU seconds and 458029 MB memory.
2026-09-11 18:08:26.633 INFO   [10FB49\F17C88] Auto-router pass #853 on board '5220ebbde4260c795c73d3b2bd3f203d' was completed in 0.42 seconds with the score of 467.76 (56 unrouted), using 62840.89 CPU seconds and 458029 MB memory.
2026-09-11 18:08:27.049 INFO   [10FB49\F17C88] Auto-router pass #854 on board '5220ebbde4260c795c73d3b2bd3f203d' was completed in 0.41 seconds with the score of 467.76 (56 unrouted), using 63190.99 CPU seconds and 459305 MB memory.
2026-09-11 18:08:27.468 INFO   [10FB49\F17C88] Auto-router pass #855 on board '5220ebbde4260c795c73d3b2bd3f203d' was completed in 0.42 seconds with the score of 467.76 (56 unrouted), using 63190.99 CPU seconds and 459305 MB memory.
2026-09-11 18:08:27.899 INFO   [10FB49\F17C88] Auto-router pass #856 on board '5220ebbde4260c795c73d3b2bd3f203d' was completed in 0.43 seconds with the score of 467.76 (56 unrouted), using 63190.99 CPU seconds and 459305 MB memory.
2026-09-11 18:08:28.312 INFO   [10FB49\F17C88] Auto-router pass #857 on board '5220ebbde4260c795c73d3b2bd3f203d' was completed in 0.41 seconds with the score of 467.76 (56 unrouted), using 63542.06 CPU seconds and 460580 MB memory.
2026-09-11 18:08:28.726 INFO   [10FB49\F17C88] Auto-router pass #858 on board '5220ebbde4260c795c73d3b2bd3f203d' was completed in 0.41 seconds with the score of 467.76 (56 unrouted), using 63542.06 CPU seconds and 460580 MB memory.
2026-09-11 18:08:29.138 INFO   [10FB49\F17C88] Auto-router pass #859 on board '5220ebbde4260c795c73d3b2bd3f203d' was completed in 0.41 seconds with the score of 467.76 (56 unrouted), using 63894.10 CPU seconds and 461866 MB memory.
2026-09-11 18:08:29.567 INFO   [10FB49\F17C88] Auto-router pass #860 on board '5220ebbde4260c795c73d3b2bd3f203d' was completed in 0.43 seconds with the score of 467.76 (56 unrouted), using 63894.10 CPU seconds and 461866 MB memory.
2026-09-11 18:08:29.983 INFO   [10FB49\F17C88] Auto-router pass #861 on board '5220ebbde4260c795c73d3b2bd3f203d' was completed in 0.41 seconds with the score of 467.76 (56 unrouted), using 63894.10 CPU seconds and 461866 MB memory.
2026-09-11 18:08:30.396 INFO   [10FB49\F17C88] Auto-router pass #862 on board '5220ebbde4260c795c73d3b2bd3f203d' was completed in 0.41 seconds with the score of 467.76 (56 unrouted), using 64247.11 CPU seconds and 463153 MB memory.
2026-09-11 18:08:30.809 INFO   [10FB49\F17C88] Auto-router pass #863 on board '5220ebbde4260c795c73d3b2bd3f203d' was completed in 0.41 seconds with the score of 467.76 (56 unrouted), using 64247.11 CPU seconds and 463153 MB memory.
2026-09-11 18:08:31.241 INFO   [10FB49\F17C88] Auto-router pass #864 on board '5220ebbde4260c795c73d3b2bd3f203d' was completed in 0.43 seconds with the score of 467.76 (56 unrouted), using 64601.09 CPU seconds and 464443 MB memory.
2026-09-11 18:08:31.658 INFO   [10FB49\F17C88] Auto-router pass #865 on board '5220ebbde4260c795c73d3b2bd3f203d' was completed in 0.41 seconds with the score of 467.76 (56 unrouted), using 64601.09 CPU seconds and 464443 MB memory.
2026-09-11 18:08:32.074 INFO   [10FB49\F17C88] Auto-router pass #866 on board '5220ebbde4260c795c73d3b2bd3f203d' was completed in 0.41 seconds with the score of 467.76 (56 unrouted), using 64956.05 CPU seconds and 465726 MB memory.
2026-09-11 18:08:32.506 INFO   [10FB49\F17C88] Auto-router pass #867 on board '5220ebbde4260c795c73d3b2bd3f203d' was completed in 0.43 seconds with the score of 467.76 (56 unrouted), using 64956.05 CPU seconds and 465726 MB memory.
2026-09-11 18:08:32.946 INFO   [10FB49\F17C88] Auto-router pass #868 on board '5220ebbde4260c795c73d3b2bd3f203d' was completed in 0.44 seconds with the score of 467.76 (56 unrouted), using 64956.05 CPU seconds and 465726 MB memory.
2026-09-11 18:08:33.359 INFO   [10FB49\F17C88] Auto-router pass #869 on board '5220ebbde4260c795c73d3b2bd3f203d' was completed in 0.41 seconds with the score of 467.76 (56 unrouted), using 65311.97 CPU seconds and 466969 MB memory.
2026-09-11 18:08:33.776 INFO   [10FB49\F17C88] Auto-router pass #870 on board '5220ebbde4260c795c73d3b2bd3f203d' was completed in 0.41 seconds with the score of 467.76 (56 unrouted), using 65311.97 CPU seconds and 466969 MB memory.
2026-09-11 18:08:34.194 INFO   [10FB49\F17C88] Auto-router pass #871 on board '5220ebbde4260c795c73d3b2bd3f203d' was completed in 0.42 seconds with the score of 467.76 (56 unrouted), using 65668.88 CPU seconds and 468246 MB memory.
2026-09-11 18:08:34.630 INFO   [10FB49\F17C88] Auto-router pass #872 on board '5220ebbde4260c795c73d3b2bd3f203d' was completed in 0.43 seconds with the score of 467.76 (56 unrouted), using 65668.88 CPU seconds and 468246 MB memory.
2026-09-11 18:08:35.044 INFO   [10FB49\F17C88] Auto-router pass #873 on board '5220ebbde4260c795c73d3b2bd3f203d' was completed in 0.41 seconds with the score of 467.76 (56 unrouted), using 66026.75 CPU seconds and 469532 MB memory.
2026-09-11 18:08:35.454 INFO   [10FB49\F17C88] Auto-router pass #874 on board '5220ebbde4260c795c73d3b2bd3f203d' was completed in 0.41 seconds with the score of 467.76 (56 unrouted), using 66026.75 CPU seconds and 469532 MB memory.
2026-09-11 18:08:35.862 INFO   [10FB49\F17C88] Auto-router pass #875 on board '5220ebbde4260c795c73d3b2bd3f203d' was completed in 0.41 seconds with the score of 467.76 (56 unrouted), using 66026.75 CPU seconds and 469532 MB memory.
2026-09-11 18:08:36.301 INFO   [10FB49\F17C88] Auto-router pass #876 on board '5220ebbde4260c795c73d3b2bd3f203d' was completed in 0.44 seconds with the score of 467.76 (56 unrouted), using 66385.60 CPU seconds and 470831 MB memory.
2026-09-11 18:08:36.719 INFO   [10FB49\F17C88] Auto-router pass #877 on board '5220ebbde4260c795c73d3b2bd3f203d' was completed in 0.41 seconds with the score of 467.76 (56 unrouted), using 66385.60 CPU seconds and 470831 MB memory.
2026-09-11 18:08:37.126 INFO   [10FB49\F17C88] Auto-router pass #878 on board '5220ebbde4260c795c73d3b2bd3f203d' was completed in 0.41 seconds with the score of 467.76 (56 unrouted), using 66745.42 CPU seconds and 472106 MB memory.
2026-09-11 18:08:37.548 INFO   [10FB49\F17C88] Auto-router pass #879 on board '5220ebbde4260c795c73d3b2bd3f203d' was completed in 0.42 seconds with the score of 467.76 (56 unrouted), using 66745.42 CPU seconds and 472106 MB memory.
2026-09-11 18:08:37.983 INFO   [10FB49\F17C88] Auto-router pass #880 on board '5220ebbde4260c795c73d3b2bd3f203d' was completed in 0.43 seconds with the score of 467.76 (56 unrouted), using 66745.42 CPU seconds and 472106 MB memory.
2026-09-11 18:08:38.395 INFO   [10FB49\F17C88] Auto-router pass #881 on board '5220ebbde4260c795c73d3b2bd3f203d' was completed in 0.41 seconds with the score of 467.76 (56 unrouted), using 67106.21 CPU seconds and 473372 MB memory.
2026-09-11 18:08:38.811 INFO   [10FB49\F17C88] Auto-router pass #882 on board '5220ebbde4260c795c73d3b2bd3f203d' was completed in 0.41 seconds with the score of 467.76 (56 unrouted), using 67106.21 CPU seconds and 473372 MB memory.
2026-09-11 18:08:39.221 INFO   [10FB49\F17C88] Auto-router pass #883 on board '5220ebbde4260c795c73d3b2bd3f203d' was completed in 0.41 seconds with the score of 467.76 (56 unrouted), using 67467.98 CPU seconds and 474665 MB memory.
2026-09-11 18:08:39.652 INFO   [10FB49\F17C88] Auto-router pass #884 on board '5220ebbde4260c795c73d3b2bd3f203d' was completed in 0.43 seconds with the score of 467.76 (56 unrouted), using 67467.98 CPU seconds and 474665 MB memory.
2026-09-11 18:08:40.067 INFO   [10FB49\F17C88] Auto-router pass #885 on board '5220ebbde4260c795c73d3b2bd3f203d' was completed in 0.41 seconds with the score of 467.76 (56 unrouted), using 67830.72 CPU seconds and 475954 MB memory.
2026-09-11 18:08:40.478 INFO   [10FB49\F17C88] Auto-router pass #886 on board '5220ebbde4260c795c73d3b2bd3f203d' was completed in 0.41 seconds with the score of 467.76 (56 unrouted), using 67830.72 CPU seconds and 475954 MB memory.
2026-09-11 18:08:40.894 INFO   [10FB49\F17C88] Auto-router pass #887 on board '5220ebbde4260c795c73d3b2bd3f203d' was completed in 0.41 seconds with the score of 467.76 (56 unrouted), using 67830.72 CPU seconds and 475954 MB memory.
2026-09-11 18:08:41.328 INFO   [10FB49\F17C88] Auto-router pass #888 on board '5220ebbde4260c795c73d3b2bd3f203d' was completed in 0.43 seconds with the score of 467.76 (56 unrouted), using 68194.43 CPU seconds and 477236 MB memory.
2026-09-11 18:08:41.745 INFO   [10FB49\F17C88] Auto-router pass #889 on board '5220ebbde4260c795c73d3b2bd3f203d' was completed in 0.41 seconds with the score of 467.76 (56 unrouted), using 68194.43 CPU seconds and 477236 MB memory.
2026-09-11 18:08:42.161 INFO   [10FB49\F17C88] Auto-router pass #890 on board '5220ebbde4260c795c73d3b2bd3f203d' was completed in 0.41 seconds with the score of 467.76 (56 unrouted), using 68559.12 CPU seconds and 478514 MB memory.
2026-09-11 18:08:42.582 INFO   [10FB49\F17C88] Auto-router pass #891 on board '5220ebbde4260c795c73d3b2bd3f203d' was completed in 0.42 seconds with the score of 467.76 (56 unrouted), using 68559.12 CPU seconds and 478514 MB memory.
2026-09-11 18:08:43.016 INFO   [10FB49\F17C88] Auto-router pass #892 on board '5220ebbde4260c795c73d3b2bd3f203d' was completed in 0.43 seconds with the score of 467.76 (56 unrouted), using 68924.77 CPU seconds and 479786 MB memory.
2026-09-11 18:08:43.435 INFO   [10FB49\F17C88] Auto-router pass #893 on board '5220ebbde4260c795c73d3b2bd3f203d' was completed in 0.42 seconds with the score of 467.76 (56 unrouted), using 68924.77 CPU seconds and 479786 MB memory.
2026-09-11 18:08:43.856 INFO   [10FB49\F17C88] Auto-router pass #894 on board '5220ebbde4260c795c73d3b2bd3f203d' was completed in 0.42 seconds with the score of 467.76 (56 unrouted), using 68924.77 CPU seconds and 479786 MB memory.
2026-09-11 18:08:44.278 INFO   [10FB49\F17C88] Auto-router pass #895 on board '5220ebbde4260c795c73d3b2bd3f203d' was completed in 0.42 seconds with the score of 467.76 (56 unrouted), using 69291.41 CPU seconds and 481055 MB memory.
2026-09-11 18:08:44.712 INFO   [10FB49\F17C88] Auto-router pass #896 on board '5220ebbde4260c795c73d3b2bd3f203d' was completed in 0.43 seconds with the score of 467.76 (56 unrouted), using 69291.41 CPU seconds and 481055 MB memory.
2026-09-11 18:08:45.123 INFO   [10FB49\F17C88] Auto-router pass #897 on board '5220ebbde4260c795c73d3b2bd3f203d' was completed in 0.41 seconds with the score of 467.76 (56 unrouted), using 69659.01 CPU seconds and 482328 MB memory.
2026-09-11 18:08:45.537 INFO   [10FB49\F17C88] Auto-router pass #898 on board '5220ebbde4260c795c73d3b2bd3f203d' was completed in 0.41 seconds with the score of 467.76 (56 unrouted), using 69659.01 CPU seconds and 482328 MB memory.
2026-09-11 18:08:45.950 INFO   [10FB49\F17C88] Auto-router pass #899 on board '5220ebbde4260c795c73d3b2bd3f203d' was completed in 0.41 seconds with the score of 467.76 (56 unrouted), using 69659.01 CPU seconds and 482328 MB memory.
2026-09-11 18:08:46.379 INFO   [10FB49\F17C88] Auto-router pass #900 on board '5220ebbde4260c795c73d3b2bd3f203d' was completed in 0.43 seconds with the score of 467.76 (56 unrouted), using 70027.59 CPU seconds and 483615 MB memory.
2026-09-11 18:08:46.802 INFO   [10FB49\F17C88] Auto-router pass #901 on board '5220ebbde4260c795c73d3b2bd3f203d' was completed in 0.42 seconds with the score of 467.76 (56 unrouted), using 70027.59 CPU seconds and 483615 MB memory.
2026-09-11 18:08:47.216 INFO   [10FB49\F17C88] Auto-router pass #902 on board '5220ebbde4260c795c73d3b2bd3f203d' was completed in 0.41 seconds with the score of 467.76 (56 unrouted), using 70397.13 CPU seconds and 484895 MB memory.
2026-09-11 18:08:47.639 INFO   [10FB49\F17C88] Auto-router pass #903 on board '5220ebbde4260c795c73d3b2bd3f203d' was completed in 0.42 seconds with the score of 467.76 (56 unrouted), using 70397.13 CPU seconds and 484895 MB memory.
2026-09-11 18:08:48.072 INFO   [10FB49\F17C88] Auto-router pass #904 on board '5220ebbde4260c795c73d3b2bd3f203d' was completed in 0.43 seconds with the score of 467.76 (56 unrouted), using 70767.65 CPU seconds and 486167 MB memory.
2026-09-11 18:08:48.488 INFO   [10FB49\F17C88] Auto-router pass #905 on board '5220ebbde4260c795c73d3b2bd3f203d' was completed in 0.41 seconds with the score of 467.76 (56 unrouted), using 70767.65 CPU seconds and 486167 MB memory.
2026-09-11 18:08:48.905 INFO   [10FB49\F17C88] Auto-router pass #906 on board '5220ebbde4260c795c73d3b2bd3f203d' was completed in 0.41 seconds with the score of 467.76 (56 unrouted), using 70767.65 CPU seconds and 486167 MB memory.
2026-09-11 18:08:49.316 INFO   [10FB49\F17C88] Auto-router pass #907 on board '5220ebbde4260c795c73d3b2bd3f203d' was completed in 0.41 seconds with the score of 467.76 (56 unrouted), using 71139.13 CPU seconds and 487444 MB memory.
2026-09-11 18:08:49.743 INFO   [10FB49\F17C88] Auto-router pass #908 on board '5220ebbde4260c795c73d3b2bd3f203d' was completed in 0.42 seconds with the score of 467.76 (56 unrouted), using 71139.13 CPU seconds and 487444 MB memory.
2026-09-11 18:08:50.158 INFO   [10FB49\F17C88] Auto-router pass #909 on board '5220ebbde4260c795c73d3b2bd3f203d' was completed in 0.41 seconds with the score of 467.76 (56 unrouted), using 71511.59 CPU seconds and 488736 MB memory.
2026-09-11 18:08:50.577 INFO   [10FB49\F17C88] Auto-router pass #910 on board '5220ebbde4260c795c73d3b2bd3f203d' was completed in 0.42 seconds with the score of 467.76 (56 unrouted), using 71511.59 CPU seconds and 488736 MB memory.
2026-09-11 18:08:50.993 INFO   [10FB49\F17C88] Auto-router pass #911 on board '5220ebbde4260c795c73d3b2bd3f203d' was completed in 0.41 seconds with the score of 467.76 (56 unrouted), using 71511.59 CPU seconds and 488736 MB memory.
2026-09-11 18:08:51.426 INFO   [10FB49\F17C88] Auto-router pass #912 on board '5220ebbde4260c795c73d3b2bd3f203d' was completed in 0.43 seconds with the score of 467.76 (56 unrouted), using 71885.02 CPU seconds and 490011 MB memory.
2026-09-11 18:08:51.840 INFO   [10FB49\F17C88] Auto-router pass #913 on board '5220ebbde4260c795c73d3b2bd3f203d' was completed in 0.41 seconds with the score of 467.76 (56 unrouted), using 71885.02 CPU seconds and 490011 MB memory.
2026-09-11 18:08:52.250 INFO   [10FB49\F17C88] Auto-router pass #914 on board '5220ebbde4260c795c73d3b2bd3f203d' was completed in 0.41 seconds with the score of 467.76 (56 unrouted), using 72259.43 CPU seconds and 491302 MB memory.
2026-09-11 18:08:52.661 INFO   [10FB49\F17C88] Auto-router pass #915 on board '5220ebbde4260c795c73d3b2bd3f203d' was completed in 0.41 seconds with the score of 467.76 (56 unrouted), using 72259.43 CPU seconds and 491302 MB memory.
2026-09-11 18:08:53.089 INFO   [10FB49\F17C88] Auto-router pass #916 on board '5220ebbde4260c795c73d3b2bd3f203d' was completed in 0.42 seconds with the score of 467.76 (56 unrouted), using 72634.81 CPU seconds and 492594 MB memory.
2026-09-11 18:08:53.503 INFO   [10FB49\F17C88] Auto-router pass #917 on board '5220ebbde4260c795c73d3b2bd3f203d' was completed in 0.41 seconds with the score of 467.76 (56 unrouted), using 72634.81 CPU seconds and 492594 MB memory.
2026-09-11 18:08:53.916 INFO   [10FB49\F17C88] Auto-router pass #918 on board '5220ebbde4260c795c73d3b2bd3f203d' was completed in 0.41 seconds with the score of 467.76 (56 unrouted), using 72634.81 CPU seconds and 492594 MB memory.
2026-09-11 18:08:54.332 INFO   [10FB49\F17C88] Auto-router pass #919 on board '5220ebbde4260c795c73d3b2bd3f203d' was completed in 0.41 seconds with the score of 467.76 (56 unrouted), using 73011.17 CPU seconds and 493879 MB memory.
2026-09-11 18:08:54.765 INFO   [10FB49\F17C88] Auto-router pass #920 on board '5220ebbde4260c795c73d3b2bd3f203d' was completed in 0.43 seconds with the score of 467.76 (56 unrouted), using 73011.17 CPU seconds and 493879 MB memory.
2026-09-11 18:08:55.176 INFO   [10FB49\F17C88] Auto-router pass #921 on board '5220ebbde4260c795c73d3b2bd3f203d' was completed in 0.41 seconds with the score of 467.76 (56 unrouted), using 73388.50 CPU seconds and 495158 MB memory.
2026-09-11 18:08:55.591 INFO   [10FB49\F17C88] Auto-router pass #922 on board '5220ebbde4260c795c73d3b2bd3f203d' was completed in 0.41 seconds with the score of 467.76 (56 unrouted), using 73388.50 CPU seconds and 495158 MB memory.
2026-09-11 18:08:56.003 INFO   [10FB49\F17C88] Auto-router pass #923 on board '5220ebbde4260c795c73d3b2bd3f203d' was completed in 0.41 seconds with the score of 467.76 (56 unrouted), using 73388.50 CPU seconds and 495158 MB memory.
2026-09-11 18:08:56.429 INFO   [10FB49\F17C88] Auto-router pass #924 on board '5220ebbde4260c795c73d3b2bd3f203d' was completed in 0.42 seconds with the score of 467.76 (56 unrouted), using 73766.80 CPU seconds and 496451 MB memory.
2026-09-11 18:08:56.848 INFO   [10FB49\F17C88] Auto-router pass #925 on board '5220ebbde4260c795c73d3b2bd3f203d' was completed in 0.42 seconds with the score of 467.76 (56 unrouted), using 73766.80 CPU seconds and 496451 MB memory.
2026-09-11 18:08:57.263 INFO   [10FB49\F17C88] Auto-router pass #926 on board '5220ebbde4260c795c73d3b2bd3f203d' was completed in 0.41 seconds with the score of 467.76 (56 unrouted), using 74146.07 CPU seconds and 497728 MB memory.
2026-09-11 18:08:57.678 INFO   [10FB49\F17C88] Auto-router pass #927 on board '5220ebbde4260c795c73d3b2bd3f203d' was completed in 0.41 seconds with the score of 467.76 (56 unrouted), using 74146.07 CPU seconds and 497728 MB memory.
2026-09-11 18:08:58.106 INFO   [10FB49\F17C88] Auto-router pass #928 on board '5220ebbde4260c795c73d3b2bd3f203d' was completed in 0.43 seconds with the score of 467.76 (56 unrouted), using 74526.31 CPU seconds and 499021 MB memory.
2026-09-11 18:08:58.522 INFO   [10FB49\F17C88] Auto-router pass #929 on board '5220ebbde4260c795c73d3b2bd3f203d' was completed in 0.41 seconds with the score of 467.76 (56 unrouted), using 74526.31 CPU seconds and 499021 MB memory.
2026-09-11 18:08:58.931 INFO   [10FB49\F17C88] Auto-router pass #930 on board '5220ebbde4260c795c73d3b2bd3f203d' was completed in 0.41 seconds with the score of 467.76 (56 unrouted), using 74526.31 CPU seconds and 499021 MB memory.
2026-09-11 18:08:59.344 INFO   [10FB49\F17C88] Auto-router pass #931 on board '5220ebbde4260c795c73d3b2bd3f203d' was completed in 0.41 seconds with the score of 467.76 (56 unrouted), using 74907.53 CPU seconds and 500311 MB memory.
2026-09-11 18:08:59.771 INFO   [10FB49\F17C88] Auto-router pass #932 on board '5220ebbde4260c795c73d3b2bd3f203d' was completed in 0.42 seconds with the score of 467.76 (56 unrouted), using 74907.53 CPU seconds and 500311 MB memory.
2026-09-11 18:09:00.185 INFO   [10FB49\F17C88] Auto-router pass #933 on board '5220ebbde4260c795c73d3b2bd3f203d' was completed in 0.41 seconds with the score of 467.76 (56 unrouted), using 75289.73 CPU seconds and 501605 MB memory.
2026-09-11 18:09:00.599 INFO   [10FB49\F17C88] Auto-router pass #934 on board '5220ebbde4260c795c73d3b2bd3f203d' was completed in 0.41 seconds with the score of 467.76 (56 unrouted), using 75289.73 CPU seconds and 501605 MB memory.
2026-09-11 18:09:01.013 INFO   [10FB49\F17C88] Auto-router pass #935 on board '5220ebbde4260c795c73d3b2bd3f203d' was completed in 0.41 seconds with the score of 467.76 (56 unrouted), using 75289.73 CPU seconds and 501605 MB memory.
2026-09-11 18:09:01.440 INFO   [10FB49\F17C88] Auto-router pass #936 on board '5220ebbde4260c795c73d3b2bd3f203d' was completed in 0.42 seconds with the score of 467.76 (56 unrouted), using 75672.89 CPU seconds and 502886 MB memory.
2026-09-11 18:09:01.855 INFO   [10FB49\F17C88] Auto-router pass #937 on board '5220ebbde4260c795c73d3b2bd3f203d' was completed in 0.41 seconds with the score of 467.76 (56 unrouted), using 75672.89 CPU seconds and 502886 MB memory.
2026-09-11 18:09:02.268 INFO   [10FB49\F17C88] Auto-router pass #938 on board '5220ebbde4260c795c73d3b2bd3f203d' was completed in 0.41 seconds with the score of 467.76 (56 unrouted), using 76057.03 CPU seconds and 504172 MB memory.
2026-09-11 18:09:02.685 INFO   [10FB49\F17C88] Auto-router pass #939 on board '5220ebbde4260c795c73d3b2bd3f203d' was completed in 0.41 seconds with the score of 467.76 (56 unrouted), using 76057.03 CPU seconds and 504172 MB memory.
2026-09-11 18:09:03.116 INFO   [10FB49\F17C88] Auto-router pass #940 on board '5220ebbde4260c795c73d3b2bd3f203d' was completed in 0.43 seconds with the score of 467.76 (56 unrouted), using 76442.15 CPU seconds and 505460 MB memory.
2026-09-11 18:09:03.525 INFO   [10FB49\F17C88] Auto-router pass #941 on board '5220ebbde4260c795c73d3b2bd3f203d' was completed in 0.41 seconds with the score of 467.76 (56 unrouted), using 76442.15 CPU seconds and 505460 MB memory.
2026-09-11 18:09:03.942 INFO   [10FB49\F17C88] Auto-router pass #942 on board '5220ebbde4260c795c73d3b2bd3f203d' was completed in 0.41 seconds with the score of 467.76 (56 unrouted), using 76442.15 CPU seconds and 505460 MB memory.
2026-09-11 18:09:04.355 INFO   [10FB49\F17C88] Auto-router pass #943 on board '5220ebbde4260c795c73d3b2bd3f203d' was completed in 0.41 seconds with the score of 467.76 (56 unrouted), using 76828.23 CPU seconds and 506751 MB memory.
2026-09-11 18:09:04.785 INFO   [10FB49\F17C88] Auto-router pass #944 on board '5220ebbde4260c795c73d3b2bd3f203d' was completed in 0.43 seconds with the score of 467.76 (56 unrouted), using 76828.23 CPU seconds and 506751 MB memory.
2026-09-11 18:09:05.197 INFO   [10FB49\F17C88] Auto-router pass #945 on board '5220ebbde4260c795c73d3b2bd3f203d' was completed in 0.41 seconds with the score of 467.76 (56 unrouted), using 77215.30 CPU seconds and 508042 MB memory.
2026-09-11 18:09:05.621 INFO   [10FB49\F17C88] Auto-router pass #946 on board '5220ebbde4260c795c73d3b2bd3f203d' was completed in 0.42 seconds with the score of 467.76 (56 unrouted), using 77215.30 CPU seconds and 508042 MB memory.
2026-09-11 18:09:06.037 INFO   [10FB49\F17C88] Auto-router pass #947 on board '5220ebbde4260c795c73d3b2bd3f203d' was completed in 0.41 seconds with the score of 467.76 (56 unrouted), using 77603.34 CPU seconds and 509311 MB memory.
2026-09-11 18:09:06.473 INFO   [10FB49\F17C88] Auto-router pass #948 on board '5220ebbde4260c795c73d3b2bd3f203d' was completed in 0.43 seconds with the score of 467.76 (56 unrouted), using 77603.34 CPU seconds and 509311 MB memory.
2026-09-11 18:09:06.894 INFO   [10FB49\F17C88] Auto-router pass #949 on board '5220ebbde4260c795c73d3b2bd3f203d' was completed in 0.42 seconds with the score of 467.76 (56 unrouted), using 77603.34 CPU seconds and 509311 MB memory.
2026-09-11 18:09:07.305 INFO   [10FB49\F17C88] Auto-router pass #950 on board '5220ebbde4260c795c73d3b2bd3f203d' was completed in 0.41 seconds with the score of 467.76 (56 unrouted), using 77992.35 CPU seconds and 510575 MB memory.
2026-09-11 18:09:07.724 INFO   [10FB49\F17C88] Auto-router pass #951 on board '5220ebbde4260c795c73d3b2bd3f203d' was completed in 0.42 seconds with the score of 467.76 (56 unrouted), using 77992.35 CPU seconds and 510575 MB memory.
2026-09-11 18:09:08.160 INFO   [10FB49\F17C88] Auto-router pass #952 on board '5220ebbde4260c795c73d3b2bd3f203d' was completed in 0.43 seconds with the score of 467.76 (56 unrouted), using 78382.34 CPU seconds and 511859 MB memory.
2026-09-11 18:09:08.576 INFO   [10FB49\F17C88] Auto-router pass #953 on board '5220ebbde4260c795c73d3b2bd3f203d' was completed in 0.41 seconds with the score of 467.76 (56 unrouted), using 78382.34 CPU seconds and 511859 MB memory.
2026-09-11 18:09:08.986 INFO   [10FB49\F17C88] Auto-router pass #954 on board '5220ebbde4260c795c73d3b2bd3f203d' was completed in 0.41 seconds with the score of 467.76 (56 unrouted), using 78382.34 CPU seconds and 511859 MB memory.
2026-09-11 18:09:09.402 INFO   [10FB49\F17C88] Auto-router pass #955 on board '5220ebbde4260c795c73d3b2bd3f203d' was completed in 0.41 seconds with the score of 467.76 (56 unrouted), using 78773.30 CPU seconds and 513147 MB memory.
2026-09-11 18:09:09.833 INFO   [10FB49\F17C88] Auto-router pass #956 on board '5220ebbde4260c795c73d3b2bd3f203d' was completed in 0.43 seconds with the score of 467.76 (56 unrouted), using 78773.30 CPU seconds and 513147 MB memory.
2026-09-11 18:09:10.246 INFO   [10FB49\F17C88] Auto-router pass #957 on board '5220ebbde4260c795c73d3b2bd3f203d' was completed in 0.41 seconds with the score of 467.76 (56 unrouted), using 79165.24 CPU seconds and 514427 MB memory.
2026-09-11 18:09:10.661 INFO   [10FB49\F17C88] Auto-router pass #958 on board '5220ebbde4260c795c73d3b2bd3f203d' was completed in 0.41 seconds with the score of 467.76 (56 unrouted), using 79165.24 CPU seconds and 514427 MB memory.
2026-09-11 18:09:11.075 INFO   [10FB49\F17C88] Auto-router pass #959 on board '5220ebbde4260c795c73d3b2bd3f203d' was completed in 0.41 seconds with the score of 467.76 (56 unrouted), using 79558.15 CPU seconds and 515712 MB memory.
2026-09-11 18:09:11.511 INFO   [10FB49\F17C88] Auto-router pass #960 on board '5220ebbde4260c795c73d3b2bd3f203d' was completed in 0.43 seconds with the score of 467.76 (56 unrouted), using 79558.15 CPU seconds and 515712 MB memory.
2026-09-11 18:09:11.931 INFO   [10FB49\F17C88] Auto-router pass #961 on board '5220ebbde4260c795c73d3b2bd3f203d' was completed in 0.42 seconds with the score of 467.76 (56 unrouted), using 79558.15 CPU seconds and 515712 MB memory.
2026-09-11 18:09:12.352 INFO   [10FB49\F17C88] Auto-router pass #962 on board '5220ebbde4260c795c73d3b2bd3f203d' was completed in 0.42 seconds with the score of 467.76 (56 unrouted), using 79952.02 CPU seconds and 516981 MB memory.
2026-09-11 18:09:12.777 INFO   [10FB49\F17C88] Auto-router pass #963 on board '5220ebbde4260c795c73d3b2bd3f203d' was completed in 0.42 seconds with the score of 467.76 (56 unrouted), using 79952.02 CPU seconds and 516981 MB memory.
2026-09-11 18:09:13.213 INFO   [10FB49\F17C88] Auto-router pass #964 on board '5220ebbde4260c795c73d3b2bd3f203d' was completed in 0.43 seconds with the score of 467.76 (56 unrouted), using 80346.87 CPU seconds and 518245 MB memory.
2026-09-11 18:09:13.630 INFO   [10FB49\F17C88] Auto-router pass #965 on board '5220ebbde4260c795c73d3b2bd3f203d' was completed in 0.41 seconds with the score of 467.76 (56 unrouted), using 80346.87 CPU seconds and 518245 MB memory.
2026-09-11 18:09:14.049 INFO   [10FB49\F17C88] Auto-router pass #966 on board '5220ebbde4260c795c73d3b2bd3f203d' was completed in 0.42 seconds with the score of 467.76 (56 unrouted), using 80742.68 CPU seconds and 519513 MB memory.
2026-09-11 18:09:14.464 INFO   [10FB49\F17C88] Auto-router pass #967 on board '5220ebbde4260c795c73d3b2bd3f203d' was completed in 0.41 seconds with the score of 467.76 (56 unrouted), using 80742.68 CPU seconds and 519513 MB memory.
2026-09-11 18:09:14.895 INFO   [10FB49\F17C88] Auto-router pass #968 on board '5220ebbde4260c795c73d3b2bd3f203d' was completed in 0.43 seconds with the score of 467.76 (56 unrouted), using 80742.68 CPU seconds and 519513 MB memory.
2026-09-11 18:09:15.313 INFO   [10FB49\F17C88] Auto-router pass #969 on board '5220ebbde4260c795c73d3b2bd3f203d' was completed in 0.42 seconds with the score of 467.76 (56 unrouted), using 81139.46 CPU seconds and 520795 MB memory.
2026-09-11 18:09:15.728 INFO   [10FB49\F17C88] Auto-router pass #970 on board '5220ebbde4260c795c73d3b2bd3f203d' was completed in 0.41 seconds with the score of 467.76 (56 unrouted), using 81139.46 CPU seconds and 520795 MB memory.
2026-09-11 18:09:16.145 INFO   [10FB49\F17C88] Auto-router pass #971 on board '5220ebbde4260c795c73d3b2bd3f203d' was completed in 0.41 seconds with the score of 467.76 (56 unrouted), using 81537.22 CPU seconds and 522073 MB memory.
2026-09-11 18:09:16.579 INFO   [10FB49\F17C88] Auto-router pass #972 on board '5220ebbde4260c795c73d3b2bd3f203d' was completed in 0.43 seconds with the score of 467.76 (56 unrouted), using 81537.22 CPU seconds and 522073 MB memory.
2026-09-11 18:09:16.993 INFO   [10FB49\F17C88] Auto-router pass #973 on board '5220ebbde4260c795c73d3b2bd3f203d' was completed in 0.41 seconds with the score of 467.76 (56 unrouted), using 81537.22 CPU seconds and 522073 MB memory.
2026-09-11 18:09:17.409 INFO   [10FB49\F17C88] Auto-router pass #974 on board '5220ebbde4260c795c73d3b2bd3f203d' was completed in 0.41 seconds with the score of 467.76 (56 unrouted), using 81935.95 CPU seconds and 523355 MB memory.
2026-09-11 18:09:17.831 INFO   [10FB49\F17C88] Auto-router pass #975 on board '5220ebbde4260c795c73d3b2bd3f203d' was completed in 0.42 seconds with the score of 467.76 (56 unrouted), using 81935.95 CPU seconds and 523355 MB memory.
2026-09-11 18:09:18.271 INFO   [10FB49\F17C88] Auto-router pass #976 on board '5220ebbde4260c795c73d3b2bd3f203d' was completed in 0.44 seconds with the score of 467.76 (56 unrouted), using 82335.66 CPU seconds and 524618 MB memory.
2026-09-11 18:09:18.685 INFO   [10FB49\F17C88] Auto-router pass #977 on board '5220ebbde4260c795c73d3b2bd3f203d' was completed in 0.41 seconds with the score of 467.76 (56 unrouted), using 82335.66 CPU seconds and 524618 MB memory.
2026-09-11 18:09:19.103 INFO   [10FB49\F17C88] Auto-router pass #978 on board '5220ebbde4260c795c73d3b2bd3f203d' was completed in 0.42 seconds with the score of 467.76 (56 unrouted), using 82736.33 CPU seconds and 525900 MB memory.
2026-09-11 18:09:19.514 INFO   [10FB49\F17C88] Auto-router pass #979 on board '5220ebbde4260c795c73d3b2bd3f203d' was completed in 0.41 seconds with the score of 467.76 (56 unrouted), using 82736.33 CPU seconds and 525900 MB memory.
2026-09-11 18:09:19.942 INFO   [10FB49\F17C88] Auto-router pass #980 on board '5220ebbde4260c795c73d3b2bd3f203d' was completed in 0.43 seconds with the score of 467.76 (56 unrouted), using 82736.33 CPU seconds and 525900 MB memory.
2026-09-11 18:09:20.353 INFO   [10FB49\F17C88] Auto-router pass #981 on board '5220ebbde4260c795c73d3b2bd3f203d' was completed in 0.41 seconds with the score of 467.76 (56 unrouted), using 83137.98 CPU seconds and 527189 MB memory.
2026-09-11 18:09:20.766 INFO   [10FB49\F17C88] Auto-router pass #982 on board '5220ebbde4260c795c73d3b2bd3f203d' was completed in 0.41 seconds with the score of 467.76 (56 unrouted), using 83137.98 CPU seconds and 527189 MB memory.
2026-09-11 18:09:21.178 INFO   [10FB49\F17C88] Auto-router pass #983 on board '5220ebbde4260c795c73d3b2bd3f203d' was completed in 0.41 seconds with the score of 467.76 (56 unrouted), using 83540.59 CPU seconds and 528487 MB memory.
2026-09-11 18:09:21.609 INFO   [10FB49\F17C88] Auto-router pass #984 on board '5220ebbde4260c795c73d3b2bd3f203d' was completed in 0.43 seconds with the score of 467.76 (56 unrouted), using 83540.59 CPU seconds and 528487 MB memory.
2026-09-11 18:09:22.020 INFO   [10FB49\F17C88] Auto-router pass #985 on board '5220ebbde4260c795c73d3b2bd3f203d' was completed in 0.41 seconds with the score of 467.76 (56 unrouted), using 83540.59 CPU seconds and 528487 MB memory.
2026-09-11 18:09:22.434 INFO   [10FB49\F17C88] Auto-router pass #986 on board '5220ebbde4260c795c73d3b2bd3f203d' was completed in 0.41 seconds with the score of 467.76 (56 unrouted), using 83944.19 CPU seconds and 529770 MB memory.
2026-09-11 18:09:22.855 INFO   [10FB49\F17C88] Auto-router pass #987 on board '5220ebbde4260c795c73d3b2bd3f203d' was completed in 0.42 seconds with the score of 467.76 (56 unrouted), using 83944.19 CPU seconds and 529770 MB memory.
2026-09-11 18:09:23.288 INFO   [10FB49\F17C88] Auto-router pass #988 on board '5220ebbde4260c795c73d3b2bd3f203d' was completed in 0.43 seconds with the score of 467.76 (56 unrouted), using 84348.75 CPU seconds and 531043 MB memory.
2026-09-11 18:09:23.699 INFO   [10FB49\F17C88] Auto-router pass #989 on board '5220ebbde4260c795c73d3b2bd3f203d' was completed in 0.41 seconds with the score of 467.76 (56 unrouted), using 84348.75 CPU seconds and 531043 MB memory.
2026-09-11 18:09:24.111 INFO   [10FB49\F17C88] Auto-router pass #990 on board '5220ebbde4260c795c73d3b2bd3f203d' was completed in 0.41 seconds with the score of 467.76 (56 unrouted), using 84754.29 CPU seconds and 532334 MB memory.
2026-09-11 18:09:24.533 INFO   [10FB49\F17C88] Auto-router pass #991 on board '5220ebbde4260c795c73d3b2bd3f203d' was completed in 0.42 seconds with the score of 467.76 (56 unrouted), using 84754.29 CPU seconds and 532334 MB memory.
2026-09-11 18:09:24.964 INFO   [10FB49\F17C88] Auto-router pass #992 on board '5220ebbde4260c795c73d3b2bd3f203d' was completed in 0.43 seconds with the score of 467.76 (56 unrouted), using 84754.29 CPU seconds and 532334 MB memory.
2026-09-11 18:09:25.382 INFO   [10FB49\F17C88] Auto-router pass #993 on board '5220ebbde4260c795c73d3b2bd3f203d' was completed in 0.42 seconds with the score of 467.76 (56 unrouted), using 85160.80 CPU seconds and 533613 MB memory.
2026-09-11 18:09:25.795 INFO   [10FB49\F17C88] Auto-router pass #994 on board '5220ebbde4260c795c73d3b2bd3f203d' was completed in 0.41 seconds with the score of 467.76 (56 unrouted), using 85160.80 CPU seconds and 533613 MB memory.
2026-09-11 18:09:26.207 INFO   [10FB49\F17C88] Auto-router pass #995 on board '5220ebbde4260c795c73d3b2bd3f203d' was completed in 0.41 seconds with the score of 467.76 (56 unrouted), using 85568.30 CPU seconds and 534894 MB memory.
2026-09-11 18:09:26.636 INFO   [10FB49\F17C88] Auto-router pass #996 on board '5220ebbde4260c795c73d3b2bd3f203d' was completed in 0.43 seconds with the score of 467.76 (56 unrouted), using 85568.30 CPU seconds and 534894 MB memory.
2026-09-11 18:09:27.050 INFO   [10FB49\F17C88] Auto-router pass #997 on board '5220ebbde4260c795c73d3b2bd3f203d' was completed in 0.41 seconds with the score of 467.76 (56 unrouted), using 85976.76 CPU seconds and 536181 MB memory.
2026-09-11 18:09:27.467 INFO   [10FB49\F17C88] Auto-router pass #998 on board '5220ebbde4260c795c73d3b2bd3f203d' was completed in 0.41 seconds with the score of 467.76 (56 unrouted), using 85976.76 CPU seconds and 536181 MB memory.
2026-09-11 18:09:27.894 INFO   [10FB49\F17C88] Auto-router pass #999 on board '5220ebbde4260c795c73d3b2bd3f203d' was completed in 0.42 seconds with the score of 467.76 (56 unrouted), using 85976.76 CPU seconds and 536181 MB memory.
{
  "host": "KiCad's Pcbnew,9.0.9.1-unknown-202605141413~ce707d0a6c~ubuntu24.04.1",
  "unit": "mm",
  "board": {
    "bounding_box": {
      "x": 661.0,
      "y": 1.0,
      "width": -1.0,
      "height": -751.0
    },
    "size": {
      "x": 0.0,
      "y": 0.0,
      "width": 662.0,
      "height": 752.0
    }
  },
  "layers": {
    "total_count": 2,
    "signal_count": 2
  },
  "items": {
    "total_count": 612,
    "trace_count": 9,
    "via_count": 1,
    "conduction_area_count": 2,
    "drill_item_count": 134,
    "pin_count": 0,
    "component_count": 446,
    "other_count": 20
  },
  "components": {
    "total_count": 46
  },
  "pads": {
    "total_count": 134
  },
  "nets": {
    "total_count": 40,
    "class_count": 2
  },
  "connections": {
    "maximum_count": 106,
    "incomplete_count": 56
  },
  "traces": {
    "total_count": 9,
    "total_segment_count": 20,
    "total_length": 1508.7468,
    "total_weighted_length": 4476411.5,
    "average_length": 167.63855,
    "total_vertical_length": 89.216,
    "total_horizontal_length": 398.231,
    "total_angled_length": 394.7409
  },
  "bends": {
    "total_count": 11,
    "90_degree_count": 0,
    "45_degree_count": 11,
    "other_angle_count": 0
  },
  "vias": {
    "total_count": 1,
    "through_hole_count": 1,
    "blind_count": 0,
    "buried_count": 0
  },
  "clearance_violations": {
    "total_count": 0
  }
}
