WARNING: java.io.tmpdir directory does not exist
2026-09-12 17:56:55.503 INFO   Freerouting v2.1.0 (build-date: 2025-04-12)
2026-09-12 17:56:55.567 WARN   Couldn't get screen resolution. If you are running in a headless environment, disable the GUI by setting gui.enabled to false.
2026-09-12 17:56:56.908 INFO   [1CF536\57C224] Job '1CF536\57C224' started at 2026-09-12T17:56:56.907909602Z
2026-09-12 17:56:57.063 INFO   New version available: v2.4.1
2026-09-12 17:56:58.866 INFO   [1CF536\57C224] Auto-router pass #1 on board '2eea5f885d543ff75a6317d9d20bafcb' was completed in 1.76 seconds with the score of 895.85 (23 unrouted), using 0.86 CPU seconds and 282 MB memory.
2026-09-12 17:56:59.546 INFO   [1CF536\57C224] Auto-router pass #2 on board '1b8632bee71f88ecaa41e205c4a9abc0' was completed in 0.65 seconds with the score of 895.85 (23 unrouted), using 2.65 CPU seconds and 815 MB memory.
2026-09-12 17:57:00.051 INFO   [1CF536\57C224] Auto-router pass #3 on board '1b8632bee71f88ecaa41e205c4a9abc0' was completed in 0.50 seconds with the score of 895.85 (23 unrouted), using 5.42 CPU seconds and 1520 MB memory.
2026-09-12 17:57:01.381 INFO   [1CF536\57C224] Auto-router pass #4 on board '1b8632bee71f88ecaa41e205c4a9abc0' was completed in 1.32 seconds with the score of 910.77 (20 unrouted), using 9.16 CPU seconds and 2091 MB memory.
2026-09-12 17:57:01.828 INFO   [1CF536\57C224] Auto-router pass #5 on board 'ef8ea369ec7428ecdc39a6d27af625e6' was completed in 0.43 seconds with the score of 910.77 (20 unrouted), using 9.16 CPU seconds and 2091 MB memory.
2026-09-12 17:57:02.292 INFO   [1CF536\57C224] Auto-router pass #6 on board 'ef8ea369ec7428ecdc39a6d27af625e6' was completed in 0.46 seconds with the score of 910.77 (20 unrouted), using 13.87 CPU seconds and 2922 MB memory.
2026-09-12 17:57:02.760 INFO   [1CF536\57C224] Auto-router pass #7 on board 'ef8ea369ec7428ecdc39a6d27af625e6' was completed in 0.46 seconds with the score of 910.77 (20 unrouted), using 13.87 CPU seconds and 2922 MB memory.
2026-09-12 17:57:03.434 INFO   [1CF536\57C224] Auto-router pass #8 on board 'ef8ea369ec7428ecdc39a6d27af625e6' was completed in 0.67 seconds with the score of 912.18 (20 unrouted), using 19.56 CPU seconds and 3741 MB memory.
2026-09-12 17:57:03.959 INFO   [1CF536\57C224] Auto-router pass #9 on board 'aa0385a91b7242de9468c57eb22cc6a7' was completed in 0.50 seconds with the score of 912.18 (20 unrouted), using 26.25 CPU seconds and 4468 MB memory.
2026-09-12 17:57:04.422 INFO   [1CF536\57C224] Auto-router pass #10 on board 'aa0385a91b7242de9468c57eb22cc6a7' was completed in 0.46 seconds with the score of 912.18 (20 unrouted), using 26.25 CPU seconds and 4468 MB memory.
2026-09-12 17:57:04.887 INFO   [1CF536\57C224] Auto-router pass #11 on board 'aa0385a91b7242de9468c57eb22cc6a7' was completed in 0.46 seconds with the score of 912.18 (20 unrouted), using 26.25 CPU seconds and 4468 MB memory.
2026-09-12 17:57:05.467 INFO   [1CF536\57C224] Auto-router pass #12 on board 'aa0385a91b7242de9468c57eb22cc6a7' was completed in 0.57 seconds with the score of 909.23 (20 unrouted), using 33.92 CPU seconds and 5351 MB memory.
2026-09-12 17:57:05.906 INFO   [1CF536\57C224] Auto-router pass #13 on board '7c4fe57cb1ab34327b5b61b9a6ce0df4' was completed in 0.42 seconds with the score of 909.23 (20 unrouted), using 33.92 CPU seconds and 5351 MB memory.
2026-09-12 17:57:06.337 INFO   [1CF536\57C224] Auto-router pass #14 on board '7c4fe57cb1ab34327b5b61b9a6ce0df4' was completed in 0.43 seconds with the score of 909.23 (20 unrouted), using 42.59 CPU seconds and 6265 MB memory.
2026-09-12 17:57:06.749 INFO   [1CF536\57C224] Auto-router pass #15 on board '7c4fe57cb1ab34327b5b61b9a6ce0df4' was completed in 0.41 seconds with the score of 909.23 (20 unrouted), using 42.59 CPU seconds and 6265 MB memory.
2026-09-12 17:57:07.384 INFO   [1CF536\57C224] Auto-router pass #16 on board '7c4fe57cb1ab34327b5b61b9a6ce0df4' was completed in 0.63 seconds with the score of 909.23 (20 unrouted), using 52.25 CPU seconds and 7216 MB memory.
2026-09-12 17:57:07.825 INFO   [1CF536\57C224] Auto-router pass #17 on board '7c4fe57cb1ab34327b5b61b9a6ce0df4' was completed in 0.43 seconds with the score of 909.23 (20 unrouted), using 52.25 CPU seconds and 7216 MB memory.
2026-09-12 17:57:08.263 INFO   [1CF536\57C224] Auto-router pass #18 on board '7c4fe57cb1ab34327b5b61b9a6ce0df4' was completed in 0.43 seconds with the score of 909.23 (20 unrouted), using 62.89 CPU seconds and 8130 MB memory.
2026-09-12 17:57:08.693 INFO   [1CF536\57C224] Auto-router pass #19 on board '7c4fe57cb1ab34327b5b61b9a6ce0df4' was completed in 0.42 seconds with the score of 909.23 (20 unrouted), using 62.89 CPU seconds and 8130 MB memory.
2026-09-12 17:57:09.262 INFO   [1CF536\57C224] Auto-router pass #20 on board '7c4fe57cb1ab34327b5b61b9a6ce0df4' was completed in 0.56 seconds with the score of 909.23 (20 unrouted), using 74.54 CPU seconds and 9045 MB memory.
2026-09-12 17:57:09.705 INFO   [1CF536\57C224] Auto-router pass #21 on board '7c4fe57cb1ab34327b5b61b9a6ce0df4' was completed in 0.44 seconds with the score of 909.23 (20 unrouted), using 74.54 CPU seconds and 9045 MB memory.
2026-09-12 17:57:10.133 INFO   [1CF536\57C224] Auto-router pass #22 on board '7c4fe57cb1ab34327b5b61b9a6ce0df4' was completed in 0.42 seconds with the score of 909.23 (20 unrouted), using 87.17 CPU seconds and 9955 MB memory.
2026-09-12 17:57:10.562 INFO   [1CF536\57C224] Auto-router pass #23 on board '7c4fe57cb1ab34327b5b61b9a6ce0df4' was completed in 0.42 seconds with the score of 909.23 (20 unrouted), using 87.17 CPU seconds and 9955 MB memory.
2026-09-12 17:57:11.139 INFO   [1CF536\57C224] Auto-router pass #24 on board '7c4fe57cb1ab34327b5b61b9a6ce0df4' was completed in 0.57 seconds with the score of 909.23 (20 unrouted), using 100.80 CPU seconds and 10895 MB memory.
2026-09-12 17:57:11.568 INFO   [1CF536\57C224] Auto-router pass #25 on board '7c4fe57cb1ab34327b5b61b9a6ce0df4' was completed in 0.42 seconds with the score of 909.23 (20 unrouted), using 100.80 CPU seconds and 10895 MB memory.
2026-09-12 17:57:11.978 INFO   [1CF536\57C224] Auto-router pass #26 on board '7c4fe57cb1ab34327b5b61b9a6ce0df4' was completed in 0.40 seconds with the score of 909.23 (20 unrouted), using 115.42 CPU seconds and 11849 MB memory.
2026-09-12 17:57:12.402 INFO   [1CF536\57C224] Auto-router pass #27 on board '7c4fe57cb1ab34327b5b61b9a6ce0df4' was completed in 0.42 seconds with the score of 909.23 (20 unrouted), using 115.42 CPU seconds and 11849 MB memory.
2026-09-12 17:57:13.000 INFO   [1CF536\57C224] Auto-router pass #28 on board '7c4fe57cb1ab34327b5b61b9a6ce0df4' was completed in 0.59 seconds with the score of 909.23 (20 unrouted), using 131.03 CPU seconds and 12771 MB memory.
2026-09-12 17:57:13.454 INFO   [1CF536\57C224] Auto-router pass #29 on board '7e2f9e4977ef9657f1ae211e1dc3d43e' was completed in 0.44 seconds with the score of 909.23 (20 unrouted), using 131.03 CPU seconds and 12771 MB memory.
2026-09-12 17:57:13.875 INFO   [1CF536\57C224] Auto-router pass #30 on board '7e2f9e4977ef9657f1ae211e1dc3d43e' was completed in 0.41 seconds with the score of 909.23 (20 unrouted), using 131.03 CPU seconds and 12771 MB memory.
2026-09-12 17:57:14.262 INFO   [1CF536\57C224] Auto-router pass #31 on board '7e2f9e4977ef9657f1ae211e1dc3d43e' was completed in 0.38 seconds with the score of 909.23 (20 unrouted), using 147.64 CPU seconds and 13703 MB memory.
2026-09-12 17:57:14.705 INFO   [1CF536\57C224] Auto-router pass #32 on board '7e2f9e4977ef9657f1ae211e1dc3d43e' was completed in 0.44 seconds with the score of 910.32 (20 unrouted), using 147.64 CPU seconds and 13703 MB memory.
2026-09-12 17:57:15.031 INFO   [1CF536\57C224] Auto-router pass #33 on board '0d5c3e816165ab7fe8f9a36540788e49' was completed in 0.32 seconds with the score of 910.32 (20 unrouted), using 165.24 CPU seconds and 14884 MB memory.
2026-09-12 17:57:15.343 INFO   [1CF536\57C224] Auto-router pass #34 on board '0d5c3e816165ab7fe8f9a36540788e49' was completed in 0.31 seconds with the score of 910.32 (20 unrouted), using 165.24 CPU seconds and 14884 MB memory.
2026-09-12 17:57:15.659 INFO   [1CF536\57C224] Auto-router pass #35 on board '0d5c3e816165ab7fe8f9a36540788e49' was completed in 0.31 seconds with the score of 910.32 (20 unrouted), using 165.24 CPU seconds and 14884 MB memory.
2026-09-12 17:57:15.753 WARN   PolylineTrace.get_trace_connection_shape p_index out of range
2026-09-12 17:57:15.754 ERROR  AutorouteEngine.autoroute_connection: Exception in maze_search_algo.find_connection
java.lang.NullPointerException: Cannot invoke "app.freerouting.geometry.planar.TileShape.nearest_point_approx(app.freerouting.geometry.planar.FloatPoint)" because "target_shape" is null
	at app.freerouting.autoroute.MazeSearchAlgo.expand_to_target_doors(MazeSearchAlgo.java:534) ~[freerouting-2.1.0.jar:unspecified]
	at app.freerouting.autoroute.MazeSearchAlgo.expand_to_room_doors(MazeSearchAlgo.java:398) ~[freerouting-2.1.0.jar:unspecified]
	at app.freerouting.autoroute.MazeSearchAlgo.occupy_next_element(MazeSearchAlgo.java:286) ~[freerouting-2.1.0.jar:unspecified]
	at app.freerouting.autoroute.MazeSearchAlgo.find_connection(MazeSearchAlgo.java:206) ~[freerouting-2.1.0.jar:unspecified]
	at app.freerouting.autoroute.AutorouteEngine.autoroute_connection(AutorouteEngine.java:155) [freerouting-2.1.0.jar:unspecified]
	at app.freerouting.autoroute.BatchAutorouter.autoroute_item(BatchAutorouter.java:610) [freerouting-2.1.0.jar:unspecified]
	at app.freerouting.autoroute.BatchAutorouter.autoroute_pass(BatchAutorouter.java:332) [freerouting-2.1.0.jar:unspecified]
	at app.freerouting.autoroute.BatchAutorouter.runBatchLoop(BatchAutorouter.java:447) [freerouting-2.1.0.jar:unspecified]
	at app.freerouting.management.RoutingJobSchedulerActionThread.thread_action(RoutingJobSchedulerActionThread.java:131) [freerouting-2.1.0.jar:unspecified]
	at app.freerouting.core.StoppableThread.run(StoppableThread.java:26) [freerouting-2.1.0.jar:unspecified]
2026-09-12 17:57:15.754 ERROR  AutorouteEngine.autoroute_connection: Exception in maze_search_algo.find_connection
java.lang.NullPointerException: Cannot invoke "app.freerouting.geometry.planar.TileShape.nearest_point_approx(app.freerouting.geometry.planar.FloatPoint)" because "target_shape" is null
	at app.freerouting.autoroute.MazeSearchAlgo.expand_to_target_doors(MazeSearchAlgo.java:534) ~[freerouting-2.1.0.jar:unspecified]
	at app.freerouting.autoroute.MazeSearchAlgo.expand_to_room_doors(MazeSearchAlgo.java:398) ~[freerouting-2.1.0.jar:unspecified]
	at app.freerouting.autoroute.MazeSearchAlgo.occupy_next_element(MazeSearchAlgo.java:286) ~[freerouting-2.1.0.jar:unspecified]
	at app.freerouting.autoroute.MazeSearchAlgo.find_connection(MazeSearchAlgo.java:206) ~[freerouting-2.1.0.jar:unspecified]
	at app.freerouting.autoroute.AutorouteEngine.autoroute_connection(AutorouteEngine.java:155) [freerouting-2.1.0.jar:unspecified]
	at app.freerouting.autoroute.BatchAutorouter.autoroute_item(BatchAutorouter.java:610) [freerouting-2.1.0.jar:unspecified]
	at app.freerouting.autoroute.BatchAutorouter.autoroute_pass(BatchAutorouter.java:332) [freerouting-2.1.0.jar:unspecified]
	at app.freerouting.autoroute.BatchAutorouter.runBatchLoop(BatchAutorouter.java:447) [freerouting-2.1.0.jar:unspecified]
	at app.freerouting.management.RoutingJobSchedulerActionThread.thread_action(RoutingJobSchedulerActionThread.java:131) [freerouting-2.1.0.jar:unspecified]
	at app.freerouting.core.StoppableThread.run(StoppableThread.java:26) [freerouting-2.1.0.jar:unspecified]
2026-09-12 17:57:16.006 INFO   [1CF536\57C224] Auto-router pass #36 on board '0d5c3e816165ab7fe8f9a36540788e49' was completed in 0.34 seconds with the score of 910.32 (20 unrouted), using 183.84 CPU seconds and 16169 MB memory.
2026-09-12 17:57:16.309 INFO   [1CF536\57C224] Auto-router pass #37 on board '0d5c3e816165ab7fe8f9a36540788e49' was completed in 0.30 seconds with the score of 910.32 (20 unrouted), using 183.84 CPU seconds and 16169 MB memory.
2026-09-12 17:57:16.615 INFO   [1CF536\57C224] Auto-router pass #38 on board '0d5c3e816165ab7fe8f9a36540788e49' was completed in 0.30 seconds with the score of 910.32 (20 unrouted), using 183.84 CPU seconds and 16169 MB memory.
2026-09-12 17:57:16.926 INFO   [1CF536\57C224] Auto-router pass #39 on board '0d5c3e816165ab7fe8f9a36540788e49' was completed in 0.31 seconds with the score of 910.32 (20 unrouted), using 203.43 CPU seconds and 17489 MB memory.
2026-09-12 17:57:17.259 INFO   [1CF536\57C224] Auto-router pass #40 on board '0d5c3e816165ab7fe8f9a36540788e49' was completed in 0.33 seconds with the score of 910.32 (20 unrouted), using 203.43 CPU seconds and 17489 MB memory.
2026-09-12 17:57:17.571 INFO   [1CF536\57C224] Auto-router pass #41 on board '0d5c3e816165ab7fe8f9a36540788e49' was completed in 0.31 seconds with the score of 910.32 (20 unrouted), using 203.43 CPU seconds and 17489 MB memory.
2026-09-12 17:57:17.889 INFO   [1CF536\57C224] Auto-router pass #42 on board '0d5c3e816165ab7fe8f9a36540788e49' was completed in 0.31 seconds with the score of 910.32 (20 unrouted), using 203.43 CPU seconds and 17489 MB memory.
2026-09-12 17:57:18.197 INFO   [1CF536\57C224] Auto-router pass #43 on board '0d5c3e816165ab7fe8f9a36540788e49' was completed in 0.30 seconds with the score of 910.32 (20 unrouted), using 224.01 CPU seconds and 18773 MB memory.
2026-09-12 17:57:18.527 INFO   [1CF536\57C224] Auto-router pass #44 on board '0d5c3e816165ab7fe8f9a36540788e49' was completed in 0.33 seconds with the score of 910.32 (20 unrouted), using 224.01 CPU seconds and 18773 MB memory.
2026-09-12 17:57:18.840 INFO   [1CF536\57C224] Auto-router pass #45 on board '0d5c3e816165ab7fe8f9a36540788e49' was completed in 0.31 seconds with the score of 910.32 (20 unrouted), using 224.01 CPU seconds and 18773 MB memory.
2026-09-12 17:57:19.151 INFO   [1CF536\57C224] Auto-router pass #46 on board '0d5c3e816165ab7fe8f9a36540788e49' was completed in 0.31 seconds with the score of 910.32 (20 unrouted), using 245.58 CPU seconds and 20070 MB memory.
2026-09-12 17:57:19.458 INFO   [1CF536\57C224] Auto-router pass #47 on board '0d5c3e816165ab7fe8f9a36540788e49' was completed in 0.30 seconds with the score of 910.32 (20 unrouted), using 245.58 CPU seconds and 20070 MB memory.
2026-09-12 17:57:19.781 INFO   [1CF536\57C224] Auto-router pass #48 on board '0d5c3e816165ab7fe8f9a36540788e49' was completed in 0.32 seconds with the score of 910.32 (20 unrouted), using 245.58 CPU seconds and 20070 MB memory.
2026-09-12 17:57:20.095 INFO   [1CF536\57C224] Auto-router pass #49 on board '0d5c3e816165ab7fe8f9a36540788e49' was completed in 0.31 seconds with the score of 910.32 (20 unrouted), using 268.15 CPU seconds and 21385 MB memory.
2026-09-12 17:57:20.410 INFO   [1CF536\57C224] Auto-router pass #50 on board '0d5c3e816165ab7fe8f9a36540788e49' was completed in 0.31 seconds with the score of 910.32 (20 unrouted), using 268.15 CPU seconds and 21385 MB memory.
2026-09-12 17:57:20.721 INFO   [1CF536\57C224] Auto-router pass #51 on board '0d5c3e816165ab7fe8f9a36540788e49' was completed in 0.31 seconds with the score of 910.32 (20 unrouted), using 268.15 CPU seconds and 21385 MB memory.
2026-09-12 17:57:21.053 INFO   [1CF536\57C224] Auto-router pass #52 on board '0d5c3e816165ab7fe8f9a36540788e49' was completed in 0.33 seconds with the score of 910.32 (20 unrouted), using 291.71 CPU seconds and 22672 MB memory.
2026-09-12 17:57:21.364 INFO   [1CF536\57C224] Auto-router pass #53 on board '0d5c3e816165ab7fe8f9a36540788e49' was completed in 0.31 seconds with the score of 910.32 (20 unrouted), using 291.71 CPU seconds and 22672 MB memory.
2026-09-12 17:57:21.679 INFO   [1CF536\57C224] Auto-router pass #54 on board '0d5c3e816165ab7fe8f9a36540788e49' was completed in 0.31 seconds with the score of 910.32 (20 unrouted), using 291.71 CPU seconds and 22672 MB memory.
2026-09-12 17:57:21.978 INFO   [1CF536\57C224] Auto-router pass #55 on board '0d5c3e816165ab7fe8f9a36540788e49' was completed in 0.29 seconds with the score of 910.32 (20 unrouted), using 316.26 CPU seconds and 23984 MB memory.
2026-09-12 17:57:22.313 INFO   [1CF536\57C224] Auto-router pass #56 on board '0d5c3e816165ab7fe8f9a36540788e49' was completed in 0.33 seconds with the score of 910.32 (20 unrouted), using 316.26 CPU seconds and 23984 MB memory.
2026-09-12 17:57:22.627 INFO   [1CF536\57C224] Auto-router pass #57 on board '0d5c3e816165ab7fe8f9a36540788e49' was completed in 0.31 seconds with the score of 910.32 (20 unrouted), using 316.26 CPU seconds and 23984 MB memory.
2026-09-12 17:57:22.936 INFO   [1CF536\57C224] Auto-router pass #58 on board '0d5c3e816165ab7fe8f9a36540788e49' was completed in 0.30 seconds with the score of 910.32 (20 unrouted), using 341.81 CPU seconds and 25278 MB memory.
2026-09-12 17:57:23.282 INFO   [1CF536\57C224] Auto-router pass #59 on board '0d5c3e816165ab7fe8f9a36540788e49' was completed in 0.34 seconds with the score of 910.32 (20 unrouted), using 341.81 CPU seconds and 25278 MB memory.
2026-09-12 17:57:23.611 INFO   [1CF536\57C224] Auto-router pass #60 on board '0d5c3e816165ab7fe8f9a36540788e49' was completed in 0.33 seconds with the score of 910.32 (20 unrouted), using 341.81 CPU seconds and 25278 MB memory.
2026-09-12 17:57:23.936 INFO   [1CF536\57C224] Auto-router pass #61 on board '0d5c3e816165ab7fe8f9a36540788e49' was completed in 0.32 seconds with the score of 910.32 (20 unrouted), using 368.35 CPU seconds and 26514 MB memory.
2026-09-12 17:57:24.250 INFO   [1CF536\57C224] Auto-router pass #62 on board '0d5c3e816165ab7fe8f9a36540788e49' was completed in 0.31 seconds with the score of 910.32 (20 unrouted), using 368.35 CPU seconds and 26514 MB memory.
2026-09-12 17:57:24.560 INFO   [1CF536\57C224] Auto-router pass #63 on board '0d5c3e816165ab7fe8f9a36540788e49' was completed in 0.31 seconds with the score of 910.32 (20 unrouted), using 368.35 CPU seconds and 26514 MB memory.
2026-09-12 17:57:24.892 INFO   [1CF536\57C224] Auto-router pass #64 on board '0d5c3e816165ab7fe8f9a36540788e49' was completed in 0.33 seconds with the score of 910.32 (20 unrouted), using 368.35 CPU seconds and 26514 MB memory.
2026-09-12 17:57:25.195 INFO   [1CF536\57C224] Auto-router pass #65 on board '0d5c3e816165ab7fe8f9a36540788e49' was completed in 0.30 seconds with the score of 910.32 (20 unrouted), using 395.87 CPU seconds and 27811 MB memory.
2026-09-12 17:57:25.500 INFO   [1CF536\57C224] Auto-router pass #66 on board '0d5c3e816165ab7fe8f9a36540788e49' was completed in 0.30 seconds with the score of 910.32 (20 unrouted), using 395.87 CPU seconds and 27811 MB memory.
2026-09-12 17:57:25.799 INFO   [1CF536\57C224] Auto-router pass #67 on board '0d5c3e816165ab7fe8f9a36540788e49' was completed in 0.29 seconds with the score of 910.32 (20 unrouted), using 395.87 CPU seconds and 27811 MB memory.
2026-09-12 17:57:26.122 INFO   [1CF536\57C224] Auto-router pass #68 on board '0d5c3e816165ab7fe8f9a36540788e49' was completed in 0.32 seconds with the score of 910.32 (20 unrouted), using 424.39 CPU seconds and 29143 MB memory.
2026-09-12 17:57:26.422 INFO   [1CF536\57C224] Auto-router pass #69 on board '0d5c3e816165ab7fe8f9a36540788e49' was completed in 0.30 seconds with the score of 910.32 (20 unrouted), using 424.39 CPU seconds and 29143 MB memory.
2026-09-12 17:57:26.736 INFO   [1CF536\57C224] Auto-router pass #70 on board '0d5c3e816165ab7fe8f9a36540788e49' was completed in 0.31 seconds with the score of 910.32 (20 unrouted), using 424.39 CPU seconds and 29143 MB memory.
2026-09-12 17:57:27.049 INFO   [1CF536\57C224] Auto-router pass #71 on board '0d5c3e816165ab7fe8f9a36540788e49' was completed in 0.31 seconds with the score of 910.32 (20 unrouted), using 453.90 CPU seconds and 30461 MB memory.
2026-09-12 17:57:27.381 INFO   [1CF536\57C224] Auto-router pass #72 on board '0d5c3e816165ab7fe8f9a36540788e49' was completed in 0.33 seconds with the score of 910.32 (20 unrouted), using 453.90 CPU seconds and 30461 MB memory.
2026-09-12 17:57:27.700 INFO   [1CF536\57C224] Auto-router pass #73 on board '0d5c3e816165ab7fe8f9a36540788e49' was completed in 0.32 seconds with the score of 910.32 (20 unrouted), using 453.90 CPU seconds and 30461 MB memory.
2026-09-12 17:57:28.011 INFO   [1CF536\57C224] Auto-router pass #74 on board '0d5c3e816165ab7fe8f9a36540788e49' was completed in 0.31 seconds with the score of 910.32 (20 unrouted), using 484.41 CPU seconds and 31743 MB memory.
2026-09-12 17:57:28.326 INFO   [1CF536\57C224] Auto-router pass #75 on board '0d5c3e816165ab7fe8f9a36540788e49' was completed in 0.31 seconds with the score of 910.32 (20 unrouted), using 484.41 CPU seconds and 31743 MB memory.
2026-09-12 17:57:28.661 INFO   [1CF536\57C224] Auto-router pass #76 on board '0d5c3e816165ab7fe8f9a36540788e49' was completed in 0.33 seconds with the score of 910.32 (20 unrouted), using 484.41 CPU seconds and 31743 MB memory.
2026-09-12 17:57:28.969 INFO   [1CF536\57C224] Auto-router pass #77 on board '0d5c3e816165ab7fe8f9a36540788e49' was completed in 0.30 seconds with the score of 910.32 (20 unrouted), using 515.91 CPU seconds and 33035 MB memory.
2026-09-12 17:57:29.279 INFO   [1CF536\57C224] Auto-router pass #78 on board '0d5c3e816165ab7fe8f9a36540788e49' was completed in 0.31 seconds with the score of 910.32 (20 unrouted), using 515.91 CPU seconds and 33035 MB memory.
2026-09-12 17:57:29.586 INFO   [1CF536\57C224] Auto-router pass #79 on board '0d5c3e816165ab7fe8f9a36540788e49' was completed in 0.30 seconds with the score of 910.32 (20 unrouted), using 515.91 CPU seconds and 33035 MB memory.
2026-09-12 17:57:29.924 INFO   [1CF536\57C224] Auto-router pass #80 on board '0d5c3e816165ab7fe8f9a36540788e49' was completed in 0.33 seconds with the score of 910.32 (20 unrouted), using 515.91 CPU seconds and 33035 MB memory.
2026-09-12 17:57:30.234 INFO   [1CF536\57C224] Auto-router pass #81 on board '0d5c3e816165ab7fe8f9a36540788e49' was completed in 0.31 seconds with the score of 910.32 (20 unrouted), using 548.39 CPU seconds and 34330 MB memory.
2026-09-12 17:57:30.544 INFO   [1CF536\57C224] Auto-router pass #82 on board '0d5c3e816165ab7fe8f9a36540788e49' was completed in 0.31 seconds with the score of 910.32 (20 unrouted), using 548.39 CPU seconds and 34330 MB memory.
2026-09-12 17:57:30.853 INFO   [1CF536\57C224] Auto-router pass #83 on board '0d5c3e816165ab7fe8f9a36540788e49' was completed in 0.30 seconds with the score of 910.32 (20 unrouted), using 548.39 CPU seconds and 34330 MB memory.
2026-09-12 17:57:31.186 INFO   [1CF536\57C224] Auto-router pass #84 on board '0d5c3e816165ab7fe8f9a36540788e49' was completed in 0.33 seconds with the score of 910.32 (20 unrouted), using 581.88 CPU seconds and 35635 MB memory.
2026-09-12 17:57:31.494 INFO   [1CF536\57C224] Auto-router pass #85 on board '0d5c3e816165ab7fe8f9a36540788e49' was completed in 0.30 seconds with the score of 910.32 (20 unrouted), using 581.88 CPU seconds and 35635 MB memory.
2026-09-12 17:57:31.805 INFO   [1CF536\57C224] Auto-router pass #86 on board '0d5c3e816165ab7fe8f9a36540788e49' was completed in 0.31 seconds with the score of 910.32 (20 unrouted), using 581.88 CPU seconds and 35635 MB memory.
2026-09-12 17:57:32.111 INFO   [1CF536\57C224] Auto-router pass #87 on board '0d5c3e816165ab7fe8f9a36540788e49' was completed in 0.30 seconds with the score of 910.32 (20 unrouted), using 616.35 CPU seconds and 36940 MB memory.
2026-09-12 17:57:32.433 INFO   [1CF536\57C224] Auto-router pass #88 on board '0d5c3e816165ab7fe8f9a36540788e49' was completed in 0.32 seconds with the score of 910.32 (20 unrouted), using 616.35 CPU seconds and 36940 MB memory.
2026-09-12 17:57:32.746 INFO   [1CF536\57C224] Auto-router pass #89 on board '0d5c3e816165ab7fe8f9a36540788e49' was completed in 0.31 seconds with the score of 910.32 (20 unrouted), using 616.35 CPU seconds and 36940 MB memory.
2026-09-12 17:57:33.056 INFO   [1CF536\57C224] Auto-router pass #90 on board '0d5c3e816165ab7fe8f9a36540788e49' was completed in 0.31 seconds with the score of 910.32 (20 unrouted), using 651.82 CPU seconds and 38253 MB memory.
2026-09-12 17:57:33.367 INFO   [1CF536\57C224] Auto-router pass #91 on board '0d5c3e816165ab7fe8f9a36540788e49' was completed in 0.31 seconds with the score of 910.32 (20 unrouted), using 651.82 CPU seconds and 38253 MB memory.
2026-09-12 17:57:33.702 INFO   [1CF536\57C224] Auto-router pass #92 on board '0d5c3e816165ab7fe8f9a36540788e49' was completed in 0.33 seconds with the score of 910.32 (20 unrouted), using 651.82 CPU seconds and 38253 MB memory.
2026-09-12 17:57:34.013 INFO   [1CF536\57C224] Auto-router pass #93 on board '0d5c3e816165ab7fe8f9a36540788e49' was completed in 0.31 seconds with the score of 910.32 (20 unrouted), using 688.27 CPU seconds and 39550 MB memory.
2026-09-12 17:57:34.325 INFO   [1CF536\57C224] Auto-router pass #94 on board '0d5c3e816165ab7fe8f9a36540788e49' was completed in 0.31 seconds with the score of 910.32 (20 unrouted), using 688.27 CPU seconds and 39550 MB memory.
2026-09-12 17:57:34.630 INFO   [1CF536\57C224] Auto-router pass #95 on board '0d5c3e816165ab7fe8f9a36540788e49' was completed in 0.30 seconds with the score of 910.32 (20 unrouted), using 688.27 CPU seconds and 39550 MB memory.
2026-09-12 17:57:34.955 INFO   [1CF536\57C224] Auto-router pass #96 on board '0d5c3e816165ab7fe8f9a36540788e49' was completed in 0.32 seconds with the score of 910.32 (20 unrouted), using 725.73 CPU seconds and 40858 MB memory.
2026-09-12 17:57:35.265 INFO   [1CF536\57C224] Auto-router pass #97 on board '0d5c3e816165ab7fe8f9a36540788e49' was completed in 0.31 seconds with the score of 910.32 (20 unrouted), using 725.73 CPU seconds and 40858 MB memory.
2026-09-12 17:57:35.580 INFO   [1CF536\57C224] Auto-router pass #98 on board '0d5c3e816165ab7fe8f9a36540788e49' was completed in 0.31 seconds with the score of 910.32 (20 unrouted), using 725.73 CPU seconds and 40858 MB memory.
2026-09-12 17:57:35.891 INFO   [1CF536\57C224] Auto-router pass #99 on board '0d5c3e816165ab7fe8f9a36540788e49' was completed in 0.31 seconds with the score of 910.32 (20 unrouted), using 725.73 CPU seconds and 40858 MB memory.
2026-09-12 17:57:36.219 INFO   [1CF536\57C224] Auto-router pass #100 on board '0d5c3e816165ab7fe8f9a36540788e49' was completed in 0.32 seconds with the score of 910.32 (20 unrouted), using 764.17 CPU seconds and 42155 MB memory.
2026-09-12 17:57:36.529 INFO   [1CF536\57C224] Auto-router pass #101 on board '0d5c3e816165ab7fe8f9a36540788e49' was completed in 0.31 seconds with the score of 910.32 (20 unrouted), using 764.17 CPU seconds and 42155 MB memory.
2026-09-12 17:57:36.841 INFO   [1CF536\57C224] Auto-router pass #102 on board '0d5c3e816165ab7fe8f9a36540788e49' was completed in 0.31 seconds with the score of 910.32 (20 unrouted), using 764.17 CPU seconds and 42155 MB memory.
2026-09-12 17:57:37.147 INFO   [1CF536\57C224] Auto-router pass #103 on board '0d5c3e816165ab7fe8f9a36540788e49' was completed in 0.30 seconds with the score of 910.32 (20 unrouted), using 803.60 CPU seconds and 43455 MB memory.
2026-09-12 17:57:37.474 INFO   [1CF536\57C224] Auto-router pass #104 on board '0d5c3e816165ab7fe8f9a36540788e49' was completed in 0.32 seconds with the score of 910.32 (20 unrouted), using 803.60 CPU seconds and 43455 MB memory.
2026-09-12 17:57:37.779 INFO   [1CF536\57C224] Auto-router pass #105 on board '0d5c3e816165ab7fe8f9a36540788e49' was completed in 0.30 seconds with the score of 910.32 (20 unrouted), using 803.60 CPU seconds and 43455 MB memory.
2026-09-12 17:57:38.082 INFO   [1CF536\57C224] Auto-router pass #106 on board '0d5c3e816165ab7fe8f9a36540788e49' was completed in 0.30 seconds with the score of 910.32 (20 unrouted), using 844.03 CPU seconds and 44781 MB memory.
2026-09-12 17:57:38.384 INFO   [1CF536\57C224] Auto-router pass #107 on board '0d5c3e816165ab7fe8f9a36540788e49' was completed in 0.30 seconds with the score of 910.32 (20 unrouted), using 844.03 CPU seconds and 44781 MB memory.
2026-09-12 17:57:38.710 INFO   [1CF536\57C224] Auto-router pass #108 on board '0d5c3e816165ab7fe8f9a36540788e49' was completed in 0.32 seconds with the score of 910.32 (20 unrouted), using 844.03 CPU seconds and 44781 MB memory.
2026-09-12 17:57:39.018 INFO   [1CF536\57C224] Auto-router pass #109 on board '0d5c3e816165ab7fe8f9a36540788e49' was completed in 0.30 seconds with the score of 910.32 (20 unrouted), using 885.45 CPU seconds and 46103 MB memory.
2026-09-12 17:57:39.329 INFO   [1CF536\57C224] Auto-router pass #110 on board '0d5c3e816165ab7fe8f9a36540788e49' was completed in 0.31 seconds with the score of 910.32 (20 unrouted), using 885.45 CPU seconds and 46103 MB memory.
2026-09-12 17:57:39.644 INFO   [1CF536\57C224] Auto-router pass #111 on board '0d5c3e816165ab7fe8f9a36540788e49' was completed in 0.31 seconds with the score of 910.32 (20 unrouted), using 885.45 CPU seconds and 46103 MB memory.
2026-09-12 17:57:40.052 INFO   [1CF536\57C224] Auto-router pass #112 on board '0d5c3e816165ab7fe8f9a36540788e49' was completed in 0.40 seconds with the score of 910.32 (20 unrouted), using 927.86 CPU seconds and 47326 MB memory.
2026-09-12 17:57:40.436 INFO   [1CF536\57C224] Auto-router pass #113 on board '0d5c3e816165ab7fe8f9a36540788e49' was completed in 0.38 seconds with the score of 910.32 (20 unrouted), using 927.86 CPU seconds and 47326 MB memory.
2026-09-12 17:57:40.815 INFO   [1CF536\57C224] Auto-router pass #114 on board '0d5c3e816165ab7fe8f9a36540788e49' was completed in 0.38 seconds with the score of 910.32 (20 unrouted), using 927.86 CPU seconds and 47326 MB memory.
2026-09-12 17:57:41.209 INFO   [1CF536\57C224] Auto-router pass #115 on board '0d5c3e816165ab7fe8f9a36540788e49' was completed in 0.39 seconds with the score of 910.32 (20 unrouted), using 971.26 CPU seconds and 48383 MB memory.
2026-09-12 17:57:41.628 INFO   [1CF536\57C224] Auto-router pass #116 on board '0d5c3e816165ab7fe8f9a36540788e49' was completed in 0.41 seconds with the score of 910.32 (20 unrouted), using 971.26 CPU seconds and 48383 MB memory.
2026-09-12 17:57:42.026 INFO   [1CF536\57C224] Auto-router pass #117 on board '0d5c3e816165ab7fe8f9a36540788e49' was completed in 0.39 seconds with the score of 910.32 (20 unrouted), using 1015.67 CPU seconds and 49407 MB memory.
2026-09-12 17:57:42.437 INFO   [1CF536\57C224] Auto-router pass #118 on board '0d5c3e816165ab7fe8f9a36540788e49' was completed in 0.41 seconds with the score of 910.32 (20 unrouted), using 1015.67 CPU seconds and 49407 MB memory.
2026-09-12 17:57:42.928 INFO   [1CF536\57C224] Auto-router pass #119 on board '0d5c3e816165ab7fe8f9a36540788e49' was completed in 0.49 seconds with the score of 910.32 (20 unrouted), using 1015.67 CPU seconds and 49407 MB memory.
2026-09-12 17:57:43.403 INFO   [1CF536\57C224] Auto-router pass #120 on board '0d5c3e816165ab7fe8f9a36540788e49' was completed in 0.47 seconds with the score of 910.32 (20 unrouted), using 1061.06 CPU seconds and 50311 MB memory.
2026-09-12 17:57:43.744 INFO   [1CF536\57C224] Auto-router pass #121 on board '0d5c3e816165ab7fe8f9a36540788e49' was completed in 0.34 seconds with the score of 910.32 (20 unrouted), using 1061.06 CPU seconds and 50311 MB memory.
2026-09-12 17:57:44.133 INFO   [1CF536\57C224] Auto-router pass #122 on board '0d5c3e816165ab7fe8f9a36540788e49' was completed in 0.38 seconds with the score of 910.32 (20 unrouted), using 1107.45 CPU seconds and 51341 MB memory.
2026-09-12 17:57:44.520 INFO   [1CF536\57C224] Auto-router pass #123 on board '0d5c3e816165ab7fe8f9a36540788e49' was completed in 0.38 seconds with the score of 910.32 (20 unrouted), using 1107.45 CPU seconds and 51341 MB memory.
2026-09-12 17:57:44.936 INFO   [1CF536\57C224] Auto-router pass #124 on board '0d5c3e816165ab7fe8f9a36540788e49' was completed in 0.41 seconds with the score of 910.32 (20 unrouted), using 1154.84 CPU seconds and 52376 MB memory.
2026-09-12 17:57:45.304 INFO   [1CF536\57C224] Auto-router pass #125 on board '0d5c3e816165ab7fe8f9a36540788e49' was completed in 0.36 seconds with the score of 910.32 (20 unrouted), using 1154.84 CPU seconds and 52376 MB memory.
2026-09-12 17:57:45.689 INFO   [1CF536\57C224] Auto-router pass #126 on board '0d5c3e816165ab7fe8f9a36540788e49' was completed in 0.38 seconds with the score of 910.32 (20 unrouted), using 1154.84 CPU seconds and 52376 MB memory.
2026-09-12 17:57:46.098 INFO   [1CF536\57C224] Auto-router pass #127 on board '0d5c3e816165ab7fe8f9a36540788e49' was completed in 0.41 seconds with the score of 910.32 (20 unrouted), using 1203.22 CPU seconds and 53429 MB memory.
2026-09-12 17:57:46.551 INFO   [1CF536\57C224] Auto-router pass #128 on board '0d5c3e816165ab7fe8f9a36540788e49' was completed in 0.45 seconds with the score of 910.32 (20 unrouted), using 1203.22 CPU seconds and 53429 MB memory.
2026-09-12 17:57:46.967 INFO   [1CF536\57C224] Auto-router pass #129 on board '0d5c3e816165ab7fe8f9a36540788e49' was completed in 0.41 seconds with the score of 910.32 (20 unrouted), using 1252.59 CPU seconds and 54391 MB memory.
2026-09-12 17:57:47.369 INFO   [1CF536\57C224] Auto-router pass #130 on board '0d5c3e816165ab7fe8f9a36540788e49' was completed in 0.40 seconds with the score of 910.32 (20 unrouted), using 1252.59 CPU seconds and 54391 MB memory.
2026-09-12 17:57:47.777 INFO   [1CF536\57C224] Auto-router pass #131 on board '0d5c3e816165ab7fe8f9a36540788e49' was completed in 0.40 seconds with the score of 910.32 (20 unrouted), using 1252.59 CPU seconds and 54391 MB memory.
2026-09-12 17:57:48.228 INFO   [1CF536\57C224] Auto-router pass #132 on board '0d5c3e816165ab7fe8f9a36540788e49' was completed in 0.45 seconds with the score of 910.32 (20 unrouted), using 1302.96 CPU seconds and 55390 MB memory.
2026-09-12 17:57:48.667 INFO   [1CF536\57C224] Auto-router pass #133 on board '0d5c3e816165ab7fe8f9a36540788e49' was completed in 0.43 seconds with the score of 910.32 (20 unrouted), using 1302.96 CPU seconds and 55390 MB memory.
2026-09-12 17:57:49.109 INFO   [1CF536\57C224] Auto-router pass #134 on board '0d5c3e816165ab7fe8f9a36540788e49' was completed in 0.44 seconds with the score of 910.32 (20 unrouted), using 1354.32 CPU seconds and 56308 MB memory.
2026-09-12 17:57:49.542 INFO   [1CF536\57C224] Auto-router pass #135 on board '0d5c3e816165ab7fe8f9a36540788e49' was completed in 0.43 seconds with the score of 910.32 (20 unrouted), using 1354.32 CPU seconds and 56308 MB memory.
2026-09-12 17:57:50.001 INFO   [1CF536\57C224] Auto-router pass #136 on board '0d5c3e816165ab7fe8f9a36540788e49' was completed in 0.45 seconds with the score of 910.32 (20 unrouted), using 1406.68 CPU seconds and 57240 MB memory.
2026-09-12 17:57:50.432 INFO   [1CF536\57C224] Auto-router pass #137 on board '0d5c3e816165ab7fe8f9a36540788e49' was completed in 0.43 seconds with the score of 910.32 (20 unrouted), using 1406.68 CPU seconds and 57240 MB memory.
2026-09-12 17:57:50.847 INFO   [1CF536\57C224] Auto-router pass #138 on board '0d5c3e816165ab7fe8f9a36540788e49' was completed in 0.41 seconds with the score of 910.32 (20 unrouted), using 1406.68 CPU seconds and 57240 MB memory.
2026-09-12 17:57:51.259 INFO   [1CF536\57C224] Auto-router pass #139 on board '0d5c3e816165ab7fe8f9a36540788e49' was completed in 0.41 seconds with the score of 910.32 (20 unrouted), using 1460.03 CPU seconds and 58193 MB memory.
2026-09-12 17:57:51.694 INFO   [1CF536\57C224] Auto-router pass #140 on board '0d5c3e816165ab7fe8f9a36540788e49' was completed in 0.43 seconds with the score of 910.32 (20 unrouted), using 1460.03 CPU seconds and 58193 MB memory.
2026-09-12 17:57:52.090 INFO   [1CF536\57C224] Auto-router pass #141 on board '0d5c3e816165ab7fe8f9a36540788e49' was completed in 0.39 seconds with the score of 910.32 (20 unrouted), using 1514.37 CPU seconds and 59199 MB memory.
2026-09-12 17:57:52.494 INFO   [1CF536\57C224] Auto-router pass #142 on board '0d5c3e816165ab7fe8f9a36540788e49' was completed in 0.40 seconds with the score of 910.32 (20 unrouted), using 1514.37 CPU seconds and 59199 MB memory.
2026-09-12 17:57:52.937 INFO   [1CF536\57C224] Auto-router pass #143 on board '0d5c3e816165ab7fe8f9a36540788e49' was completed in 0.44 seconds with the score of 910.32 (20 unrouted), using 1514.37 CPU seconds and 59199 MB memory.
2026-09-12 17:57:53.413 INFO   [1CF536\57C224] Auto-router pass #144 on board '0d5c3e816165ab7fe8f9a36540788e49' was completed in 0.47 seconds with the score of 910.32 (20 unrouted), using 1569.71 CPU seconds and 60155 MB memory.
2026-09-12 17:57:53.849 INFO   [1CF536\57C224] Auto-router pass #145 on board '0d5c3e816165ab7fe8f9a36540788e49' was completed in 0.43 seconds with the score of 910.32 (20 unrouted), using 1569.71 CPU seconds and 60155 MB memory.
2026-09-12 17:57:54.316 INFO   [1CF536\57C224] Auto-router pass #146 on board '0d5c3e816165ab7fe8f9a36540788e49' was completed in 0.46 seconds with the score of 910.32 (20 unrouted), using 1626.04 CPU seconds and 61058 MB memory.
2026-09-12 17:57:54.743 INFO   [1CF536\57C224] Auto-router pass #147 on board '0d5c3e816165ab7fe8f9a36540788e49' was completed in 0.42 seconds with the score of 910.32 (20 unrouted), using 1626.04 CPU seconds and 61058 MB memory.
2026-09-12 17:57:55.197 INFO   [1CF536\57C224] Auto-router pass #148 on board '0d5c3e816165ab7fe8f9a36540788e49' was completed in 0.45 seconds with the score of 910.32 (20 unrouted), using 1683.37 CPU seconds and 61979 MB memory.
2026-09-12 17:57:55.615 INFO   [1CF536\57C224] Auto-router pass #149 on board '0d5c3e816165ab7fe8f9a36540788e49' was completed in 0.41 seconds with the score of 910.32 (20 unrouted), using 1683.37 CPU seconds and 61979 MB memory.
2026-09-12 17:57:56.051 INFO   [1CF536\57C224] Auto-router pass #150 on board '0d5c3e816165ab7fe8f9a36540788e49' was completed in 0.43 seconds with the score of 910.32 (20 unrouted), using 1741.69 CPU seconds and 62926 MB memory.
2026-09-12 17:57:56.500 INFO   [1CF536\57C224] Auto-router pass #151 on board '0d5c3e816165ab7fe8f9a36540788e49' was completed in 0.44 seconds with the score of 910.32 (20 unrouted), using 1741.69 CPU seconds and 62926 MB memory.
2026-09-12 17:57:56.997 INFO   [1CF536\57C224] Auto-router pass #152 on board '0d5c3e816165ab7fe8f9a36540788e49' was completed in 0.49 seconds with the score of 910.32 (20 unrouted), using 1801.01 CPU seconds and 63826 MB memory.
2026-09-12 17:57:57.485 INFO   [1CF536\57C224] Auto-router pass #153 on board '0d5c3e816165ab7fe8f9a36540788e49' was completed in 0.48 seconds with the score of 910.32 (20 unrouted), using 1801.01 CPU seconds and 63826 MB memory.
2026-09-12 17:57:57.895 INFO   [1CF536\57C224] Auto-router pass #154 on board '0d5c3e816165ab7fe8f9a36540788e49' was completed in 0.41 seconds with the score of 910.32 (20 unrouted), using 1801.01 CPU seconds and 63826 MB memory.
2026-09-12 17:57:58.317 INFO   [1CF536\57C224] Auto-router pass #155 on board '0d5c3e816165ab7fe8f9a36540788e49' was completed in 0.42 seconds with the score of 910.32 (20 unrouted), using 1861.32 CPU seconds and 64720 MB memory.
2026-09-12 17:57:58.764 INFO   [1CF536\57C224] Auto-router pass #156 on board '0d5c3e816165ab7fe8f9a36540788e49' was completed in 0.44 seconds with the score of 910.32 (20 unrouted), using 1861.32 CPU seconds and 64720 MB memory.
2026-09-12 17:57:59.190 INFO   [1CF536\57C224] Auto-router pass #157 on board '0d5c3e816165ab7fe8f9a36540788e49' was completed in 0.42 seconds with the score of 910.32 (20 unrouted), using 1922.63 CPU seconds and 65668 MB memory.
2026-09-12 17:57:59.665 INFO   [1CF536\57C224] Auto-router pass #158 on board '0d5c3e816165ab7fe8f9a36540788e49' was completed in 0.47 seconds with the score of 910.32 (20 unrouted), using 1922.63 CPU seconds and 65668 MB memory.
2026-09-12 17:58:00.092 INFO   [1CF536\57C224] Auto-router pass #159 on board '0d5c3e816165ab7fe8f9a36540788e49' was completed in 0.42 seconds with the score of 910.32 (20 unrouted), using 1984.92 CPU seconds and 66579 MB memory.
2026-09-12 17:58:00.541 INFO   [1CF536\57C224] Auto-router pass #160 on board '0d5c3e816165ab7fe8f9a36540788e49' was completed in 0.44 seconds with the score of 910.32 (20 unrouted), using 1984.92 CPU seconds and 66579 MB memory.
2026-09-12 17:58:00.962 INFO   [1CF536\57C224] Auto-router pass #161 on board '0d5c3e816165ab7fe8f9a36540788e49' was completed in 0.42 seconds with the score of 910.32 (20 unrouted), using 2048.21 CPU seconds and 67531 MB memory.
2026-09-12 17:58:01.382 INFO   [1CF536\57C224] Auto-router pass #162 on board '0d5c3e816165ab7fe8f9a36540788e49' was completed in 0.41 seconds with the score of 910.32 (20 unrouted), using 2048.21 CPU seconds and 67531 MB memory.
2026-09-12 17:58:01.816 INFO   [1CF536\57C224] Auto-router pass #163 on board '0d5c3e816165ab7fe8f9a36540788e49' was completed in 0.43 seconds with the score of 910.32 (20 unrouted), using 2048.21 CPU seconds and 67531 MB memory.
2026-09-12 17:58:02.268 INFO   [1CF536\57C224] Auto-router pass #164 on board '0d5c3e816165ab7fe8f9a36540788e49' was completed in 0.45 seconds with the score of 910.32 (20 unrouted), using 2112.49 CPU seconds and 68482 MB memory.
2026-09-12 17:58:02.677 INFO   [1CF536\57C224] Auto-router pass #165 on board '0d5c3e816165ab7fe8f9a36540788e49' was completed in 0.41 seconds with the score of 910.32 (20 unrouted), using 2112.49 CPU seconds and 68482 MB memory.
2026-09-12 17:58:03.088 INFO   [1CF536\57C224] Auto-router pass #166 on board '0d5c3e816165ab7fe8f9a36540788e49' was completed in 0.41 seconds with the score of 910.32 (20 unrouted), using 2177.77 CPU seconds and 69457 MB memory.
2026-09-12 17:58:03.501 INFO   [1CF536\57C224] Auto-router pass #167 on board '0d5c3e816165ab7fe8f9a36540788e49' was completed in 0.41 seconds with the score of 910.32 (20 unrouted), using 2177.77 CPU seconds and 69457 MB memory.
2026-09-12 17:58:03.934 INFO   [1CF536\57C224] Auto-router pass #168 on board '0d5c3e816165ab7fe8f9a36540788e49' was completed in 0.43 seconds with the score of 910.32 (20 unrouted), using 2177.77 CPU seconds and 69457 MB memory.
2026-09-12 17:58:04.354 INFO   [1CF536\57C224] Auto-router pass #169 on board '0d5c3e816165ab7fe8f9a36540788e49' was completed in 0.41 seconds with the score of 910.32 (20 unrouted), using 2244.04 CPU seconds and 70437 MB memory.
2026-09-12 17:58:04.759 INFO   [1CF536\57C224] Auto-router pass #170 on board '0d5c3e816165ab7fe8f9a36540788e49' was completed in 0.40 seconds with the score of 910.32 (20 unrouted), using 2244.04 CPU seconds and 70437 MB memory.
2026-09-12 17:58:05.134 INFO   [1CF536\57C224] Auto-router pass #171 on board '0d5c3e816165ab7fe8f9a36540788e49' was completed in 0.37 seconds with the score of 910.32 (20 unrouted), using 2311.30 CPU seconds and 71434 MB memory.
2026-09-12 17:58:05.584 INFO   [1CF536\57C224] Auto-router pass #172 on board '0d5c3e816165ab7fe8f9a36540788e49' was completed in 0.45 seconds with the score of 910.32 (20 unrouted), using 2311.30 CPU seconds and 71434 MB memory.
2026-09-12 17:58:06.005 INFO   [1CF536\57C224] Auto-router pass #173 on board '0d5c3e816165ab7fe8f9a36540788e49' was completed in 0.41 seconds with the score of 910.32 (20 unrouted), using 2379.56 CPU seconds and 72418 MB memory.
2026-09-12 17:58:06.422 INFO   [1CF536\57C224] Auto-router pass #174 on board '0d5c3e816165ab7fe8f9a36540788e49' was completed in 0.41 seconds with the score of 910.32 (20 unrouted), using 2379.56 CPU seconds and 72418 MB memory.
2026-09-12 17:58:06.843 INFO   [1CF536\57C224] Auto-router pass #175 on board '0d5c3e816165ab7fe8f9a36540788e49' was completed in 0.42 seconds with the score of 910.32 (20 unrouted), using 2379.56 CPU seconds and 72418 MB memory.
2026-09-12 17:58:07.290 INFO   [1CF536\57C224] Auto-router pass #176 on board '0d5c3e816165ab7fe8f9a36540788e49' was completed in 0.44 seconds with the score of 910.32 (20 unrouted), using 2448.81 CPU seconds and 73386 MB memory.
2026-09-12 17:58:07.718 INFO   [1CF536\57C224] Auto-router pass #177 on board '0d5c3e816165ab7fe8f9a36540788e49' was completed in 0.42 seconds with the score of 910.32 (20 unrouted), using 2448.81 CPU seconds and 73386 MB memory.
2026-09-12 17:58:08.143 INFO   [1CF536\57C224] Auto-router pass #178 on board '0d5c3e816165ab7fe8f9a36540788e49' was completed in 0.42 seconds with the score of 910.32 (20 unrouted), using 2519.04 CPU seconds and 74332 MB memory.
2026-09-12 17:58:08.566 INFO   [1CF536\57C224] Auto-router pass #179 on board '0d5c3e816165ab7fe8f9a36540788e49' was completed in 0.42 seconds with the score of 910.32 (20 unrouted), using 2519.04 CPU seconds and 74332 MB memory.
2026-09-12 17:58:08.981 INFO   [1CF536\57C224] Auto-router pass #180 on board '0d5c3e816165ab7fe8f9a36540788e49' was completed in 0.41 seconds with the score of 910.32 (20 unrouted), using 2590.27 CPU seconds and 75306 MB memory.
2026-09-12 17:58:09.286 INFO   [1CF536\57C224] Auto-router pass #181 on board '0d5c3e816165ab7fe8f9a36540788e49' was completed in 0.30 seconds with the score of 910.32 (20 unrouted), using 2590.27 CPU seconds and 75306 MB memory.
2026-09-12 17:58:09.661 INFO   [1CF536\57C224] Auto-router pass #182 on board '0d5c3e816165ab7fe8f9a36540788e49' was completed in 0.37 seconds with the score of 910.32 (20 unrouted), using 2590.27 CPU seconds and 75306 MB memory.
2026-09-12 17:58:10.043 INFO   [1CF536\57C224] Auto-router pass #183 on board '0d5c3e816165ab7fe8f9a36540788e49' was completed in 0.38 seconds with the score of 910.32 (20 unrouted), using 2662.49 CPU seconds and 76465 MB memory.
2026-09-12 17:58:10.452 INFO   [1CF536\57C224] Auto-router pass #184 on board '0d5c3e816165ab7fe8f9a36540788e49' was completed in 0.41 seconds with the score of 910.32 (20 unrouted), using 2662.49 CPU seconds and 76465 MB memory.
2026-09-12 17:58:10.849 INFO   [1CF536\57C224] Auto-router pass #185 on board '0d5c3e816165ab7fe8f9a36540788e49' was completed in 0.39 seconds with the score of 910.32 (20 unrouted), using 2662.49 CPU seconds and 76465 MB memory.
2026-09-12 17:58:11.246 INFO   [1CF536\57C224] Auto-router pass #186 on board '0d5c3e816165ab7fe8f9a36540788e49' was completed in 0.39 seconds with the score of 910.32 (20 unrouted), using 2735.71 CPU seconds and 77500 MB memory.
2026-09-12 17:58:11.637 INFO   [1CF536\57C224] Auto-router pass #187 on board '0d5c3e816165ab7fe8f9a36540788e49' was completed in 0.39 seconds with the score of 910.32 (20 unrouted), using 2735.71 CPU seconds and 77500 MB memory.
2026-09-12 17:58:12.078 INFO   [1CF536\57C224] Auto-router pass #188 on board '0d5c3e816165ab7fe8f9a36540788e49' was completed in 0.44 seconds with the score of 910.32 (20 unrouted), using 2809.92 CPU seconds and 78509 MB memory.
2026-09-12 17:58:12.510 INFO   [1CF536\57C224] Auto-router pass #189 on board '0d5c3e816165ab7fe8f9a36540788e49' was completed in 0.43 seconds with the score of 910.32 (20 unrouted), using 2809.92 CPU seconds and 78509 MB memory.
2026-09-12 17:58:12.935 INFO   [1CF536\57C224] Auto-router pass #190 on board '0d5c3e816165ab7fe8f9a36540788e49' was completed in 0.42 seconds with the score of 910.32 (20 unrouted), using 2809.92 CPU seconds and 78509 MB memory.
2026-09-12 17:58:13.371 INFO   [1CF536\57C224] Auto-router pass #191 on board '0d5c3e816165ab7fe8f9a36540788e49' was completed in 0.43 seconds with the score of 910.32 (20 unrouted), using 2885.12 CPU seconds and 79455 MB memory.
2026-09-12 17:58:13.816 INFO   [1CF536\57C224] Auto-router pass #192 on board '0d5c3e816165ab7fe8f9a36540788e49' was completed in 0.44 seconds with the score of 910.32 (20 unrouted), using 2885.12 CPU seconds and 79455 MB memory.
2026-09-12 17:58:14.168 INFO   [1CF536\57C224] Auto-router pass #193 on board '0d5c3e816165ab7fe8f9a36540788e49' was completed in 0.35 seconds with the score of 910.32 (20 unrouted), using 2961.32 CPU seconds and 80457 MB memory.
2026-09-12 17:58:14.576 INFO   [1CF536\57C224] Auto-router pass #194 on board '0d5c3e816165ab7fe8f9a36540788e49' was completed in 0.41 seconds with the score of 910.32 (20 unrouted), using 2961.32 CPU seconds and 80457 MB memory.
2026-09-12 17:58:14.986 INFO   [1CF536\57C224] Auto-router pass #195 on board '0d5c3e816165ab7fe8f9a36540788e49' was completed in 0.41 seconds with the score of 910.32 (20 unrouted), using 3038.51 CPU seconds and 81457 MB memory.
2026-09-12 17:58:15.415 INFO   [1CF536\57C224] Auto-router pass #196 on board '0d5c3e816165ab7fe8f9a36540788e49' was completed in 0.42 seconds with the score of 910.32 (20 unrouted), using 3038.51 CPU seconds and 81457 MB memory.
2026-09-12 17:58:15.827 INFO   [1CF536\57C224] Auto-router pass #197 on board '0d5c3e816165ab7fe8f9a36540788e49' was completed in 0.41 seconds with the score of 910.32 (20 unrouted), using 3038.51 CPU seconds and 81457 MB memory.
2026-09-12 17:58:16.235 INFO   [1CF536\57C224] Auto-router pass #198 on board '0d5c3e816165ab7fe8f9a36540788e49' was completed in 0.41 seconds with the score of 910.32 (20 unrouted), using 3116.70 CPU seconds and 82457 MB memory.
2026-09-12 17:58:16.644 INFO   [1CF536\57C224] Auto-router pass #199 on board '0d5c3e816165ab7fe8f9a36540788e49' was completed in 0.40 seconds with the score of 910.32 (20 unrouted), using 3116.70 CPU seconds and 82457 MB memory.
2026-09-12 17:58:17.063 INFO   [1CF536\57C224] Auto-router pass #200 on board '0d5c3e816165ab7fe8f9a36540788e49' was completed in 0.41 seconds with the score of 910.32 (20 unrouted), using 3195.88 CPU seconds and 83442 MB memory.
2026-09-12 17:58:17.480 INFO   [1CF536\57C224] Auto-router pass #201 on board '0d5c3e816165ab7fe8f9a36540788e49' was completed in 0.41 seconds with the score of 910.32 (20 unrouted), using 3195.88 CPU seconds and 83442 MB memory.
2026-09-12 17:58:17.896 INFO   [1CF536\57C224] Auto-router pass #202 on board '0d5c3e816165ab7fe8f9a36540788e49' was completed in 0.41 seconds with the score of 910.32 (20 unrouted), using 3195.88 CPU seconds and 83442 MB memory.
2026-09-12 17:58:18.317 INFO   [1CF536\57C224] Auto-router pass #203 on board '0d5c3e816165ab7fe8f9a36540788e49' was completed in 0.42 seconds with the score of 910.32 (20 unrouted), using 3276.06 CPU seconds and 84420 MB memory.
2026-09-12 17:58:18.795 INFO   [1CF536\57C224] Auto-router pass #204 on board '0d5c3e816165ab7fe8f9a36540788e49' was completed in 0.47 seconds with the score of 910.32 (20 unrouted), using 3276.06 CPU seconds and 84420 MB memory.
2026-09-12 17:58:19.183 INFO   [1CF536\57C224] Auto-router pass #205 on board '0d5c3e816165ab7fe8f9a36540788e49' was completed in 0.38 seconds with the score of 910.32 (20 unrouted), using 3357.23 CPU seconds and 85365 MB memory.
2026-09-12 17:58:19.558 INFO   [1CF536\57C224] Auto-router pass #206 on board '0d5c3e816165ab7fe8f9a36540788e49' was completed in 0.37 seconds with the score of 910.32 (20 unrouted), using 3357.23 CPU seconds and 85365 MB memory.
2026-09-12 17:58:19.939 INFO   [1CF536\57C224] Auto-router pass #207 on board '0d5c3e816165ab7fe8f9a36540788e49' was completed in 0.38 seconds with the score of 910.32 (20 unrouted), using 3357.23 CPU seconds and 85365 MB memory.
2026-09-12 17:58:20.354 INFO   [1CF536\57C224] Auto-router pass #208 on board '0d5c3e816165ab7fe8f9a36540788e49' was completed in 0.41 seconds with the score of 910.32 (20 unrouted), using 3439.39 CPU seconds and 86425 MB memory.
2026-09-12 17:58:20.744 INFO   [1CF536\57C224] Auto-router pass #209 on board '0d5c3e816165ab7fe8f9a36540788e49' was completed in 0.39 seconds with the score of 910.32 (20 unrouted), using 3439.39 CPU seconds and 86425 MB memory.
2026-09-12 17:58:21.145 INFO   [1CF536\57C224] Auto-router pass #210 on board '0d5c3e816165ab7fe8f9a36540788e49' was completed in 0.40 seconds with the score of 910.32 (20 unrouted), using 3522.54 CPU seconds and 87454 MB memory.
2026-09-12 17:58:21.628 INFO   [1CF536\57C224] Auto-router pass #211 on board '0d5c3e816165ab7fe8f9a36540788e49' was completed in 0.48 seconds with the score of 910.32 (20 unrouted), using 3522.54 CPU seconds and 87454 MB memory.
2026-09-12 17:58:21.962 INFO   [1CF536\57C224] Auto-router pass #212 on board '0d5c3e816165ab7fe8f9a36540788e49' was completed in 0.33 seconds with the score of 910.32 (20 unrouted), using 3606.70 CPU seconds and 88473 MB memory.
2026-09-12 17:58:22.394 INFO   [1CF536\57C224] Auto-router pass #213 on board '0d5c3e816165ab7fe8f9a36540788e49' was completed in 0.43 seconds with the score of 910.32 (20 unrouted), using 3606.70 CPU seconds and 88473 MB memory.
2026-09-12 17:58:22.841 INFO   [1CF536\57C224] Auto-router pass #214 on board '0d5c3e816165ab7fe8f9a36540788e49' was completed in 0.44 seconds with the score of 910.32 (20 unrouted), using 3606.70 CPU seconds and 88473 MB memory.
2026-09-12 17:58:23.248 INFO   [1CF536\57C224] Auto-router pass #215 on board '0d5c3e816165ab7fe8f9a36540788e49' was completed in 0.40 seconds with the score of 910.32 (20 unrouted), using 3691.84 CPU seconds and 89403 MB memory.
2026-09-12 17:58:23.677 INFO   [1CF536\57C224] Auto-router pass #216 on board '0d5c3e816165ab7fe8f9a36540788e49' was completed in 0.42 seconds with the score of 910.32 (20 unrouted), using 3691.84 CPU seconds and 89403 MB memory.
2026-09-12 17:58:24.095 INFO   [1CF536\57C224] Auto-router pass #217 on board '0d5c3e816165ab7fe8f9a36540788e49' was completed in 0.41 seconds with the score of 910.32 (20 unrouted), using 3777.98 CPU seconds and 90400 MB memory.
2026-09-12 17:58:24.494 INFO   [1CF536\57C224] Auto-router pass #218 on board '0d5c3e816165ab7fe8f9a36540788e49' was completed in 0.40 seconds with the score of 910.32 (20 unrouted), using 3777.98 CPU seconds and 90400 MB memory.
2026-09-12 17:58:24.903 INFO   [1CF536\57C224] Auto-router pass #219 on board '0d5c3e816165ab7fe8f9a36540788e49' was completed in 0.40 seconds with the score of 910.32 (20 unrouted), using 3777.98 CPU seconds and 90400 MB memory.
2026-09-12 17:58:25.344 INFO   [1CF536\57C224] Auto-router pass #220 on board '0d5c3e816165ab7fe8f9a36540788e49' was completed in 0.44 seconds with the score of 910.32 (20 unrouted), using 3865.11 CPU seconds and 91387 MB memory.
2026-09-12 17:58:25.756 INFO   [1CF536\57C224] Auto-router pass #221 on board '0d5c3e816165ab7fe8f9a36540788e49' was completed in 0.41 seconds with the score of 910.32 (20 unrouted), using 3865.11 CPU seconds and 91387 MB memory.
2026-09-12 17:58:26.158 INFO   [1CF536\57C224] Auto-router pass #222 on board '0d5c3e816165ab7fe8f9a36540788e49' was completed in 0.40 seconds with the score of 910.32 (20 unrouted), using 3953.24 CPU seconds and 92370 MB memory.
2026-09-12 17:58:26.567 INFO   [1CF536\57C224] Auto-router pass #223 on board '0d5c3e816165ab7fe8f9a36540788e49' was completed in 0.41 seconds with the score of 910.32 (20 unrouted), using 3953.24 CPU seconds and 92370 MB memory.
2026-09-12 17:58:27.050 INFO   [1CF536\57C224] Auto-router pass #224 on board '0d5c3e816165ab7fe8f9a36540788e49' was completed in 0.48 seconds with the score of 910.32 (20 unrouted), using 4042.36 CPU seconds and 93315 MB memory.
2026-09-12 17:58:27.480 INFO   [1CF536\57C224] Auto-router pass #225 on board '0d5c3e816165ab7fe8f9a36540788e49' was completed in 0.42 seconds with the score of 910.32 (20 unrouted), using 4042.36 CPU seconds and 93315 MB memory.
2026-09-12 17:58:27.907 INFO   [1CF536\57C224] Auto-router pass #226 on board '0d5c3e816165ab7fe8f9a36540788e49' was completed in 0.42 seconds with the score of 910.32 (20 unrouted), using 4042.36 CPU seconds and 93315 MB memory.
2026-09-12 17:58:28.334 INFO   [1CF536\57C224] Auto-router pass #227 on board '0d5c3e816165ab7fe8f9a36540788e49' was completed in 0.42 seconds with the score of 910.32 (20 unrouted), using 4132.48 CPU seconds and 94261 MB memory.
2026-09-12 17:58:28.787 INFO   [1CF536\57C224] Auto-router pass #228 on board '0d5c3e816165ab7fe8f9a36540788e49' was completed in 0.45 seconds with the score of 910.32 (20 unrouted), using 4132.48 CPU seconds and 94261 MB memory.
2026-09-12 17:58:29.200 INFO   [1CF536\57C224] Auto-router pass #229 on board '0d5c3e816165ab7fe8f9a36540788e49' was completed in 0.41 seconds with the score of 910.32 (20 unrouted), using 4223.59 CPU seconds and 95199 MB memory.
2026-09-12 17:58:29.628 INFO   [1CF536\57C224] Auto-router pass #230 on board '0d5c3e816165ab7fe8f9a36540788e49' was completed in 0.42 seconds with the score of 910.32 (20 unrouted), using 4223.59 CPU seconds and 95199 MB memory.
2026-09-12 17:58:30.043 INFO   [1CF536\57C224] Auto-router pass #231 on board '0d5c3e816165ab7fe8f9a36540788e49' was completed in 0.41 seconds with the score of 910.32 (20 unrouted), using 4315.69 CPU seconds and 96174 MB memory.
2026-09-12 17:58:30.486 INFO   [1CF536\57C224] Auto-router pass #232 on board '0d5c3e816165ab7fe8f9a36540788e49' was completed in 0.43 seconds with the score of 910.32 (20 unrouted), using 4315.69 CPU seconds and 96174 MB memory.
2026-09-12 17:58:30.790 INFO   [1CF536\57C224] Auto-router pass #233 on board '0d5c3e816165ab7fe8f9a36540788e49' was completed in 0.30 seconds with the score of 910.32 (20 unrouted), using 4315.69 CPU seconds and 96174 MB memory.
2026-09-12 17:58:31.183 INFO   [1CF536\57C224] Auto-router pass #234 on board '0d5c3e816165ab7fe8f9a36540788e49' was completed in 0.39 seconds with the score of 910.32 (20 unrouted), using 4408.79 CPU seconds and 97260 MB memory.
2026-09-12 17:58:31.598 INFO   [1CF536\57C224] Auto-router pass #235 on board '0d5c3e816165ab7fe8f9a36540788e49' was completed in 0.41 seconds with the score of 910.32 (20 unrouted), using 4408.79 CPU seconds and 97260 MB memory.
2026-09-12 17:58:32.008 INFO   [1CF536\57C224] Auto-router pass #236 on board '0d5c3e816165ab7fe8f9a36540788e49' was completed in 0.40 seconds with the score of 910.32 (20 unrouted), using 4502.88 CPU seconds and 98271 MB memory.
2026-09-12 17:58:32.366 INFO   [1CF536\57C224] Auto-router pass #237 on board '0d5c3e816165ab7fe8f9a36540788e49' was completed in 0.35 seconds with the score of 910.32 (20 unrouted), using 4502.88 CPU seconds and 98271 MB memory.
2026-09-12 17:58:32.737 INFO   [1CF536\57C224] Auto-router pass #238 on board '0d5c3e816165ab7fe8f9a36540788e49' was completed in 0.37 seconds with the score of 910.32 (20 unrouted), using 4502.88 CPU seconds and 98271 MB memory.
2026-09-12 17:58:33.127 INFO   [1CF536\57C224] Auto-router pass #239 on board '0d5c3e816165ab7fe8f9a36540788e49' was completed in 0.39 seconds with the score of 910.32 (20 unrouted), using 4597.96 CPU seconds and 99373 MB memory.
2026-09-12 17:58:33.554 INFO   [1CF536\57C224] Auto-router pass #240 on board '0d5c3e816165ab7fe8f9a36540788e49' was completed in 0.42 seconds with the score of 910.32 (20 unrouted), using 4597.96 CPU seconds and 99373 MB memory.
2026-09-12 17:58:33.947 INFO   [1CF536\57C224] Auto-router pass #241 on board '0d5c3e816165ab7fe8f9a36540788e49' was completed in 0.39 seconds with the score of 910.32 (20 unrouted), using 4597.96 CPU seconds and 99373 MB memory.
2026-09-12 17:58:34.349 INFO   [1CF536\57C224] Auto-router pass #242 on board '0d5c3e816165ab7fe8f9a36540788e49' was completed in 0.40 seconds with the score of 910.32 (20 unrouted), using 4694.04 CPU seconds and 100381 MB memory.
2026-09-12 17:58:34.818 INFO   [1CF536\57C224] Auto-router pass #243 on board '0d5c3e816165ab7fe8f9a36540788e49' was completed in 0.46 seconds with the score of 910.32 (20 unrouted), using 4694.04 CPU seconds and 100381 MB memory.
2026-09-12 17:58:35.276 INFO   [1CF536\57C224] Auto-router pass #244 on board '0d5c3e816165ab7fe8f9a36540788e49' was completed in 0.45 seconds with the score of 910.32 (20 unrouted), using 4791.11 CPU seconds and 101310 MB memory.
2026-09-12 17:58:35.712 INFO   [1CF536\57C224] Auto-router pass #245 on board '0d5c3e816165ab7fe8f9a36540788e49' was completed in 0.43 seconds with the score of 910.32 (20 unrouted), using 4791.11 CPU seconds and 101310 MB memory.
2026-09-12 17:58:36.145 INFO   [1CF536\57C224] Auto-router pass #246 on board '0d5c3e816165ab7fe8f9a36540788e49' was completed in 0.43 seconds with the score of 910.32 (20 unrouted), using 4889.17 CPU seconds and 102252 MB memory.
2026-09-12 17:58:36.575 INFO   [1CF536\57C224] Auto-router pass #247 on board '0d5c3e816165ab7fe8f9a36540788e49' was completed in 0.42 seconds with the score of 910.32 (20 unrouted), using 4889.17 CPU seconds and 102252 MB memory.
2026-09-12 17:58:37.059 INFO   [1CF536\57C224] Auto-router pass #248 on board '0d5c3e816165ab7fe8f9a36540788e49' was completed in 0.47 seconds with the score of 910.32 (20 unrouted), using 4988.21 CPU seconds and 103152 MB memory.
2026-09-12 17:58:37.477 INFO   [1CF536\57C224] Auto-router pass #249 on board '0d5c3e816165ab7fe8f9a36540788e49' was completed in 0.41 seconds with the score of 910.32 (20 unrouted), using 4988.21 CPU seconds and 103152 MB memory.
2026-09-12 17:58:37.892 INFO   [1CF536\57C224] Auto-router pass #250 on board '0d5c3e816165ab7fe8f9a36540788e49' was completed in 0.41 seconds with the score of 910.32 (20 unrouted), using 4988.21 CPU seconds and 103152 MB memory.
2026-09-12 17:58:38.300 INFO   [1CF536\57C224] Auto-router pass #251 on board '0d5c3e816165ab7fe8f9a36540788e49' was completed in 0.40 seconds with the score of 910.32 (20 unrouted), using 5088.25 CPU seconds and 104122 MB memory.
2026-09-12 17:58:38.744 INFO   [1CF536\57C224] Auto-router pass #252 on board '0d5c3e816165ab7fe8f9a36540788e49' was completed in 0.44 seconds with the score of 910.32 (20 unrouted), using 5088.25 CPU seconds and 104122 MB memory.
2026-09-12 17:58:39.190 INFO   [1CF536\57C224] Auto-router pass #253 on board '0d5c3e816165ab7fe8f9a36540788e49' was completed in 0.44 seconds with the score of 910.32 (20 unrouted), using 5189.28 CPU seconds and 105082 MB memory.
2026-09-12 17:58:39.605 INFO   [1CF536\57C224] Auto-router pass #254 on board '0d5c3e816165ab7fe8f9a36540788e49' was completed in 0.41 seconds with the score of 910.32 (20 unrouted), using 5189.28 CPU seconds and 105082 MB memory.
2026-09-12 17:58:40.024 INFO   [1CF536\57C224] Auto-router pass #255 on board '0d5c3e816165ab7fe8f9a36540788e49' was completed in 0.41 seconds with the score of 910.32 (20 unrouted), using 5291.31 CPU seconds and 106046 MB memory.
2026-09-12 17:58:40.454 INFO   [1CF536\57C224] Auto-router pass #256 on board '0d5c3e816165ab7fe8f9a36540788e49' was completed in 0.43 seconds with the score of 910.32 (20 unrouted), using 5291.31 CPU seconds and 106046 MB memory.
2026-09-12 17:58:40.839 INFO   [1CF536\57C224] Auto-router pass #257 on board '0d5c3e816165ab7fe8f9a36540788e49' was completed in 0.38 seconds with the score of 910.32 (20 unrouted), using 5291.31 CPU seconds and 106046 MB memory.
2026-09-12 17:58:41.228 INFO   [1CF536\57C224] Auto-router pass #258 on board '0d5c3e816165ab7fe8f9a36540788e49' was completed in 0.39 seconds with the score of 910.32 (20 unrouted), using 5394.32 CPU seconds and 107058 MB memory.
2026-09-12 17:58:41.644 INFO   [1CF536\57C224] Auto-router pass #259 on board '0d5c3e816165ab7fe8f9a36540788e49' was completed in 0.41 seconds with the score of 910.32 (20 unrouted), using 5394.32 CPU seconds and 107058 MB memory.
2026-09-12 17:58:42.109 INFO   [1CF536\57C224] Auto-router pass #260 on board '0d5c3e816165ab7fe8f9a36540788e49' was completed in 0.46 seconds with the score of 910.32 (20 unrouted), using 5498.34 CPU seconds and 108037 MB memory.
2026-09-12 17:58:42.531 INFO   [1CF536\57C224] Auto-router pass #261 on board '0d5c3e816165ab7fe8f9a36540788e49' was completed in 0.42 seconds with the score of 910.32 (20 unrouted), using 5498.34 CPU seconds and 108037 MB memory.
2026-09-12 17:58:42.954 INFO   [1CF536\57C224] Auto-router pass #262 on board '0d5c3e816165ab7fe8f9a36540788e49' was completed in 0.42 seconds with the score of 910.32 (20 unrouted), using 5498.34 CPU seconds and 108037 MB memory.
2026-09-12 17:58:43.374 INFO   [1CF536\57C224] Auto-router pass #263 on board '0d5c3e816165ab7fe8f9a36540788e49' was completed in 0.41 seconds with the score of 910.32 (20 unrouted), using 5603.34 CPU seconds and 108990 MB memory.
2026-09-12 17:58:43.830 INFO   [1CF536\57C224] Auto-router pass #264 on board '0d5c3e816165ab7fe8f9a36540788e49' was completed in 0.45 seconds with the score of 910.32 (20 unrouted), using 5603.34 CPU seconds and 108990 MB memory.
2026-09-12 17:58:44.269 INFO   [1CF536\57C224] Auto-router pass #265 on board '0d5c3e816165ab7fe8f9a36540788e49' was completed in 0.43 seconds with the score of 910.32 (20 unrouted), using 5709.34 CPU seconds and 109945 MB memory.
2026-09-12 17:58:44.690 INFO   [1CF536\57C224] Auto-router pass #266 on board '0d5c3e816165ab7fe8f9a36540788e49' was completed in 0.41 seconds with the score of 910.32 (20 unrouted), using 5709.34 CPU seconds and 109945 MB memory.
2026-09-12 17:58:45.096 INFO   [1CF536\57C224] Auto-router pass #267 on board '0d5c3e816165ab7fe8f9a36540788e49' was completed in 0.40 seconds with the score of 910.32 (20 unrouted), using 5816.34 CPU seconds and 110894 MB memory.
2026-09-12 17:58:45.559 INFO   [1CF536\57C224] Auto-router pass #268 on board '0d5c3e816165ab7fe8f9a36540788e49' was completed in 0.46 seconds with the score of 910.32 (20 unrouted), using 5816.34 CPU seconds and 110894 MB memory.
2026-09-12 17:58:45.993 INFO   [1CF536\57C224] Auto-router pass #269 on board '0d5c3e816165ab7fe8f9a36540788e49' was completed in 0.43 seconds with the score of 910.32 (20 unrouted), using 5924.33 CPU seconds and 111829 MB memory.
2026-09-12 17:58:46.423 INFO   [1CF536\57C224] Auto-router pass #270 on board '0d5c3e816165ab7fe8f9a36540788e49' was completed in 0.42 seconds with the score of 910.32 (20 unrouted), using 5924.33 CPU seconds and 111829 MB memory.
2026-09-12 17:58:46.856 INFO   [1CF536\57C224] Auto-router pass #271 on board '0d5c3e816165ab7fe8f9a36540788e49' was completed in 0.43 seconds with the score of 910.32 (20 unrouted), using 5924.33 CPU seconds and 111829 MB memory.
2026-09-12 17:58:47.307 INFO   [1CF536\57C224] Auto-router pass #272 on board '0d5c3e816165ab7fe8f9a36540788e49' was completed in 0.44 seconds with the score of 910.32 (20 unrouted), using 6033.32 CPU seconds and 112746 MB memory.
2026-09-12 17:58:47.736 INFO   [1CF536\57C224] Auto-router pass #273 on board '0d5c3e816165ab7fe8f9a36540788e49' was completed in 0.42 seconds with the score of 910.32 (20 unrouted), using 6033.32 CPU seconds and 112746 MB memory.
2026-09-12 17:58:48.174 INFO   [1CF536\57C224] Auto-router pass #274 on board '0d5c3e816165ab7fe8f9a36540788e49' was completed in 0.43 seconds with the score of 910.32 (20 unrouted), using 6143.30 CPU seconds and 113714 MB memory.
2026-09-12 17:58:48.593 INFO   [1CF536\57C224] Auto-router pass #275 on board '0d5c3e816165ab7fe8f9a36540788e49' was completed in 0.41 seconds with the score of 910.32 (20 unrouted), using 6143.30 CPU seconds and 113714 MB memory.
2026-09-12 17:58:49.027 INFO   [1CF536\57C224] Auto-router pass #276 on board '0d5c3e816165ab7fe8f9a36540788e49' was completed in 0.43 seconds with the score of 910.32 (20 unrouted), using 6254.27 CPU seconds and 114679 MB memory.
2026-09-12 17:58:49.464 INFO   [1CF536\57C224] Auto-router pass #277 on board '0d5c3e816165ab7fe8f9a36540788e49' was completed in 0.43 seconds with the score of 910.32 (20 unrouted), using 6254.27 CPU seconds and 114679 MB memory.
2026-09-12 17:58:49.869 INFO   [1CF536\57C224] Auto-router pass #278 on board '0d5c3e816165ab7fe8f9a36540788e49' was completed in 0.40 seconds with the score of 910.32 (20 unrouted), using 6254.27 CPU seconds and 114679 MB memory.
2026-09-12 17:58:50.302 INFO   [1CF536\57C224] Auto-router pass #279 on board '0d5c3e816165ab7fe8f9a36540788e49' was completed in 0.43 seconds with the score of 910.32 (20 unrouted), using 6366.24 CPU seconds and 115643 MB memory.
2026-09-12 17:58:50.776 INFO   [1CF536\57C224] Auto-router pass #280 on board '0d5c3e816165ab7fe8f9a36540788e49' was completed in 0.47 seconds with the score of 910.32 (20 unrouted), using 6366.24 CPU seconds and 115643 MB memory.
2026-09-12 17:58:51.198 INFO   [1CF536\57C224] Auto-router pass #281 on board '0d5c3e816165ab7fe8f9a36540788e49' was completed in 0.42 seconds with the score of 910.32 (20 unrouted), using 6479.19 CPU seconds and 116564 MB memory.
2026-09-12 17:58:51.603 INFO   [1CF536\57C224] Auto-router pass #282 on board '0d5c3e816165ab7fe8f9a36540788e49' was completed in 0.40 seconds with the score of 910.32 (20 unrouted), using 6479.19 CPU seconds and 116564 MB memory.
2026-09-12 17:58:52.007 INFO   [1CF536\57C224] Auto-router pass #283 on board '0d5c3e816165ab7fe8f9a36540788e49' was completed in 0.40 seconds with the score of 910.32 (20 unrouted), using 6593.12 CPU seconds and 117551 MB memory.
2026-09-12 17:58:52.463 INFO   [1CF536\57C224] Auto-router pass #284 on board '0d5c3e816165ab7fe8f9a36540788e49' was completed in 0.45 seconds with the score of 910.32 (20 unrouted), using 6593.12 CPU seconds and 117551 MB memory.
2026-09-12 17:58:52.871 INFO   [1CF536\57C224] Auto-router pass #285 on board '0d5c3e816165ab7fe8f9a36540788e49' was completed in 0.40 seconds with the score of 910.32 (20 unrouted), using 6593.12 CPU seconds and 117551 MB memory.
2026-09-12 17:58:53.298 INFO   [1CF536\57C224] Auto-router pass #286 on board '0d5c3e816165ab7fe8f9a36540788e49' was completed in 0.42 seconds with the score of 910.32 (20 unrouted), using 6708.06 CPU seconds and 118512 MB memory.
2026-09-12 17:58:53.699 INFO   [1CF536\57C224] Auto-router pass #287 on board '0d5c3e816165ab7fe8f9a36540788e49' was completed in 0.40 seconds with the score of 910.32 (20 unrouted), using 6708.06 CPU seconds and 118512 MB memory.
2026-09-12 17:58:54.139 INFO   [1CF536\57C224] Auto-router pass #288 on board '0d5c3e816165ab7fe8f9a36540788e49' was completed in 0.43 seconds with the score of 910.32 (20 unrouted), using 6823.98 CPU seconds and 119495 MB memory.
2026-09-12 17:58:54.576 INFO   [1CF536\57C224] Auto-router pass #289 on board '0d5c3e816165ab7fe8f9a36540788e49' was completed in 0.43 seconds with the score of 910.32 (20 unrouted), using 6823.98 CPU seconds and 119495 MB memory.
2026-09-12 17:58:54.993 INFO   [1CF536\57C224] Auto-router pass #290 on board '0d5c3e816165ab7fe8f9a36540788e49' was completed in 0.41 seconds with the score of 910.32 (20 unrouted), using 6940.91 CPU seconds and 120447 MB memory.
2026-09-12 17:58:55.418 INFO   [1CF536\57C224] Auto-router pass #291 on board '0d5c3e816165ab7fe8f9a36540788e49' was completed in 0.42 seconds with the score of 910.32 (20 unrouted), using 6940.91 CPU seconds and 120447 MB memory.
2026-09-12 17:58:55.883 INFO   [1CF536\57C224] Auto-router pass #292 on board '0d5c3e816165ab7fe8f9a36540788e49' was completed in 0.46 seconds with the score of 910.32 (20 unrouted), using 6940.91 CPU seconds and 120447 MB memory.
2026-09-12 17:58:56.305 INFO   [1CF536\57C224] Auto-router pass #293 on board '0d5c3e816165ab7fe8f9a36540788e49' was completed in 0.42 seconds with the score of 910.32 (20 unrouted), using 7058.81 CPU seconds and 121376 MB memory.
2026-09-12 17:58:56.711 INFO   [1CF536\57C224] Auto-router pass #294 on board '0d5c3e816165ab7fe8f9a36540788e49' was completed in 0.40 seconds with the score of 910.32 (20 unrouted), using 7058.81 CPU seconds and 121376 MB memory.
2026-09-12 17:58:57.117 INFO   [1CF536\57C224] Auto-router pass #295 on board '0d5c3e816165ab7fe8f9a36540788e49' was completed in 0.40 seconds with the score of 910.32 (20 unrouted), using 7177.72 CPU seconds and 122367 MB memory.
2026-09-12 17:58:57.617 INFO   [1CF536\57C224] Auto-router pass #296 on board '0d5c3e816165ab7fe8f9a36540788e49' was completed in 0.49 seconds with the score of 910.32 (20 unrouted), using 7177.72 CPU seconds and 122367 MB memory.
2026-09-12 17:58:58.045 INFO   [1CF536\57C224] Auto-router pass #297 on board '0d5c3e816165ab7fe8f9a36540788e49' was completed in 0.42 seconds with the score of 910.32 (20 unrouted), using 7297.61 CPU seconds and 123274 MB memory.
2026-09-12 17:58:58.475 INFO   [1CF536\57C224] Auto-router pass #298 on board '0d5c3e816165ab7fe8f9a36540788e49' was completed in 0.43 seconds with the score of 910.32 (20 unrouted), using 7297.61 CPU seconds and 123274 MB memory.
2026-09-12 17:58:58.899 INFO   [1CF536\57C224] Auto-router pass #299 on board '0d5c3e816165ab7fe8f9a36540788e49' was completed in 0.42 seconds with the score of 910.32 (20 unrouted), using 7297.61 CPU seconds and 123274 MB memory.
2026-09-12 17:58:59.362 INFO   [1CF536\57C224] Auto-router pass #300 on board '0d5c3e816165ab7fe8f9a36540788e49' was completed in 0.46 seconds with the score of 910.32 (20 unrouted), using 7418.50 CPU seconds and 124224 MB memory.
2026-09-12 17:58:59.762 INFO   [1CF536\57C224] Auto-router pass #301 on board '0d5c3e816165ab7fe8f9a36540788e49' was completed in 0.40 seconds with the score of 910.32 (20 unrouted), using 7418.50 CPU seconds and 124224 MB memory.
2026-09-12 17:59:00.196 INFO   [1CF536\57C224] Auto-router pass #302 on board '0d5c3e816165ab7fe8f9a36540788e49' was completed in 0.43 seconds with the score of 910.32 (20 unrouted), using 7540.39 CPU seconds and 125184 MB memory.
2026-09-12 17:59:00.624 INFO   [1CF536\57C224] Auto-router pass #303 on board '0d5c3e816165ab7fe8f9a36540788e49' was completed in 0.42 seconds with the score of 910.32 (20 unrouted), using 7540.39 CPU seconds and 125184 MB memory.
2026-09-12 17:59:01.061 INFO   [1CF536\57C224] Auto-router pass #304 on board '0d5c3e816165ab7fe8f9a36540788e49' was completed in 0.43 seconds with the score of 910.32 (20 unrouted), using 7663.26 CPU seconds and 126131 MB memory.
2026-09-12 17:59:01.473 INFO   [1CF536\57C224] Auto-router pass #305 on board '0d5c3e816165ab7fe8f9a36540788e49' was completed in 0.41 seconds with the score of 910.32 (20 unrouted), using 7663.26 CPU seconds and 126131 MB memory.
2026-09-12 17:59:01.889 INFO   [1CF536\57C224] Auto-router pass #306 on board '0d5c3e816165ab7fe8f9a36540788e49' was completed in 0.41 seconds with the score of 910.32 (20 unrouted), using 7663.26 CPU seconds and 126131 MB memory.
2026-09-12 17:59:02.285 INFO   [1CF536\57C224] Auto-router pass #307 on board '0d5c3e816165ab7fe8f9a36540788e49' was completed in 0.39 seconds with the score of 910.32 (20 unrouted), using 7787.13 CPU seconds and 127110 MB memory.
2026-09-12 17:59:02.745 INFO   [1CF536\57C224] Auto-router pass #308 on board '0d5c3e816165ab7fe8f9a36540788e49' was completed in 0.46 seconds with the score of 910.32 (20 unrouted), using 7787.13 CPU seconds and 127110 MB memory.
2026-09-12 17:59:03.155 INFO   [1CF536\57C224] Auto-router pass #309 on board '0d5c3e816165ab7fe8f9a36540788e49' was completed in 0.41 seconds with the score of 910.32 (20 unrouted), using 7912.00 CPU seconds and 128087 MB memory.
2026-09-12 17:59:03.568 INFO   [1CF536\57C224] Auto-router pass #310 on board '0d5c3e816165ab7fe8f9a36540788e49' was completed in 0.41 seconds with the score of 910.32 (20 unrouted), using 7912.00 CPU seconds and 128087 MB memory.
2026-09-12 17:59:03.974 INFO   [1CF536\57C224] Auto-router pass #311 on board '0d5c3e816165ab7fe8f9a36540788e49' was completed in 0.40 seconds with the score of 910.32 (20 unrouted), using 7912.00 CPU seconds and 128087 MB memory.
2026-09-12 17:59:04.407 INFO   [1CF536\57C224] Auto-router pass #312 on board '0d5c3e816165ab7fe8f9a36540788e49' was completed in 0.43 seconds with the score of 910.32 (20 unrouted), using 8037.86 CPU seconds and 129077 MB memory.
2026-09-12 17:59:04.837 INFO   [1CF536\57C224] Auto-router pass #313 on board '0d5c3e816165ab7fe8f9a36540788e49' was completed in 0.43 seconds with the score of 910.32 (20 unrouted), using 8037.86 CPU seconds and 129077 MB memory.
2026-09-12 17:59:05.273 INFO   [1CF536\57C224] Auto-router pass #314 on board '0d5c3e816165ab7fe8f9a36540788e49' was completed in 0.43 seconds with the score of 910.32 (20 unrouted), using 8164.71 CPU seconds and 130036 MB memory.
2026-09-12 17:59:05.711 INFO   [1CF536\57C224] Auto-router pass #315 on board '0d5c3e816165ab7fe8f9a36540788e49' was completed in 0.43 seconds with the score of 910.32 (20 unrouted), using 8164.71 CPU seconds and 130036 MB memory.
2026-09-12 17:59:06.172 INFO   [1CF536\57C224] Auto-router pass #316 on board '0d5c3e816165ab7fe8f9a36540788e49' was completed in 0.46 seconds with the score of 910.32 (20 unrouted), using 8292.56 CPU seconds and 130957 MB memory.
2026-09-12 17:59:06.604 INFO   [1CF536\57C224] Auto-router pass #317 on board '0d5c3e816165ab7fe8f9a36540788e49' was completed in 0.42 seconds with the score of 910.32 (20 unrouted), using 8292.56 CPU seconds and 130957 MB memory.
2026-09-12 17:59:07.009 INFO   [1CF536\57C224] Auto-router pass #318 on board '0d5c3e816165ab7fe8f9a36540788e49' was completed in 0.40 seconds with the score of 910.32 (20 unrouted), using 8421.39 CPU seconds and 131922 MB memory.
2026-09-12 17:59:07.404 INFO   [1CF536\57C224] Auto-router pass #319 on board '0d5c3e816165ab7fe8f9a36540788e49' was completed in 0.39 seconds with the score of 910.32 (20 unrouted), using 8421.39 CPU seconds and 131922 MB memory.
2026-09-12 17:59:07.824 INFO   [1CF536\57C224] Auto-router pass #320 on board '0d5c3e816165ab7fe8f9a36540788e49' was completed in 0.42 seconds with the score of 910.32 (20 unrouted), using 8421.39 CPU seconds and 131922 MB memory.
2026-09-12 17:59:08.227 INFO   [1CF536\57C224] Auto-router pass #321 on board '0d5c3e816165ab7fe8f9a36540788e49' was completed in 0.40 seconds with the score of 910.32 (20 unrouted), using 8551.22 CPU seconds and 132942 MB memory.
2026-09-12 17:59:08.694 INFO   [1CF536\57C224] Auto-router pass #322 on board '0d5c3e816165ab7fe8f9a36540788e49' was completed in 0.46 seconds with the score of 910.32 (20 unrouted), using 8551.22 CPU seconds and 132942 MB memory.
2026-09-12 17:59:09.110 INFO   [1CF536\57C224] Auto-router pass #323 on board '0d5c3e816165ab7fe8f9a36540788e49' was completed in 0.41 seconds with the score of 910.32 (20 unrouted), using 8682.05 CPU seconds and 133858 MB memory.
2026-09-12 17:59:09.531 INFO   [1CF536\57C224] Auto-router pass #324 on board '0d5c3e816165ab7fe8f9a36540788e49' was completed in 0.42 seconds with the score of 910.32 (20 unrouted), using 8682.05 CPU seconds and 133858 MB memory.
2026-09-12 17:59:09.928 INFO   [1CF536\57C224] Auto-router pass #325 on board '0d5c3e816165ab7fe8f9a36540788e49' was completed in 0.39 seconds with the score of 910.32 (20 unrouted), using 8682.05 CPU seconds and 133858 MB memory.
2026-09-12 17:59:10.368 INFO   [1CF536\57C224] Auto-router pass #326 on board '0d5c3e816165ab7fe8f9a36540788e49' was completed in 0.43 seconds with the score of 910.32 (20 unrouted), using 8813.86 CPU seconds and 134877 MB memory.
2026-09-12 17:59:10.798 INFO   [1CF536\57C224] Auto-router pass #327 on board '0d5c3e816165ab7fe8f9a36540788e49' was completed in 0.42 seconds with the score of 910.32 (20 unrouted), using 8813.86 CPU seconds and 134877 MB memory.
2026-09-12 17:59:11.260 INFO   [1CF536\57C224] Auto-router pass #328 on board '0d5c3e816165ab7fe8f9a36540788e49' was completed in 0.46 seconds with the score of 910.32 (20 unrouted), using 8946.67 CPU seconds and 135806 MB memory.
2026-09-12 17:59:11.685 INFO   [1CF536\57C224] Auto-router pass #329 on board '0d5c3e816165ab7fe8f9a36540788e49' was completed in 0.42 seconds with the score of 910.32 (20 unrouted), using 8946.67 CPU seconds and 135806 MB memory.
2026-09-12 17:59:12.089 INFO   [1CF536\57C224] Auto-router pass #330 on board '0d5c3e816165ab7fe8f9a36540788e49' was completed in 0.40 seconds with the score of 910.32 (20 unrouted), using 9080.48 CPU seconds and 136765 MB memory.
2026-09-12 17:59:12.516 INFO   [1CF536\57C224] Auto-router pass #331 on board '0d5c3e816165ab7fe8f9a36540788e49' was completed in 0.42 seconds with the score of 910.32 (20 unrouted), using 9080.48 CPU seconds and 136765 MB memory.
2026-09-12 17:59:12.983 INFO   [1CF536\57C224] Auto-router pass #332 on board '0d5c3e816165ab7fe8f9a36540788e49' was completed in 0.46 seconds with the score of 910.32 (20 unrouted), using 9080.48 CPU seconds and 136765 MB memory.
2026-09-12 17:59:13.400 INFO   [1CF536\57C224] Auto-router pass #333 on board '0d5c3e816165ab7fe8f9a36540788e49' was completed in 0.41 seconds with the score of 910.32 (20 unrouted), using 9215.27 CPU seconds and 137703 MB memory.
2026-09-12 17:59:13.819 INFO   [1CF536\57C224] Auto-router pass #334 on board '0d5c3e816165ab7fe8f9a36540788e49' was completed in 0.41 seconds with the score of 910.32 (20 unrouted), using 9215.27 CPU seconds and 137703 MB memory.
2026-09-12 17:59:14.242 INFO   [1CF536\57C224] Auto-router pass #335 on board '0d5c3e816165ab7fe8f9a36540788e49' was completed in 0.42 seconds with the score of 910.32 (20 unrouted), using 9351.07 CPU seconds and 138668 MB memory.
2026-09-12 17:59:14.699 INFO   [1CF536\57C224] Auto-router pass #336 on board '0d5c3e816165ab7fe8f9a36540788e49' was completed in 0.45 seconds with the score of 910.32 (20 unrouted), using 9351.07 CPU seconds and 138668 MB memory.
2026-09-12 17:59:15.116 INFO   [1CF536\57C224] Auto-router pass #337 on board '0d5c3e816165ab7fe8f9a36540788e49' was completed in 0.41 seconds with the score of 910.32 (20 unrouted), using 9487.85 CPU seconds and 139619 MB memory.
2026-09-12 17:59:15.543 INFO   [1CF536\57C224] Auto-router pass #338 on board '0d5c3e816165ab7fe8f9a36540788e49' was completed in 0.42 seconds with the score of 910.32 (20 unrouted), using 9487.85 CPU seconds and 139619 MB memory.
2026-09-12 17:59:15.980 INFO   [1CF536\57C224] Auto-router pass #339 on board '0d5c3e816165ab7fe8f9a36540788e49' was completed in 0.43 seconds with the score of 910.32 (20 unrouted), using 9487.85 CPU seconds and 139619 MB memory.
2026-09-12 17:59:16.432 INFO   [1CF536\57C224] Auto-router pass #340 on board '0d5c3e816165ab7fe8f9a36540788e49' was completed in 0.45 seconds with the score of 910.32 (20 unrouted), using 9625.63 CPU seconds and 140562 MB memory.
2026-09-12 17:59:16.853 INFO   [1CF536\57C224] Auto-router pass #341 on board '0d5c3e816165ab7fe8f9a36540788e49' was completed in 0.42 seconds with the score of 910.32 (20 unrouted), using 9625.63 CPU seconds and 140562 MB memory.
2026-09-12 17:59:17.271 INFO   [1CF536\57C224] Auto-router pass #342 on board '0d5c3e816165ab7fe8f9a36540788e49' was completed in 0.41 seconds with the score of 910.32 (20 unrouted), using 9764.41 CPU seconds and 141520 MB memory.
2026-09-12 17:59:17.687 INFO   [1CF536\57C224] Auto-router pass #343 on board '0d5c3e816165ab7fe8f9a36540788e49' was completed in 0.41 seconds with the score of 910.32 (20 unrouted), using 9764.41 CPU seconds and 141520 MB memory.
2026-09-12 17:59:18.128 INFO   [1CF536\57C224] Auto-router pass #344 on board '0d5c3e816165ab7fe8f9a36540788e49' was completed in 0.44 seconds with the score of 910.32 (20 unrouted), using 9904.18 CPU seconds and 142493 MB memory.
2026-09-12 17:59:18.538 INFO   [1CF536\57C224] Auto-router pass #345 on board '0d5c3e816165ab7fe8f9a36540788e49' was completed in 0.41 seconds with the score of 910.32 (20 unrouted), using 9904.18 CPU seconds and 142493 MB memory.
2026-09-12 17:59:18.971 INFO   [1CF536\57C224] Auto-router pass #346 on board '0d5c3e816165ab7fe8f9a36540788e49' was completed in 0.43 seconds with the score of 910.32 (20 unrouted), using 9904.18 CPU seconds and 142493 MB memory.
2026-09-12 17:59:19.306 INFO   [1CF536\57C224] Auto-router pass #347 on board '0d5c3e816165ab7fe8f9a36540788e49' was completed in 0.33 seconds with the score of 910.32 (20 unrouted), using 10044.94 CPU seconds and 143449 MB memory.
2026-09-12 17:59:19.699 INFO   [1CF536\57C224] Auto-router pass #348 on board '0d5c3e816165ab7fe8f9a36540788e49' was completed in 0.39 seconds with the score of 910.32 (20 unrouted), using 10044.94 CPU seconds and 143449 MB memory.
2026-09-12 17:59:20.142 INFO   [1CF536\57C224] Auto-router pass #349 on board '0d5c3e816165ab7fe8f9a36540788e49' was completed in 0.43 seconds with the score of 910.32 (20 unrouted), using 10186.70 CPU seconds and 144509 MB memory.
2026-09-12 17:59:20.556 INFO   [1CF536\57C224] Auto-router pass #350 on board '0d5c3e816165ab7fe8f9a36540788e49' was completed in 0.41 seconds with the score of 910.32 (20 unrouted), using 10186.70 CPU seconds and 144509 MB memory.
2026-09-12 17:59:20.945 INFO   [1CF536\57C224] Auto-router pass #351 on board '0d5c3e816165ab7fe8f9a36540788e49' was completed in 0.39 seconds with the score of 910.32 (20 unrouted), using 10186.70 CPU seconds and 144509 MB memory.
2026-09-12 17:59:21.378 INFO   [1CF536\57C224] Auto-router pass #352 on board '0d5c3e816165ab7fe8f9a36540788e49' was completed in 0.43 seconds with the score of 910.32 (20 unrouted), using 10329.46 CPU seconds and 145519 MB memory.
2026-09-12 17:59:21.758 INFO   [1CF536\57C224] Auto-router pass #353 on board '0d5c3e816165ab7fe8f9a36540788e49' was completed in 0.37 seconds with the score of 910.32 (20 unrouted), using 10329.46 CPU seconds and 145519 MB memory.
2026-09-12 17:59:22.146 INFO   [1CF536\57C224] Auto-router pass #354 on board '0d5c3e816165ab7fe8f9a36540788e49' was completed in 0.39 seconds with the score of 910.32 (20 unrouted), using 10473.20 CPU seconds and 146557 MB memory.
2026-09-12 17:59:22.542 INFO   [1CF536\57C224] Auto-router pass #355 on board '0d5c3e816165ab7fe8f9a36540788e49' was completed in 0.39 seconds with the score of 910.32 (20 unrouted), using 10473.20 CPU seconds and 146557 MB memory.
2026-09-12 17:59:22.968 INFO   [1CF536\57C224] Auto-router pass #356 on board '0d5c3e816165ab7fe8f9a36540788e49' was completed in 0.42 seconds with the score of 910.32 (20 unrouted), using 10473.20 CPU seconds and 146557 MB memory.
2026-09-12 17:59:23.386 INFO   [1CF536\57C224] Auto-router pass #357 on board '0d5c3e816165ab7fe8f9a36540788e49' was completed in 0.41 seconds with the score of 910.32 (20 unrouted), using 10617.95 CPU seconds and 147571 MB memory.
2026-09-12 17:59:23.784 INFO   [1CF536\57C224] Auto-router pass #358 on board '0d5c3e816165ab7fe8f9a36540788e49' was completed in 0.39 seconds with the score of 910.32 (20 unrouted), using 10617.95 CPU seconds and 147571 MB memory.
2026-09-12 17:59:24.174 INFO   [1CF536\57C224] Auto-router pass #359 on board '0d5c3e816165ab7fe8f9a36540788e49' was completed in 0.39 seconds with the score of 910.32 (20 unrouted), using 10763.68 CPU seconds and 148564 MB memory.
2026-09-12 17:59:24.618 INFO   [1CF536\57C224] Auto-router pass #360 on board '0d5c3e816165ab7fe8f9a36540788e49' was completed in 0.44 seconds with the score of 910.32 (20 unrouted), using 10763.68 CPU seconds and 148564 MB memory.
2026-09-12 17:59:25.046 INFO   [1CF536\57C224] Auto-router pass #361 on board '0d5c3e816165ab7fe8f9a36540788e49' was completed in 0.42 seconds with the score of 910.32 (20 unrouted), using 10910.41 CPU seconds and 149544 MB memory.
2026-09-12 17:59:25.467 INFO   [1CF536\57C224] Auto-router pass #362 on board '0d5c3e816165ab7fe8f9a36540788e49' was completed in 0.41 seconds with the score of 910.32 (20 unrouted), using 10910.41 CPU seconds and 149544 MB memory.
2026-09-12 17:59:25.854 INFO   [1CF536\57C224] Auto-router pass #363 on board '0d5c3e816165ab7fe8f9a36540788e49' was completed in 0.38 seconds with the score of 910.32 (20 unrouted), using 10910.41 CPU seconds and 149544 MB memory.
2026-09-12 17:59:26.260 INFO   [1CF536\57C224] Auto-router pass #364 on board '0d5c3e816165ab7fe8f9a36540788e49' was completed in 0.40 seconds with the score of 910.32 (20 unrouted), using 11058.13 CPU seconds and 150550 MB memory.
2026-09-12 17:59:26.655 INFO   [1CF536\57C224] Auto-router pass #365 on board '0d5c3e816165ab7fe8f9a36540788e49' was completed in 0.39 seconds with the score of 910.32 (20 unrouted), using 11058.13 CPU seconds and 150550 MB memory.
2026-09-12 17:59:27.052 INFO   [1CF536\57C224] Auto-router pass #366 on board '0d5c3e816165ab7fe8f9a36540788e49' was completed in 0.39 seconds with the score of 910.32 (20 unrouted), using 11206.84 CPU seconds and 151577 MB memory.
2026-09-12 17:59:27.463 INFO   [1CF536\57C224] Auto-router pass #367 on board '0d5c3e816165ab7fe8f9a36540788e49' was completed in 0.41 seconds with the score of 910.32 (20 unrouted), using 11206.84 CPU seconds and 151577 MB memory.
2026-09-12 17:59:27.915 INFO   [1CF536\57C224] Auto-router pass #368 on board '0d5c3e816165ab7fe8f9a36540788e49' was completed in 0.45 seconds with the score of 910.32 (20 unrouted), using 11206.84 CPU seconds and 151577 MB memory.
2026-09-12 17:59:28.344 INFO   [1CF536\57C224] Auto-router pass #369 on board '0d5c3e816165ab7fe8f9a36540788e49' was completed in 0.42 seconds with the score of 910.32 (20 unrouted), using 11356.55 CPU seconds and 152539 MB memory.
2026-09-12 17:59:28.781 INFO   [1CF536\57C224] Auto-router pass #370 on board '0d5c3e816165ab7fe8f9a36540788e49' was completed in 0.43 seconds with the score of 910.32 (20 unrouted), using 11356.55 CPU seconds and 152539 MB memory.
2026-09-12 17:59:29.202 INFO   [1CF536\57C224] Auto-router pass #371 on board '0d5c3e816165ab7fe8f9a36540788e49' was completed in 0.42 seconds with the score of 910.32 (20 unrouted), using 11507.25 CPU seconds and 153496 MB memory.
2026-09-12 17:59:29.664 INFO   [1CF536\57C224] Auto-router pass #372 on board '0d5c3e816165ab7fe8f9a36540788e49' was completed in 0.46 seconds with the score of 910.32 (20 unrouted), using 11507.25 CPU seconds and 153496 MB memory.
2026-09-12 17:59:30.088 INFO   [1CF536\57C224] Auto-router pass #373 on board '0d5c3e816165ab7fe8f9a36540788e49' was completed in 0.42 seconds with the score of 910.32 (20 unrouted), using 11658.94 CPU seconds and 154421 MB memory.
2026-09-12 17:59:30.518 INFO   [1CF536\57C224] Auto-router pass #374 on board '0d5c3e816165ab7fe8f9a36540788e49' was completed in 0.43 seconds with the score of 910.32 (20 unrouted), using 11658.94 CPU seconds and 154421 MB memory.
2026-09-12 17:59:30.938 INFO   [1CF536\57C224] Auto-router pass #375 on board '0d5c3e816165ab7fe8f9a36540788e49' was completed in 0.41 seconds with the score of 910.32 (20 unrouted), using 11658.94 CPU seconds and 154421 MB memory.
2026-09-12 17:59:31.402 INFO   [1CF536\57C224] Auto-router pass #376 on board '0d5c3e816165ab7fe8f9a36540788e49' was completed in 0.46 seconds with the score of 910.32 (20 unrouted), using 11811.62 CPU seconds and 155378 MB memory.
2026-09-12 17:59:31.833 INFO   [1CF536\57C224] Auto-router pass #377 on board '0d5c3e816165ab7fe8f9a36540788e49' was completed in 0.42 seconds with the score of 910.32 (20 unrouted), using 11811.62 CPU seconds and 155378 MB memory.
2026-09-12 17:59:32.258 INFO   [1CF536\57C224] Auto-router pass #378 on board '0d5c3e816165ab7fe8f9a36540788e49' was completed in 0.42 seconds with the score of 910.32 (20 unrouted), using 11965.30 CPU seconds and 156318 MB memory.
2026-09-12 17:59:32.682 INFO   [1CF536\57C224] Auto-router pass #379 on board '0d5c3e816165ab7fe8f9a36540788e49' was completed in 0.42 seconds with the score of 910.32 (20 unrouted), using 11965.30 CPU seconds and 156318 MB memory.
2026-09-12 17:59:33.135 INFO   [1CF536\57C224] Auto-router pass #380 on board '0d5c3e816165ab7fe8f9a36540788e49' was completed in 0.45 seconds with the score of 910.32 (20 unrouted), using 12119.97 CPU seconds and 157255 MB memory.
2026-09-12 17:59:33.551 INFO   [1CF536\57C224] Auto-router pass #381 on board '0d5c3e816165ab7fe8f9a36540788e49' was completed in 0.41 seconds with the score of 910.32 (20 unrouted), using 12119.97 CPU seconds and 157255 MB memory.
2026-09-12 17:59:33.982 INFO   [1CF536\57C224] Auto-router pass #382 on board '0d5c3e816165ab7fe8f9a36540788e49' was completed in 0.43 seconds with the score of 910.32 (20 unrouted), using 12119.97 CPU seconds and 157255 MB memory.
2026-09-12 17:59:34.426 INFO   [1CF536\57C224] Auto-router pass #383 on board '0d5c3e816165ab7fe8f9a36540788e49' was completed in 0.44 seconds with the score of 910.32 (20 unrouted), using 12275.63 CPU seconds and 158214 MB memory.
2026-09-12 17:59:34.876 INFO   [1CF536\57C224] Auto-router pass #384 on board '0d5c3e816165ab7fe8f9a36540788e49' was completed in 0.45 seconds with the score of 910.32 (20 unrouted), using 12275.63 CPU seconds and 158214 MB memory.
2026-09-12 17:59:35.264 INFO   [1CF536\57C224] Auto-router pass #385 on board '0d5c3e816165ab7fe8f9a36540788e49' was completed in 0.38 seconds with the score of 910.32 (20 unrouted), using 12432.27 CPU seconds and 159159 MB memory.
2026-09-12 17:59:35.671 INFO   [1CF536\57C224] Auto-router pass #386 on board '0d5c3e816165ab7fe8f9a36540788e49' was completed in 0.40 seconds with the score of 910.32 (20 unrouted), using 12432.27 CPU seconds and 159159 MB memory.
2026-09-12 17:59:36.072 INFO   [1CF536\57C224] Auto-router pass #387 on board '0d5c3e816165ab7fe8f9a36540788e49' was completed in 0.40 seconds with the score of 910.32 (20 unrouted), using 12589.92 CPU seconds and 160163 MB memory.
2026-09-12 17:59:36.479 INFO   [1CF536\57C224] Auto-router pass #388 on board '0d5c3e816165ab7fe8f9a36540788e49' was completed in 0.40 seconds with the score of 910.32 (20 unrouted), using 12589.92 CPU seconds and 160163 MB memory.
2026-09-12 17:59:36.871 INFO   [1CF536\57C224] Auto-router pass #389 on board '0d5c3e816165ab7fe8f9a36540788e49' was completed in 0.39 seconds with the score of 910.32 (20 unrouted), using 12589.92 CPU seconds and 160163 MB memory.
2026-09-12 17:59:37.281 INFO   [1CF536\57C224] Auto-router pass #390 on board '0d5c3e816165ab7fe8f9a36540788e49' was completed in 0.41 seconds with the score of 910.32 (20 unrouted), using 12748.55 CPU seconds and 161209 MB memory.
2026-09-12 17:59:37.727 INFO   [1CF536\57C224] Auto-router pass #391 on board '0d5c3e816165ab7fe8f9a36540788e49' was completed in 0.44 seconds with the score of 910.32 (20 unrouted), using 12748.55 CPU seconds and 161209 MB memory.
2026-09-12 17:59:38.085 INFO   [1CF536\57C224] Auto-router pass #392 on board '0d5c3e816165ab7fe8f9a36540788e49' was completed in 0.35 seconds with the score of 910.32 (20 unrouted), using 12908.18 CPU seconds and 162235 MB memory.
2026-09-12 17:59:38.507 INFO   [1CF536\57C224] Auto-router pass #393 on board '0d5c3e816165ab7fe8f9a36540788e49' was completed in 0.42 seconds with the score of 910.32 (20 unrouted), using 12908.18 CPU seconds and 162235 MB memory.
2026-09-12 17:59:38.926 INFO   [1CF536\57C224] Auto-router pass #394 on board '0d5c3e816165ab7fe8f9a36540788e49' was completed in 0.41 seconds with the score of 910.32 (20 unrouted), using 12908.18 CPU seconds and 162235 MB memory.
2026-09-12 17:59:39.327 INFO   [1CF536\57C224] Auto-router pass #395 on board '0d5c3e816165ab7fe8f9a36540788e49' was completed in 0.40 seconds with the score of 910.32 (20 unrouted), using 13068.80 CPU seconds and 163200 MB memory.
2026-09-12 17:59:39.755 INFO   [1CF536\57C224] Auto-router pass #396 on board '0d5c3e816165ab7fe8f9a36540788e49' was completed in 0.42 seconds with the score of 910.32 (20 unrouted), using 13068.80 CPU seconds and 163200 MB memory.
2026-09-12 17:59:40.164 INFO   [1CF536\57C224] Auto-router pass #397 on board '0d5c3e816165ab7fe8f9a36540788e49' was completed in 0.41 seconds with the score of 910.32 (20 unrouted), using 13230.41 CPU seconds and 164199 MB memory.
2026-09-12 17:59:40.564 INFO   [1CF536\57C224] Auto-router pass #398 on board '0d5c3e816165ab7fe8f9a36540788e49' was completed in 0.40 seconds with the score of 910.32 (20 unrouted), using 13230.41 CPU seconds and 164199 MB memory.
2026-09-12 17:59:40.937 INFO   [1CF536\57C224] Auto-router pass #399 on board '0d5c3e816165ab7fe8f9a36540788e49' was completed in 0.37 seconds with the score of 910.32 (20 unrouted), using 13230.41 CPU seconds and 164199 MB memory.
2026-09-12 17:59:41.385 INFO   [1CF536\57C224] Auto-router pass #400 on board '0d5c3e816165ab7fe8f9a36540788e49' was completed in 0.44 seconds with the score of 910.32 (20 unrouted), using 13393.02 CPU seconds and 165237 MB memory.
2026-09-12 17:59:41.816 INFO   [1CF536\57C224] Auto-router pass #401 on board '0d5c3e816165ab7fe8f9a36540788e49' was completed in 0.43 seconds with the score of 910.32 (20 unrouted), using 13393.02 CPU seconds and 165237 MB memory.
2026-09-12 17:59:42.231 INFO   [1CF536\57C224] Auto-router pass #402 on board '0d5c3e816165ab7fe8f9a36540788e49' was completed in 0.41 seconds with the score of 910.32 (20 unrouted), using 13556.62 CPU seconds and 166184 MB memory.
2026-09-12 17:59:42.672 INFO   [1CF536\57C224] Auto-router pass #403 on board '0d5c3e816165ab7fe8f9a36540788e49' was completed in 0.44 seconds with the score of 910.32 (20 unrouted), using 13556.62 CPU seconds and 166184 MB memory.
2026-09-12 17:59:43.125 INFO   [1CF536\57C224] Auto-router pass #404 on board '0d5c3e816165ab7fe8f9a36540788e49' was completed in 0.45 seconds with the score of 910.32 (20 unrouted), using 13721.22 CPU seconds and 167126 MB memory.
2026-09-12 17:59:43.539 INFO   [1CF536\57C224] Auto-router pass #405 on board '0d5c3e816165ab7fe8f9a36540788e49' was completed in 0.41 seconds with the score of 910.32 (20 unrouted), using 13721.22 CPU seconds and 167126 MB memory.
2026-09-12 17:59:43.940 INFO   [1CF536\57C224] Auto-router pass #406 on board '0d5c3e816165ab7fe8f9a36540788e49' was completed in 0.40 seconds with the score of 910.32 (20 unrouted), using 13721.22 CPU seconds and 167126 MB memory.
2026-09-12 17:59:44.400 INFO   [1CF536\57C224] Auto-router pass #407 on board '0d5c3e816165ab7fe8f9a36540788e49' was completed in 0.46 seconds with the score of 910.32 (20 unrouted), using 13886.81 CPU seconds and 168108 MB memory.
2026-09-12 17:59:44.842 INFO   [1CF536\57C224] Auto-router pass #408 on board '0d5c3e816165ab7fe8f9a36540788e49' was completed in 0.43 seconds with the score of 910.32 (20 unrouted), using 13886.81 CPU seconds and 168108 MB memory.
2026-09-12 17:59:45.234 INFO   [1CF536\57C224] Auto-router pass #409 on board '0d5c3e816165ab7fe8f9a36540788e49' was completed in 0.39 seconds with the score of 910.32 (20 unrouted), using 14053.40 CPU seconds and 169038 MB memory.
2026-09-12 17:59:45.637 INFO   [1CF536\57C224] Auto-router pass #410 on board '0d5c3e816165ab7fe8f9a36540788e49' was completed in 0.40 seconds with the score of 910.32 (20 unrouted), using 14053.40 CPU seconds and 169038 MB memory.
2026-09-12 17:59:46.038 INFO   [1CF536\57C224] Auto-router pass #411 on board '0d5c3e816165ab7fe8f9a36540788e49' was completed in 0.40 seconds with the score of 910.32 (20 unrouted), using 14220.98 CPU seconds and 170057 MB memory.
2026-09-12 17:59:46.480 INFO   [1CF536\57C224] Auto-router pass #412 on board '0d5c3e816165ab7fe8f9a36540788e49' was completed in 0.44 seconds with the score of 910.32 (20 unrouted), using 14220.98 CPU seconds and 170057 MB memory.
2026-09-12 17:59:46.887 INFO   [1CF536\57C224] Auto-router pass #413 on board '0d5c3e816165ab7fe8f9a36540788e49' was completed in 0.40 seconds with the score of 910.32 (20 unrouted), using 14220.98 CPU seconds and 170057 MB memory.
2026-09-12 17:59:47.294 INFO   [1CF536\57C224] Auto-router pass #414 on board '0d5c3e816165ab7fe8f9a36540788e49' was completed in 0.40 seconds with the score of 910.32 (20 unrouted), using 14389.55 CPU seconds and 171039 MB memory.
2026-09-12 17:59:47.685 INFO   [1CF536\57C224] Auto-router pass #415 on board '0d5c3e816165ab7fe8f9a36540788e49' was completed in 0.39 seconds with the score of 910.32 (20 unrouted), using 14389.55 CPU seconds and 171039 MB memory.
2026-09-12 17:59:48.100 INFO   [1CF536\57C224] Auto-router pass #416 on board '0d5c3e816165ab7fe8f9a36540788e49' was completed in 0.41 seconds with the score of 910.32 (20 unrouted), using 14559.12 CPU seconds and 172061 MB memory.
2026-09-12 17:59:48.497 INFO   [1CF536\57C224] Auto-router pass #417 on board '0d5c3e816165ab7fe8f9a36540788e49' was completed in 0.39 seconds with the score of 910.32 (20 unrouted), using 14559.12 CPU seconds and 172061 MB memory.
2026-09-12 17:59:48.890 INFO   [1CF536\57C224] Auto-router pass #418 on board '0d5c3e816165ab7fe8f9a36540788e49' was completed in 0.39 seconds with the score of 910.32 (20 unrouted), using 14559.12 CPU seconds and 172061 MB memory.
2026-09-12 17:59:49.270 INFO   [1CF536\57C224] Auto-router pass #419 on board '0d5c3e816165ab7fe8f9a36540788e49' was completed in 0.38 seconds with the score of 910.32 (20 unrouted), using 14729.68 CPU seconds and 173091 MB memory.
2026-09-12 17:59:49.718 INFO   [1CF536\57C224] Auto-router pass #420 on board '0d5c3e816165ab7fe8f9a36540788e49' was completed in 0.44 seconds with the score of 910.32 (20 unrouted), using 14729.68 CPU seconds and 173091 MB memory.
2026-09-12 17:59:50.060 INFO   [1CF536\57C224] Auto-router pass #421 on board '0d5c3e816165ab7fe8f9a36540788e49' was completed in 0.34 seconds with the score of 910.32 (20 unrouted), using 14901.23 CPU seconds and 174133 MB memory.
2026-09-12 17:59:50.458 INFO   [1CF536\57C224] Auto-router pass #422 on board '0d5c3e816165ab7fe8f9a36540788e49' was completed in 0.39 seconds with the score of 910.32 (20 unrouted), using 14901.23 CPU seconds and 174133 MB memory.
2026-09-12 17:59:50.875 INFO   [1CF536\57C224] Auto-router pass #423 on board '0d5c3e816165ab7fe8f9a36540788e49' was completed in 0.41 seconds with the score of 910.32 (20 unrouted), using 14901.23 CPU seconds and 174133 MB memory.
2026-09-12 17:59:51.297 INFO   [1CF536\57C224] Auto-router pass #424 on board '0d5c3e816165ab7fe8f9a36540788e49' was completed in 0.42 seconds with the score of 910.32 (20 unrouted), using 15073.78 CPU seconds and 175146 MB memory.
2026-09-12 17:59:51.675 INFO   [1CF536\57C224] Auto-router pass #425 on board '0d5c3e816165ab7fe8f9a36540788e49' was completed in 0.37 seconds with the score of 910.32 (20 unrouted), using 15073.78 CPU seconds and 175146 MB memory.
2026-09-12 17:59:52.094 INFO   [1CF536\57C224] Auto-router pass #426 on board '0d5c3e816165ab7fe8f9a36540788e49' was completed in 0.41 seconds with the score of 910.32 (20 unrouted), using 15247.33 CPU seconds and 176167 MB memory.
2026-09-12 17:59:52.514 INFO   [1CF536\57C224] Auto-router pass #427 on board '0d5c3e816165ab7fe8f9a36540788e49' was completed in 0.42 seconds with the score of 910.32 (20 unrouted), using 15247.33 CPU seconds and 176167 MB memory.
2026-09-12 17:59:52.969 INFO   [1CF536\57C224] Auto-router pass #428 on board '0d5c3e816165ab7fe8f9a36540788e49' was completed in 0.45 seconds with the score of 910.32 (20 unrouted), using 15247.33 CPU seconds and 176167 MB memory.
2026-09-12 17:59:53.376 INFO   [1CF536\57C224] Auto-router pass #429 on board '0d5c3e816165ab7fe8f9a36540788e49' was completed in 0.40 seconds with the score of 910.32 (20 unrouted), using 15421.86 CPU seconds and 177118 MB memory.
2026-09-12 17:59:53.805 INFO   [1CF536\57C224] Auto-router pass #430 on board '0d5c3e816165ab7fe8f9a36540788e49' was completed in 0.42 seconds with the score of 910.32 (20 unrouted), using 15421.86 CPU seconds and 177118 MB memory.
2026-09-12 17:59:54.229 INFO   [1CF536\57C224] Auto-router pass #431 on board '0d5c3e816165ab7fe8f9a36540788e49' was completed in 0.42 seconds with the score of 910.32 (20 unrouted), using 15597.39 CPU seconds and 178079 MB memory.
2026-09-12 17:59:54.663 INFO   [1CF536\57C224] Auto-router pass #432 on board '0d5c3e816165ab7fe8f9a36540788e49' was completed in 0.43 seconds with the score of 910.32 (20 unrouted), using 15597.39 CPU seconds and 178079 MB memory.
2026-09-12 17:59:55.073 INFO   [1CF536\57C224] Auto-router pass #433 on board '0d5c3e816165ab7fe8f9a36540788e49' was completed in 0.41 seconds with the score of 910.32 (20 unrouted), using 15773.91 CPU seconds and 179061 MB memory.
2026-09-12 17:59:55.499 INFO   [1CF536\57C224] Auto-router pass #434 on board '0d5c3e816165ab7fe8f9a36540788e49' was completed in 0.42 seconds with the score of 910.32 (20 unrouted), using 15773.91 CPU seconds and 179061 MB memory.
2026-09-12 17:59:55.934 INFO   [1CF536\57C224] Auto-router pass #435 on board '0d5c3e816165ab7fe8f9a36540788e49' was completed in 0.43 seconds with the score of 910.32 (20 unrouted), using 15773.91 CPU seconds and 179061 MB memory.
2026-09-12 17:59:56.389 INFO   [1CF536\57C224] Auto-router pass #436 on board '0d5c3e816165ab7fe8f9a36540788e49' was completed in 0.45 seconds with the score of 910.32 (20 unrouted), using 15951.43 CPU seconds and 180011 MB memory.
2026-09-12 17:59:56.816 INFO   [1CF536\57C224] Auto-router pass #437 on board '0d5c3e816165ab7fe8f9a36540788e49' was completed in 0.42 seconds with the score of 910.32 (20 unrouted), using 15951.43 CPU seconds and 180011 MB memory.
2026-09-12 17:59:57.220 INFO   [1CF536\57C224] Auto-router pass #438 on board '0d5c3e816165ab7fe8f9a36540788e49' was completed in 0.40 seconds with the score of 910.32 (20 unrouted), using 16129.94 CPU seconds and 180952 MB memory.
2026-09-12 17:59:57.616 INFO   [1CF536\57C224] Auto-router pass #439 on board '0d5c3e816165ab7fe8f9a36540788e49' was completed in 0.39 seconds with the score of 910.32 (20 unrouted), using 16129.94 CPU seconds and 180952 MB memory.
2026-09-12 17:59:58.048 INFO   [1CF536\57C224] Auto-router pass #440 on board '0d5c3e816165ab7fe8f9a36540788e49' was completed in 0.43 seconds with the score of 910.32 (20 unrouted), using 16309.44 CPU seconds and 181967 MB memory.
2026-09-12 17:59:58.453 INFO   [1CF536\57C224] Auto-router pass #441 on board '0d5c3e816165ab7fe8f9a36540788e49' was completed in 0.40 seconds with the score of 910.32 (20 unrouted), using 16309.44 CPU seconds and 181967 MB memory.
2026-09-12 17:59:58.857 INFO   [1CF536\57C224] Auto-router pass #442 on board '0d5c3e816165ab7fe8f9a36540788e49' was completed in 0.40 seconds with the score of 910.32 (20 unrouted), using 16309.44 CPU seconds and 181967 MB memory.
2026-09-12 17:59:59.269 INFO   [1CF536\57C224] Auto-router pass #443 on board '0d5c3e816165ab7fe8f9a36540788e49' was completed in 0.41 seconds with the score of 910.32 (20 unrouted), using 16489.93 CPU seconds and 182963 MB memory.
2026-09-12 17:59:59.698 INFO   [1CF536\57C224] Auto-router pass #444 on board '0d5c3e816165ab7fe8f9a36540788e49' was completed in 0.42 seconds with the score of 910.32 (20 unrouted), using 16489.93 CPU seconds and 182963 MB memory.
2026-09-12 18:00:00.094 INFO   [1CF536\57C224] Auto-router pass #445 on board '0d5c3e816165ab7fe8f9a36540788e49' was completed in 0.39 seconds with the score of 910.32 (20 unrouted), using 16671.42 CPU seconds and 183965 MB memory.
2026-09-12 18:00:00.501 INFO   [1CF536\57C224] Auto-router pass #446 on board '0d5c3e816165ab7fe8f9a36540788e49' was completed in 0.40 seconds with the score of 910.32 (20 unrouted), using 16671.42 CPU seconds and 183965 MB memory.
2026-09-12 18:00:00.929 INFO   [1CF536\57C224] Auto-router pass #447 on board '0d5c3e816165ab7fe8f9a36540788e49' was completed in 0.42 seconds with the score of 910.32 (20 unrouted), using 16671.42 CPU seconds and 183965 MB memory.
2026-09-12 18:00:01.362 INFO   [1CF536\57C224] Auto-router pass #448 on board '0d5c3e816165ab7fe8f9a36540788e49' was completed in 0.43 seconds with the score of 910.32 (20 unrouted), using 16853.90 CPU seconds and 184938 MB memory.
2026-09-12 18:00:01.832 INFO   [1CF536\57C224] Auto-router pass #449 on board '0d5c3e816165ab7fe8f9a36540788e49' was completed in 0.47 seconds with the score of 910.32 (20 unrouted), using 16853.90 CPU seconds and 184938 MB memory.
2026-09-12 18:00:02.261 INFO   [1CF536\57C224] Auto-router pass #450 on board '0d5c3e816165ab7fe8f9a36540788e49' was completed in 0.42 seconds with the score of 910.32 (20 unrouted), using 17037.37 CPU seconds and 185863 MB memory.
2026-09-12 18:00:02.691 INFO   [1CF536\57C224] Auto-router pass #451 on board '0d5c3e816165ab7fe8f9a36540788e49' was completed in 0.42 seconds with the score of 910.32 (20 unrouted), using 17037.37 CPU seconds and 185863 MB memory.
2026-09-12 18:00:03.158 INFO   [1CF536\57C224] Auto-router pass #452 on board '0d5c3e816165ab7fe8f9a36540788e49' was completed in 0.46 seconds with the score of 910.32 (20 unrouted), using 17221.83 CPU seconds and 186792 MB memory.
2026-09-12 18:00:03.582 INFO   [1CF536\57C224] Auto-router pass #453 on board '0d5c3e816165ab7fe8f9a36540788e49' was completed in 0.42 seconds with the score of 910.32 (20 unrouted), using 17221.83 CPU seconds and 186792 MB memory.
2026-09-12 18:00:03.998 INFO   [1CF536\57C224] Auto-router pass #454 on board '0d5c3e816165ab7fe8f9a36540788e49' was completed in 0.41 seconds with the score of 910.32 (20 unrouted), using 17221.83 CPU seconds and 186792 MB memory.
2026-09-12 18:00:04.405 INFO   [1CF536\57C224] Auto-router pass #455 on board '0d5c3e816165ab7fe8f9a36540788e49' was completed in 0.39 seconds with the score of 910.32 (20 unrouted), using 17407.28 CPU seconds and 187740 MB memory.
2026-09-12 18:00:04.916 INFO   [1CF536\57C224] Auto-router pass #456 on board '0d5c3e816165ab7fe8f9a36540788e49' was completed in 0.51 seconds with the score of 910.32 (20 unrouted), using 17407.28 CPU seconds and 187740 MB memory.
2026-09-12 18:00:05.340 INFO   [1CF536\57C224] Auto-router pass #457 on board '0d5c3e816165ab7fe8f9a36540788e49' was completed in 0.42 seconds with the score of 910.32 (20 unrouted), using 17593.72 CPU seconds and 188660 MB memory.
2026-09-12 18:00:05.734 INFO   [1CF536\57C224] Auto-router pass #458 on board '0d5c3e816165ab7fe8f9a36540788e49' was completed in 0.39 seconds with the score of 910.32 (20 unrouted), using 17593.72 CPU seconds and 188660 MB memory.
2026-09-12 18:00:06.147 INFO   [1CF536\57C224] Auto-router pass #459 on board '0d5c3e816165ab7fe8f9a36540788e49' was completed in 0.41 seconds with the score of 910.32 (20 unrouted), using 17781.16 CPU seconds and 189654 MB memory.
2026-09-12 18:00:06.587 INFO   [1CF536\57C224] Auto-router pass #460 on board '0d5c3e816165ab7fe8f9a36540788e49' was completed in 0.43 seconds with the score of 910.32 (20 unrouted), using 17781.16 CPU seconds and 189654 MB memory.
2026-09-12 18:00:06.999 INFO   [1CF536\57C224] Auto-router pass #461 on board '0d5c3e816165ab7fe8f9a36540788e49' was completed in 0.41 seconds with the score of 910.32 (20 unrouted), using 17781.16 CPU seconds and 189654 MB memory.
2026-09-12 18:00:07.425 INFO   [1CF536\57C224] Auto-router pass #462 on board '0d5c3e816165ab7fe8f9a36540788e49' was completed in 0.42 seconds with the score of 910.32 (20 unrouted), using 17969.59 CPU seconds and 190627 MB memory.
2026-09-12 18:00:07.835 INFO   [1CF536\57C224] Auto-router pass #463 on board '0d5c3e816165ab7fe8f9a36540788e49' was completed in 0.41 seconds with the score of 910.32 (20 unrouted), using 17969.59 CPU seconds and 190627 MB memory.
2026-09-12 18:00:08.275 INFO   [1CF536\57C224] Auto-router pass #464 on board '0d5c3e816165ab7fe8f9a36540788e49' was completed in 0.43 seconds with the score of 910.32 (20 unrouted), using 18159.02 CPU seconds and 191594 MB memory.
2026-09-12 18:00:08.699 INFO   [1CF536\57C224] Auto-router pass #465 on board '0d5c3e816165ab7fe8f9a36540788e49' was completed in 0.42 seconds with the score of 910.32 (20 unrouted), using 18159.02 CPU seconds and 191594 MB memory.
2026-09-12 18:00:09.122 INFO   [1CF536\57C224] Auto-router pass #466 on board '0d5c3e816165ab7fe8f9a36540788e49' was completed in 0.42 seconds with the score of 910.32 (20 unrouted), using 18349.44 CPU seconds and 192565 MB memory.
2026-09-12 18:00:09.542 INFO   [1CF536\57C224] Auto-router pass #467 on board '0d5c3e816165ab7fe8f9a36540788e49' was completed in 0.41 seconds with the score of 910.32 (20 unrouted), using 18349.44 CPU seconds and 192565 MB memory.
2026-09-12 18:00:09.973 INFO   [1CF536\57C224] Auto-router pass #468 on board '0d5c3e816165ab7fe8f9a36540788e49' was completed in 0.43 seconds with the score of 910.32 (20 unrouted), using 18349.44 CPU seconds and 192565 MB memory.
2026-09-12 18:00:10.383 INFO   [1CF536\57C224] Auto-router pass #469 on board '0d5c3e816165ab7fe8f9a36540788e49' was completed in 0.41 seconds with the score of 910.32 (20 unrouted), using 18540.85 CPU seconds and 193532 MB memory.
2026-09-12 18:00:10.797 INFO   [1CF536\57C224] Auto-router pass #470 on board '0d5c3e816165ab7fe8f9a36540788e49' was completed in 0.41 seconds with the score of 910.32 (20 unrouted), using 18540.85 CPU seconds and 193532 MB memory.
2026-09-12 18:00:11.239 INFO   [1CF536\57C224] Auto-router pass #471 on board '0d5c3e816165ab7fe8f9a36540788e49' was completed in 0.44 seconds with the score of 910.32 (20 unrouted), using 18733.26 CPU seconds and 194494 MB memory.
2026-09-12 18:00:11.717 INFO   [1CF536\57C224] Auto-router pass #472 on board '0d5c3e816165ab7fe8f9a36540788e49' was completed in 0.46 seconds with the score of 910.32 (20 unrouted), using 18733.26 CPU seconds and 194494 MB memory.
2026-09-12 18:00:12.144 INFO   [1CF536\57C224] Auto-router pass #473 on board '0d5c3e816165ab7fe8f9a36540788e49' was completed in 0.42 seconds with the score of 910.32 (20 unrouted), using 18926.65 CPU seconds and 195420 MB memory.
2026-09-12 18:00:12.559 INFO   [1CF536\57C224] Auto-router pass #474 on board '0d5c3e816165ab7fe8f9a36540788e49' was completed in 0.41 seconds with the score of 910.32 (20 unrouted), using 18926.65 CPU seconds and 195420 MB memory.
2026-09-12 18:00:13.032 INFO   [1CF536\57C224] Auto-router pass #475 on board '0d5c3e816165ab7fe8f9a36540788e49' was completed in 0.47 seconds with the score of 910.32 (20 unrouted), using 19121.03 CPU seconds and 196333 MB memory.
2026-09-12 18:00:13.470 INFO   [1CF536\57C224] Auto-router pass #476 on board '0d5c3e816165ab7fe8f9a36540788e49' was completed in 0.43 seconds with the score of 910.32 (20 unrouted), using 19121.03 CPU seconds and 196333 MB memory.
2026-09-12 18:00:13.864 INFO   [1CF536\57C224] Auto-router pass #477 on board '0d5c3e816165ab7fe8f9a36540788e49' was completed in 0.39 seconds with the score of 910.32 (20 unrouted), using 19121.03 CPU seconds and 196333 MB memory.
2026-09-12 18:00:14.275 INFO   [1CF536\57C224] Auto-router pass #478 on board '0d5c3e816165ab7fe8f9a36540788e49' was completed in 0.41 seconds with the score of 910.32 (20 unrouted), using 19316.41 CPU seconds and 197327 MB memory.
2026-09-12 18:00:14.671 INFO   [1CF536\57C224] Auto-router pass #479 on board '0d5c3e816165ab7fe8f9a36540788e49' was completed in 0.39 seconds with the score of 910.32 (20 unrouted), using 19316.41 CPU seconds and 197327 MB memory.
2026-09-12 18:00:15.136 INFO   [1CF536\57C224] Auto-router pass #480 on board '0d5c3e816165ab7fe8f9a36540788e49' was completed in 0.46 seconds with the score of 910.32 (20 unrouted), using 19512.78 CPU seconds and 198312 MB memory.
2026-09-12 18:00:15.554 INFO   [1CF536\57C224] Auto-router pass #481 on board '0d5c3e816165ab7fe8f9a36540788e49' was completed in 0.41 seconds with the score of 910.32 (20 unrouted), using 19512.78 CPU seconds and 198312 MB memory.
2026-09-12 18:00:15.961 INFO   [1CF536\57C224] Auto-router pass #482 on board '0d5c3e816165ab7fe8f9a36540788e49' was completed in 0.40 seconds with the score of 910.32 (20 unrouted), using 19512.78 CPU seconds and 198312 MB memory.
2026-09-12 18:00:16.397 INFO   [1CF536\57C224] Auto-router pass #483 on board '0d5c3e816165ab7fe8f9a36540788e49' was completed in 0.43 seconds with the score of 910.32 (20 unrouted), using 19710.15 CPU seconds and 199291 MB memory.
2026-09-12 18:00:16.862 INFO   [1CF536\57C224] Auto-router pass #484 on board '0d5c3e816165ab7fe8f9a36540788e49' was completed in 0.46 seconds with the score of 910.32 (20 unrouted), using 19710.15 CPU seconds and 199291 MB memory.
2026-09-12 18:00:17.302 INFO   [1CF536\57C224] Auto-router pass #485 on board '0d5c3e816165ab7fe8f9a36540788e49' was completed in 0.43 seconds with the score of 910.32 (20 unrouted), using 19908.51 CPU seconds and 200196 MB memory.
2026-09-12 18:00:17.728 INFO   [1CF536\57C224] Auto-router pass #486 on board '0d5c3e816165ab7fe8f9a36540788e49' was completed in 0.42 seconds with the score of 910.32 (20 unrouted), using 19908.51 CPU seconds and 200196 MB memory.
2026-09-12 18:00:18.186 INFO   [1CF536\57C224] Auto-router pass #487 on board '0d5c3e816165ab7fe8f9a36540788e49' was completed in 0.45 seconds with the score of 910.32 (20 unrouted), using 20107.87 CPU seconds and 201150 MB memory.
2026-09-12 18:00:18.661 INFO   [1CF536\57C224] Auto-router pass #488 on board '0d5c3e816165ab7fe8f9a36540788e49' was completed in 0.47 seconds with the score of 910.32 (20 unrouted), using 20107.87 CPU seconds and 201150 MB memory.
2026-09-12 18:00:19.054 INFO   [1CF536\57C224] Auto-router pass #489 on board '0d5c3e816165ab7fe8f9a36540788e49' was completed in 0.39 seconds with the score of 910.32 (20 unrouted), using 20308.22 CPU seconds and 202073 MB memory.
2026-09-12 18:00:19.488 INFO   [1CF536\57C224] Auto-router pass #490 on board '0d5c3e816165ab7fe8f9a36540788e49' was completed in 0.43 seconds with the score of 910.32 (20 unrouted), using 20308.22 CPU seconds and 202073 MB memory.
2026-09-12 18:00:19.899 INFO   [1CF536\57C224] Auto-router pass #491 on board '0d5c3e816165ab7fe8f9a36540788e49' was completed in 0.41 seconds with the score of 910.32 (20 unrouted), using 20308.22 CPU seconds and 202073 MB memory.
2026-09-12 18:00:20.344 INFO   [1CF536\57C224] Auto-router pass #492 on board '0d5c3e816165ab7fe8f9a36540788e49' was completed in 0.44 seconds with the score of 910.32 (20 unrouted), using 20509.56 CPU seconds and 203021 MB memory.
2026-09-12 18:00:20.777 INFO   [1CF536\57C224] Auto-router pass #493 on board '0d5c3e816165ab7fe8f9a36540788e49' was completed in 0.42 seconds with the score of 910.32 (20 unrouted), using 20509.56 CPU seconds and 203021 MB memory.
2026-09-12 18:00:21.185 INFO   [1CF536\57C224] Auto-router pass #494 on board '0d5c3e816165ab7fe8f9a36540788e49' was completed in 0.40 seconds with the score of 910.32 (20 unrouted), using 20711.90 CPU seconds and 203992 MB memory.
2026-09-12 18:00:21.634 INFO   [1CF536\57C224] Auto-router pass #495 on board '0d5c3e816165ab7fe8f9a36540788e49' was completed in 0.45 seconds with the score of 910.32 (20 unrouted), using 20711.90 CPU seconds and 203992 MB memory.
2026-09-12 18:00:22.086 INFO   [1CF536\57C224] Auto-router pass #496 on board '0d5c3e816165ab7fe8f9a36540788e49' was completed in 0.45 seconds with the score of 910.32 (20 unrouted), using 20915.22 CPU seconds and 204916 MB memory.
2026-09-12 18:00:22.509 INFO   [1CF536\57C224] Auto-router pass #497 on board '0d5c3e816165ab7fe8f9a36540788e49' was completed in 0.42 seconds with the score of 910.32 (20 unrouted), using 20915.22 CPU seconds and 204916 MB memory.
2026-09-12 18:00:22.932 INFO   [1CF536\57C224] Auto-router pass #498 on board '0d5c3e816165ab7fe8f9a36540788e49' was completed in 0.42 seconds with the score of 910.32 (20 unrouted), using 20915.22 CPU seconds and 204916 MB memory.
2026-09-12 18:00:23.352 INFO   [1CF536\57C224] Auto-router pass #499 on board '0d5c3e816165ab7fe8f9a36540788e49' was completed in 0.41 seconds with the score of 910.32 (20 unrouted), using 21119.53 CPU seconds and 205869 MB memory.
2026-09-12 18:00:23.811 INFO   [1CF536\57C224] Auto-router pass #500 on board '0d5c3e816165ab7fe8f9a36540788e49' was completed in 0.45 seconds with the score of 910.32 (20 unrouted), using 21119.53 CPU seconds and 205869 MB memory.
2026-09-12 18:00:24.205 INFO   [1CF536\57C224] Auto-router pass #501 on board '0d5c3e816165ab7fe8f9a36540788e49' was completed in 0.39 seconds with the score of 910.32 (20 unrouted), using 21324.84 CPU seconds and 206838 MB memory.
2026-09-12 18:00:24.609 INFO   [1CF536\57C224] Auto-router pass #502 on board '0d5c3e816165ab7fe8f9a36540788e49' was completed in 0.40 seconds with the score of 910.32 (20 unrouted), using 21324.84 CPU seconds and 206838 MB memory.
2026-09-12 18:00:25.032 INFO   [1CF536\57C224] Auto-router pass #503 on board '0d5c3e816165ab7fe8f9a36540788e49' was completed in 0.42 seconds with the score of 910.32 (20 unrouted), using 21531.14 CPU seconds and 207828 MB memory.
2026-09-12 18:00:25.471 INFO   [1CF536\57C224] Auto-router pass #504 on board '0d5c3e816165ab7fe8f9a36540788e49' was completed in 0.43 seconds with the score of 910.32 (20 unrouted), using 21531.14 CPU seconds and 207828 MB memory.
2026-09-12 18:00:25.873 INFO   [1CF536\57C224] Auto-router pass #505 on board '0d5c3e816165ab7fe8f9a36540788e49' was completed in 0.40 seconds with the score of 910.32 (20 unrouted), using 21531.14 CPU seconds and 207828 MB memory.
2026-09-12 18:00:26.299 INFO   [1CF536\57C224] Auto-router pass #506 on board '0d5c3e816165ab7fe8f9a36540788e49' was completed in 0.42 seconds with the score of 910.32 (20 unrouted), using 21738.44 CPU seconds and 208817 MB memory.
2026-09-12 18:00:26.733 INFO   [1CF536\57C224] Auto-router pass #507 on board '0d5c3e816165ab7fe8f9a36540788e49' was completed in 0.43 seconds with the score of 910.32 (20 unrouted), using 21738.44 CPU seconds and 208817 MB memory.
2026-09-12 18:00:27.200 INFO   [1CF536\57C224] Auto-router pass #508 on board '0d5c3e816165ab7fe8f9a36540788e49' was completed in 0.46 seconds with the score of 910.32 (20 unrouted), using 21946.72 CPU seconds and 209749 MB memory.
2026-09-12 18:00:27.620 INFO   [1CF536\57C224] Auto-router pass #509 on board '0d5c3e816165ab7fe8f9a36540788e49' was completed in 0.41 seconds with the score of 910.32 (20 unrouted), using 21946.72 CPU seconds and 209749 MB memory.
2026-09-12 18:00:27.930 INFO   [1CF536\57C224] Auto-router pass #510 on board '0d5c3e816165ab7fe8f9a36540788e49' was completed in 0.31 seconds with the score of 910.32 (20 unrouted), using 21946.72 CPU seconds and 209749 MB memory.
2026-09-12 18:00:28.237 INFO   [1CF536\57C224] Auto-router pass #511 on board '0d5c3e816165ab7fe8f9a36540788e49' was completed in 0.30 seconds with the score of 910.32 (20 unrouted), using 22156.00 CPU seconds and 210846 MB memory.
2026-09-12 18:00:28.566 INFO   [1CF536\57C224] Auto-router pass #512 on board '0d5c3e816165ab7fe8f9a36540788e49' was completed in 0.33 seconds with the score of 910.32 (20 unrouted), using 22156.00 CPU seconds and 210846 MB memory.
2026-09-12 18:00:28.863 INFO   [1CF536\57C224] Auto-router pass #513 on board '0d5c3e816165ab7fe8f9a36540788e49' was completed in 0.29 seconds with the score of 910.32 (20 unrouted), using 22156.00 CPU seconds and 210846 MB memory.
2026-09-12 18:00:29.165 INFO   [1CF536\57C224] Auto-router pass #514 on board '0d5c3e816165ab7fe8f9a36540788e49' was completed in 0.30 seconds with the score of 910.32 (20 unrouted), using 22366.27 CPU seconds and 212172 MB memory.
2026-09-12 18:00:29.468 INFO   [1CF536\57C224] Auto-router pass #515 on board '0d5c3e816165ab7fe8f9a36540788e49' was completed in 0.30 seconds with the score of 910.32 (20 unrouted), using 22366.27 CPU seconds and 212172 MB memory.
2026-09-12 18:00:29.787 INFO   [1CF536\57C224] Auto-router pass #516 on board '0d5c3e816165ab7fe8f9a36540788e49' was completed in 0.32 seconds with the score of 910.32 (20 unrouted), using 22366.27 CPU seconds and 212172 MB memory.
2026-09-12 18:00:30.081 INFO   [1CF536\57C224] Auto-router pass #517 on board '0d5c3e816165ab7fe8f9a36540788e49' was completed in 0.29 seconds with the score of 910.32 (20 unrouted), using 22577.54 CPU seconds and 213513 MB memory.
2026-09-12 18:00:30.378 INFO   [1CF536\57C224] Auto-router pass #518 on board '0d5c3e816165ab7fe8f9a36540788e49' was completed in 0.29 seconds with the score of 910.32 (20 unrouted), using 22577.54 CPU seconds and 213513 MB memory.
2026-09-12 18:00:30.681 INFO   [1CF536\57C224] Auto-router pass #519 on board '0d5c3e816165ab7fe8f9a36540788e49' was completed in 0.30 seconds with the score of 910.32 (20 unrouted), using 22577.54 CPU seconds and 213513 MB memory.
2026-09-12 18:00:30.990 INFO   [1CF536\57C224] Auto-router pass #520 on board '0d5c3e816165ab7fe8f9a36540788e49' was completed in 0.31 seconds with the score of 910.32 (20 unrouted), using 22577.54 CPU seconds and 213513 MB memory.
2026-09-12 18:00:31.293 INFO   [1CF536\57C224] Auto-router pass #521 on board '0d5c3e816165ab7fe8f9a36540788e49' was completed in 0.30 seconds with the score of 910.32 (20 unrouted), using 22789.79 CPU seconds and 214879 MB memory.
2026-09-12 18:00:31.588 INFO   [1CF536\57C224] Auto-router pass #522 on board '0d5c3e816165ab7fe8f9a36540788e49' was completed in 0.29 seconds with the score of 910.32 (20 unrouted), using 22789.79 CPU seconds and 214879 MB memory.
2026-09-12 18:00:31.884 INFO   [1CF536\57C224] Auto-router pass #523 on board '0d5c3e816165ab7fe8f9a36540788e49' was completed in 0.29 seconds with the score of 910.32 (20 unrouted), using 22789.79 CPU seconds and 214879 MB memory.
2026-09-12 18:00:32.206 INFO   [1CF536\57C224] Auto-router pass #524 on board '0d5c3e816165ab7fe8f9a36540788e49' was completed in 0.32 seconds with the score of 910.32 (20 unrouted), using 23003.04 CPU seconds and 216232 MB memory.
2026-09-12 18:00:32.505 INFO   [1CF536\57C224] Auto-router pass #525 on board '0d5c3e816165ab7fe8f9a36540788e49' was completed in 0.29 seconds with the score of 910.32 (20 unrouted), using 23003.04 CPU seconds and 216232 MB memory.
2026-09-12 18:00:32.801 INFO   [1CF536\57C224] Auto-router pass #526 on board '0d5c3e816165ab7fe8f9a36540788e49' was completed in 0.29 seconds with the score of 910.32 (20 unrouted), using 23003.04 CPU seconds and 216232 MB memory.
2026-09-12 18:00:33.092 INFO   [1CF536\57C224] Auto-router pass #527 on board '0d5c3e816165ab7fe8f9a36540788e49' was completed in 0.29 seconds with the score of 910.32 (20 unrouted), using 23217.29 CPU seconds and 217593 MB memory.
2026-09-12 18:00:33.478 INFO   [1CF536\57C224] Auto-router pass #528 on board '0d5c3e816165ab7fe8f9a36540788e49' was completed in 0.38 seconds with the score of 910.32 (20 unrouted), using 23217.29 CPU seconds and 217593 MB memory.
2026-09-12 18:00:33.846 INFO   [1CF536\57C224] Auto-router pass #529 on board '0d5c3e816165ab7fe8f9a36540788e49' was completed in 0.36 seconds with the score of 910.32 (20 unrouted), using 23217.29 CPU seconds and 217593 MB memory.
2026-09-12 18:00:34.215 INFO   [1CF536\57C224] Auto-router pass #530 on board '0d5c3e816165ab7fe8f9a36540788e49' was completed in 0.36 seconds with the score of 910.32 (20 unrouted), using 23432.53 CPU seconds and 218709 MB memory.
2026-09-12 18:00:34.661 INFO   [1CF536\57C224] Auto-router pass #531 on board '0d5c3e816165ab7fe8f9a36540788e49' was completed in 0.44 seconds with the score of 910.32 (20 unrouted), using 23432.53 CPU seconds and 218709 MB memory.
2026-09-12 18:00:35.069 INFO   [1CF536\57C224] Auto-router pass #532 on board '0d5c3e816165ab7fe8f9a36540788e49' was completed in 0.41 seconds with the score of 910.32 (20 unrouted), using 23648.76 CPU seconds and 219708 MB memory.
2026-09-12 18:00:35.492 INFO   [1CF536\57C224] Auto-router pass #533 on board '0d5c3e816165ab7fe8f9a36540788e49' was completed in 0.42 seconds with the score of 910.32 (20 unrouted), using 23648.76 CPU seconds and 219708 MB memory.
2026-09-12 18:00:35.897 INFO   [1CF536\57C224] Auto-router pass #534 on board '0d5c3e816165ab7fe8f9a36540788e49' was completed in 0.40 seconds with the score of 910.32 (20 unrouted), using 23648.76 CPU seconds and 219708 MB memory.
2026-09-12 18:00:36.297 INFO   [1CF536\57C224] Auto-router pass #535 on board '0d5c3e816165ab7fe8f9a36540788e49' was completed in 0.40 seconds with the score of 910.32 (20 unrouted), using 23865.99 CPU seconds and 220684 MB memory.
2026-09-12 18:00:36.739 INFO   [1CF536\57C224] Auto-router pass #536 on board '0d5c3e816165ab7fe8f9a36540788e49' was completed in 0.44 seconds with the score of 910.32 (20 unrouted), using 23865.99 CPU seconds and 220684 MB memory.
2026-09-12 18:00:37.129 INFO   [1CF536\57C224] Auto-router pass #537 on board '0d5c3e816165ab7fe8f9a36540788e49' was completed in 0.39 seconds with the score of 910.32 (20 unrouted), using 24084.21 CPU seconds and 221694 MB memory.
2026-09-12 18:00:37.538 INFO   [1CF536\57C224] Auto-router pass #538 on board '0d5c3e816165ab7fe8f9a36540788e49' was completed in 0.41 seconds with the score of 910.32 (20 unrouted), using 24084.21 CPU seconds and 221694 MB memory.
2026-09-12 18:00:37.962 INFO   [1CF536\57C224] Auto-router pass #539 on board '0d5c3e816165ab7fe8f9a36540788e49' was completed in 0.42 seconds with the score of 910.32 (20 unrouted), using 24084.21 CPU seconds and 221694 MB memory.
2026-09-12 18:00:38.323 INFO   [1CF536\57C224] Auto-router pass #540 on board '0d5c3e816165ab7fe8f9a36540788e49' was completed in 0.35 seconds with the score of 910.32 (20 unrouted), using 24303.43 CPU seconds and 222668 MB memory.
2026-09-12 18:00:38.633 INFO   [1CF536\57C224] Auto-router pass #541 on board '0d5c3e816165ab7fe8f9a36540788e49' was completed in 0.31 seconds with the score of 910.32 (20 unrouted), using 24303.43 CPU seconds and 222668 MB memory.
2026-09-12 18:00:38.932 INFO   [1CF536\57C224] Auto-router pass #542 on board '0d5c3e816165ab7fe8f9a36540788e49' was completed in 0.29 seconds with the score of 910.32 (20 unrouted), using 24303.43 CPU seconds and 222668 MB memory.
2026-09-12 18:00:39.233 INFO   [1CF536\57C224] Auto-router pass #543 on board '0d5c3e816165ab7fe8f9a36540788e49' was completed in 0.30 seconds with the score of 910.32 (20 unrouted), using 24523.64 CPU seconds and 223973 MB memory.
2026-09-12 18:00:39.591 INFO   [1CF536\57C224] Auto-router pass #544 on board '0d5c3e816165ab7fe8f9a36540788e49' was completed in 0.35 seconds with the score of 910.32 (20 unrouted), using 24523.64 CPU seconds and 223973 MB memory.
2026-09-12 18:00:39.981 INFO   [1CF536\57C224] Auto-router pass #545 on board '0d5c3e816165ab7fe8f9a36540788e49' was completed in 0.39 seconds with the score of 910.32 (20 unrouted), using 24523.64 CPU seconds and 223973 MB memory.
2026-09-12 18:00:40.368 INFO   [1CF536\57C224] Auto-router pass #546 on board '0d5c3e816165ab7fe8f9a36540788e49' was completed in 0.38 seconds with the score of 910.32 (20 unrouted), using 24744.85 CPU seconds and 225129 MB memory.
2026-09-12 18:00:40.778 INFO   [1CF536\57C224] Auto-router pass #547 on board '0d5c3e816165ab7fe8f9a36540788e49' was completed in 0.41 seconds with the score of 910.32 (20 unrouted), using 24744.85 CPU seconds and 225129 MB memory.
2026-09-12 18:00:41.197 INFO   [1CF536\57C224] Auto-router pass #548 on board '0d5c3e816165ab7fe8f9a36540788e49' was completed in 0.41 seconds with the score of 910.32 (20 unrouted), using 24967.05 CPU seconds and 226135 MB memory.
2026-09-12 18:00:41.586 INFO   [1CF536\57C224] Auto-router pass #549 on board '0d5c3e816165ab7fe8f9a36540788e49' was completed in 0.38 seconds with the score of 910.32 (20 unrouted), using 24967.05 CPU seconds and 226135 MB memory.
2026-09-12 18:00:42.000 INFO   [1CF536\57C224] Auto-router pass #550 on board '0d5c3e816165ab7fe8f9a36540788e49' was completed in 0.41 seconds with the score of 910.32 (20 unrouted), using 24967.05 CPU seconds and 226135 MB memory.
2026-09-12 18:00:42.412 INFO   [1CF536\57C224] Auto-router pass #551 on board '0d5c3e816165ab7fe8f9a36540788e49' was completed in 0.41 seconds with the score of 910.32 (20 unrouted), using 25190.24 CPU seconds and 227150 MB memory.
2026-09-12 18:00:42.859 INFO   [1CF536\57C224] Auto-router pass #552 on board '0d5c3e816165ab7fe8f9a36540788e49' was completed in 0.44 seconds with the score of 910.32 (20 unrouted), using 25190.24 CPU seconds and 227150 MB memory.
2026-09-12 18:00:43.277 INFO   [1CF536\57C224] Auto-router pass #553 on board '0d5c3e816165ab7fe8f9a36540788e49' was completed in 0.41 seconds with the score of 910.32 (20 unrouted), using 25414.43 CPU seconds and 228121 MB memory.
2026-09-12 18:00:43.671 INFO   [1CF536\57C224] Auto-router pass #554 on board '0d5c3e816165ab7fe8f9a36540788e49' was completed in 0.39 seconds with the score of 910.32 (20 unrouted), using 25414.43 CPU seconds and 228121 MB memory.
2026-09-12 18:00:44.079 INFO   [1CF536\57C224] Auto-router pass #555 on board '0d5c3e816165ab7fe8f9a36540788e49' was completed in 0.40 seconds with the score of 910.32 (20 unrouted), using 25639.62 CPU seconds and 229119 MB memory.
2026-09-12 18:00:44.527 INFO   [1CF536\57C224] Auto-router pass #556 on board '0d5c3e816165ab7fe8f9a36540788e49' was completed in 0.44 seconds with the score of 910.32 (20 unrouted), using 25639.62 CPU seconds and 229119 MB memory.
2026-09-12 18:00:44.935 INFO   [1CF536\57C224] Auto-router pass #557 on board '0d5c3e816165ab7fe8f9a36540788e49' was completed in 0.40 seconds with the score of 910.32 (20 unrouted), using 25639.62 CPU seconds and 229119 MB memory.
2026-09-12 18:00:45.347 INFO   [1CF536\57C224] Auto-router pass #558 on board '0d5c3e816165ab7fe8f9a36540788e49' was completed in 0.41 seconds with the score of 910.32 (20 unrouted), using 25865.79 CPU seconds and 230087 MB memory.
2026-09-12 18:00:45.758 INFO   [1CF536\57C224] Auto-router pass #559 on board '0d5c3e816165ab7fe8f9a36540788e49' was completed in 0.41 seconds with the score of 910.32 (20 unrouted), using 25865.79 CPU seconds and 230087 MB memory.
2026-09-12 18:00:46.222 INFO   [1CF536\57C224] Auto-router pass #560 on board '0d5c3e816165ab7fe8f9a36540788e49' was completed in 0.46 seconds with the score of 910.32 (20 unrouted), using 26092.97 CPU seconds and 231069 MB memory.
2026-09-12 18:00:46.642 INFO   [1CF536\57C224] Auto-router pass #561 on board '0d5c3e816165ab7fe8f9a36540788e49' was completed in 0.41 seconds with the score of 910.32 (20 unrouted), using 26092.97 CPU seconds and 231069 MB memory.
2026-09-12 18:00:47.037 INFO   [1CF536\57C224] Auto-router pass #562 on board '0d5c3e816165ab7fe8f9a36540788e49' was completed in 0.39 seconds with the score of 910.32 (20 unrouted), using 26092.97 CPU seconds and 231069 MB memory.
2026-09-12 18:00:47.430 INFO   [1CF536\57C224] Auto-router pass #563 on board '0d5c3e816165ab7fe8f9a36540788e49' was completed in 0.39 seconds with the score of 910.32 (20 unrouted), using 26321.13 CPU seconds and 232039 MB memory.
2026-09-12 18:00:47.859 INFO   [1CF536\57C224] Auto-router pass #564 on board '0d5c3e816165ab7fe8f9a36540788e49' was completed in 0.42 seconds with the score of 910.32 (20 unrouted), using 26321.13 CPU seconds and 232039 MB memory.
2026-09-12 18:00:48.285 INFO   [1CF536\57C224] Auto-router pass #565 on board '0d5c3e816165ab7fe8f9a36540788e49' was completed in 0.42 seconds with the score of 910.32 (20 unrouted), using 26550.29 CPU seconds and 233042 MB memory.
2026-09-12 18:00:48.708 INFO   [1CF536\57C224] Auto-router pass #566 on board '0d5c3e816165ab7fe8f9a36540788e49' was completed in 0.42 seconds with the score of 910.32 (20 unrouted), using 26550.29 CPU seconds and 233042 MB memory.
2026-09-12 18:00:49.125 INFO   [1CF536\57C224] Auto-router pass #567 on board '0d5c3e816165ab7fe8f9a36540788e49' was completed in 0.41 seconds with the score of 910.32 (20 unrouted), using 26780.45 CPU seconds and 234005 MB memory.
2026-09-12 18:00:49.579 INFO   [1CF536\57C224] Auto-router pass #568 on board '0d5c3e816165ab7fe8f9a36540788e49' was completed in 0.45 seconds with the score of 910.32 (20 unrouted), using 26780.45 CPU seconds and 234005 MB memory.
2026-09-12 18:00:49.984 INFO   [1CF536\57C224] Auto-router pass #569 on board '0d5c3e816165ab7fe8f9a36540788e49' was completed in 0.40 seconds with the score of 910.32 (20 unrouted), using 26780.45 CPU seconds and 234005 MB memory.
2026-09-12 18:00:50.382 INFO   [1CF536\57C224] Auto-router pass #570 on board '0d5c3e816165ab7fe8f9a36540788e49' was completed in 0.39 seconds with the score of 910.32 (20 unrouted), using 27011.59 CPU seconds and 234971 MB memory.
2026-09-12 18:00:50.841 INFO   [1CF536\57C224] Auto-router pass #571 on board '0d5c3e816165ab7fe8f9a36540788e49' was completed in 0.46 seconds with the score of 910.32 (20 unrouted), using 27011.59 CPU seconds and 234971 MB memory.
2026-09-12 18:00:51.307 INFO   [1CF536\57C224] Auto-router pass #572 on board '0d5c3e816165ab7fe8f9a36540788e49' was completed in 0.46 seconds with the score of 910.32 (20 unrouted), using 27243.73 CPU seconds and 235898 MB memory.
2026-09-12 18:00:51.740 INFO   [1CF536\57C224] Auto-router pass #573 on board '0d5c3e816165ab7fe8f9a36540788e49' was completed in 0.43 seconds with the score of 910.32 (20 unrouted), using 27243.73 CPU seconds and 235898 MB memory.
2026-09-12 18:00:52.165 INFO   [1CF536\57C224] Auto-router pass #574 on board '0d5c3e816165ab7fe8f9a36540788e49' was completed in 0.42 seconds with the score of 910.32 (20 unrouted), using 27476.86 CPU seconds and 236854 MB memory.
2026-09-12 18:00:52.591 INFO   [1CF536\57C224] Auto-router pass #575 on board '0d5c3e816165ab7fe8f9a36540788e49' was completed in 0.42 seconds with the score of 910.32 (20 unrouted), using 27476.86 CPU seconds and 236854 MB memory.
2026-09-12 18:00:53.049 INFO   [1CF536\57C224] Auto-router pass #576 on board '0d5c3e816165ab7fe8f9a36540788e49' was completed in 0.45 seconds with the score of 910.32 (20 unrouted), using 27710.98 CPU seconds and 237787 MB memory.
2026-09-12 18:00:53.470 INFO   [1CF536\57C224] Auto-router pass #577 on board '0d5c3e816165ab7fe8f9a36540788e49' was completed in 0.41 seconds with the score of 910.32 (20 unrouted), using 27710.98 CPU seconds and 237787 MB memory.
2026-09-12 18:00:53.890 INFO   [1CF536\57C224] Auto-router pass #578 on board '0d5c3e816165ab7fe8f9a36540788e49' was completed in 0.41 seconds with the score of 910.32 (20 unrouted), using 27710.98 CPU seconds and 237787 MB memory.
2026-09-12 18:00:54.304 INFO   [1CF536\57C224] Auto-router pass #579 on board '0d5c3e816165ab7fe8f9a36540788e49' was completed in 0.41 seconds with the score of 910.32 (20 unrouted), using 27946.10 CPU seconds and 238748 MB memory.
2026-09-12 18:00:54.757 INFO   [1CF536\57C224] Auto-router pass #580 on board '0d5c3e816165ab7fe8f9a36540788e49' was completed in 0.45 seconds with the score of 910.32 (20 unrouted), using 27946.10 CPU seconds and 238748 MB memory.
2026-09-12 18:00:55.173 INFO   [1CF536\57C224] Auto-router pass #581 on board '0d5c3e816165ab7fe8f9a36540788e49' was completed in 0.41 seconds with the score of 910.32 (20 unrouted), using 28182.21 CPU seconds and 239712 MB memory.
2026-09-12 18:00:55.573 INFO   [1CF536\57C224] Auto-router pass #582 on board '0d5c3e816165ab7fe8f9a36540788e49' was completed in 0.40 seconds with the score of 910.32 (20 unrouted), using 28182.21 CPU seconds and 239712 MB memory.
2026-09-12 18:00:55.965 INFO   [1CF536\57C224] Auto-router pass #583 on board '0d5c3e816165ab7fe8f9a36540788e49' was completed in 0.39 seconds with the score of 910.32 (20 unrouted), using 28182.21 CPU seconds and 239712 MB memory.
2026-09-12 18:00:56.394 INFO   [1CF536\57C224] Auto-router pass #584 on board '0d5c3e816165ab7fe8f9a36540788e49' was completed in 0.42 seconds with the score of 910.32 (20 unrouted), using 28419.32 CPU seconds and 240723 MB memory.
2026-09-12 18:00:56.783 INFO   [1CF536\57C224] Auto-router pass #585 on board '0d5c3e816165ab7fe8f9a36540788e49' was completed in 0.38 seconds with the score of 910.32 (20 unrouted), using 28419.32 CPU seconds and 240723 MB memory.
2026-09-12 18:00:57.178 INFO   [1CF536\57C224] Auto-router pass #586 on board '0d5c3e816165ab7fe8f9a36540788e49' was completed in 0.39 seconds with the score of 910.32 (20 unrouted), using 28657.41 CPU seconds and 241754 MB memory.
2026-09-12 18:00:57.592 INFO   [1CF536\57C224] Auto-router pass #587 on board '0d5c3e816165ab7fe8f9a36540788e49' was completed in 0.41 seconds with the score of 910.32 (20 unrouted), using 28657.41 CPU seconds and 241754 MB memory.
2026-09-12 18:00:58.046 INFO   [1CF536\57C224] Auto-router pass #588 on board '0d5c3e816165ab7fe8f9a36540788e49' was completed in 0.45 seconds with the score of 910.32 (20 unrouted), using 28896.51 CPU seconds and 242713 MB memory.
2026-09-12 18:00:58.492 INFO   [1CF536\57C224] Auto-router pass #589 on board '0d5c3e816165ab7fe8f9a36540788e49' was completed in 0.44 seconds with the score of 910.32 (20 unrouted), using 28896.51 CPU seconds and 242713 MB memory.
2026-09-12 18:00:58.926 INFO   [1CF536\57C224] Auto-router pass #590 on board '0d5c3e816165ab7fe8f9a36540788e49' was completed in 0.43 seconds with the score of 910.32 (20 unrouted), using 28896.51 CPU seconds and 242713 MB memory.
2026-09-12 18:00:59.348 INFO   [1CF536\57C224] Auto-router pass #591 on board '0d5c3e816165ab7fe8f9a36540788e49' was completed in 0.42 seconds with the score of 910.32 (20 unrouted), using 29136.59 CPU seconds and 243639 MB memory.
2026-09-12 18:00:59.808 INFO   [1CF536\57C224] Auto-router pass #592 on board '0d5c3e816165ab7fe8f9a36540788e49' was completed in 0.46 seconds with the score of 910.32 (20 unrouted), using 29136.59 CPU seconds and 243639 MB memory.
2026-09-12 18:01:00.242 INFO   [1CF536\57C224] Auto-router pass #593 on board '0d5c3e816165ab7fe8f9a36540788e49' was completed in 0.43 seconds with the score of 910.32 (20 unrouted), using 29377.67 CPU seconds and 244566 MB memory.
2026-09-12 18:01:00.664 INFO   [1CF536\57C224] Auto-router pass #594 on board '0d5c3e816165ab7fe8f9a36540788e49' was completed in 0.42 seconds with the score of 910.32 (20 unrouted), using 29377.67 CPU seconds and 244566 MB memory.
2026-09-12 18:01:01.093 INFO   [1CF536\57C224] Auto-router pass #595 on board '0d5c3e816165ab7fe8f9a36540788e49' was completed in 0.42 seconds with the score of 910.32 (20 unrouted), using 29619.75 CPU seconds and 245526 MB memory.
2026-09-12 18:01:01.551 INFO   [1CF536\57C224] Auto-router pass #596 on board '0d5c3e816165ab7fe8f9a36540788e49' was completed in 0.45 seconds with the score of 910.32 (20 unrouted), using 29619.75 CPU seconds and 245526 MB memory.
2026-09-12 18:01:01.972 INFO   [1CF536\57C224] Auto-router pass #597 on board '0d5c3e816165ab7fe8f9a36540788e49' was completed in 0.42 seconds with the score of 910.32 (20 unrouted), using 29619.75 CPU seconds and 245526 MB memory.
2026-09-12 18:01:02.412 INFO   [1CF536\57C224] Auto-router pass #598 on board '0d5c3e816165ab7fe8f9a36540788e49' was completed in 0.43 seconds with the score of 910.32 (20 unrouted), using 29862.81 CPU seconds and 246474 MB memory.
2026-09-12 18:01:02.837 INFO   [1CF536\57C224] Auto-router pass #599 on board '0d5c3e816165ab7fe8f9a36540788e49' was completed in 0.42 seconds with the score of 910.32 (20 unrouted), using 29862.81 CPU seconds and 246474 MB memory.
2026-09-12 18:01:03.271 INFO   [1CF536\57C224] Auto-router pass #600 on board '0d5c3e816165ab7fe8f9a36540788e49' was completed in 0.43 seconds with the score of 910.32 (20 unrouted), using 30106.87 CPU seconds and 247420 MB memory.
2026-09-12 18:01:03.696 INFO   [1CF536\57C224] Auto-router pass #601 on board '0d5c3e816165ab7fe8f9a36540788e49' was completed in 0.42 seconds with the score of 910.32 (20 unrouted), using 30106.87 CPU seconds and 247420 MB memory.
2026-09-12 18:01:04.119 INFO   [1CF536\57C224] Auto-router pass #602 on board '0d5c3e816165ab7fe8f9a36540788e49' was completed in 0.42 seconds with the score of 910.32 (20 unrouted), using 30351.93 CPU seconds and 248380 MB memory.
2026-09-12 18:01:04.556 INFO   [1CF536\57C224] Auto-router pass #603 on board '0d5c3e816165ab7fe8f9a36540788e49' was completed in 0.43 seconds with the score of 910.32 (20 unrouted), using 30351.93 CPU seconds and 248380 MB memory.
2026-09-12 18:01:05.009 INFO   [1CF536\57C224] Auto-router pass #604 on board '0d5c3e816165ab7fe8f9a36540788e49' was completed in 0.45 seconds with the score of 910.32 (20 unrouted), using 30351.93 CPU seconds and 248380 MB memory.
2026-09-12 18:01:05.446 INFO   [1CF536\57C224] Auto-router pass #605 on board '0d5c3e816165ab7fe8f9a36540788e49' was completed in 0.43 seconds with the score of 910.32 (20 unrouted), using 30597.97 CPU seconds and 249314 MB memory.
2026-09-12 18:01:05.872 INFO   [1CF536\57C224] Auto-router pass #606 on board '0d5c3e816165ab7fe8f9a36540788e49' was completed in 0.42 seconds with the score of 910.32 (20 unrouted), using 30597.97 CPU seconds and 249314 MB memory.
2026-09-12 18:01:06.301 INFO   [1CF536\57C224] Auto-router pass #607 on board '0d5c3e816165ab7fe8f9a36540788e49' was completed in 0.42 seconds with the score of 910.32 (20 unrouted), using 30845.02 CPU seconds and 250252 MB memory.
2026-09-12 18:01:06.793 INFO   [1CF536\57C224] Auto-router pass #608 on board '0d5c3e816165ab7fe8f9a36540788e49' was completed in 0.49 seconds with the score of 910.32 (20 unrouted), using 30845.02 CPU seconds and 250252 MB memory.
2026-09-12 18:01:07.236 INFO   [1CF536\57C224] Auto-router pass #609 on board '0d5c3e816165ab7fe8f9a36540788e49' was completed in 0.44 seconds with the score of 910.32 (20 unrouted), using 31093.05 CPU seconds and 251153 MB memory.
2026-09-12 18:01:07.660 INFO   [1CF536\57C224] Auto-router pass #610 on board '0d5c3e816165ab7fe8f9a36540788e49' was completed in 0.42 seconds with the score of 910.32 (20 unrouted), using 31093.05 CPU seconds and 251153 MB memory.
2026-09-12 18:01:08.078 INFO   [1CF536\57C224] Auto-router pass #611 on board '0d5c3e816165ab7fe8f9a36540788e49' was completed in 0.41 seconds with the score of 910.32 (20 unrouted), using 31342.07 CPU seconds and 252107 MB memory.
2026-09-12 18:01:08.532 INFO   [1CF536\57C224] Auto-router pass #612 on board '0d5c3e816165ab7fe8f9a36540788e49' was completed in 0.45 seconds with the score of 910.32 (20 unrouted), using 31342.07 CPU seconds and 252107 MB memory.
2026-09-12 18:01:08.940 INFO   [1CF536\57C224] Auto-router pass #613 on board '0d5c3e816165ab7fe8f9a36540788e49' was completed in 0.40 seconds with the score of 910.32 (20 unrouted), using 31342.07 CPU seconds and 252107 MB memory.
2026-09-12 18:01:09.380 INFO   [1CF536\57C224] Auto-router pass #614 on board '0d5c3e816165ab7fe8f9a36540788e49' was completed in 0.43 seconds with the score of 910.32 (20 unrouted), using 31592.09 CPU seconds and 253059 MB memory.
2026-09-12 18:01:09.799 INFO   [1CF536\57C224] Auto-router pass #615 on board '0d5c3e816165ab7fe8f9a36540788e49' was completed in 0.41 seconds with the score of 910.32 (20 unrouted), using 31592.09 CPU seconds and 253059 MB memory.
2026-09-12 18:01:10.264 INFO   [1CF536\57C224] Auto-router pass #616 on board '0d5c3e816165ab7fe8f9a36540788e49' was completed in 0.46 seconds with the score of 910.32 (20 unrouted), using 31843.10 CPU seconds and 254018 MB memory.
2026-09-12 18:01:10.684 INFO   [1CF536\57C224] Auto-router pass #617 on board '0d5c3e816165ab7fe8f9a36540788e49' was completed in 0.41 seconds with the score of 910.32 (20 unrouted), using 31843.10 CPU seconds and 254018 MB memory.
2026-09-12 18:01:11.123 INFO   [1CF536\57C224] Auto-router pass #618 on board '0d5c3e816165ab7fe8f9a36540788e49' was completed in 0.43 seconds with the score of 910.32 (20 unrouted), using 32095.10 CPU seconds and 254946 MB memory.
2026-09-12 18:01:11.540 INFO   [1CF536\57C224] Auto-router pass #619 on board '0d5c3e816165ab7fe8f9a36540788e49' was completed in 0.41 seconds with the score of 910.32 (20 unrouted), using 32095.10 CPU seconds and 254946 MB memory.
2026-09-12 18:01:11.995 INFO   [1CF536\57C224] Auto-router pass #620 on board '0d5c3e816165ab7fe8f9a36540788e49' was completed in 0.45 seconds with the score of 910.32 (20 unrouted), using 32095.10 CPU seconds and 254946 MB memory.
2026-09-12 18:01:12.396 INFO   [1CF536\57C224] Auto-router pass #621 on board '0d5c3e816165ab7fe8f9a36540788e49' was completed in 0.40 seconds with the score of 910.32 (20 unrouted), using 32348.10 CPU seconds and 255897 MB memory.
2026-09-12 18:01:12.791 INFO   [1CF536\57C224] Auto-router pass #622 on board '0d5c3e816165ab7fe8f9a36540788e49' was completed in 0.39 seconds with the score of 910.32 (20 unrouted), using 32348.10 CPU seconds and 255897 MB memory.
2026-09-12 18:01:13.232 INFO   [1CF536\57C224] Auto-router pass #623 on board '0d5c3e816165ab7fe8f9a36540788e49' was completed in 0.44 seconds with the score of 910.32 (20 unrouted), using 32602.09 CPU seconds and 256893 MB memory.
2026-09-12 18:01:13.703 INFO   [1CF536\57C224] Auto-router pass #624 on board '0d5c3e816165ab7fe8f9a36540788e49' was completed in 0.47 seconds with the score of 910.32 (20 unrouted), using 32602.09 CPU seconds and 256893 MB memory.
2026-09-12 18:01:14.128 INFO   [1CF536\57C224] Auto-router pass #625 on board '0d5c3e816165ab7fe8f9a36540788e49' was completed in 0.42 seconds with the score of 910.32 (20 unrouted), using 32857.07 CPU seconds and 257815 MB memory.
2026-09-12 18:01:14.543 INFO   [1CF536\57C224] Auto-router pass #626 on board '0d5c3e816165ab7fe8f9a36540788e49' was completed in 0.41 seconds with the score of 910.32 (20 unrouted), using 32857.07 CPU seconds and 257815 MB memory.
2026-09-12 18:01:14.960 INFO   [1CF536\57C224] Auto-router pass #627 on board '0d5c3e816165ab7fe8f9a36540788e49' was completed in 0.41 seconds with the score of 910.32 (20 unrouted), using 32857.07 CPU seconds and 257815 MB memory.
2026-09-12 18:01:15.420 INFO   [1CF536\57C224] Auto-router pass #628 on board '0d5c3e816165ab7fe8f9a36540788e49' was completed in 0.45 seconds with the score of 910.32 (20 unrouted), using 33113.04 CPU seconds and 258776 MB memory.
2026-09-12 18:01:15.851 INFO   [1CF536\57C224] Auto-router pass #629 on board '0d5c3e816165ab7fe8f9a36540788e49' was completed in 0.43 seconds with the score of 910.32 (20 unrouted), using 33113.04 CPU seconds and 258776 MB memory.
2026-09-12 18:01:16.295 INFO   [1CF536\57C224] Auto-router pass #630 on board '0d5c3e816165ab7fe8f9a36540788e49' was completed in 0.44 seconds with the score of 910.32 (20 unrouted), using 33370.00 CPU seconds and 259716 MB memory.
2026-09-12 18:01:16.763 INFO   [1CF536\57C224] Auto-router pass #631 on board '0d5c3e816165ab7fe8f9a36540788e49' was completed in 0.46 seconds with the score of 910.32 (20 unrouted), using 33370.00 CPU seconds and 259716 MB memory.
2026-09-12 18:01:17.196 INFO   [1CF536\57C224] Auto-router pass #632 on board '0d5c3e816165ab7fe8f9a36540788e49' was completed in 0.43 seconds with the score of 910.32 (20 unrouted), using 33627.96 CPU seconds and 260627 MB memory.
2026-09-12 18:01:17.649 INFO   [1CF536\57C224] Auto-router pass #633 on board '0d5c3e816165ab7fe8f9a36540788e49' was completed in 0.45 seconds with the score of 910.32 (20 unrouted), using 33627.96 CPU seconds and 260627 MB memory.
2026-09-12 18:01:18.068 INFO   [1CF536\57C224] Auto-router pass #634 on board '0d5c3e816165ab7fe8f9a36540788e49' was completed in 0.41 seconds with the score of 910.32 (20 unrouted), using 33886.91 CPU seconds and 261559 MB memory.
2026-09-12 18:01:18.507 INFO   [1CF536\57C224] Auto-router pass #635 on board '0d5c3e816165ab7fe8f9a36540788e49' was completed in 0.43 seconds with the score of 910.32 (20 unrouted), using 33886.91 CPU seconds and 261559 MB memory.
2026-09-12 18:01:18.996 INFO   [1CF536\57C224] Auto-router pass #636 on board '0d5c3e816165ab7fe8f9a36540788e49' was completed in 0.48 seconds with the score of 910.32 (20 unrouted), using 33886.91 CPU seconds and 261559 MB memory.
2026-09-12 18:01:19.416 INFO   [1CF536\57C224] Auto-router pass #637 on board '0d5c3e816165ab7fe8f9a36540788e49' was completed in 0.41 seconds with the score of 910.32 (20 unrouted), using 34146.85 CPU seconds and 262462 MB memory.
2026-09-12 18:01:19.816 INFO   [1CF536\57C224] Auto-router pass #638 on board '0d5c3e816165ab7fe8f9a36540788e49' was completed in 0.40 seconds with the score of 910.32 (20 unrouted), using 34146.85 CPU seconds and 262462 MB memory.
2026-09-12 18:01:20.228 INFO   [1CF536\57C224] Auto-router pass #639 on board '0d5c3e816165ab7fe8f9a36540788e49' was completed in 0.41 seconds with the score of 910.32 (20 unrouted), using 34407.78 CPU seconds and 263448 MB memory.
2026-09-12 18:01:20.683 INFO   [1CF536\57C224] Auto-router pass #640 on board '0d5c3e816165ab7fe8f9a36540788e49' was completed in 0.45 seconds with the score of 910.32 (20 unrouted), using 34407.78 CPU seconds and 263448 MB memory.
2026-09-12 18:01:21.113 INFO   [1CF536\57C224] Auto-router pass #641 on board '0d5c3e816165ab7fe8f9a36540788e49' was completed in 0.42 seconds with the score of 910.32 (20 unrouted), using 34669.71 CPU seconds and 264393 MB memory.
2026-09-12 18:01:21.518 INFO   [1CF536\57C224] Auto-router pass #642 on board '0d5c3e816165ab7fe8f9a36540788e49' was completed in 0.40 seconds with the score of 910.32 (20 unrouted), using 34669.71 CPU seconds and 264393 MB memory.
2026-09-12 18:01:21.897 INFO   [1CF536\57C224] Auto-router pass #643 on board '0d5c3e816165ab7fe8f9a36540788e49' was completed in 0.38 seconds with the score of 910.32 (20 unrouted), using 34669.71 CPU seconds and 264393 MB memory.
2026-09-12 18:01:22.318 INFO   [1CF536\57C224] Auto-router pass #644 on board '0d5c3e816165ab7fe8f9a36540788e49' was completed in 0.42 seconds with the score of 910.32 (20 unrouted), using 34932.63 CPU seconds and 265427 MB memory.
2026-09-12 18:01:22.749 INFO   [1CF536\57C224] Auto-router pass #645 on board '0d5c3e816165ab7fe8f9a36540788e49' was completed in 0.42 seconds with the score of 910.32 (20 unrouted), using 34932.63 CPU seconds and 265427 MB memory.
2026-09-12 18:01:23.179 INFO   [1CF536\57C224] Auto-router pass #646 on board '0d5c3e816165ab7fe8f9a36540788e49' was completed in 0.42 seconds with the score of 910.32 (20 unrouted), using 35196.55 CPU seconds and 266372 MB memory.
2026-09-12 18:01:23.588 INFO   [1CF536\57C224] Auto-router pass #647 on board '0d5c3e816165ab7fe8f9a36540788e49' was completed in 0.40 seconds with the score of 910.32 (20 unrouted), using 35196.55 CPU seconds and 266372 MB memory.
2026-09-12 18:01:23.968 INFO   [1CF536\57C224] Auto-router pass #648 on board '0d5c3e816165ab7fe8f9a36540788e49' was completed in 0.38 seconds with the score of 910.32 (20 unrouted), using 35196.55 CPU seconds and 266372 MB memory.
2026-09-12 18:01:24.374 INFO   [1CF536\57C224] Auto-router pass #649 on board '0d5c3e816165ab7fe8f9a36540788e49' was completed in 0.40 seconds with the score of 910.32 (20 unrouted), using 35461.45 CPU seconds and 267410 MB memory.
2026-09-12 18:01:24.770 INFO   [1CF536\57C224] Auto-router pass #650 on board '0d5c3e816165ab7fe8f9a36540788e49' was completed in 0.39 seconds with the score of 910.32 (20 unrouted), using 35461.45 CPU seconds and 267410 MB memory.
2026-09-12 18:01:25.171 INFO   [1CF536\57C224] Auto-router pass #651 on board '0d5c3e816165ab7fe8f9a36540788e49' was completed in 0.40 seconds with the score of 910.32 (20 unrouted), using 35727.36 CPU seconds and 268435 MB memory.
2026-09-12 18:01:25.618 INFO   [1CF536\57C224] Auto-router pass #652 on board '0d5c3e816165ab7fe8f9a36540788e49' was completed in 0.44 seconds with the score of 910.32 (20 unrouted), using 35727.36 CPU seconds and 268435 MB memory.
2026-09-12 18:01:26.047 INFO   [1CF536\57C224] Auto-router pass #653 on board '0d5c3e816165ab7fe8f9a36540788e49' was completed in 0.42 seconds with the score of 910.32 (20 unrouted), using 35727.36 CPU seconds and 268435 MB memory.
2026-09-12 18:01:26.463 INFO   [1CF536\57C224] Auto-router pass #654 on board '0d5c3e816165ab7fe8f9a36540788e49' was completed in 0.41 seconds with the score of 910.32 (20 unrouted), using 35994.26 CPU seconds and 269385 MB memory.
2026-09-12 18:01:26.897 INFO   [1CF536\57C224] Auto-router pass #655 on board '0d5c3e816165ab7fe8f9a36540788e49' was completed in 0.43 seconds with the score of 910.32 (20 unrouted), using 35994.26 CPU seconds and 269385 MB memory.
2026-09-12 18:01:27.348 INFO   [1CF536\57C224] Auto-router pass #656 on board '0d5c3e816165ab7fe8f9a36540788e49' was completed in 0.45 seconds with the score of 910.32 (20 unrouted), using 36262.15 CPU seconds and 270323 MB memory.
2026-09-12 18:01:27.749 INFO   [1CF536\57C224] Auto-router pass #657 on board '0d5c3e816165ab7fe8f9a36540788e49' was completed in 0.39 seconds with the score of 910.32 (20 unrouted), using 36262.15 CPU seconds and 270323 MB memory.
2026-09-12 18:01:28.146 INFO   [1CF536\57C224] Auto-router pass #658 on board '0d5c3e816165ab7fe8f9a36540788e49' was completed in 0.39 seconds with the score of 910.32 (20 unrouted), using 36531.04 CPU seconds and 271336 MB memory.
2026-09-12 18:01:28.545 INFO   [1CF536\57C224] Auto-router pass #659 on board '0d5c3e816165ab7fe8f9a36540788e49' was completed in 0.40 seconds with the score of 910.32 (20 unrouted), using 36531.04 CPU seconds and 271336 MB memory.
2026-09-12 18:01:28.977 INFO   [1CF536\57C224] Auto-router pass #660 on board '0d5c3e816165ab7fe8f9a36540788e49' was completed in 0.43 seconds with the score of 910.32 (20 unrouted), using 36531.04 CPU seconds and 271336 MB memory.
2026-09-12 18:01:29.396 INFO   [1CF536\57C224] Auto-router pass #661 on board '0d5c3e816165ab7fe8f9a36540788e49' was completed in 0.41 seconds with the score of 910.32 (20 unrouted), using 36800.91 CPU seconds and 272331 MB memory.
2026-09-12 18:01:29.817 INFO   [1CF536\57C224] Auto-router pass #662 on board '0d5c3e816165ab7fe8f9a36540788e49' was completed in 0.41 seconds with the score of 910.32 (20 unrouted), using 36800.91 CPU seconds and 272331 MB memory.
2026-09-12 18:01:30.221 INFO   [1CF536\57C224] Auto-router pass #663 on board '0d5c3e816165ab7fe8f9a36540788e49' was completed in 0.40 seconds with the score of 910.32 (20 unrouted), using 37071.79 CPU seconds and 273295 MB memory.
2026-09-12 18:01:30.637 INFO   [1CF536\57C224] Auto-router pass #664 on board '0d5c3e816165ab7fe8f9a36540788e49' was completed in 0.41 seconds with the score of 910.32 (20 unrouted), using 37071.79 CPU seconds and 273295 MB memory.
2026-09-12 18:01:31.103 INFO   [1CF536\57C224] Auto-router pass #665 on board '0d5c3e816165ab7fe8f9a36540788e49' was completed in 0.46 seconds with the score of 910.32 (20 unrouted), using 37343.65 CPU seconds and 274251 MB memory.
2026-09-12 18:01:31.522 INFO   [1CF536\57C224] Auto-router pass #666 on board '0d5c3e816165ab7fe8f9a36540788e49' was completed in 0.41 seconds with the score of 910.32 (20 unrouted), using 37343.65 CPU seconds and 274251 MB memory.
2026-09-12 18:01:31.932 INFO   [1CF536\57C224] Auto-router pass #667 on board '0d5c3e816165ab7fe8f9a36540788e49' was completed in 0.41 seconds with the score of 910.32 (20 unrouted), using 37343.65 CPU seconds and 274251 MB memory.
2026-09-12 18:01:32.356 INFO   [1CF536\57C224] Auto-router pass #668 on board '0d5c3e816165ab7fe8f9a36540788e49' was completed in 0.42 seconds with the score of 910.32 (20 unrouted), using 37616.52 CPU seconds and 275234 MB memory.
2026-09-12 18:01:32.748 INFO   [1CF536\57C224] Auto-router pass #669 on board '0d5c3e816165ab7fe8f9a36540788e49' was completed in 0.39 seconds with the score of 910.32 (20 unrouted), using 37616.52 CPU seconds and 275234 MB memory.
2026-09-12 18:01:33.140 INFO   [1CF536\57C224] Auto-router pass #670 on board '0d5c3e816165ab7fe8f9a36540788e49' was completed in 0.39 seconds with the score of 910.32 (20 unrouted), using 37890.37 CPU seconds and 276249 MB memory.
2026-09-12 18:01:33.528 INFO   [1CF536\57C224] Auto-router pass #671 on board '0d5c3e816165ab7fe8f9a36540788e49' was completed in 0.38 seconds with the score of 910.32 (20 unrouted), using 37890.37 CPU seconds and 276249 MB memory.
2026-09-12 18:01:34.059 INFO   [1CF536\57C224] Auto-router pass #672 on board '0d5c3e816165ab7fe8f9a36540788e49' was completed in 0.53 seconds with the score of 910.32 (20 unrouted), using 37890.37 CPU seconds and 276249 MB memory.
2026-09-12 18:01:34.468 INFO   [1CF536\57C224] Auto-router pass #673 on board '0d5c3e816165ab7fe8f9a36540788e49' was completed in 0.41 seconds with the score of 910.32 (20 unrouted), using 38165.22 CPU seconds and 277174 MB memory.
2026-09-12 18:01:34.859 INFO   [1CF536\57C224] Auto-router pass #674 on board '0d5c3e816165ab7fe8f9a36540788e49' was completed in 0.39 seconds with the score of 910.32 (20 unrouted), using 38165.22 CPU seconds and 277174 MB memory.
2026-09-12 18:01:35.255 INFO   [1CF536\57C224] Auto-router pass #675 on board '0d5c3e816165ab7fe8f9a36540788e49' was completed in 0.39 seconds with the score of 910.32 (20 unrouted), using 38441.07 CPU seconds and 278182 MB memory.
2026-09-12 18:01:35.711 INFO   [1CF536\57C224] Auto-router pass #676 on board '0d5c3e816165ab7fe8f9a36540788e49' was completed in 0.45 seconds with the score of 910.32 (20 unrouted), using 38441.07 CPU seconds and 278182 MB memory.
2026-09-12 18:01:36.122 INFO   [1CF536\57C224] Auto-router pass #677 on board '0d5c3e816165ab7fe8f9a36540788e49' was completed in 0.41 seconds with the score of 910.32 (20 unrouted), using 38717.91 CPU seconds and 279158 MB memory.
2026-09-12 18:01:36.548 INFO   [1CF536\57C224] Auto-router pass #678 on board '0d5c3e816165ab7fe8f9a36540788e49' was completed in 0.42 seconds with the score of 910.32 (20 unrouted), using 38717.91 CPU seconds and 279158 MB memory.
2026-09-12 18:01:36.984 INFO   [1CF536\57C224] Auto-router pass #679 on board '0d5c3e816165ab7fe8f9a36540788e49' was completed in 0.43 seconds with the score of 910.32 (20 unrouted), using 38717.91 CPU seconds and 279158 MB memory.
2026-09-12 18:01:37.428 INFO   [1CF536\57C224] Auto-router pass #680 on board '0d5c3e816165ab7fe8f9a36540788e49' was completed in 0.44 seconds with the score of 910.32 (20 unrouted), using 38995.75 CPU seconds and 280105 MB memory.
2026-09-12 18:01:37.835 INFO   [1CF536\57C224] Auto-router pass #681 on board '0d5c3e816165ab7fe8f9a36540788e49' was completed in 0.40 seconds with the score of 910.32 (20 unrouted), using 38995.75 CPU seconds and 280105 MB memory.
2026-09-12 18:01:38.265 INFO   [1CF536\57C224] Auto-router pass #682 on board '0d5c3e816165ab7fe8f9a36540788e49' was completed in 0.42 seconds with the score of 910.32 (20 unrouted), using 39274.57 CPU seconds and 281077 MB memory.
2026-09-12 18:01:38.695 INFO   [1CF536\57C224] Auto-router pass #683 on board '0d5c3e816165ab7fe8f9a36540788e49' was completed in 0.42 seconds with the score of 910.32 (20 unrouted), using 39274.57 CPU seconds and 281077 MB memory.
2026-09-12 18:01:39.120 INFO   [1CF536\57C224] Auto-router pass #684 on board '0d5c3e816165ab7fe8f9a36540788e49' was completed in 0.42 seconds with the score of 910.32 (20 unrouted), using 39554.39 CPU seconds and 282035 MB memory.
2026-09-12 18:01:39.571 INFO   [1CF536\57C224] Auto-router pass #685 on board '0d5c3e816165ab7fe8f9a36540788e49' was completed in 0.45 seconds with the score of 910.32 (20 unrouted), using 39554.39 CPU seconds and 282035 MB memory.
2026-09-12 18:01:39.988 INFO   [1CF536\57C224] Auto-router pass #686 on board '0d5c3e816165ab7fe8f9a36540788e49' was completed in 0.41 seconds with the score of 910.32 (20 unrouted), using 39554.39 CPU seconds and 282035 MB memory.
2026-09-12 18:01:40.445 INFO   [1CF536\57C224] Auto-router pass #687 on board '0d5c3e816165ab7fe8f9a36540788e49' was completed in 0.45 seconds with the score of 910.32 (20 unrouted), using 39835.19 CPU seconds and 282953 MB memory.
2026-09-12 18:01:40.899 INFO   [1CF536\57C224] Auto-router pass #688 on board '0d5c3e816165ab7fe8f9a36540788e49' was completed in 0.45 seconds with the score of 910.32 (20 unrouted), using 39835.19 CPU seconds and 282953 MB memory.
2026-09-12 18:01:41.321 INFO   [1CF536\57C224] Auto-router pass #689 on board '0d5c3e816165ab7fe8f9a36540788e49' was completed in 0.42 seconds with the score of 910.32 (20 unrouted), using 40116.99 CPU seconds and 283897 MB memory.
2026-09-12 18:01:41.731 INFO   [1CF536\57C224] Auto-router pass #690 on board '0d5c3e816165ab7fe8f9a36540788e49' was completed in 0.41 seconds with the score of 910.32 (20 unrouted), using 40116.99 CPU seconds and 283897 MB memory.
2026-09-12 18:01:42.145 INFO   [1CF536\57C224] Auto-router pass #691 on board '0d5c3e816165ab7fe8f9a36540788e49' was completed in 0.41 seconds with the score of 910.32 (20 unrouted), using 40399.78 CPU seconds and 284876 MB memory.
2026-09-12 18:01:42.615 INFO   [1CF536\57C224] Auto-router pass #692 on board '0d5c3e816165ab7fe8f9a36540788e49' was completed in 0.47 seconds with the score of 910.32 (20 unrouted), using 40399.78 CPU seconds and 284876 MB memory.
2026-09-12 18:01:43.043 INFO   [1CF536\57C224] Auto-router pass #693 on board '0d5c3e816165ab7fe8f9a36540788e49' was completed in 0.42 seconds with the score of 910.32 (20 unrouted), using 40399.78 CPU seconds and 284876 MB memory.
2026-09-12 18:01:43.483 INFO   [1CF536\57C224] Auto-router pass #694 on board '0d5c3e816165ab7fe8f9a36540788e49' was completed in 0.43 seconds with the score of 910.32 (20 unrouted), using 40683.57 CPU seconds and 285795 MB memory.
2026-09-12 18:01:43.913 INFO   [1CF536\57C224] Auto-router pass #695 on board '0d5c3e816165ab7fe8f9a36540788e49' was completed in 0.42 seconds with the score of 910.32 (20 unrouted), using 40683.57 CPU seconds and 285795 MB memory.
2026-09-12 18:01:44.375 INFO   [1CF536\57C224] Auto-router pass #696 on board '0d5c3e816165ab7fe8f9a36540788e49' was completed in 0.46 seconds with the score of 910.32 (20 unrouted), using 40968.35 CPU seconds and 286736 MB memory.
2026-09-12 18:01:44.796 INFO   [1CF536\57C224] Auto-router pass #697 on board '0d5c3e816165ab7fe8f9a36540788e49' was completed in 0.42 seconds with the score of 910.32 (20 unrouted), using 40968.35 CPU seconds and 286736 MB memory.
2026-09-12 18:01:45.226 INFO   [1CF536\57C224] Auto-router pass #698 on board '0d5c3e816165ab7fe8f9a36540788e49' was completed in 0.42 seconds with the score of 910.32 (20 unrouted), using 41254.12 CPU seconds and 287675 MB memory.
2026-09-12 18:01:45.659 INFO   [1CF536\57C224] Auto-router pass #699 on board '0d5c3e816165ab7fe8f9a36540788e49' was completed in 0.43 seconds with the score of 910.32 (20 unrouted), using 41254.12 CPU seconds and 287675 MB memory.
2026-09-12 18:01:46.130 INFO   [1CF536\57C224] Auto-router pass #700 on board '0d5c3e816165ab7fe8f9a36540788e49' was completed in 0.47 seconds with the score of 910.32 (20 unrouted), using 41540.89 CPU seconds and 288601 MB memory.
2026-09-12 18:01:46.558 INFO   [1CF536\57C224] Auto-router pass #701 on board '0d5c3e816165ab7fe8f9a36540788e49' was completed in 0.42 seconds with the score of 910.32 (20 unrouted), using 41540.89 CPU seconds and 288601 MB memory.
2026-09-12 18:01:46.969 INFO   [1CF536\57C224] Auto-router pass #702 on board '0d5c3e816165ab7fe8f9a36540788e49' was completed in 0.41 seconds with the score of 910.32 (20 unrouted), using 41540.89 CPU seconds and 288601 MB memory.
2026-09-12 18:01:47.389 INFO   [1CF536\57C224] Auto-router pass #703 on board '0d5c3e816165ab7fe8f9a36540788e49' was completed in 0.41 seconds with the score of 910.32 (20 unrouted), using 41828.66 CPU seconds and 289563 MB memory.
2026-09-12 18:01:47.826 INFO   [1CF536\57C224] Auto-router pass #704 on board '0d5c3e816165ab7fe8f9a36540788e49' was completed in 0.43 seconds with the score of 910.32 (20 unrouted), using 41828.66 CPU seconds and 289563 MB memory.
2026-09-12 18:01:48.254 INFO   [1CF536\57C224] Auto-router pass #705 on board '0d5c3e816165ab7fe8f9a36540788e49' was completed in 0.42 seconds with the score of 910.32 (20 unrouted), using 42117.41 CPU seconds and 290527 MB memory.
2026-09-12 18:01:48.687 INFO   [1CF536\57C224] Auto-router pass #706 on board '0d5c3e816165ab7fe8f9a36540788e49' was completed in 0.43 seconds with the score of 910.32 (20 unrouted), using 42117.41 CPU seconds and 290527 MB memory.
2026-09-12 18:01:49.120 INFO   [1CF536\57C224] Auto-router pass #707 on board '0d5c3e816165ab7fe8f9a36540788e49' was completed in 0.43 seconds with the score of 910.32 (20 unrouted), using 42407.16 CPU seconds and 291470 MB memory.
2026-09-12 18:01:49.570 INFO   [1CF536\57C224] Auto-router pass #708 on board '0d5c3e816165ab7fe8f9a36540788e49' was completed in 0.45 seconds with the score of 910.32 (20 unrouted), using 42407.16 CPU seconds and 291470 MB memory.
2026-09-12 18:01:49.993 INFO   [1CF536\57C224] Auto-router pass #709 on board '0d5c3e816165ab7fe8f9a36540788e49' was completed in 0.42 seconds with the score of 910.32 (20 unrouted), using 42407.16 CPU seconds and 291470 MB memory.
2026-09-12 18:01:50.413 INFO   [1CF536\57C224] Auto-router pass #710 on board '0d5c3e816165ab7fe8f9a36540788e49' was completed in 0.41 seconds with the score of 910.32 (20 unrouted), using 42697.91 CPU seconds and 292425 MB memory.
2026-09-12 18:01:50.812 INFO   [1CF536\57C224] Auto-router pass #711 on board '0d5c3e816165ab7fe8f9a36540788e49' was completed in 0.39 seconds with the score of 910.32 (20 unrouted), using 42697.91 CPU seconds and 292425 MB memory.
2026-09-12 18:01:51.272 INFO   [1CF536\57C224] Auto-router pass #712 on board '0d5c3e816165ab7fe8f9a36540788e49' was completed in 0.46 seconds with the score of 910.32 (20 unrouted), using 42989.64 CPU seconds and 293400 MB memory.
2026-09-12 18:01:51.702 INFO   [1CF536\57C224] Auto-router pass #713 on board '0d5c3e816165ab7fe8f9a36540788e49' was completed in 0.42 seconds with the score of 910.32 (20 unrouted), using 42989.64 CPU seconds and 293400 MB memory.
2026-09-12 18:01:52.126 INFO   [1CF536\57C224] Auto-router pass #714 on board '0d5c3e816165ab7fe8f9a36540788e49' was completed in 0.42 seconds with the score of 910.32 (20 unrouted), using 43282.38 CPU seconds and 294339 MB memory.
2026-09-12 18:01:52.549 INFO   [1CF536\57C224] Auto-router pass #715 on board '0d5c3e816165ab7fe8f9a36540788e49' was completed in 0.42 seconds with the score of 910.32 (20 unrouted), using 43282.38 CPU seconds and 294339 MB memory.
2026-09-12 18:01:52.994 INFO   [1CF536\57C224] Auto-router pass #716 on board '0d5c3e816165ab7fe8f9a36540788e49' was completed in 0.44 seconds with the score of 910.32 (20 unrouted), using 43282.38 CPU seconds and 294339 MB memory.
2026-09-12 18:01:53.415 INFO   [1CF536\57C224] Auto-router pass #717 on board '0d5c3e816165ab7fe8f9a36540788e49' was completed in 0.42 seconds with the score of 910.32 (20 unrouted), using 43576.10 CPU seconds and 295303 MB memory.
2026-09-12 18:01:53.836 INFO   [1CF536\57C224] Auto-router pass #718 on board '0d5c3e816165ab7fe8f9a36540788e49' was completed in 0.42 seconds with the score of 910.32 (20 unrouted), using 43576.10 CPU seconds and 295303 MB memory.
2026-09-12 18:01:54.258 INFO   [1CF536\57C224] Auto-router pass #719 on board '0d5c3e816165ab7fe8f9a36540788e49' was completed in 0.42 seconds with the score of 910.32 (20 unrouted), using 43870.82 CPU seconds and 296261 MB memory.
2026-09-12 18:01:54.716 INFO   [1CF536\57C224] Auto-router pass #720 on board '0d5c3e816165ab7fe8f9a36540788e49' was completed in 0.46 seconds with the score of 910.32 (20 unrouted), using 43870.82 CPU seconds and 296261 MB memory.
2026-09-12 18:01:55.143 INFO   [1CF536\57C224] Auto-router pass #721 on board '0d5c3e816165ab7fe8f9a36540788e49' was completed in 0.42 seconds with the score of 910.32 (20 unrouted), using 44166.54 CPU seconds and 297198 MB memory.
2026-09-12 18:01:55.573 INFO   [1CF536\57C224] Auto-router pass #722 on board '0d5c3e816165ab7fe8f9a36540788e49' was completed in 0.43 seconds with the score of 910.32 (20 unrouted), using 44166.54 CPU seconds and 297198 MB memory.
2026-09-12 18:01:56.013 INFO   [1CF536\57C224] Auto-router pass #723 on board '0d5c3e816165ab7fe8f9a36540788e49' was completed in 0.43 seconds with the score of 910.32 (20 unrouted), using 44166.54 CPU seconds and 297198 MB memory.
2026-09-12 18:01:56.453 INFO   [1CF536\57C224] Auto-router pass #724 on board '0d5c3e816165ab7fe8f9a36540788e49' was completed in 0.43 seconds with the score of 910.32 (20 unrouted), using 44463.25 CPU seconds and 298137 MB memory.
2026-09-12 18:01:56.870 INFO   [1CF536\57C224] Auto-router pass #725 on board '0d5c3e816165ab7fe8f9a36540788e49' was completed in 0.41 seconds with the score of 910.32 (20 unrouted), using 44463.25 CPU seconds and 298137 MB memory.
2026-09-12 18:01:57.291 INFO   [1CF536\57C224] Auto-router pass #726 on board '0d5c3e816165ab7fe8f9a36540788e49' was completed in 0.42 seconds with the score of 910.32 (20 unrouted), using 44760.95 CPU seconds and 299094 MB memory.
2026-09-12 18:01:57.734 INFO   [1CF536\57C224] Auto-router pass #727 on board '0d5c3e816165ab7fe8f9a36540788e49' was completed in 0.44 seconds with the score of 910.32 (20 unrouted), using 44760.95 CPU seconds and 299094 MB memory.
2026-09-12 18:01:58.192 INFO   [1CF536\57C224] Auto-router pass #728 on board '0d5c3e816165ab7fe8f9a36540788e49' was completed in 0.45 seconds with the score of 910.32 (20 unrouted), using 45059.65 CPU seconds and 300036 MB memory.
2026-09-12 18:01:58.601 INFO   [1CF536\57C224] Auto-router pass #729 on board '0d5c3e816165ab7fe8f9a36540788e49' was completed in 0.41 seconds with the score of 910.32 (20 unrouted), using 45059.65 CPU seconds and 300036 MB memory.
2026-09-12 18:01:59.004 INFO   [1CF536\57C224] Auto-router pass #730 on board '0d5c3e816165ab7fe8f9a36540788e49' was completed in 0.40 seconds with the score of 910.32 (20 unrouted), using 45059.65 CPU seconds and 300036 MB memory.
2026-09-12 18:01:59.417 INFO   [1CF536\57C224] Auto-router pass #731 on board '0d5c3e816165ab7fe8f9a36540788e49' was completed in 0.41 seconds with the score of 910.32 (20 unrouted), using 45359.34 CPU seconds and 301017 MB memory.
2026-09-12 18:01:59.854 INFO   [1CF536\57C224] Auto-router pass #732 on board '0d5c3e816165ab7fe8f9a36540788e49' was completed in 0.43 seconds with the score of 910.32 (20 unrouted), using 45359.34 CPU seconds and 301017 MB memory.
2026-09-12 18:02:00.277 INFO   [1CF536\57C224] Auto-router pass #733 on board '0d5c3e816165ab7fe8f9a36540788e49' was completed in 0.42 seconds with the score of 910.32 (20 unrouted), using 45660.03 CPU seconds and 302001 MB memory.
2026-09-12 18:02:00.700 INFO   [1CF536\57C224] Auto-router pass #734 on board '0d5c3e816165ab7fe8f9a36540788e49' was completed in 0.42 seconds with the score of 910.32 (20 unrouted), using 45660.03 CPU seconds and 302001 MB memory.
2026-09-12 18:02:01.164 INFO   [1CF536\57C224] Auto-router pass #735 on board '0d5c3e816165ab7fe8f9a36540788e49' was completed in 0.46 seconds with the score of 910.32 (20 unrouted), using 45961.69 CPU seconds and 302916 MB memory.
2026-09-12 18:02:01.601 INFO   [1CF536\57C224] Auto-router pass #736 on board '0d5c3e816165ab7fe8f9a36540788e49' was completed in 0.43 seconds with the score of 910.32 (20 unrouted), using 45961.69 CPU seconds and 302916 MB memory.
2026-09-12 18:02:02.015 INFO   [1CF536\57C224] Auto-router pass #737 on board '0d5c3e816165ab7fe8f9a36540788e49' was completed in 0.41 seconds with the score of 910.32 (20 unrouted), using 45961.69 CPU seconds and 302916 MB memory.
2026-09-12 18:02:02.434 INFO   [1CF536\57C224] Auto-router pass #738 on board '0d5c3e816165ab7fe8f9a36540788e49' was completed in 0.41 seconds with the score of 910.32 (20 unrouted), using 46264.35 CPU seconds and 303890 MB memory.
2026-09-12 18:02:02.851 INFO   [1CF536\57C224] Auto-router pass #739 on board '0d5c3e816165ab7fe8f9a36540788e49' was completed in 0.41 seconds with the score of 910.32 (20 unrouted), using 46264.35 CPU seconds and 303890 MB memory.
2026-09-12 18:02:03.270 INFO   [1CF536\57C224] Auto-router pass #740 on board '0d5c3e816165ab7fe8f9a36540788e49' was completed in 0.41 seconds with the score of 910.32 (20 unrouted), using 46568.00 CPU seconds and 304865 MB memory.
2026-09-12 18:02:03.664 INFO   [1CF536\57C224] Auto-router pass #741 on board '0d5c3e816165ab7fe8f9a36540788e49' was completed in 0.39 seconds with the score of 910.32 (20 unrouted), using 46568.00 CPU seconds and 304865 MB memory.
2026-09-12 18:02:04.053 INFO   [1CF536\57C224] Auto-router pass #742 on board '0d5c3e816165ab7fe8f9a36540788e49' was completed in 0.39 seconds with the score of 910.32 (20 unrouted), using 46568.00 CPU seconds and 304865 MB memory.
2026-09-12 18:02:04.439 INFO   [1CF536\57C224] Auto-router pass #743 on board '0d5c3e816165ab7fe8f9a36540788e49' was completed in 0.38 seconds with the score of 910.32 (20 unrouted), using 46872.64 CPU seconds and 305900 MB memory.
2026-09-12 18:02:04.856 INFO   [1CF536\57C224] Auto-router pass #744 on board '0d5c3e816165ab7fe8f9a36540788e49' was completed in 0.41 seconds with the score of 910.32 (20 unrouted), using 46872.64 CPU seconds and 305900 MB memory.
2026-09-12 18:02:05.254 INFO   [1CF536\57C224] Auto-router pass #745 on board '0d5c3e816165ab7fe8f9a36540788e49' was completed in 0.39 seconds with the score of 910.32 (20 unrouted), using 47178.29 CPU seconds and 306934 MB memory.
2026-09-12 18:02:05.671 INFO   [1CF536\57C224] Auto-router pass #746 on board '0d5c3e816165ab7fe8f9a36540788e49' was completed in 0.41 seconds with the score of 910.32 (20 unrouted), using 47178.29 CPU seconds and 306934 MB memory.
2026-09-12 18:02:06.122 INFO   [1CF536\57C224] Auto-router pass #747 on board '0d5c3e816165ab7fe8f9a36540788e49' was completed in 0.45 seconds with the score of 910.32 (20 unrouted), using 47484.91 CPU seconds and 307879 MB memory.
2026-09-12 18:02:06.572 INFO   [1CF536\57C224] Auto-router pass #748 on board '0d5c3e816165ab7fe8f9a36540788e49' was completed in 0.45 seconds with the score of 910.32 (20 unrouted), using 47484.91 CPU seconds and 307879 MB memory.
2026-09-12 18:02:06.989 INFO   [1CF536\57C224] Auto-router pass #749 on board '0d5c3e816165ab7fe8f9a36540788e49' was completed in 0.41 seconds with the score of 910.32 (20 unrouted), using 47484.91 CPU seconds and 307879 MB memory.
2026-09-12 18:02:07.396 INFO   [1CF536\57C224] Auto-router pass #750 on board '0d5c3e816165ab7fe8f9a36540788e49' was completed in 0.40 seconds with the score of 910.32 (20 unrouted), using 47792.52 CPU seconds and 308841 MB memory.
2026-09-12 18:02:07.821 INFO   [1CF536\57C224] Auto-router pass #751 on board '0d5c3e816165ab7fe8f9a36540788e49' was completed in 0.42 seconds with the score of 910.32 (20 unrouted), using 47792.52 CPU seconds and 308841 MB memory.
2026-09-12 18:02:08.300 INFO   [1CF536\57C224] Auto-router pass #752 on board '0d5c3e816165ab7fe8f9a36540788e49' was completed in 0.47 seconds with the score of 910.32 (20 unrouted), using 48101.14 CPU seconds and 309777 MB memory.
2026-09-12 18:02:08.719 INFO   [1CF536\57C224] Auto-router pass #753 on board '0d5c3e816165ab7fe8f9a36540788e49' was completed in 0.41 seconds with the score of 910.32 (20 unrouted), using 48101.14 CPU seconds and 309777 MB memory.
2026-09-12 18:02:09.142 INFO   [1CF536\57C224] Auto-router pass #754 on board '0d5c3e816165ab7fe8f9a36540788e49' was completed in 0.42 seconds with the score of 910.32 (20 unrouted), using 48410.74 CPU seconds and 310739 MB memory.
2026-09-12 18:02:09.566 INFO   [1CF536\57C224] Auto-router pass #755 on board '0d5c3e816165ab7fe8f9a36540788e49' was completed in 0.42 seconds with the score of 910.32 (20 unrouted), using 48410.74 CPU seconds and 310739 MB memory.
2026-09-12 18:02:10.013 INFO   [1CF536\57C224] Auto-router pass #756 on board '0d5c3e816165ab7fe8f9a36540788e49' was completed in 0.44 seconds with the score of 910.32 (20 unrouted), using 48410.74 CPU seconds and 310739 MB memory.
2026-09-12 18:02:10.450 INFO   [1CF536\57C224] Auto-router pass #757 on board '0d5c3e816165ab7fe8f9a36540788e49' was completed in 0.43 seconds with the score of 910.32 (20 unrouted), using 48721.34 CPU seconds and 311689 MB memory.
2026-09-12 18:02:10.864 INFO   [1CF536\57C224] Auto-router pass #758 on board '0d5c3e816165ab7fe8f9a36540788e49' was completed in 0.41 seconds with the score of 910.32 (20 unrouted), using 48721.34 CPU seconds and 311689 MB memory.
2026-09-12 18:02:11.276 INFO   [1CF536\57C224] Auto-router pass #759 on board '0d5c3e816165ab7fe8f9a36540788e49' was completed in 0.41 seconds with the score of 910.32 (20 unrouted), using 49032.94 CPU seconds and 312659 MB memory.
2026-09-12 18:02:11.718 INFO   [1CF536\57C224] Auto-router pass #760 on board '0d5c3e816165ab7fe8f9a36540788e49' was completed in 0.44 seconds with the score of 910.32 (20 unrouted), using 49032.94 CPU seconds and 312659 MB memory.
2026-09-12 18:02:12.119 INFO   [1CF536\57C224] Auto-router pass #761 on board '0d5c3e816165ab7fe8f9a36540788e49' was completed in 0.40 seconds with the score of 910.32 (20 unrouted), using 49345.53 CPU seconds and 313630 MB memory.
2026-09-12 18:02:12.527 INFO   [1CF536\57C224] Auto-router pass #762 on board '0d5c3e816165ab7fe8f9a36540788e49' was completed in 0.40 seconds with the score of 910.32 (20 unrouted), using 49345.53 CPU seconds and 313630 MB memory.
2026-09-12 18:02:12.929 INFO   [1CF536\57C224] Auto-router pass #763 on board '0d5c3e816165ab7fe8f9a36540788e49' was completed in 0.40 seconds with the score of 910.32 (20 unrouted), using 49345.53 CPU seconds and 313630 MB memory.
2026-09-12 18:02:13.347 INFO   [1CF536\57C224] Auto-router pass #764 on board '0d5c3e816165ab7fe8f9a36540788e49' was completed in 0.41 seconds with the score of 910.32 (20 unrouted), using 49659.11 CPU seconds and 314639 MB memory.
2026-09-12 18:02:13.766 INFO   [1CF536\57C224] Auto-router pass #765 on board '0d5c3e816165ab7fe8f9a36540788e49' was completed in 0.41 seconds with the score of 910.32 (20 unrouted), using 49659.11 CPU seconds and 314639 MB memory.
2026-09-12 18:02:14.207 INFO   [1CF536\57C224] Auto-router pass #766 on board '0d5c3e816165ab7fe8f9a36540788e49' was completed in 0.44 seconds with the score of 910.32 (20 unrouted), using 49973.69 CPU seconds and 315604 MB memory.
2026-09-12 18:02:14.640 INFO   [1CF536\57C224] Auto-router pass #767 on board '0d5c3e816165ab7fe8f9a36540788e49' was completed in 0.42 seconds with the score of 910.32 (20 unrouted), using 49973.69 CPU seconds and 315604 MB memory.
2026-09-12 18:02:15.086 INFO   [1CF536\57C224] Auto-router pass #768 on board '0d5c3e816165ab7fe8f9a36540788e49' was completed in 0.44 seconds with the score of 910.32 (20 unrouted), using 50289.26 CPU seconds and 316548 MB memory.
2026-09-12 18:02:15.509 INFO   [1CF536\57C224] Auto-router pass #769 on board '0d5c3e816165ab7fe8f9a36540788e49' was completed in 0.42 seconds with the score of 910.32 (20 unrouted), using 50289.26 CPU seconds and 316548 MB memory.
2026-09-12 18:02:15.921 INFO   [1CF536\57C224] Auto-router pass #770 on board '0d5c3e816165ab7fe8f9a36540788e49' was completed in 0.41 seconds with the score of 910.32 (20 unrouted), using 50289.26 CPU seconds and 316548 MB memory.
2026-09-12 18:02:16.344 INFO   [1CF536\57C224] Auto-router pass #771 on board '0d5c3e816165ab7fe8f9a36540788e49' was completed in 0.42 seconds with the score of 910.32 (20 unrouted), using 50605.83 CPU seconds and 317514 MB memory.
2026-09-12 18:02:16.767 INFO   [1CF536\57C224] Auto-router pass #772 on board '0d5c3e816165ab7fe8f9a36540788e49' was completed in 0.42 seconds with the score of 910.32 (20 unrouted), using 50605.83 CPU seconds and 317514 MB memory.
2026-09-12 18:02:17.160 INFO   [1CF536\57C224] Auto-router pass #773 on board '0d5c3e816165ab7fe8f9a36540788e49' was completed in 0.39 seconds with the score of 910.32 (20 unrouted), using 50923.39 CPU seconds and 318517 MB memory.
2026-09-12 18:02:17.572 INFO   [1CF536\57C224] Auto-router pass #774 on board '0d5c3e816165ab7fe8f9a36540788e49' was completed in 0.41 seconds with the score of 910.32 (20 unrouted), using 50923.39 CPU seconds and 318517 MB memory.
2026-09-12 18:02:17.997 INFO   [1CF536\57C224] Auto-router pass #775 on board '0d5c3e816165ab7fe8f9a36540788e49' was completed in 0.42 seconds with the score of 910.32 (20 unrouted), using 50923.39 CPU seconds and 318517 MB memory.
2026-09-12 18:02:18.450 INFO   [1CF536\57C224] Auto-router pass #776 on board '0d5c3e816165ab7fe8f9a36540788e49' was completed in 0.45 seconds with the score of 910.32 (20 unrouted), using 51241.94 CPU seconds and 319492 MB memory.
2026-09-12 18:02:18.877 INFO   [1CF536\57C224] Auto-router pass #777 on board '0d5c3e816165ab7fe8f9a36540788e49' was completed in 0.42 seconds with the score of 910.32 (20 unrouted), using 51241.94 CPU seconds and 319492 MB memory.
2026-09-12 18:02:19.305 INFO   [1CF536\57C224] Auto-router pass #778 on board '0d5c3e816165ab7fe8f9a36540788e49' was completed in 0.42 seconds with the score of 910.32 (20 unrouted), using 51561.49 CPU seconds and 320427 MB memory.
2026-09-12 18:02:19.734 INFO   [1CF536\57C224] Auto-router pass #779 on board '0d5c3e816165ab7fe8f9a36540788e49' was completed in 0.42 seconds with the score of 910.32 (20 unrouted), using 51561.49 CPU seconds and 320427 MB memory.
2026-09-12 18:02:20.199 INFO   [1CF536\57C224] Auto-router pass #780 on board '0d5c3e816165ab7fe8f9a36540788e49' was completed in 0.46 seconds with the score of 910.32 (20 unrouted), using 51882.03 CPU seconds and 321367 MB memory.
2026-09-12 18:02:20.649 INFO   [1CF536\57C224] Auto-router pass #781 on board '0d5c3e816165ab7fe8f9a36540788e49' was completed in 0.44 seconds with the score of 910.32 (20 unrouted), using 51882.03 CPU seconds and 321367 MB memory.
2026-09-12 18:02:21.091 INFO   [1CF536\57C224] Auto-router pass #782 on board '0d5c3e816165ab7fe8f9a36540788e49' was completed in 0.44 seconds with the score of 910.32 (20 unrouted), using 52203.56 CPU seconds and 322279 MB memory.
2026-09-12 18:02:21.532 INFO   [1CF536\57C224] Auto-router pass #783 on board '0d5c3e816165ab7fe8f9a36540788e49' was completed in 0.44 seconds with the score of 910.32 (20 unrouted), using 52203.56 CPU seconds and 322279 MB memory.
2026-09-12 18:02:21.988 INFO   [1CF536\57C224] Auto-router pass #784 on board '0d5c3e816165ab7fe8f9a36540788e49' was completed in 0.45 seconds with the score of 910.32 (20 unrouted), using 52203.56 CPU seconds and 322279 MB memory.
2026-09-12 18:02:22.420 INFO   [1CF536\57C224] Auto-router pass #785 on board '0d5c3e816165ab7fe8f9a36540788e49' was completed in 0.43 seconds with the score of 910.32 (20 unrouted), using 52526.08 CPU seconds and 323208 MB memory.
2026-09-12 18:02:22.846 INFO   [1CF536\57C224] Auto-router pass #786 on board '0d5c3e816165ab7fe8f9a36540788e49' was completed in 0.42 seconds with the score of 910.32 (20 unrouted), using 52526.08 CPU seconds and 323208 MB memory.
2026-09-12 18:02:23.276 INFO   [1CF536\57C224] Auto-router pass #787 on board '0d5c3e816165ab7fe8f9a36540788e49' was completed in 0.42 seconds with the score of 910.32 (20 unrouted), using 52849.59 CPU seconds and 324154 MB memory.
2026-09-12 18:02:23.733 INFO   [1CF536\57C224] Auto-router pass #788 on board '0d5c3e816165ab7fe8f9a36540788e49' was completed in 0.45 seconds with the score of 910.32 (20 unrouted), using 52849.59 CPU seconds and 324154 MB memory.
2026-09-12 18:02:24.164 INFO   [1CF536\57C224] Auto-router pass #789 on board '0d5c3e816165ab7fe8f9a36540788e49' was completed in 0.43 seconds with the score of 910.32 (20 unrouted), using 53174.10 CPU seconds and 325082 MB memory.
2026-09-12 18:02:24.614 INFO   [1CF536\57C224] Auto-router pass #790 on board '0d5c3e816165ab7fe8f9a36540788e49' was completed in 0.45 seconds with the score of 910.32 (20 unrouted), using 53174.10 CPU seconds and 325082 MB memory.
2026-09-12 18:02:25.035 INFO   [1CF536\57C224] Auto-router pass #791 on board '0d5c3e816165ab7fe8f9a36540788e49' was completed in 0.41 seconds with the score of 910.32 (20 unrouted), using 53174.10 CPU seconds and 325082 MB memory.
2026-09-12 18:02:25.479 INFO   [1CF536\57C224] Auto-router pass #792 on board '0d5c3e816165ab7fe8f9a36540788e49' was completed in 0.44 seconds with the score of 910.32 (20 unrouted), using 53499.61 CPU seconds and 326017 MB memory.
2026-09-12 18:02:25.923 INFO   [1CF536\57C224] Auto-router pass #793 on board '0d5c3e816165ab7fe8f9a36540788e49' was completed in 0.44 seconds with the score of 910.32 (20 unrouted), using 53499.61 CPU seconds and 326017 MB memory.
2026-09-12 18:02:26.347 INFO   [1CF536\57C224] Auto-router pass #794 on board '0d5c3e816165ab7fe8f9a36540788e49' was completed in 0.42 seconds with the score of 910.32 (20 unrouted), using 53826.10 CPU seconds and 326963 MB memory.
2026-09-12 18:02:26.764 INFO   [1CF536\57C224] Auto-router pass #795 on board '0d5c3e816165ab7fe8f9a36540788e49' was completed in 0.41 seconds with the score of 910.32 (20 unrouted), using 53826.10 CPU seconds and 326963 MB memory.
2026-09-12 18:02:27.233 INFO   [1CF536\57C224] Auto-router pass #796 on board '0d5c3e816165ab7fe8f9a36540788e49' was completed in 0.46 seconds with the score of 910.32 (20 unrouted), using 54153.58 CPU seconds and 327899 MB memory.
2026-09-12 18:02:27.686 INFO   [1CF536\57C224] Auto-router pass #797 on board '0d5c3e816165ab7fe8f9a36540788e49' was completed in 0.45 seconds with the score of 910.32 (20 unrouted), using 54153.58 CPU seconds and 327899 MB memory.
2026-09-12 18:02:28.099 INFO   [1CF536\57C224] Auto-router pass #798 on board '0d5c3e816165ab7fe8f9a36540788e49' was completed in 0.41 seconds with the score of 910.32 (20 unrouted), using 54482.06 CPU seconds and 328833 MB memory.
2026-09-12 18:02:28.503 INFO   [1CF536\57C224] Auto-router pass #799 on board '0d5c3e816165ab7fe8f9a36540788e49' was completed in 0.40 seconds with the score of 910.32 (20 unrouted), using 54482.06 CPU seconds and 328833 MB memory.
2026-09-12 18:02:28.948 INFO   [1CF536\57C224] Auto-router pass #800 on board '0d5c3e816165ab7fe8f9a36540788e49' was completed in 0.44 seconds with the score of 910.32 (20 unrouted), using 54482.06 CPU seconds and 328833 MB memory.
2026-09-12 18:02:29.361 INFO   [1CF536\57C224] Auto-router pass #801 on board '0d5c3e816165ab7fe8f9a36540788e49' was completed in 0.41 seconds with the score of 910.32 (20 unrouted), using 54811.53 CPU seconds and 329817 MB memory.
2026-09-12 18:02:29.764 INFO   [1CF536\57C224] Auto-router pass #802 on board '0d5c3e816165ab7fe8f9a36540788e49' was completed in 0.40 seconds with the score of 910.32 (20 unrouted), using 54811.53 CPU seconds and 329817 MB memory.
2026-09-12 18:02:30.192 INFO   [1CF536\57C224] Auto-router pass #803 on board '0d5c3e816165ab7fe8f9a36540788e49' was completed in 0.42 seconds with the score of 910.32 (20 unrouted), using 55142.00 CPU seconds and 330793 MB memory.
2026-09-12 18:02:30.654 INFO   [1CF536\57C224] Auto-router pass #804 on board '0d5c3e816165ab7fe8f9a36540788e49' was completed in 0.46 seconds with the score of 910.32 (20 unrouted), using 55142.00 CPU seconds and 330793 MB memory.
2026-09-12 18:02:31.086 INFO   [1CF536\57C224] Auto-router pass #805 on board '0d5c3e816165ab7fe8f9a36540788e49' was completed in 0.43 seconds with the score of 910.32 (20 unrouted), using 55142.00 CPU seconds and 330793 MB memory.
2026-09-12 18:02:31.494 INFO   [1CF536\57C224] Auto-router pass #806 on board '0d5c3e816165ab7fe8f9a36540788e49' was completed in 0.40 seconds with the score of 910.32 (20 unrouted), using 55473.45 CPU seconds and 331725 MB memory.
2026-09-12 18:02:31.908 INFO   [1CF536\57C224] Auto-router pass #807 on board '0d5c3e816165ab7fe8f9a36540788e49' was completed in 0.41 seconds with the score of 910.32 (20 unrouted), using 55473.45 CPU seconds and 331725 MB memory.
2026-09-12 18:02:32.362 INFO   [1CF536\57C224] Auto-router pass #808 on board '0d5c3e816165ab7fe8f9a36540788e49' was completed in 0.45 seconds with the score of 910.32 (20 unrouted), using 55805.90 CPU seconds and 332704 MB memory.
2026-09-12 18:02:32.791 INFO   [1CF536\57C224] Auto-router pass #809 on board '0d5c3e816165ab7fe8f9a36540788e49' was completed in 0.42 seconds with the score of 910.32 (20 unrouted), using 55805.90 CPU seconds and 332704 MB memory.
2026-09-12 18:02:33.215 INFO   [1CF536\57C224] Auto-router pass #810 on board '0d5c3e816165ab7fe8f9a36540788e49' was completed in 0.42 seconds with the score of 910.32 (20 unrouted), using 56139.34 CPU seconds and 333652 MB memory.
2026-09-12 18:02:33.631 INFO   [1CF536\57C224] Auto-router pass #811 on board '0d5c3e816165ab7fe8f9a36540788e49' was completed in 0.41 seconds with the score of 910.32 (20 unrouted), using 56139.34 CPU seconds and 333652 MB memory.
2026-09-12 18:02:34.084 INFO   [1CF536\57C224] Auto-router pass #812 on board '0d5c3e816165ab7fe8f9a36540788e49' was completed in 0.45 seconds with the score of 910.32 (20 unrouted), using 56139.34 CPU seconds and 333652 MB memory.
2026-09-12 18:02:34.504 INFO   [1CF536\57C224] Auto-router pass #813 on board '0d5c3e816165ab7fe8f9a36540788e49' was completed in 0.41 seconds with the score of 910.32 (20 unrouted), using 56473.77 CPU seconds and 334603 MB memory.
2026-09-12 18:02:34.909 INFO   [1CF536\57C224] Auto-router pass #814 on board '0d5c3e816165ab7fe8f9a36540788e49' was completed in 0.40 seconds with the score of 910.32 (20 unrouted), using 56473.77 CPU seconds and 334603 MB memory.
2026-09-12 18:02:35.323 INFO   [1CF536\57C224] Auto-router pass #815 on board '0d5c3e816165ab7fe8f9a36540788e49' was completed in 0.41 seconds with the score of 910.32 (20 unrouted), using 56809.20 CPU seconds and 335586 MB memory.
2026-09-12 18:02:35.794 INFO   [1CF536\57C224] Auto-router pass #816 on board '0d5c3e816165ab7fe8f9a36540788e49' was completed in 0.47 seconds with the score of 910.32 (20 unrouted), using 56809.20 CPU seconds and 335586 MB memory.
2026-09-12 18:02:36.212 INFO   [1CF536\57C224] Auto-router pass #817 on board '0d5c3e816165ab7fe8f9a36540788e49' was completed in 0.41 seconds with the score of 910.32 (20 unrouted), using 57145.62 CPU seconds and 336531 MB memory.
2026-09-12 18:02:36.637 INFO   [1CF536\57C224] Auto-router pass #818 on board '0d5c3e816165ab7fe8f9a36540788e49' was completed in 0.42 seconds with the score of 910.32 (20 unrouted), using 57145.62 CPU seconds and 336531 MB memory.
2026-09-12 18:02:37.072 INFO   [1CF536\57C224] Auto-router pass #819 on board '0d5c3e816165ab7fe8f9a36540788e49' was completed in 0.43 seconds with the score of 910.32 (20 unrouted), using 57145.62 CPU seconds and 336531 MB memory.
2026-09-12 18:02:37.541 INFO   [1CF536\57C224] Auto-router pass #820 on board '0d5c3e816165ab7fe8f9a36540788e49' was completed in 0.46 seconds with the score of 910.32 (20 unrouted), using 57483.04 CPU seconds and 337473 MB memory.
2026-09-12 18:02:37.984 INFO   [1CF536\57C224] Auto-router pass #821 on board '0d5c3e816165ab7fe8f9a36540788e49' was completed in 0.44 seconds with the score of 910.32 (20 unrouted), using 57483.04 CPU seconds and 337473 MB memory.
2026-09-12 18:02:38.424 INFO   [1CF536\57C224] Auto-router pass #822 on board '0d5c3e816165ab7fe8f9a36540788e49' was completed in 0.44 seconds with the score of 910.32 (20 unrouted), using 57821.44 CPU seconds and 338381 MB memory.
2026-09-12 18:02:38.847 INFO   [1CF536\57C224] Auto-router pass #823 on board '0d5c3e816165ab7fe8f9a36540788e49' was completed in 0.42 seconds with the score of 910.32 (20 unrouted), using 57821.44 CPU seconds and 338381 MB memory.
2026-09-12 18:02:39.294 INFO   [1CF536\57C224] Auto-router pass #824 on board '0d5c3e816165ab7fe8f9a36540788e49' was completed in 0.44 seconds with the score of 910.32 (20 unrouted), using 58160.85 CPU seconds and 339333 MB memory.
2026-09-12 18:02:39.717 INFO   [1CF536\57C224] Auto-router pass #825 on board '0d5c3e816165ab7fe8f9a36540788e49' was completed in 0.42 seconds with the score of 910.32 (20 unrouted), using 58160.85 CPU seconds and 339333 MB memory.
2026-09-12 18:02:40.142 INFO   [1CF536\57C224] Auto-router pass #826 on board '0d5c3e816165ab7fe8f9a36540788e49' was completed in 0.42 seconds with the score of 910.32 (20 unrouted), using 58501.25 CPU seconds and 340282 MB memory.
2026-09-12 18:02:40.557 INFO   [1CF536\57C224] Auto-router pass #827 on board '0d5c3e816165ab7fe8f9a36540788e49' was completed in 0.41 seconds with the score of 910.32 (20 unrouted), using 58501.25 CPU seconds and 340282 MB memory.
2026-09-12 18:02:41.008 INFO   [1CF536\57C224] Auto-router pass #828 on board '0d5c3e816165ab7fe8f9a36540788e49' was completed in 0.45 seconds with the score of 910.32 (20 unrouted), using 58501.25 CPU seconds and 340282 MB memory.
2026-09-12 18:02:41.425 INFO   [1CF536\57C224] Auto-router pass #829 on board '0d5c3e816165ab7fe8f9a36540788e49' was completed in 0.41 seconds with the score of 910.32 (20 unrouted), using 58842.64 CPU seconds and 341243 MB memory.
2026-09-12 18:02:41.840 INFO   [1CF536\57C224] Auto-router pass #830 on board '0d5c3e816165ab7fe8f9a36540788e49' was completed in 0.41 seconds with the score of 910.32 (20 unrouted), using 58842.64 CPU seconds and 341243 MB memory.
2026-09-12 18:02:42.263 INFO   [1CF536\57C224] Auto-router pass #831 on board '0d5c3e816165ab7fe8f9a36540788e49' was completed in 0.42 seconds with the score of 910.32 (20 unrouted), using 59185.02 CPU seconds and 342216 MB memory.
2026-09-12 18:02:42.712 INFO   [1CF536\57C224] Auto-router pass #832 on board '0d5c3e816165ab7fe8f9a36540788e49' was completed in 0.44 seconds with the score of 910.32 (20 unrouted), using 59185.02 CPU seconds and 342216 MB memory.
2026-09-12 18:02:43.105 INFO   [1CF536\57C224] Auto-router pass #833 on board '0d5c3e816165ab7fe8f9a36540788e49' was completed in 0.39 seconds with the score of 910.32 (20 unrouted), using 59528.39 CPU seconds and 343198 MB memory.
2026-09-12 18:02:43.488 INFO   [1CF536\57C224] Auto-router pass #834 on board '0d5c3e816165ab7fe8f9a36540788e49' was completed in 0.38 seconds with the score of 910.32 (20 unrouted), using 59528.39 CPU seconds and 343198 MB memory.
2026-09-12 18:02:43.891 INFO   [1CF536\57C224] Auto-router pass #835 on board '0d5c3e816165ab7fe8f9a36540788e49' was completed in 0.40 seconds with the score of 910.32 (20 unrouted), using 59528.39 CPU seconds and 343198 MB memory.
2026-09-12 18:02:44.328 INFO   [1CF536\57C224] Auto-router pass #836 on board '0d5c3e816165ab7fe8f9a36540788e49' was completed in 0.43 seconds with the score of 910.32 (20 unrouted), using 59872.76 CPU seconds and 344215 MB memory.
2026-09-12 18:02:44.727 INFO   [1CF536\57C224] Auto-router pass #837 on board '0d5c3e816165ab7fe8f9a36540788e49' was completed in 0.39 seconds with the score of 910.32 (20 unrouted), using 59872.76 CPU seconds and 344215 MB memory.
2026-09-12 18:02:45.143 INFO   [1CF536\57C224] Auto-router pass #838 on board '0d5c3e816165ab7fe8f9a36540788e49' was completed in 0.41 seconds with the score of 910.32 (20 unrouted), using 60218.12 CPU seconds and 345206 MB memory.
2026-09-12 18:02:45.548 INFO   [1CF536\57C224] Auto-router pass #839 on board '0d5c3e816165ab7fe8f9a36540788e49' was completed in 0.40 seconds with the score of 910.32 (20 unrouted), using 60218.12 CPU seconds and 345206 MB memory.
2026-09-12 18:02:46.000 INFO   [1CF536\57C224] Auto-router pass #840 on board '0d5c3e816165ab7fe8f9a36540788e49' was completed in 0.45 seconds with the score of 910.32 (20 unrouted), using 60218.12 CPU seconds and 345206 MB memory.
2026-09-12 18:02:46.409 INFO   [1CF536\57C224] Auto-router pass #841 on board '0d5c3e816165ab7fe8f9a36540788e49' was completed in 0.41 seconds with the score of 910.32 (20 unrouted), using 60564.48 CPU seconds and 346180 MB memory.
2026-09-12 18:02:46.814 INFO   [1CF536\57C224] Auto-router pass #842 on board '0d5c3e816165ab7fe8f9a36540788e49' was completed in 0.40 seconds with the score of 910.32 (20 unrouted), using 60564.48 CPU seconds and 346180 MB memory.
2026-09-12 18:02:47.209 INFO   [1CF536\57C224] Auto-router pass #843 on board '0d5c3e816165ab7fe8f9a36540788e49' was completed in 0.39 seconds with the score of 910.32 (20 unrouted), using 60911.83 CPU seconds and 347181 MB memory.
2026-09-12 18:02:47.643 INFO   [1CF536\57C224] Auto-router pass #844 on board '0d5c3e816165ab7fe8f9a36540788e49' was completed in 0.43 seconds with the score of 910.32 (20 unrouted), using 60911.83 CPU seconds and 347181 MB memory.
2026-09-12 18:02:48.043 INFO   [1CF536\57C224] Auto-router pass #845 on board '0d5c3e816165ab7fe8f9a36540788e49' was completed in 0.39 seconds with the score of 910.32 (20 unrouted), using 60911.83 CPU seconds and 347181 MB memory.
2026-09-12 18:02:48.454 INFO   [1CF536\57C224] Auto-router pass #846 on board '0d5c3e816165ab7fe8f9a36540788e49' was completed in 0.41 seconds with the score of 910.32 (20 unrouted), using 61260.17 CPU seconds and 348179 MB memory.
2026-09-12 18:02:48.870 INFO   [1CF536\57C224] Auto-router pass #847 on board '0d5c3e816165ab7fe8f9a36540788e49' was completed in 0.41 seconds with the score of 910.32 (20 unrouted), using 61260.17 CPU seconds and 348179 MB memory.
2026-09-12 18:02:49.304 INFO   [1CF536\57C224] Auto-router pass #848 on board '0d5c3e816165ab7fe8f9a36540788e49' was completed in 0.43 seconds with the score of 910.32 (20 unrouted), using 61609.50 CPU seconds and 349162 MB memory.
2026-09-12 18:02:49.721 INFO   [1CF536\57C224] Auto-router pass #849 on board '0d5c3e816165ab7fe8f9a36540788e49' was completed in 0.41 seconds with the score of 910.32 (20 unrouted), using 61609.50 CPU seconds and 349162 MB memory.
2026-09-12 18:02:50.133 INFO   [1CF536\57C224] Auto-router pass #850 on board '0d5c3e816165ab7fe8f9a36540788e49' was completed in 0.41 seconds with the score of 910.32 (20 unrouted), using 61959.83 CPU seconds and 350142 MB memory.
2026-09-12 18:02:50.532 INFO   [1CF536\57C224] Auto-router pass #851 on board '0d5c3e816165ab7fe8f9a36540788e49' was completed in 0.40 seconds with the score of 910.32 (20 unrouted), using 61959.83 CPU seconds and 350142 MB memory.
2026-09-12 18:02:51.042 INFO   [1CF536\57C224] Auto-router pass #852 on board '0d5c3e816165ab7fe8f9a36540788e49' was completed in 0.51 seconds with the score of 910.32 (20 unrouted), using 61959.83 CPU seconds and 350142 MB memory.
2026-09-12 18:02:51.459 INFO   [1CF536\57C224] Auto-router pass #853 on board '0d5c3e816165ab7fe8f9a36540788e49' was completed in 0.41 seconds with the score of 910.32 (20 unrouted), using 62311.14 CPU seconds and 351055 MB memory.
2026-09-12 18:02:51.875 INFO   [1CF536\57C224] Auto-router pass #854 on board '0d5c3e816165ab7fe8f9a36540788e49' was completed in 0.41 seconds with the score of 910.32 (20 unrouted), using 62311.14 CPU seconds and 351055 MB memory.
2026-09-12 18:02:52.309 INFO   [1CF536\57C224] Auto-router pass #855 on board '0d5c3e816165ab7fe8f9a36540788e49' was completed in 0.43 seconds with the score of 910.32 (20 unrouted), using 62663.45 CPU seconds and 352036 MB memory.
2026-09-12 18:02:52.774 INFO   [1CF536\57C224] Auto-router pass #856 on board '0d5c3e816165ab7fe8f9a36540788e49' was completed in 0.46 seconds with the score of 910.32 (20 unrouted), using 62663.45 CPU seconds and 352036 MB memory.
2026-09-12 18:02:53.208 INFO   [1CF536\57C224] Auto-router pass #857 on board '0d5c3e816165ab7fe8f9a36540788e49' was completed in 0.43 seconds with the score of 910.32 (20 unrouted), using 63016.75 CPU seconds and 352952 MB memory.
2026-09-12 18:02:53.633 INFO   [1CF536\57C224] Auto-router pass #858 on board '0d5c3e816165ab7fe8f9a36540788e49' was completed in 0.42 seconds with the score of 910.32 (20 unrouted), using 63016.75 CPU seconds and 352952 MB memory.
2026-09-12 18:02:54.065 INFO   [1CF536\57C224] Auto-router pass #859 on board '0d5c3e816165ab7fe8f9a36540788e49' was completed in 0.43 seconds with the score of 910.32 (20 unrouted), using 63016.75 CPU seconds and 352952 MB memory.
2026-09-12 18:02:54.502 INFO   [1CF536\57C224] Auto-router pass #860 on board '0d5c3e816165ab7fe8f9a36540788e49' was completed in 0.43 seconds with the score of 910.32 (20 unrouted), using 63371.05 CPU seconds and 353890 MB memory.
2026-09-12 18:02:54.899 INFO   [1CF536\57C224] Auto-router pass #861 on board '0d5c3e816165ab7fe8f9a36540788e49' was completed in 0.39 seconds with the score of 910.32 (20 unrouted), using 63371.05 CPU seconds and 353890 MB memory.
2026-09-12 18:02:55.293 INFO   [1CF536\57C224] Auto-router pass #862 on board '0d5c3e816165ab7fe8f9a36540788e49' was completed in 0.39 seconds with the score of 910.32 (20 unrouted), using 63726.34 CPU seconds and 354908 MB memory.
2026-09-12 18:02:55.704 INFO   [1CF536\57C224] Auto-router pass #863 on board '0d5c3e816165ab7fe8f9a36540788e49' was completed in 0.41 seconds with the score of 910.32 (20 unrouted), using 63726.34 CPU seconds and 354908 MB memory.
2026-09-12 18:02:56.153 INFO   [1CF536\57C224] Auto-router pass #864 on board '0d5c3e816165ab7fe8f9a36540788e49' was completed in 0.44 seconds with the score of 910.32 (20 unrouted), using 64082.61 CPU seconds and 355876 MB memory.
2026-09-12 18:02:56.581 INFO   [1CF536\57C224] Auto-router pass #865 on board '0d5c3e816165ab7fe8f9a36540788e49' was completed in 0.42 seconds with the score of 910.32 (20 unrouted), using 64082.61 CPU seconds and 355876 MB memory.
2026-09-12 18:02:57.002 INFO   [1CF536\57C224] Auto-router pass #866 on board '0d5c3e816165ab7fe8f9a36540788e49' was completed in 0.41 seconds with the score of 910.32 (20 unrouted), using 64082.61 CPU seconds and 355876 MB memory.
2026-09-12 18:02:57.425 INFO   [1CF536\57C224] Auto-router pass #867 on board '0d5c3e816165ab7fe8f9a36540788e49' was completed in 0.42 seconds with the score of 910.32 (20 unrouted), using 64439.88 CPU seconds and 356831 MB memory.
2026-09-12 18:02:57.882 INFO   [1CF536\57C224] Auto-router pass #868 on board '0d5c3e816165ab7fe8f9a36540788e49' was completed in 0.45 seconds with the score of 910.32 (20 unrouted), using 64439.88 CPU seconds and 356831 MB memory.
2026-09-12 18:02:58.309 INFO   [1CF536\57C224] Auto-router pass #869 on board '0d5c3e816165ab7fe8f9a36540788e49' was completed in 0.42 seconds with the score of 910.32 (20 unrouted), using 64798.14 CPU seconds and 357781 MB memory.
2026-09-12 18:02:58.725 INFO   [1CF536\57C224] Auto-router pass #870 on board '0d5c3e816165ab7fe8f9a36540788e49' was completed in 0.41 seconds with the score of 910.32 (20 unrouted), using 64798.14 CPU seconds and 357781 MB memory.
2026-09-12 18:02:59.133 INFO   [1CF536\57C224] Auto-router pass #871 on board '0d5c3e816165ab7fe8f9a36540788e49' was completed in 0.40 seconds with the score of 910.32 (20 unrouted), using 65157.39 CPU seconds and 358752 MB memory.
2026-09-12 18:02:59.572 INFO   [1CF536\57C224] Auto-router pass #872 on board '0d5c3e816165ab7fe8f9a36540788e49' was completed in 0.43 seconds with the score of 910.32 (20 unrouted), using 65157.39 CPU seconds and 358752 MB memory.
2026-09-12 18:02:59.971 INFO   [1CF536\57C224] Auto-router pass #873 on board '0d5c3e816165ab7fe8f9a36540788e49' was completed in 0.40 seconds with the score of 910.32 (20 unrouted), using 65157.39 CPU seconds and 358752 MB memory.
2026-09-12 18:03:00.420 INFO   [1CF536\57C224] Auto-router pass #874 on board '0d5c3e816165ab7fe8f9a36540788e49' was completed in 0.44 seconds with the score of 910.32 (20 unrouted), using 65517.64 CPU seconds and 359734 MB memory.
2026-09-12 18:03:00.859 INFO   [1CF536\57C224] Auto-router pass #875 on board '0d5c3e816165ab7fe8f9a36540788e49' was completed in 0.43 seconds with the score of 910.32 (20 unrouted), using 65517.64 CPU seconds and 359734 MB memory.
2026-09-12 18:03:01.340 INFO   [1CF536\57C224] Auto-router pass #876 on board '0d5c3e816165ab7fe8f9a36540788e49' was completed in 0.47 seconds with the score of 910.32 (20 unrouted), using 65878.88 CPU seconds and 360641 MB memory.
2026-09-12 18:03:01.760 INFO   [1CF536\57C224] Auto-router pass #877 on board '0d5c3e816165ab7fe8f9a36540788e49' was completed in 0.41 seconds with the score of 910.32 (20 unrouted), using 65878.88 CPU seconds and 360641 MB memory.
2026-09-12 18:03:02.195 INFO   [1CF536\57C224] Auto-router pass #878 on board '0d5c3e816165ab7fe8f9a36540788e49' was completed in 0.43 seconds with the score of 910.32 (20 unrouted), using 66241.12 CPU seconds and 361574 MB memory.
2026-09-12 18:03:02.609 INFO   [1CF536\57C224] Auto-router pass #879 on board '0d5c3e816165ab7fe8f9a36540788e49' was completed in 0.41 seconds with the score of 910.32 (20 unrouted), using 66241.12 CPU seconds and 361574 MB memory.
2026-09-12 18:03:03.049 INFO   [1CF536\57C224] Auto-router pass #880 on board '0d5c3e816165ab7fe8f9a36540788e49' was completed in 0.43 seconds with the score of 910.32 (20 unrouted), using 66241.12 CPU seconds and 361574 MB memory.
2026-09-12 18:03:03.457 INFO   [1CF536\57C224] Auto-router pass #881 on board '0d5c3e816165ab7fe8f9a36540788e49' was completed in 0.40 seconds with the score of 910.32 (20 unrouted), using 66604.34 CPU seconds and 362543 MB memory.
2026-09-12 18:03:03.856 INFO   [1CF536\57C224] Auto-router pass #882 on board '0d5c3e816165ab7fe8f9a36540788e49' was completed in 0.40 seconds with the score of 910.32 (20 unrouted), using 66604.34 CPU seconds and 362543 MB memory.
2026-09-12 18:03:04.274 INFO   [1CF536\57C224] Auto-router pass #883 on board '0d5c3e816165ab7fe8f9a36540788e49' was completed in 0.41 seconds with the score of 910.32 (20 unrouted), using 66968.56 CPU seconds and 363548 MB memory.
2026-09-12 18:03:04.719 INFO   [1CF536\57C224] Auto-router pass #884 on board '0d5c3e816165ab7fe8f9a36540788e49' was completed in 0.44 seconds with the score of 910.32 (20 unrouted), using 66968.56 CPU seconds and 363548 MB memory.
2026-09-12 18:03:05.136 INFO   [1CF536\57C224] Auto-router pass #885 on board '0d5c3e816165ab7fe8f9a36540788e49' was completed in 0.41 seconds with the score of 910.32 (20 unrouted), using 67333.77 CPU seconds and 364508 MB memory.
2026-09-12 18:03:05.548 INFO   [1CF536\57C224] Auto-router pass #886 on board '0d5c3e816165ab7fe8f9a36540788e49' was completed in 0.41 seconds with the score of 910.32 (20 unrouted), using 67333.77 CPU seconds and 364508 MB memory.
2026-09-12 18:03:05.955 INFO   [1CF536\57C224] Auto-router pass #887 on board '0d5c3e816165ab7fe8f9a36540788e49' was completed in 0.40 seconds with the score of 910.32 (20 unrouted), using 67333.77 CPU seconds and 364508 MB memory.
2026-09-12 18:03:06.408 INFO   [1CF536\57C224] Auto-router pass #888 on board '0d5c3e816165ab7fe8f9a36540788e49' was completed in 0.45 seconds with the score of 910.32 (20 unrouted), using 67699.98 CPU seconds and 365479 MB memory.
2026-09-12 18:03:06.832 INFO   [1CF536\57C224] Auto-router pass #889 on board '0d5c3e816165ab7fe8f9a36540788e49' was completed in 0.42 seconds with the score of 910.32 (20 unrouted), using 67699.98 CPU seconds and 365479 MB memory.
2026-09-12 18:03:07.232 INFO   [1CF536\57C224] Auto-router pass #890 on board '0d5c3e816165ab7fe8f9a36540788e49' was completed in 0.40 seconds with the score of 910.32 (20 unrouted), using 68067.19 CPU seconds and 366459 MB memory.
2026-09-12 18:03:07.660 INFO   [1CF536\57C224] Auto-router pass #891 on board '0d5c3e816165ab7fe8f9a36540788e49' was completed in 0.42 seconds with the score of 910.32 (20 unrouted), using 68067.19 CPU seconds and 366459 MB memory.
2026-09-12 18:03:08.097 INFO   [1CF536\57C224] Auto-router pass #892 on board '0d5c3e816165ab7fe8f9a36540788e49' was completed in 0.43 seconds with the score of 910.32 (20 unrouted), using 68067.19 CPU seconds and 366459 MB memory.
2026-09-12 18:03:08.509 INFO   [1CF536\57C224] Auto-router pass #893 on board '0d5c3e816165ab7fe8f9a36540788e49' was completed in 0.41 seconds with the score of 910.32 (20 unrouted), using 68435.38 CPU seconds and 367422 MB memory.
2026-09-12 18:03:08.925 INFO   [1CF536\57C224] Auto-router pass #894 on board '0d5c3e816165ab7fe8f9a36540788e49' was completed in 0.41 seconds with the score of 910.32 (20 unrouted), using 68435.38 CPU seconds and 367422 MB memory.
2026-09-12 18:03:09.343 INFO   [1CF536\57C224] Auto-router pass #895 on board '0d5c3e816165ab7fe8f9a36540788e49' was completed in 0.41 seconds with the score of 910.32 (20 unrouted), using 68804.57 CPU seconds and 368391 MB memory.
2026-09-12 18:03:09.795 INFO   [1CF536\57C224] Auto-router pass #896 on board '0d5c3e816165ab7fe8f9a36540788e49' was completed in 0.45 seconds with the score of 910.32 (20 unrouted), using 68804.57 CPU seconds and 368391 MB memory.
2026-09-12 18:03:10.193 INFO   [1CF536\57C224] Auto-router pass #897 on board '0d5c3e816165ab7fe8f9a36540788e49' was completed in 0.39 seconds with the score of 910.32 (20 unrouted), using 69174.76 CPU seconds and 369385 MB memory.
2026-09-12 18:03:10.606 INFO   [1CF536\57C224] Auto-router pass #898 on board '0d5c3e816165ab7fe8f9a36540788e49' was completed in 0.41 seconds with the score of 910.32 (20 unrouted), using 69174.76 CPU seconds and 369385 MB memory.
2026-09-12 18:03:11.052 INFO   [1CF536\57C224] Auto-router pass #899 on board '0d5c3e816165ab7fe8f9a36540788e49' was completed in 0.44 seconds with the score of 910.32 (20 unrouted), using 69174.76 CPU seconds and 369385 MB memory.
2026-09-12 18:03:11.520 INFO   [1CF536\57C224] Auto-router pass #900 on board '0d5c3e816165ab7fe8f9a36540788e49' was completed in 0.46 seconds with the score of 910.32 (20 unrouted), using 69545.93 CPU seconds and 370320 MB memory.
2026-09-12 18:03:11.937 INFO   [1CF536\57C224] Auto-router pass #901 on board '0d5c3e816165ab7fe8f9a36540788e49' was completed in 0.41 seconds with the score of 910.32 (20 unrouted), using 69545.93 CPU seconds and 370320 MB memory.
2026-09-12 18:03:12.361 INFO   [1CF536\57C224] Auto-router pass #902 on board '0d5c3e816165ab7fe8f9a36540788e49' was completed in 0.42 seconds with the score of 910.32 (20 unrouted), using 69918.09 CPU seconds and 371255 MB memory.
2026-09-12 18:03:12.775 INFO   [1CF536\57C224] Auto-router pass #903 on board '0d5c3e816165ab7fe8f9a36540788e49' was completed in 0.41 seconds with the score of 910.32 (20 unrouted), using 69918.09 CPU seconds and 371255 MB memory.
2026-09-12 18:03:13.205 INFO   [1CF536\57C224] Auto-router pass #904 on board '0d5c3e816165ab7fe8f9a36540788e49' was completed in 0.43 seconds with the score of 910.32 (20 unrouted), using 70291.25 CPU seconds and 372245 MB memory.
2026-09-12 18:03:13.594 INFO   [1CF536\57C224] Auto-router pass #905 on board '0d5c3e816165ab7fe8f9a36540788e49' was completed in 0.38 seconds with the score of 910.32 (20 unrouted), using 70291.25 CPU seconds and 372245 MB memory.
2026-09-12 18:03:14.033 INFO   [1CF536\57C224] Auto-router pass #906 on board '0d5c3e816165ab7fe8f9a36540788e49' was completed in 0.43 seconds with the score of 910.32 (20 unrouted), using 70291.25 CPU seconds and 372245 MB memory.
2026-09-12 18:03:14.484 INFO   [1CF536\57C224] Auto-router pass #907 on board '0d5c3e816165ab7fe8f9a36540788e49' was completed in 0.44 seconds with the score of 910.32 (20 unrouted), using 70665.41 CPU seconds and 373208 MB memory.
2026-09-12 18:03:14.934 INFO   [1CF536\57C224] Auto-router pass #908 on board '0d5c3e816165ab7fe8f9a36540788e49' was completed in 0.45 seconds with the score of 910.32 (20 unrouted), using 70665.41 CPU seconds and 373208 MB memory.
2026-09-12 18:03:15.408 INFO   [1CF536\57C224] Auto-router pass #909 on board '0d5c3e816165ab7fe8f9a36540788e49' was completed in 0.47 seconds with the score of 910.32 (20 unrouted), using 71040.55 CPU seconds and 374132 MB memory.
2026-09-12 18:03:15.845 INFO   [1CF536\57C224] Auto-router pass #910 on board '0d5c3e816165ab7fe8f9a36540788e49' was completed in 0.43 seconds with the score of 910.32 (20 unrouted), using 71040.55 CPU seconds and 374132 MB memory.
2026-09-12 18:03:16.309 INFO   [1CF536\57C224] Auto-router pass #911 on board '0d5c3e816165ab7fe8f9a36540788e49' was completed in 0.46 seconds with the score of 910.32 (20 unrouted), using 71416.70 CPU seconds and 375011 MB memory.
2026-09-12 18:03:16.787 INFO   [1CF536\57C224] Auto-router pass #912 on board '0d5c3e816165ab7fe8f9a36540788e49' was completed in 0.47 seconds with the score of 910.32 (20 unrouted), using 71416.70 CPU seconds and 375011 MB memory.
2026-09-12 18:03:17.203 INFO   [1CF536\57C224] Auto-router pass #913 on board '0d5c3e816165ab7fe8f9a36540788e49' was completed in 0.41 seconds with the score of 910.32 (20 unrouted), using 71793.83 CPU seconds and 375932 MB memory.
2026-09-12 18:03:17.645 INFO   [1CF536\57C224] Auto-router pass #914 on board '0d5c3e816165ab7fe8f9a36540788e49' was completed in 0.44 seconds with the score of 910.32 (20 unrouted), using 71793.83 CPU seconds and 375932 MB memory.
2026-09-12 18:03:18.075 INFO   [1CF536\57C224] Auto-router pass #915 on board '0d5c3e816165ab7fe8f9a36540788e49' was completed in 0.42 seconds with the score of 910.32 (20 unrouted), using 71793.83 CPU seconds and 375932 MB memory.
2026-09-12 18:03:18.534 INFO   [1CF536\57C224] Auto-router pass #916 on board '0d5c3e816165ab7fe8f9a36540788e49' was completed in 0.45 seconds with the score of 910.32 (20 unrouted), using 72171.95 CPU seconds and 376871 MB memory.
2026-09-12 18:03:18.957 INFO   [1CF536\57C224] Auto-router pass #917 on board '0d5c3e816165ab7fe8f9a36540788e49' was completed in 0.42 seconds with the score of 910.32 (20 unrouted), using 72171.95 CPU seconds and 376871 MB memory.
2026-09-12 18:03:19.404 INFO   [1CF536\57C224] Auto-router pass #918 on board '0d5c3e816165ab7fe8f9a36540788e49' was completed in 0.44 seconds with the score of 910.32 (20 unrouted), using 72551.07 CPU seconds and 377809 MB memory.
2026-09-12 18:03:19.835 INFO   [1CF536\57C224] Auto-router pass #919 on board '0d5c3e816165ab7fe8f9a36540788e49' was completed in 0.43 seconds with the score of 910.32 (20 unrouted), using 72551.07 CPU seconds and 377809 MB memory.
2026-09-12 18:03:20.291 INFO   [1CF536\57C224] Auto-router pass #920 on board '0d5c3e816165ab7fe8f9a36540788e49' was completed in 0.45 seconds with the score of 910.32 (20 unrouted), using 72931.19 CPU seconds and 378731 MB memory.
2026-09-12 18:03:20.723 INFO   [1CF536\57C224] Auto-router pass #921 on board '0d5c3e816165ab7fe8f9a36540788e49' was completed in 0.43 seconds with the score of 910.32 (20 unrouted), using 72931.19 CPU seconds and 378731 MB memory.
2026-09-12 18:03:21.125 INFO   [1CF536\57C224] Auto-router pass #922 on board '0d5c3e816165ab7fe8f9a36540788e49' was completed in 0.40 seconds with the score of 910.32 (20 unrouted), using 73312.30 CPU seconds and 379699 MB memory.
2026-09-12 18:03:21.454 INFO   [1CF536\57C224] Auto-router pass #923 on board '0d5c3e816165ab7fe8f9a36540788e49' was completed in 0.32 seconds with the score of 910.32 (20 unrouted), using 73312.30 CPU seconds and 379699 MB memory.
2026-09-12 18:03:21.828 INFO   [1CF536\57C224] Auto-router pass #924 on board '0d5c3e816165ab7fe8f9a36540788e49' was completed in 0.37 seconds with the score of 910.32 (20 unrouted), using 73312.30 CPU seconds and 379699 MB memory.
2026-09-12 18:03:22.229 INFO   [1CF536\57C224] Auto-router pass #925 on board '0d5c3e816165ab7fe8f9a36540788e49' was completed in 0.40 seconds with the score of 910.32 (20 unrouted), using 73694.40 CPU seconds and 380855 MB memory.
2026-09-12 18:03:22.634 INFO   [1CF536\57C224] Auto-router pass #926 on board '0d5c3e816165ab7fe8f9a36540788e49' was completed in 0.40 seconds with the score of 910.32 (20 unrouted), using 73694.40 CPU seconds and 380855 MB memory.
2026-09-12 18:03:23.015 INFO   [1CF536\57C224] Auto-router pass #927 on board '0d5c3e816165ab7fe8f9a36540788e49' was completed in 0.38 seconds with the score of 910.32 (20 unrouted), using 73694.40 CPU seconds and 380855 MB memory.
2026-09-12 18:03:23.425 INFO   [1CF536\57C224] Auto-router pass #928 on board '0d5c3e816165ab7fe8f9a36540788e49' was completed in 0.41 seconds with the score of 910.32 (20 unrouted), using 74077.49 CPU seconds and 381851 MB memory.
2026-09-12 18:03:23.779 INFO   [1CF536\57C224] Auto-router pass #929 on board '0d5c3e816165ab7fe8f9a36540788e49' was completed in 0.35 seconds with the score of 910.32 (20 unrouted), using 74077.49 CPU seconds and 381851 MB memory.
2026-09-12 18:03:24.138 INFO   [1CF536\57C224] Auto-router pass #930 on board '0d5c3e816165ab7fe8f9a36540788e49' was completed in 0.35 seconds with the score of 910.32 (20 unrouted), using 74461.59 CPU seconds and 382968 MB memory.
2026-09-12 18:03:24.547 INFO   [1CF536\57C224] Auto-router pass #931 on board '0d5c3e816165ab7fe8f9a36540788e49' was completed in 0.40 seconds with the score of 910.32 (20 unrouted), using 74461.59 CPU seconds and 382968 MB memory.
2026-09-12 18:03:24.985 INFO   [1CF536\57C224] Auto-router pass #932 on board '0d5c3e816165ab7fe8f9a36540788e49' was completed in 0.43 seconds with the score of 910.32 (20 unrouted), using 74461.59 CPU seconds and 382968 MB memory.
2026-09-12 18:03:25.398 INFO   [1CF536\57C224] Auto-router pass #933 on board '0d5c3e816165ab7fe8f9a36540788e49' was completed in 0.41 seconds with the score of 910.32 (20 unrouted), using 74846.67 CPU seconds and 383955 MB memory.
2026-09-12 18:03:25.782 INFO   [1CF536\57C224] Auto-router pass #934 on board '0d5c3e816165ab7fe8f9a36540788e49' was completed in 0.38 seconds with the score of 910.32 (20 unrouted), using 74846.67 CPU seconds and 383955 MB memory.
2026-09-12 18:03:26.179 INFO   [1CF536\57C224] Auto-router pass #935 on board '0d5c3e816165ab7fe8f9a36540788e49' was completed in 0.39 seconds with the score of 910.32 (20 unrouted), using 75232.75 CPU seconds and 384969 MB memory.
2026-09-12 18:03:26.602 INFO   [1CF536\57C224] Auto-router pass #936 on board '0d5c3e816165ab7fe8f9a36540788e49' was completed in 0.42 seconds with the score of 910.32 (20 unrouted), using 75232.75 CPU seconds and 384969 MB memory.
2026-09-12 18:03:27.017 INFO   [1CF536\57C224] Auto-router pass #937 on board '0d5c3e816165ab7fe8f9a36540788e49' was completed in 0.41 seconds with the score of 910.32 (20 unrouted), using 75232.75 CPU seconds and 384969 MB memory.
2026-09-12 18:03:27.392 INFO   [1CF536\57C224] Auto-router pass #938 on board '0d5c3e816165ab7fe8f9a36540788e49' was completed in 0.37 seconds with the score of 910.32 (20 unrouted), using 75619.82 CPU seconds and 385968 MB memory.
2026-09-12 18:03:27.695 INFO   [1CF536\57C224] Auto-router pass #939 on board '0d5c3e816165ab7fe8f9a36540788e49' was completed in 0.30 seconds with the score of 910.32 (20 unrouted), using 75619.82 CPU seconds and 385968 MB memory.
2026-09-12 18:03:28.024 INFO   [1CF536\57C224] Auto-router pass #940 on board '0d5c3e816165ab7fe8f9a36540788e49' was completed in 0.33 seconds with the score of 910.32 (20 unrouted), using 75619.82 CPU seconds and 385968 MB memory.
2026-09-12 18:03:28.330 INFO   [1CF536\57C224] Auto-router pass #941 on board '0d5c3e816165ab7fe8f9a36540788e49' was completed in 0.30 seconds with the score of 910.32 (20 unrouted), using 76007.89 CPU seconds and 387226 MB memory.
2026-09-12 18:03:28.632 INFO   [1CF536\57C224] Auto-router pass #942 on board '0d5c3e816165ab7fe8f9a36540788e49' was completed in 0.30 seconds with the score of 910.32 (20 unrouted), using 76007.89 CPU seconds and 387226 MB memory.
2026-09-12 18:03:28.936 INFO   [1CF536\57C224] Auto-router pass #943 on board '0d5c3e816165ab7fe8f9a36540788e49' was completed in 0.30 seconds with the score of 910.32 (20 unrouted), using 76007.89 CPU seconds and 387226 MB memory.
2026-09-12 18:03:29.256 INFO   [1CF536\57C224] Auto-router pass #944 on board '0d5c3e816165ab7fe8f9a36540788e49' was completed in 0.32 seconds with the score of 910.32 (20 unrouted), using 76396.95 CPU seconds and 388561 MB memory.
2026-09-12 18:03:29.569 INFO   [1CF536\57C224] Auto-router pass #945 on board '0d5c3e816165ab7fe8f9a36540788e49' was completed in 0.31 seconds with the score of 910.32 (20 unrouted), using 76396.95 CPU seconds and 388561 MB memory.
2026-09-12 18:03:29.875 INFO   [1CF536\57C224] Auto-router pass #946 on board '0d5c3e816165ab7fe8f9a36540788e49' was completed in 0.30 seconds with the score of 910.32 (20 unrouted), using 76396.95 CPU seconds and 388561 MB memory.
2026-09-12 18:03:30.184 INFO   [1CF536\57C224] Auto-router pass #947 on board '0d5c3e816165ab7fe8f9a36540788e49' was completed in 0.31 seconds with the score of 910.32 (20 unrouted), using 76787.01 CPU seconds and 389868 MB memory.
2026-09-12 18:03:30.504 INFO   [1CF536\57C224] Auto-router pass #948 on board '0d5c3e816165ab7fe8f9a36540788e49' was completed in 0.32 seconds with the score of 910.32 (20 unrouted), using 76787.01 CPU seconds and 389868 MB memory.
2026-09-12 18:03:30.810 INFO   [1CF536\57C224] Auto-router pass #949 on board '0d5c3e816165ab7fe8f9a36540788e49' was completed in 0.30 seconds with the score of 910.32 (20 unrouted), using 76787.01 CPU seconds and 389868 MB memory.
2026-09-12 18:03:31.122 INFO   [1CF536\57C224] Auto-router pass #950 on board '0d5c3e816165ab7fe8f9a36540788e49' was completed in 0.31 seconds with the score of 910.32 (20 unrouted), using 77178.05 CPU seconds and 391189 MB memory.
2026-09-12 18:03:31.420 INFO   [1CF536\57C224] Auto-router pass #951 on board '0d5c3e816165ab7fe8f9a36540788e49' was completed in 0.29 seconds with the score of 910.32 (20 unrouted), using 77178.05 CPU seconds and 391189 MB memory.
2026-09-12 18:03:31.740 INFO   [1CF536\57C224] Auto-router pass #952 on board '0d5c3e816165ab7fe8f9a36540788e49' was completed in 0.32 seconds with the score of 910.32 (20 unrouted), using 77178.05 CPU seconds and 391189 MB memory.
2026-09-12 18:03:32.125 INFO   [1CF536\57C224] Auto-router pass #953 on board '0d5c3e816165ab7fe8f9a36540788e49' was completed in 0.38 seconds with the score of 910.32 (20 unrouted), using 77570.09 CPU seconds and 392421 MB memory.
2026-09-12 18:03:32.504 INFO   [1CF536\57C224] Auto-router pass #954 on board '0d5c3e816165ab7fe8f9a36540788e49' was completed in 0.38 seconds with the score of 910.32 (20 unrouted), using 77570.09 CPU seconds and 392421 MB memory.
2026-09-12 18:03:32.897 INFO   [1CF536\57C224] Auto-router pass #955 on board '0d5c3e816165ab7fe8f9a36540788e49' was completed in 0.39 seconds with the score of 910.32 (20 unrouted), using 77570.09 CPU seconds and 392421 MB memory.
2026-09-12 18:03:33.319 INFO   [1CF536\57C224] Auto-router pass #956 on board '0d5c3e816165ab7fe8f9a36540788e49' was completed in 0.42 seconds with the score of 910.32 (20 unrouted), using 77963.12 CPU seconds and 393475 MB memory.
2026-09-12 18:03:33.716 INFO   [1CF536\57C224] Auto-router pass #957 on board '0d5c3e816165ab7fe8f9a36540788e49' was completed in 0.39 seconds with the score of 910.32 (20 unrouted), using 77963.12 CPU seconds and 393475 MB memory.
2026-09-12 18:03:34.108 INFO   [1CF536\57C224] Auto-router pass #958 on board '0d5c3e816165ab7fe8f9a36540788e49' was completed in 0.39 seconds with the score of 910.32 (20 unrouted), using 77963.12 CPU seconds and 393475 MB memory.
2026-09-12 18:03:34.485 INFO   [1CF536\57C224] Auto-router pass #959 on board '0d5c3e816165ab7fe8f9a36540788e49' was completed in 0.37 seconds with the score of 910.32 (20 unrouted), using 78357.15 CPU seconds and 394487 MB memory.
2026-09-12 18:03:34.924 INFO   [1CF536\57C224] Auto-router pass #960 on board '0d5c3e816165ab7fe8f9a36540788e49' was completed in 0.43 seconds with the score of 910.32 (20 unrouted), using 78357.15 CPU seconds and 394487 MB memory.
2026-09-12 18:03:35.345 INFO   [1CF536\57C224] Auto-router pass #961 on board '0d5c3e816165ab7fe8f9a36540788e49' was completed in 0.41 seconds with the score of 910.32 (20 unrouted), using 78752.17 CPU seconds and 395502 MB memory.
2026-09-12 18:03:35.783 INFO   [1CF536\57C224] Auto-router pass #962 on board '0d5c3e816165ab7fe8f9a36540788e49' was completed in 0.43 seconds with the score of 910.32 (20 unrouted), using 78752.17 CPU seconds and 395502 MB memory.
2026-09-12 18:03:36.197 INFO   [1CF536\57C224] Auto-router pass #963 on board '0d5c3e816165ab7fe8f9a36540788e49' was completed in 0.41 seconds with the score of 910.32 (20 unrouted), using 79148.19 CPU seconds and 396443 MB memory.
2026-09-12 18:03:36.648 INFO   [1CF536\57C224] Auto-router pass #964 on board '0d5c3e816165ab7fe8f9a36540788e49' was completed in 0.45 seconds with the score of 910.32 (20 unrouted), using 79148.19 CPU seconds and 396443 MB memory.
2026-09-12 18:03:37.047 INFO   [1CF536\57C224] Auto-router pass #965 on board '0d5c3e816165ab7fe8f9a36540788e49' was completed in 0.39 seconds with the score of 910.32 (20 unrouted), using 79148.19 CPU seconds and 396443 MB memory.
2026-09-12 18:03:37.454 INFO   [1CF536\57C224] Auto-router pass #966 on board '0d5c3e816165ab7fe8f9a36540788e49' was completed in 0.40 seconds with the score of 910.32 (20 unrouted), using 79545.20 CPU seconds and 397435 MB memory.
2026-09-12 18:03:37.862 INFO   [1CF536\57C224] Auto-router pass #967 on board '0d5c3e816165ab7fe8f9a36540788e49' was completed in 0.40 seconds with the score of 910.32 (20 unrouted), using 79545.20 CPU seconds and 397435 MB memory.
2026-09-12 18:03:38.292 INFO   [1CF536\57C224] Auto-router pass #968 on board '0d5c3e816165ab7fe8f9a36540788e49' was completed in 0.42 seconds with the score of 910.32 (20 unrouted), using 79943.20 CPU seconds and 398421 MB memory.
2026-09-12 18:03:38.682 INFO   [1CF536\57C224] Auto-router pass #969 on board '0d5c3e816165ab7fe8f9a36540788e49' was completed in 0.39 seconds with the score of 910.32 (20 unrouted), using 79943.20 CPU seconds and 398421 MB memory.
2026-09-12 18:03:39.073 INFO   [1CF536\57C224] Auto-router pass #970 on board '0d5c3e816165ab7fe8f9a36540788e49' was completed in 0.39 seconds with the score of 910.32 (20 unrouted), using 79943.20 CPU seconds and 398421 MB memory.
2026-09-12 18:03:39.485 INFO   [1CF536\57C224] Auto-router pass #971 on board '0d5c3e816165ab7fe8f9a36540788e49' was completed in 0.41 seconds with the score of 910.32 (20 unrouted), using 80342.20 CPU seconds and 399450 MB memory.
2026-09-12 18:03:39.964 INFO   [1CF536\57C224] Auto-router pass #972 on board '0d5c3e816165ab7fe8f9a36540788e49' was completed in 0.47 seconds with the score of 910.32 (20 unrouted), using 80342.20 CPU seconds and 399450 MB memory.
2026-09-12 18:03:40.373 INFO   [1CF536\57C224] Auto-router pass #973 on board '0d5c3e816165ab7fe8f9a36540788e49' was completed in 0.41 seconds with the score of 910.32 (20 unrouted), using 80742.18 CPU seconds and 400385 MB memory.
2026-09-12 18:03:40.787 INFO   [1CF536\57C224] Auto-router pass #974 on board '0d5c3e816165ab7fe8f9a36540788e49' was completed in 0.41 seconds with the score of 910.32 (20 unrouted), using 80742.18 CPU seconds and 400385 MB memory.
2026-09-12 18:03:41.141 INFO   [1CF536\57C224] Auto-router pass #975 on board '0d5c3e816165ab7fe8f9a36540788e49' was completed in 0.35 seconds with the score of 910.32 (20 unrouted), using 81143.16 CPU seconds and 401422 MB memory.
2026-09-12 18:03:41.463 INFO   [1CF536\57C224] Auto-router pass #976 on board '0d5c3e816165ab7fe8f9a36540788e49' was completed in 0.32 seconds with the score of 910.32 (20 unrouted), using 81143.16 CPU seconds and 401422 MB memory.
2026-09-12 18:03:41.783 INFO   [1CF536\57C224] Auto-router pass #977 on board '0d5c3e816165ab7fe8f9a36540788e49' was completed in 0.32 seconds with the score of 910.32 (20 unrouted), using 81143.16 CPU seconds and 401422 MB memory.
2026-09-12 18:03:42.091 INFO   [1CF536\57C224] Auto-router pass #978 on board '0d5c3e816165ab7fe8f9a36540788e49' was completed in 0.30 seconds with the score of 910.32 (20 unrouted), using 81143.16 CPU seconds and 401422 MB memory.
2026-09-12 18:03:42.401 INFO   [1CF536\57C224] Auto-router pass #979 on board '0d5c3e816165ab7fe8f9a36540788e49' was completed in 0.31 seconds with the score of 910.32 (20 unrouted), using 81545.12 CPU seconds and 402721 MB memory.
2026-09-12 18:03:42.723 INFO   [1CF536\57C224] Auto-router pass #980 on board '0d5c3e816165ab7fe8f9a36540788e49' was completed in 0.32 seconds with the score of 910.32 (20 unrouted), using 81545.12 CPU seconds and 402721 MB memory.
2026-09-12 18:03:43.025 INFO   [1CF536\57C224] Auto-router pass #981 on board '0d5c3e816165ab7fe8f9a36540788e49' was completed in 0.30 seconds with the score of 910.32 (20 unrouted), using 81545.12 CPU seconds and 402721 MB memory.
2026-09-12 18:03:43.326 INFO   [1CF536\57C224] Auto-router pass #982 on board '0d5c3e816165ab7fe8f9a36540788e49' was completed in 0.30 seconds with the score of 910.32 (20 unrouted), using 81948.09 CPU seconds and 404047 MB memory.
2026-09-12 18:03:43.619 INFO   [1CF536\57C224] Auto-router pass #983 on board '0d5c3e816165ab7fe8f9a36540788e49' was completed in 0.29 seconds with the score of 910.32 (20 unrouted), using 81948.09 CPU seconds and 404047 MB memory.
2026-09-12 18:03:43.940 INFO   [1CF536\57C224] Auto-router pass #984 on board '0d5c3e816165ab7fe8f9a36540788e49' was completed in 0.32 seconds with the score of 910.32 (20 unrouted), using 81948.09 CPU seconds and 404047 MB memory.
2026-09-12 18:03:44.237 INFO   [1CF536\57C224] Auto-router pass #985 on board '0d5c3e816165ab7fe8f9a36540788e49' was completed in 0.29 seconds with the score of 910.32 (20 unrouted), using 82352.04 CPU seconds and 405399 MB memory.
2026-09-12 18:03:44.535 INFO   [1CF536\57C224] Auto-router pass #986 on board '0d5c3e816165ab7fe8f9a36540788e49' was completed in 0.29 seconds with the score of 910.32 (20 unrouted), using 82352.04 CPU seconds and 405399 MB memory.
2026-09-12 18:03:44.836 INFO   [1CF536\57C224] Auto-router pass #987 on board '0d5c3e816165ab7fe8f9a36540788e49' was completed in 0.30 seconds with the score of 910.32 (20 unrouted), using 82352.04 CPU seconds and 405399 MB memory.
2026-09-12 18:03:45.154 INFO   [1CF536\57C224] Auto-router pass #988 on board '0d5c3e816165ab7fe8f9a36540788e49' was completed in 0.32 seconds with the score of 910.32 (20 unrouted), using 82756.99 CPU seconds and 406757 MB memory.
2026-09-12 18:03:45.459 INFO   [1CF536\57C224] Auto-router pass #989 on board '0d5c3e816165ab7fe8f9a36540788e49' was completed in 0.30 seconds with the score of 910.32 (20 unrouted), using 82756.99 CPU seconds and 406757 MB memory.
2026-09-12 18:03:45.759 INFO   [1CF536\57C224] Auto-router pass #990 on board '0d5c3e816165ab7fe8f9a36540788e49' was completed in 0.30 seconds with the score of 910.32 (20 unrouted), using 82756.99 CPU seconds and 406757 MB memory.
2026-09-12 18:03:46.059 INFO   [1CF536\57C224] Auto-router pass #991 on board '0d5c3e816165ab7fe8f9a36540788e49' was completed in 0.30 seconds with the score of 910.32 (20 unrouted), using 82756.99 CPU seconds and 406757 MB memory.
2026-09-12 18:03:46.379 INFO   [1CF536\57C224] Auto-router pass #992 on board '0d5c3e816165ab7fe8f9a36540788e49' was completed in 0.32 seconds with the score of 910.32 (20 unrouted), using 83162.94 CPU seconds and 408091 MB memory.
2026-09-12 18:03:46.678 INFO   [1CF536\57C224] Auto-router pass #993 on board '0d5c3e816165ab7fe8f9a36540788e49' was completed in 0.29 seconds with the score of 910.32 (20 unrouted), using 83162.94 CPU seconds and 408091 MB memory.
2026-09-12 18:03:46.976 INFO   [1CF536\57C224] Auto-router pass #994 on board '0d5c3e816165ab7fe8f9a36540788e49' was completed in 0.29 seconds with the score of 910.32 (20 unrouted), using 83162.94 CPU seconds and 408091 MB memory.
2026-09-12 18:03:47.268 INFO   [1CF536\57C224] Auto-router pass #995 on board '0d5c3e816165ab7fe8f9a36540788e49' was completed in 0.29 seconds with the score of 910.32 (20 unrouted), using 83569.88 CPU seconds and 409444 MB memory.
2026-09-12 18:03:47.591 INFO   [1CF536\57C224] Auto-router pass #996 on board '0d5c3e816165ab7fe8f9a36540788e49' was completed in 0.32 seconds with the score of 910.32 (20 unrouted), using 83569.88 CPU seconds and 409444 MB memory.
2026-09-12 18:03:47.890 INFO   [1CF536\57C224] Auto-router pass #997 on board '0d5c3e816165ab7fe8f9a36540788e49' was completed in 0.30 seconds with the score of 910.32 (20 unrouted), using 83569.88 CPU seconds and 409444 MB memory.
2026-09-12 18:03:48.187 INFO   [1CF536\57C224] Auto-router pass #998 on board '0d5c3e816165ab7fe8f9a36540788e49' was completed in 0.29 seconds with the score of 910.32 (20 unrouted), using 83977.80 CPU seconds and 410795 MB memory.
2026-09-12 18:03:48.479 INFO   [1CF536\57C224] Auto-router pass #999 on board '0d5c3e816165ab7fe8f9a36540788e49' was completed in 0.29 seconds with the score of 910.32 (20 unrouted), using 83977.80 CPU seconds and 410795 MB memory.
{
  "host": "KiCad's Pcbnew,9.0.9.1-unknown-202605141413~ce707d0a6c~ubuntu24.04.1",
  "unit": "mm",
  "board": {
    "bounding_box": {
      "x": 661.0,
      "y": 1.0,
      "width": -1.0,
      "height": -751.0
    },
    "size": {
      "x": 0.0,
      "y": 0.0,
      "width": 662.0,
      "height": 752.0
    }
  },
  "layers": {
    "total_count": 2,
    "signal_count": 2
  },
  "items": {
    "total_count": 754,
    "trace_count": 138,
    "via_count": 14,
    "conduction_area_count": 2,
    "drill_item_count": 134,
    "pin_count": 0,
    "component_count": 446,
    "other_count": 20
  },
  "components": {
    "total_count": 46
  },
  "pads": {
    "total_count": 134
  },
  "nets": {
    "total_count": 40,
    "class_count": 2
  },
  "connections": {
    "maximum_count": 248,
    "incomplete_count": 20
  },
  "traces": {
    "total_count": 138,
    "total_segment_count": 203,
    "total_length": 7616.413,
    "total_weighted_length": 5633568.5,
    "average_length": 55.1914,
    "total_vertical_length": 2769.949,
    "total_horizontal_length": 2206.451,
    "total_angled_length": 3118.1736
  },
  "bends": {
    "total_count": 65,
    "90_degree_count": 3,
    "45_degree_count": 62,
    "other_angle_count": 0
  },
  "vias": {
    "total_count": 14,
    "through_hole_count": 14,
    "blind_count": 0,
    "buried_count": 0
  },
  "clearance_violations": {
    "total_count": 0
  }
}
