WARNING: java.io.tmpdir directory does not exist
2026-09-12 18:08:35.067 INFO   Freerouting v2.1.0 (build-date: 2025-04-12)
2026-09-12 18:08:35.125 WARN   Couldn't get screen resolution. If you are running in a headless environment, disable the GUI by setting gui.enabled to false.
2026-09-12 18:08:36.423 INFO   [671444\548EEF] Job '671444\548EEF' started at 2026-09-12T18:08:36.422956207Z
2026-09-12 18:08:36.607 INFO   New version available: v2.4.1
2026-09-12 18:08:38.165 INFO   [671444\548EEF] Auto-router pass #1 on board '08a2c521fccf82adc8f19e1c73354233' was completed in 1.50 seconds with the score of 891.83 (18 unrouted), using 0.86 CPU seconds and 315 MB memory.
2026-09-12 18:08:38.674 INFO   [671444\548EEF] Auto-router pass #2 on board '20c288003581925eaa954ecf4c4a2e2c' was completed in 0.47 seconds with the score of 891.83 (18 unrouted), using 2.64 CPU seconds and 856 MB memory.
2026-09-12 18:08:39.195 INFO   [671444\548EEF] Auto-router pass #3 on board 'd4d13fdd8648f211547fa0de60dcb14e' was completed in 0.50 seconds with the score of 891.83 (18 unrouted), using 2.64 CPU seconds and 856 MB memory.
2026-09-12 18:08:40.307 INFO   [671444\548EEF] Auto-router pass #4 on board '62006d59a453fad23af9c9c41cf10e60' was completed in 1.08 seconds with the score of 897.50 (17 unrouted), using 5.39 CPU seconds and 1522 MB memory.
2026-09-12 18:08:40.762 INFO   [671444\548EEF] Auto-router pass #5 on board '28f172941b0e279b65aea3de6f078041' was completed in 0.44 seconds with the score of 897.50 (17 unrouted), using 9.11 CPU seconds and 2324 MB memory.
2026-09-12 18:08:41.258 INFO   [671444\548EEF] Auto-router pass #6 on board '623c5eef4dbada32b108f3222a5aaed3' was completed in 0.48 seconds with the score of 897.50 (17 unrouted), using 9.11 CPU seconds and 2324 MB memory.
2026-09-12 18:08:41.684 INFO   [671444\548EEF] Auto-router pass #7 on board '51ab4b970fb10d7d451c0f5052aeff80' was completed in 0.41 seconds with the score of 897.50 (17 unrouted), using 13.81 CPU seconds and 3111 MB memory.
2026-09-12 18:08:42.092 INFO   [671444\548EEF] Auto-router pass #8 on board '51ab4b970fb10d7d451c0f5052aeff80' was completed in 0.40 seconds with the score of 897.50 (17 unrouted), using 13.81 CPU seconds and 3111 MB memory.
2026-09-12 18:08:42.430 INFO   [671444\548EEF] Auto-router pass #9 on board '51ab4b970fb10d7d451c0f5052aeff80' was completed in 0.33 seconds with the score of 897.50 (17 unrouted), using 13.81 CPU seconds and 3111 MB memory.
2026-09-12 18:08:42.764 INFO   [671444\548EEF] Auto-router pass #10 on board '51ab4b970fb10d7d451c0f5052aeff80' was completed in 0.33 seconds with the score of 897.50 (17 unrouted), using 19.50 CPU seconds and 3996 MB memory.
2026-09-12 18:08:43.087 INFO   [671444\548EEF] Auto-router pass #11 on board '51ab4b970fb10d7d451c0f5052aeff80' was completed in 0.32 seconds with the score of 897.50 (17 unrouted), using 19.50 CPU seconds and 3996 MB memory.
2026-09-12 18:08:43.479 INFO   [671444\548EEF] Auto-router pass #12 on board '51ab4b970fb10d7d451c0f5052aeff80' was completed in 0.39 seconds with the score of 897.50 (17 unrouted), using 26.18 CPU seconds and 4938 MB memory.
2026-09-12 18:08:43.861 INFO   [671444\548EEF] Auto-router pass #13 on board '51ab4b970fb10d7d451c0f5052aeff80' was completed in 0.38 seconds with the score of 897.50 (17 unrouted), using 26.18 CPU seconds and 4938 MB memory.
2026-09-12 18:08:44.220 INFO   [671444\548EEF] Auto-router pass #14 on board '51ab4b970fb10d7d451c0f5052aeff80' was completed in 0.35 seconds with the score of 897.50 (17 unrouted), using 26.18 CPU seconds and 4938 MB memory.
2026-09-12 18:08:44.571 INFO   [671444\548EEF] Auto-router pass #15 on board '51ab4b970fb10d7d451c0f5052aeff80' was completed in 0.34 seconds with the score of 897.50 (17 unrouted), using 33.85 CPU seconds and 5799 MB memory.
2026-09-12 18:08:44.857 INFO   [671444\548EEF] Auto-router pass #16 on board '51ab4b970fb10d7d451c0f5052aeff80' was completed in 0.28 seconds with the score of 897.50 (17 unrouted), using 33.85 CPU seconds and 5799 MB memory.
2026-09-12 18:08:45.122 INFO   [671444\548EEF] Auto-router pass #17 on board '51ab4b970fb10d7d451c0f5052aeff80' was completed in 0.26 seconds with the score of 897.50 (17 unrouted), using 33.85 CPU seconds and 5799 MB memory.
2026-09-12 18:08:45.434 INFO   [671444\548EEF] Auto-router pass #18 on board '51ab4b970fb10d7d451c0f5052aeff80' was completed in 0.31 seconds with the score of 897.50 (17 unrouted), using 33.85 CPU seconds and 5799 MB memory.
2026-09-12 18:08:45.759 INFO   [671444\548EEF] Auto-router pass #19 on board '51ab4b970fb10d7d451c0f5052aeff80' was completed in 0.32 seconds with the score of 897.50 (17 unrouted), using 42.51 CPU seconds and 6920 MB memory.
2026-09-12 18:08:46.092 INFO   [671444\548EEF] Auto-router pass #20 on board '51ab4b970fb10d7d451c0f5052aeff80' was completed in 0.33 seconds with the score of 897.50 (17 unrouted), using 42.51 CPU seconds and 6920 MB memory.
2026-09-12 18:08:46.402 INFO   [671444\548EEF] Auto-router pass #21 on board '51ab4b970fb10d7d451c0f5052aeff80' was completed in 0.31 seconds with the score of 897.50 (17 unrouted), using 42.51 CPU seconds and 6920 MB memory.
2026-09-12 18:08:46.727 INFO   [671444\548EEF] Auto-router pass #22 on board '51ab4b970fb10d7d451c0f5052aeff80' was completed in 0.32 seconds with the score of 897.50 (17 unrouted), using 52.16 CPU seconds and 7938 MB memory.
2026-09-12 18:08:47.073 INFO   [671444\548EEF] Auto-router pass #23 on board '51ab4b970fb10d7d451c0f5052aeff80' was completed in 0.34 seconds with the score of 897.50 (17 unrouted), using 52.16 CPU seconds and 7938 MB memory.
2026-09-12 18:08:47.485 INFO   [671444\548EEF] Auto-router pass #24 on board '51ab4b970fb10d7d451c0f5052aeff80' was completed in 0.41 seconds with the score of 897.50 (17 unrouted), using 62.80 CPU seconds and 8843 MB memory.
2026-09-12 18:08:47.861 INFO   [671444\548EEF] Auto-router pass #25 on board '51ab4b970fb10d7d451c0f5052aeff80' was completed in 0.37 seconds with the score of 897.50 (17 unrouted), using 62.80 CPU seconds and 8843 MB memory.
2026-09-12 18:08:48.228 INFO   [671444\548EEF] Auto-router pass #26 on board '51ab4b970fb10d7d451c0f5052aeff80' was completed in 0.36 seconds with the score of 897.50 (17 unrouted), using 62.80 CPU seconds and 8843 MB memory.
2026-09-12 18:08:48.597 INFO   [671444\548EEF] Auto-router pass #27 on board '51ab4b970fb10d7d451c0f5052aeff80' was completed in 0.36 seconds with the score of 897.50 (17 unrouted), using 74.44 CPU seconds and 9707 MB memory.
2026-09-12 18:08:48.975 INFO   [671444\548EEF] Auto-router pass #28 on board '51ab4b970fb10d7d451c0f5052aeff80' was completed in 0.37 seconds with the score of 897.50 (17 unrouted), using 74.44 CPU seconds and 9707 MB memory.
2026-09-12 18:08:49.308 INFO   [671444\548EEF] Auto-router pass #29 on board '51ab4b970fb10d7d451c0f5052aeff80' was completed in 0.33 seconds with the score of 897.50 (17 unrouted), using 74.44 CPU seconds and 9707 MB memory.
2026-09-12 18:08:49.660 INFO   [671444\548EEF] Auto-router pass #30 on board '51ab4b970fb10d7d451c0f5052aeff80' was completed in 0.35 seconds with the score of 897.50 (17 unrouted), using 87.08 CPU seconds and 10629 MB memory.
2026-09-12 18:08:49.980 INFO   [671444\548EEF] Auto-router pass #31 on board '51ab4b970fb10d7d451c0f5052aeff80' was completed in 0.32 seconds with the score of 897.50 (17 unrouted), using 87.08 CPU seconds and 10629 MB memory.
2026-09-12 18:08:50.251 INFO   [671444\548EEF] Auto-router pass #32 on board '51ab4b970fb10d7d451c0f5052aeff80' was completed in 0.27 seconds with the score of 897.50 (17 unrouted), using 87.08 CPU seconds and 10629 MB memory.
2026-09-12 18:08:50.579 INFO   [671444\548EEF] Auto-router pass #33 on board '51ab4b970fb10d7d451c0f5052aeff80' was completed in 0.32 seconds with the score of 897.50 (17 unrouted), using 100.71 CPU seconds and 11673 MB memory.
2026-09-12 18:08:50.907 INFO   [671444\548EEF] Auto-router pass #34 on board '51ab4b970fb10d7d451c0f5052aeff80' was completed in 0.32 seconds with the score of 897.50 (17 unrouted), using 100.71 CPU seconds and 11673 MB memory.
2026-09-12 18:08:51.231 INFO   [671444\548EEF] Auto-router pass #35 on board '51ab4b970fb10d7d451c0f5052aeff80' was completed in 0.32 seconds with the score of 897.50 (17 unrouted), using 100.71 CPU seconds and 11673 MB memory.
2026-09-12 18:08:51.561 INFO   [671444\548EEF] Auto-router pass #36 on board '51ab4b970fb10d7d451c0f5052aeff80' was completed in 0.33 seconds with the score of 897.50 (17 unrouted), using 115.33 CPU seconds and 12673 MB memory.
2026-09-12 18:08:51.893 INFO   [671444\548EEF] Auto-router pass #37 on board '51ab4b970fb10d7d451c0f5052aeff80' was completed in 0.33 seconds with the score of 897.50 (17 unrouted), using 115.33 CPU seconds and 12673 MB memory.
2026-09-12 18:08:52.234 INFO   [671444\548EEF] Auto-router pass #38 on board '51ab4b970fb10d7d451c0f5052aeff80' was completed in 0.34 seconds with the score of 897.50 (17 unrouted), using 115.33 CPU seconds and 12673 MB memory.
2026-09-12 18:08:52.603 INFO   [671444\548EEF] Auto-router pass #39 on board '51ab4b970fb10d7d451c0f5052aeff80' was completed in 0.36 seconds with the score of 897.50 (17 unrouted), using 130.95 CPU seconds and 13610 MB memory.
2026-09-12 18:08:52.987 INFO   [671444\548EEF] Auto-router pass #40 on board '51ab4b970fb10d7d451c0f5052aeff80' was completed in 0.38 seconds with the score of 897.50 (17 unrouted), using 130.95 CPU seconds and 13610 MB memory.
2026-09-12 18:08:53.317 INFO   [671444\548EEF] Auto-router pass #41 on board '51ab4b970fb10d7d451c0f5052aeff80' was completed in 0.32 seconds with the score of 897.50 (17 unrouted), using 130.95 CPU seconds and 13610 MB memory.
2026-09-12 18:08:53.668 INFO   [671444\548EEF] Auto-router pass #42 on board '51ab4b970fb10d7d451c0f5052aeff80' was completed in 0.35 seconds with the score of 897.50 (17 unrouted), using 147.56 CPU seconds and 14522 MB memory.
2026-09-12 18:08:54.030 INFO   [671444\548EEF] Auto-router pass #43 on board '51ab4b970fb10d7d451c0f5052aeff80' was completed in 0.35 seconds with the score of 897.50 (17 unrouted), using 147.56 CPU seconds and 14522 MB memory.
2026-09-12 18:08:54.411 INFO   [671444\548EEF] Auto-router pass #44 on board '51ab4b970fb10d7d451c0f5052aeff80' was completed in 0.38 seconds with the score of 897.50 (17 unrouted), using 147.56 CPU seconds and 14522 MB memory.
2026-09-12 18:08:54.762 INFO   [671444\548EEF] Auto-router pass #45 on board '51ab4b970fb10d7d451c0f5052aeff80' was completed in 0.34 seconds with the score of 897.50 (17 unrouted), using 165.16 CPU seconds and 15417 MB memory.
2026-09-12 18:08:55.101 INFO   [671444\548EEF] Auto-router pass #46 on board '51ab4b970fb10d7d451c0f5052aeff80' was completed in 0.34 seconds with the score of 897.50 (17 unrouted), using 165.16 CPU seconds and 15417 MB memory.
2026-09-12 18:08:55.437 INFO   [671444\548EEF] Auto-router pass #47 on board '51ab4b970fb10d7d451c0f5052aeff80' was completed in 0.33 seconds with the score of 897.50 (17 unrouted), using 165.16 CPU seconds and 15417 MB memory.
2026-09-12 18:08:55.803 INFO   [671444\548EEF] Auto-router pass #48 on board '51ab4b970fb10d7d451c0f5052aeff80' was completed in 0.36 seconds with the score of 897.50 (17 unrouted), using 183.76 CPU seconds and 16358 MB memory.
2026-09-12 18:08:56.147 INFO   [671444\548EEF] Auto-router pass #49 on board '51ab4b970fb10d7d451c0f5052aeff80' was completed in 0.34 seconds with the score of 897.50 (17 unrouted), using 183.76 CPU seconds and 16358 MB memory.
2026-09-12 18:08:56.472 INFO   [671444\548EEF] Auto-router pass #50 on board '51ab4b970fb10d7d451c0f5052aeff80' was completed in 0.32 seconds with the score of 897.50 (17 unrouted), using 203.35 CPU seconds and 17310 MB memory.
2026-09-12 18:08:56.798 INFO   [671444\548EEF] Auto-router pass #51 on board '51ab4b970fb10d7d451c0f5052aeff80' was completed in 0.32 seconds with the score of 897.50 (17 unrouted), using 203.35 CPU seconds and 17310 MB memory.
2026-09-12 18:08:57.192 INFO   [671444\548EEF] Auto-router pass #52 on board '51ab4b970fb10d7d451c0f5052aeff80' was completed in 0.39 seconds with the score of 897.50 (17 unrouted), using 203.35 CPU seconds and 17310 MB memory.
2026-09-12 18:08:57.546 INFO   [671444\548EEF] Auto-router pass #53 on board '51ab4b970fb10d7d451c0f5052aeff80' was completed in 0.35 seconds with the score of 897.50 (17 unrouted), using 223.94 CPU seconds and 18224 MB memory.
2026-09-12 18:08:57.893 INFO   [671444\548EEF] Auto-router pass #54 on board '51ab4b970fb10d7d451c0f5052aeff80' was completed in 0.34 seconds with the score of 897.50 (17 unrouted), using 223.94 CPU seconds and 18224 MB memory.
2026-09-12 18:08:58.241 INFO   [671444\548EEF] Auto-router pass #55 on board '51ab4b970fb10d7d451c0f5052aeff80' was completed in 0.34 seconds with the score of 897.50 (17 unrouted), using 223.94 CPU seconds and 18224 MB memory.
2026-09-12 18:08:58.620 INFO   [671444\548EEF] Auto-router pass #56 on board '51ab4b970fb10d7d451c0f5052aeff80' was completed in 0.37 seconds with the score of 897.50 (17 unrouted), using 245.52 CPU seconds and 19150 MB memory.
2026-09-12 18:08:59.015 INFO   [671444\548EEF] Auto-router pass #57 on board '51ab4b970fb10d7d451c0f5052aeff80' was completed in 0.39 seconds with the score of 897.50 (17 unrouted), using 245.52 CPU seconds and 19150 MB memory.
2026-09-12 18:08:59.390 INFO   [671444\548EEF] Auto-router pass #58 on board '51ab4b970fb10d7d451c0f5052aeff80' was completed in 0.37 seconds with the score of 897.50 (17 unrouted), using 245.52 CPU seconds and 19150 MB memory.
2026-09-12 18:08:59.749 INFO   [671444\548EEF] Auto-router pass #59 on board '51ab4b970fb10d7d451c0f5052aeff80' was completed in 0.35 seconds with the score of 897.50 (17 unrouted), using 268.09 CPU seconds and 19991 MB memory.
2026-09-12 18:09:00.132 INFO   [671444\548EEF] Auto-router pass #60 on board '51ab4b970fb10d7d451c0f5052aeff80' was completed in 0.38 seconds with the score of 897.50 (17 unrouted), using 268.09 CPU seconds and 19991 MB memory.
2026-09-12 18:09:00.491 INFO   [671444\548EEF] Auto-router pass #61 on board '51ab4b970fb10d7d451c0f5052aeff80' was completed in 0.35 seconds with the score of 897.50 (17 unrouted), using 291.66 CPU seconds and 20879 MB memory.
2026-09-12 18:09:00.831 INFO   [671444\548EEF] Auto-router pass #62 on board '51ab4b970fb10d7d451c0f5052aeff80' was completed in 0.34 seconds with the score of 897.50 (17 unrouted), using 291.66 CPU seconds and 20879 MB memory.
2026-09-12 18:09:01.162 INFO   [671444\548EEF] Auto-router pass #63 on board '51ab4b970fb10d7d451c0f5052aeff80' was completed in 0.33 seconds with the score of 897.50 (17 unrouted), using 291.66 CPU seconds and 20879 MB memory.
2026-09-12 18:09:01.537 INFO   [671444\548EEF] Auto-router pass #64 on board '51ab4b970fb10d7d451c0f5052aeff80' was completed in 0.37 seconds with the score of 897.50 (17 unrouted), using 316.23 CPU seconds and 21826 MB memory.
2026-09-12 18:09:01.882 INFO   [671444\548EEF] Auto-router pass #65 on board '51ab4b970fb10d7d451c0f5052aeff80' was completed in 0.34 seconds with the score of 897.50 (17 unrouted), using 316.23 CPU seconds and 21826 MB memory.
2026-09-12 18:09:02.280 INFO   [671444\548EEF] Auto-router pass #66 on board '51ab4b970fb10d7d451c0f5052aeff80' was completed in 0.39 seconds with the score of 897.50 (17 unrouted), using 316.23 CPU seconds and 21826 MB memory.
2026-09-12 18:09:02.642 INFO   [671444\548EEF] Auto-router pass #67 on board '51ab4b970fb10d7d451c0f5052aeff80' was completed in 0.35 seconds with the score of 897.50 (17 unrouted), using 341.78 CPU seconds and 22693 MB memory.
2026-09-12 18:09:03.032 INFO   [671444\548EEF] Auto-router pass #68 on board '51ab4b970fb10d7d451c0f5052aeff80' was completed in 0.39 seconds with the score of 897.50 (17 unrouted), using 341.78 CPU seconds and 22693 MB memory.
2026-09-12 18:09:03.377 INFO   [671444\548EEF] Auto-router pass #69 on board '51ab4b970fb10d7d451c0f5052aeff80' was completed in 0.34 seconds with the score of 897.50 (17 unrouted), using 341.78 CPU seconds and 22693 MB memory.
2026-09-12 18:09:03.737 INFO   [671444\548EEF] Auto-router pass #70 on board '51ab4b970fb10d7d451c0f5052aeff80' was completed in 0.35 seconds with the score of 897.50 (17 unrouted), using 368.34 CPU seconds and 23590 MB memory.
2026-09-12 18:09:04.076 INFO   [671444\548EEF] Auto-router pass #71 on board '51ab4b970fb10d7d451c0f5052aeff80' was completed in 0.34 seconds with the score of 897.50 (17 unrouted), using 368.34 CPU seconds and 23590 MB memory.
2026-09-12 18:09:04.344 INFO   [671444\548EEF] Auto-router pass #72 on board '51ab4b970fb10d7d451c0f5052aeff80' was completed in 0.27 seconds with the score of 897.50 (17 unrouted), using 368.34 CPU seconds and 23590 MB memory.
2026-09-12 18:09:04.598 INFO   [671444\548EEF] Auto-router pass #73 on board '51ab4b970fb10d7d451c0f5052aeff80' was completed in 0.25 seconds with the score of 897.50 (17 unrouted), using 395.88 CPU seconds and 24638 MB memory.
2026-09-12 18:09:04.856 INFO   [671444\548EEF] Auto-router pass #74 on board '51ab4b970fb10d7d451c0f5052aeff80' was completed in 0.26 seconds with the score of 897.50 (17 unrouted), using 395.88 CPU seconds and 24638 MB memory.
2026-09-12 18:09:05.101 INFO   [671444\548EEF] Auto-router pass #75 on board '51ab4b970fb10d7d451c0f5052aeff80' was completed in 0.24 seconds with the score of 897.50 (17 unrouted), using 395.88 CPU seconds and 24638 MB memory.
2026-09-12 18:09:05.360 INFO   [671444\548EEF] Auto-router pass #76 on board '51ab4b970fb10d7d451c0f5052aeff80' was completed in 0.26 seconds with the score of 897.50 (17 unrouted), using 395.88 CPU seconds and 24638 MB memory.
2026-09-12 18:09:05.612 INFO   [671444\548EEF] Auto-router pass #77 on board '51ab4b970fb10d7d451c0f5052aeff80' was completed in 0.25 seconds with the score of 897.50 (17 unrouted), using 424.42 CPU seconds and 25924 MB memory.
2026-09-12 18:09:05.861 INFO   [671444\548EEF] Auto-router pass #78 on board '51ab4b970fb10d7d451c0f5052aeff80' was completed in 0.25 seconds with the score of 897.50 (17 unrouted), using 424.42 CPU seconds and 25924 MB memory.
2026-09-12 18:09:06.111 INFO   [671444\548EEF] Auto-router pass #79 on board '51ab4b970fb10d7d451c0f5052aeff80' was completed in 0.25 seconds with the score of 897.50 (17 unrouted), using 424.42 CPU seconds and 25924 MB memory.
2026-09-12 18:09:06.373 INFO   [671444\548EEF] Auto-router pass #80 on board '51ab4b970fb10d7d451c0f5052aeff80' was completed in 0.26 seconds with the score of 897.50 (17 unrouted), using 424.42 CPU seconds and 25924 MB memory.
2026-09-12 18:09:06.612 INFO   [671444\548EEF] Auto-router pass #81 on board '51ab4b970fb10d7d451c0f5052aeff80' was completed in 0.24 seconds with the score of 897.50 (17 unrouted), using 453.95 CPU seconds and 27218 MB memory.
2026-09-12 18:09:06.855 INFO   [671444\548EEF] Auto-router pass #82 on board '51ab4b970fb10d7d451c0f5052aeff80' was completed in 0.24 seconds with the score of 897.50 (17 unrouted), using 453.95 CPU seconds and 27218 MB memory.
2026-09-12 18:09:07.098 INFO   [671444\548EEF] Auto-router pass #83 on board '51ab4b970fb10d7d451c0f5052aeff80' was completed in 0.24 seconds with the score of 897.50 (17 unrouted), using 453.95 CPU seconds and 27218 MB memory.
2026-09-12 18:09:07.361 INFO   [671444\548EEF] Auto-router pass #84 on board '51ab4b970fb10d7d451c0f5052aeff80' was completed in 0.26 seconds with the score of 897.50 (17 unrouted), using 453.95 CPU seconds and 27218 MB memory.
2026-09-12 18:09:07.606 INFO   [671444\548EEF] Auto-router pass #85 on board '51ab4b970fb10d7d451c0f5052aeff80' was completed in 0.24 seconds with the score of 897.50 (17 unrouted), using 484.47 CPU seconds and 28532 MB memory.
2026-09-12 18:09:07.853 INFO   [671444\548EEF] Auto-router pass #86 on board '51ab4b970fb10d7d451c0f5052aeff80' was completed in 0.24 seconds with the score of 897.50 (17 unrouted), using 484.47 CPU seconds and 28532 MB memory.
2026-09-12 18:09:08.100 INFO   [671444\548EEF] Auto-router pass #87 on board '51ab4b970fb10d7d451c0f5052aeff80' was completed in 0.24 seconds with the score of 897.50 (17 unrouted), using 484.47 CPU seconds and 28532 MB memory.
2026-09-12 18:09:08.362 INFO   [671444\548EEF] Auto-router pass #88 on board '51ab4b970fb10d7d451c0f5052aeff80' was completed in 0.26 seconds with the score of 897.50 (17 unrouted), using 484.47 CPU seconds and 28532 MB memory.
2026-09-12 18:09:08.599 INFO   [671444\548EEF] Auto-router pass #89 on board '51ab4b970fb10d7d451c0f5052aeff80' was completed in 0.23 seconds with the score of 897.50 (17 unrouted), using 515.98 CPU seconds and 29838 MB memory.
2026-09-12 18:09:08.843 INFO   [671444\548EEF] Auto-router pass #90 on board '51ab4b970fb10d7d451c0f5052aeff80' was completed in 0.24 seconds with the score of 897.50 (17 unrouted), using 515.98 CPU seconds and 29838 MB memory.
2026-09-12 18:09:09.082 INFO   [671444\548EEF] Auto-router pass #91 on board '51ab4b970fb10d7d451c0f5052aeff80' was completed in 0.24 seconds with the score of 897.50 (17 unrouted), using 515.98 CPU seconds and 29838 MB memory.
2026-09-12 18:09:09.343 INFO   [671444\548EEF] Auto-router pass #92 on board '51ab4b970fb10d7d451c0f5052aeff80' was completed in 0.26 seconds with the score of 897.50 (17 unrouted), using 515.98 CPU seconds and 29838 MB memory.
2026-09-12 18:09:09.589 INFO   [671444\548EEF] Auto-router pass #93 on board '51ab4b970fb10d7d451c0f5052aeff80' was completed in 0.24 seconds with the score of 897.50 (17 unrouted), using 548.49 CPU seconds and 31158 MB memory.
2026-09-12 18:09:09.838 INFO   [671444\548EEF] Auto-router pass #94 on board '51ab4b970fb10d7d451c0f5052aeff80' was completed in 0.25 seconds with the score of 897.50 (17 unrouted), using 548.49 CPU seconds and 31158 MB memory.
2026-09-12 18:09:10.076 INFO   [671444\548EEF] Auto-router pass #95 on board '51ab4b970fb10d7d451c0f5052aeff80' was completed in 0.23 seconds with the score of 897.50 (17 unrouted), using 548.49 CPU seconds and 31158 MB memory.
2026-09-12 18:09:10.335 INFO   [671444\548EEF] Auto-router pass #96 on board '51ab4b970fb10d7d451c0f5052aeff80' was completed in 0.26 seconds with the score of 897.50 (17 unrouted), using 548.49 CPU seconds and 31158 MB memory.
2026-09-12 18:09:10.581 INFO   [671444\548EEF] Auto-router pass #97 on board '51ab4b970fb10d7d451c0f5052aeff80' was completed in 0.24 seconds with the score of 897.50 (17 unrouted), using 581.99 CPU seconds and 32469 MB memory.
2026-09-12 18:09:10.821 INFO   [671444\548EEF] Auto-router pass #98 on board '51ab4b970fb10d7d451c0f5052aeff80' was completed in 0.24 seconds with the score of 897.50 (17 unrouted), using 581.99 CPU seconds and 32469 MB memory.
2026-09-12 18:09:11.063 INFO   [671444\548EEF] Auto-router pass #99 on board '51ab4b970fb10d7d451c0f5052aeff80' was completed in 0.24 seconds with the score of 897.50 (17 unrouted), using 581.99 CPU seconds and 32469 MB memory.
2026-09-12 18:09:11.326 INFO   [671444\548EEF] Auto-router pass #100 on board '51ab4b970fb10d7d451c0f5052aeff80' was completed in 0.26 seconds with the score of 897.50 (17 unrouted), using 581.99 CPU seconds and 32469 MB memory.
2026-09-12 18:09:11.571 INFO   [671444\548EEF] Auto-router pass #101 on board '51ab4b970fb10d7d451c0f5052aeff80' was completed in 0.24 seconds with the score of 897.50 (17 unrouted), using 616.48 CPU seconds and 33788 MB memory.
2026-09-12 18:09:11.808 INFO   [671444\548EEF] Auto-router pass #102 on board '51ab4b970fb10d7d451c0f5052aeff80' was completed in 0.23 seconds with the score of 897.50 (17 unrouted), using 616.48 CPU seconds and 33788 MB memory.
2026-09-12 18:09:12.047 INFO   [671444\548EEF] Auto-router pass #103 on board '51ab4b970fb10d7d451c0f5052aeff80' was completed in 0.24 seconds with the score of 897.50 (17 unrouted), using 616.48 CPU seconds and 33788 MB memory.
2026-09-12 18:09:12.304 INFO   [671444\548EEF] Auto-router pass #104 on board '51ab4b970fb10d7d451c0f5052aeff80' was completed in 0.25 seconds with the score of 897.50 (17 unrouted), using 616.48 CPU seconds and 33788 MB memory.
2026-09-12 18:09:12.548 INFO   [671444\548EEF] Auto-router pass #105 on board '51ab4b970fb10d7d451c0f5052aeff80' was completed in 0.24 seconds with the score of 897.50 (17 unrouted), using 651.97 CPU seconds and 35123 MB memory.
2026-09-12 18:09:12.790 INFO   [671444\548EEF] Auto-router pass #106 on board '51ab4b970fb10d7d451c0f5052aeff80' was completed in 0.24 seconds with the score of 897.50 (17 unrouted), using 651.97 CPU seconds and 35123 MB memory.
2026-09-12 18:09:13.034 INFO   [671444\548EEF] Auto-router pass #107 on board '51ab4b970fb10d7d451c0f5052aeff80' was completed in 0.24 seconds with the score of 897.50 (17 unrouted), using 651.97 CPU seconds and 35123 MB memory.
2026-09-12 18:09:13.295 INFO   [671444\548EEF] Auto-router pass #108 on board '51ab4b970fb10d7d451c0f5052aeff80' was completed in 0.26 seconds with the score of 897.50 (17 unrouted), using 651.97 CPU seconds and 35123 MB memory.
2026-09-12 18:09:13.532 INFO   [671444\548EEF] Auto-router pass #109 on board '51ab4b970fb10d7d451c0f5052aeff80' was completed in 0.23 seconds with the score of 897.50 (17 unrouted), using 688.45 CPU seconds and 36445 MB memory.
2026-09-12 18:09:13.766 INFO   [671444\548EEF] Auto-router pass #110 on board '51ab4b970fb10d7d451c0f5052aeff80' was completed in 0.23 seconds with the score of 897.50 (17 unrouted), using 688.45 CPU seconds and 36445 MB memory.
2026-09-12 18:09:14.012 INFO   [671444\548EEF] Auto-router pass #111 on board '51ab4b970fb10d7d451c0f5052aeff80' was completed in 0.24 seconds with the score of 897.50 (17 unrouted), using 688.45 CPU seconds and 36445 MB memory.
2026-09-12 18:09:14.275 INFO   [671444\548EEF] Auto-router pass #112 on board '51ab4b970fb10d7d451c0f5052aeff80' was completed in 0.26 seconds with the score of 897.50 (17 unrouted), using 688.45 CPU seconds and 36445 MB memory.
2026-09-12 18:09:14.515 INFO   [671444\548EEF] Auto-router pass #113 on board '51ab4b970fb10d7d451c0f5052aeff80' was completed in 0.24 seconds with the score of 897.50 (17 unrouted), using 725.92 CPU seconds and 37768 MB memory.
2026-09-12 18:09:14.757 INFO   [671444\548EEF] Auto-router pass #114 on board '51ab4b970fb10d7d451c0f5052aeff80' was completed in 0.24 seconds with the score of 897.50 (17 unrouted), using 725.92 CPU seconds and 37768 MB memory.
2026-09-12 18:09:15.002 INFO   [671444\548EEF] Auto-router pass #115 on board '51ab4b970fb10d7d451c0f5052aeff80' was completed in 0.24 seconds with the score of 897.50 (17 unrouted), using 725.92 CPU seconds and 37768 MB memory.
2026-09-12 18:09:15.263 INFO   [671444\548EEF] Auto-router pass #116 on board '51ab4b970fb10d7d451c0f5052aeff80' was completed in 0.26 seconds with the score of 897.50 (17 unrouted), using 725.92 CPU seconds and 37768 MB memory.
2026-09-12 18:09:15.509 INFO   [671444\548EEF] Auto-router pass #117 on board '51ab4b970fb10d7d451c0f5052aeff80' was completed in 0.24 seconds with the score of 897.50 (17 unrouted), using 764.38 CPU seconds and 39082 MB memory.
2026-09-12 18:09:15.754 INFO   [671444\548EEF] Auto-router pass #118 on board '51ab4b970fb10d7d451c0f5052aeff80' was completed in 0.24 seconds with the score of 897.50 (17 unrouted), using 764.38 CPU seconds and 39082 MB memory.
2026-09-12 18:09:15.997 INFO   [671444\548EEF] Auto-router pass #119 on board '51ab4b970fb10d7d451c0f5052aeff80' was completed in 0.24 seconds with the score of 897.50 (17 unrouted), using 764.38 CPU seconds and 39082 MB memory.
2026-09-12 18:09:16.261 INFO   [671444\548EEF] Auto-router pass #120 on board '51ab4b970fb10d7d451c0f5052aeff80' was completed in 0.26 seconds with the score of 897.50 (17 unrouted), using 764.38 CPU seconds and 39082 MB memory.
2026-09-12 18:09:16.505 INFO   [671444\548EEF] Auto-router pass #121 on board '51ab4b970fb10d7d451c0f5052aeff80' was completed in 0.24 seconds with the score of 897.50 (17 unrouted), using 803.84 CPU seconds and 40389 MB memory.
2026-09-12 18:09:16.746 INFO   [671444\548EEF] Auto-router pass #122 on board '51ab4b970fb10d7d451c0f5052aeff80' was completed in 0.24 seconds with the score of 897.50 (17 unrouted), using 803.84 CPU seconds and 40389 MB memory.
2026-09-12 18:09:16.993 INFO   [671444\548EEF] Auto-router pass #123 on board '51ab4b970fb10d7d451c0f5052aeff80' was completed in 0.24 seconds with the score of 897.50 (17 unrouted), using 803.84 CPU seconds and 40389 MB memory.
2026-09-12 18:09:17.251 INFO   [671444\548EEF] Auto-router pass #124 on board '51ab4b970fb10d7d451c0f5052aeff80' was completed in 0.26 seconds with the score of 897.50 (17 unrouted), using 803.84 CPU seconds and 40389 MB memory.
2026-09-12 18:09:17.499 INFO   [671444\548EEF] Auto-router pass #125 on board '51ab4b970fb10d7d451c0f5052aeff80' was completed in 0.24 seconds with the score of 897.50 (17 unrouted), using 844.29 CPU seconds and 41703 MB memory.
2026-09-12 18:09:17.745 INFO   [671444\548EEF] Auto-router pass #126 on board '51ab4b970fb10d7d451c0f5052aeff80' was completed in 0.24 seconds with the score of 897.50 (17 unrouted), using 844.29 CPU seconds and 41703 MB memory.
2026-09-12 18:09:17.987 INFO   [671444\548EEF] Auto-router pass #127 on board '51ab4b970fb10d7d451c0f5052aeff80' was completed in 0.24 seconds with the score of 897.50 (17 unrouted), using 844.29 CPU seconds and 41703 MB memory.
2026-09-12 18:09:18.287 INFO   [671444\548EEF] Auto-router pass #128 on board '51ab4b970fb10d7d451c0f5052aeff80' was completed in 0.30 seconds with the score of 897.50 (17 unrouted), using 844.29 CPU seconds and 41703 MB memory.
2026-09-12 18:09:18.531 INFO   [671444\548EEF] Auto-router pass #129 on board '51ab4b970fb10d7d451c0f5052aeff80' was completed in 0.24 seconds with the score of 897.50 (17 unrouted), using 885.73 CPU seconds and 42957 MB memory.
2026-09-12 18:09:18.771 INFO   [671444\548EEF] Auto-router pass #130 on board '51ab4b970fb10d7d451c0f5052aeff80' was completed in 0.24 seconds with the score of 897.50 (17 unrouted), using 885.73 CPU seconds and 42957 MB memory.
2026-09-12 18:09:19.018 INFO   [671444\548EEF] Auto-router pass #131 on board '51ab4b970fb10d7d451c0f5052aeff80' was completed in 0.24 seconds with the score of 897.50 (17 unrouted), using 885.73 CPU seconds and 42957 MB memory.
2026-09-12 18:09:19.272 INFO   [671444\548EEF] Auto-router pass #132 on board '51ab4b970fb10d7d451c0f5052aeff80' was completed in 0.25 seconds with the score of 897.50 (17 unrouted), using 885.73 CPU seconds and 42957 MB memory.
2026-09-12 18:09:19.513 INFO   [671444\548EEF] Auto-router pass #133 on board '51ab4b970fb10d7d451c0f5052aeff80' was completed in 0.24 seconds with the score of 897.50 (17 unrouted), using 928.16 CPU seconds and 44289 MB memory.
2026-09-12 18:09:19.757 INFO   [671444\548EEF] Auto-router pass #134 on board '51ab4b970fb10d7d451c0f5052aeff80' was completed in 0.24 seconds with the score of 897.50 (17 unrouted), using 928.16 CPU seconds and 44289 MB memory.
2026-09-12 18:09:20.001 INFO   [671444\548EEF] Auto-router pass #135 on board '51ab4b970fb10d7d451c0f5052aeff80' was completed in 0.24 seconds with the score of 897.50 (17 unrouted), using 928.16 CPU seconds and 44289 MB memory.
2026-09-12 18:09:20.258 INFO   [671444\548EEF] Auto-router pass #136 on board '51ab4b970fb10d7d451c0f5052aeff80' was completed in 0.25 seconds with the score of 897.50 (17 unrouted), using 928.16 CPU seconds and 44289 MB memory.
2026-09-12 18:09:20.506 INFO   [671444\548EEF] Auto-router pass #137 on board '51ab4b970fb10d7d451c0f5052aeff80' was completed in 0.24 seconds with the score of 897.50 (17 unrouted), using 971.58 CPU seconds and 45604 MB memory.
2026-09-12 18:09:20.743 INFO   [671444\548EEF] Auto-router pass #138 on board '51ab4b970fb10d7d451c0f5052aeff80' was completed in 0.23 seconds with the score of 897.50 (17 unrouted), using 971.58 CPU seconds and 45604 MB memory.
2026-09-12 18:09:20.978 INFO   [671444\548EEF] Auto-router pass #139 on board '51ab4b970fb10d7d451c0f5052aeff80' was completed in 0.23 seconds with the score of 897.50 (17 unrouted), using 971.58 CPU seconds and 45604 MB memory.
2026-09-12 18:09:21.238 INFO   [671444\548EEF] Auto-router pass #140 on board '51ab4b970fb10d7d451c0f5052aeff80' was completed in 0.26 seconds with the score of 897.50 (17 unrouted), using 971.58 CPU seconds and 45604 MB memory.
2026-09-12 18:09:21.481 INFO   [671444\548EEF] Auto-router pass #141 on board '51ab4b970fb10d7d451c0f5052aeff80' was completed in 0.24 seconds with the score of 897.50 (17 unrouted), using 1016.00 CPU seconds and 46935 MB memory.
2026-09-12 18:09:21.725 INFO   [671444\548EEF] Auto-router pass #142 on board '51ab4b970fb10d7d451c0f5052aeff80' was completed in 0.24 seconds with the score of 897.50 (17 unrouted), using 1016.00 CPU seconds and 46935 MB memory.
2026-09-12 18:09:21.973 INFO   [671444\548EEF] Auto-router pass #143 on board '51ab4b970fb10d7d451c0f5052aeff80' was completed in 0.24 seconds with the score of 897.50 (17 unrouted), using 1016.00 CPU seconds and 46935 MB memory.
2026-09-12 18:09:22.234 INFO   [671444\548EEF] Auto-router pass #144 on board '51ab4b970fb10d7d451c0f5052aeff80' was completed in 0.26 seconds with the score of 897.50 (17 unrouted), using 1016.00 CPU seconds and 46935 MB memory.
2026-09-12 18:09:22.476 INFO   [671444\548EEF] Auto-router pass #145 on board '51ab4b970fb10d7d451c0f5052aeff80' was completed in 0.24 seconds with the score of 897.50 (17 unrouted), using 1061.41 CPU seconds and 48246 MB memory.
2026-09-12 18:09:22.717 INFO   [671444\548EEF] Auto-router pass #146 on board '51ab4b970fb10d7d451c0f5052aeff80' was completed in 0.24 seconds with the score of 897.50 (17 unrouted), using 1061.41 CPU seconds and 48246 MB memory.
2026-09-12 18:09:22.957 INFO   [671444\548EEF] Auto-router pass #147 on board '51ab4b970fb10d7d451c0f5052aeff80' was completed in 0.24 seconds with the score of 897.50 (17 unrouted), using 1061.41 CPU seconds and 48246 MB memory.
2026-09-12 18:09:23.211 INFO   [671444\548EEF] Auto-router pass #148 on board '51ab4b970fb10d7d451c0f5052aeff80' was completed in 0.25 seconds with the score of 897.50 (17 unrouted), using 1061.41 CPU seconds and 48246 MB memory.
2026-09-12 18:09:23.454 INFO   [671444\548EEF] Auto-router pass #149 on board '51ab4b970fb10d7d451c0f5052aeff80' was completed in 0.24 seconds with the score of 897.50 (17 unrouted), using 1061.41 CPU seconds and 48246 MB memory.
2026-09-12 18:09:23.689 INFO   [671444\548EEF] Auto-router pass #150 on board '51ab4b970fb10d7d451c0f5052aeff80' was completed in 0.23 seconds with the score of 897.50 (17 unrouted), using 1107.81 CPU seconds and 49574 MB memory.
2026-09-12 18:09:23.932 INFO   [671444\548EEF] Auto-router pass #151 on board '51ab4b970fb10d7d451c0f5052aeff80' was completed in 0.24 seconds with the score of 897.50 (17 unrouted), using 1107.81 CPU seconds and 49574 MB memory.
2026-09-12 18:09:24.192 INFO   [671444\548EEF] Auto-router pass #152 on board '51ab4b970fb10d7d451c0f5052aeff80' was completed in 0.26 seconds with the score of 897.50 (17 unrouted), using 1107.81 CPU seconds and 49574 MB memory.
2026-09-12 18:09:24.444 INFO   [671444\548EEF] Auto-router pass #153 on board '51ab4b970fb10d7d451c0f5052aeff80' was completed in 0.25 seconds with the score of 897.50 (17 unrouted), using 1107.81 CPU seconds and 49574 MB memory.
2026-09-12 18:09:24.685 INFO   [671444\548EEF] Auto-router pass #154 on board '51ab4b970fb10d7d451c0f5052aeff80' was completed in 0.24 seconds with the score of 897.50 (17 unrouted), using 1155.19 CPU seconds and 50892 MB memory.
2026-09-12 18:09:24.928 INFO   [671444\548EEF] Auto-router pass #155 on board '51ab4b970fb10d7d451c0f5052aeff80' was completed in 0.24 seconds with the score of 897.50 (17 unrouted), using 1155.19 CPU seconds and 50892 MB memory.
2026-09-12 18:09:25.187 INFO   [671444\548EEF] Auto-router pass #156 on board '51ab4b970fb10d7d451c0f5052aeff80' was completed in 0.26 seconds with the score of 897.50 (17 unrouted), using 1155.19 CPU seconds and 50892 MB memory.
2026-09-12 18:09:25.432 INFO   [671444\548EEF] Auto-router pass #157 on board '51ab4b970fb10d7d451c0f5052aeff80' was completed in 0.24 seconds with the score of 897.50 (17 unrouted), using 1155.19 CPU seconds and 50892 MB memory.
2026-09-12 18:09:25.677 INFO   [671444\548EEF] Auto-router pass #158 on board '51ab4b970fb10d7d451c0f5052aeff80' was completed in 0.24 seconds with the score of 897.50 (17 unrouted), using 1203.57 CPU seconds and 52209 MB memory.
2026-09-12 18:09:25.922 INFO   [671444\548EEF] Auto-router pass #159 on board '51ab4b970fb10d7d451c0f5052aeff80' was completed in 0.24 seconds with the score of 897.50 (17 unrouted), using 1203.57 CPU seconds and 52209 MB memory.
2026-09-12 18:09:26.178 INFO   [671444\548EEF] Auto-router pass #160 on board '51ab4b970fb10d7d451c0f5052aeff80' was completed in 0.25 seconds with the score of 897.50 (17 unrouted), using 1203.57 CPU seconds and 52209 MB memory.
2026-09-12 18:09:26.421 INFO   [671444\548EEF] Auto-router pass #161 on board '51ab4b970fb10d7d451c0f5052aeff80' was completed in 0.24 seconds with the score of 897.50 (17 unrouted), using 1203.57 CPU seconds and 52209 MB memory.
2026-09-12 18:09:26.664 INFO   [671444\548EEF] Auto-router pass #162 on board '51ab4b970fb10d7d451c0f5052aeff80' was completed in 0.24 seconds with the score of 897.50 (17 unrouted), using 1252.93 CPU seconds and 53523 MB memory.
2026-09-12 18:09:26.911 INFO   [671444\548EEF] Auto-router pass #163 on board '51ab4b970fb10d7d451c0f5052aeff80' was completed in 0.24 seconds with the score of 897.50 (17 unrouted), using 1252.93 CPU seconds and 53523 MB memory.
2026-09-12 18:09:27.173 INFO   [671444\548EEF] Auto-router pass #164 on board '51ab4b970fb10d7d451c0f5052aeff80' was completed in 0.26 seconds with the score of 897.50 (17 unrouted), using 1252.93 CPU seconds and 53523 MB memory.
2026-09-12 18:09:27.417 INFO   [671444\548EEF] Auto-router pass #165 on board '51ab4b970fb10d7d451c0f5052aeff80' was completed in 0.24 seconds with the score of 897.50 (17 unrouted), using 1252.93 CPU seconds and 53523 MB memory.
2026-09-12 18:09:27.656 INFO   [671444\548EEF] Auto-router pass #166 on board '51ab4b970fb10d7d451c0f5052aeff80' was completed in 0.24 seconds with the score of 897.50 (17 unrouted), using 1303.29 CPU seconds and 54835 MB memory.
2026-09-12 18:09:27.891 INFO   [671444\548EEF] Auto-router pass #167 on board '51ab4b970fb10d7d451c0f5052aeff80' was completed in 0.23 seconds with the score of 897.50 (17 unrouted), using 1303.29 CPU seconds and 54835 MB memory.
2026-09-12 18:09:28.141 INFO   [671444\548EEF] Auto-router pass #168 on board '51ab4b970fb10d7d451c0f5052aeff80' was completed in 0.25 seconds with the score of 897.50 (17 unrouted), using 1303.29 CPU seconds and 54835 MB memory.
2026-09-12 18:09:28.381 INFO   [671444\548EEF] Auto-router pass #169 on board '51ab4b970fb10d7d451c0f5052aeff80' was completed in 0.24 seconds with the score of 897.50 (17 unrouted), using 1303.29 CPU seconds and 54835 MB memory.
2026-09-12 18:09:28.624 INFO   [671444\548EEF] Auto-router pass #170 on board '51ab4b970fb10d7d451c0f5052aeff80' was completed in 0.24 seconds with the score of 897.50 (17 unrouted), using 1354.65 CPU seconds and 56187 MB memory.
2026-09-12 18:09:28.868 INFO   [671444\548EEF] Auto-router pass #171 on board '51ab4b970fb10d7d451c0f5052aeff80' was completed in 0.24 seconds with the score of 897.50 (17 unrouted), using 1354.65 CPU seconds and 56187 MB memory.
2026-09-12 18:09:29.131 INFO   [671444\548EEF] Auto-router pass #172 on board '51ab4b970fb10d7d451c0f5052aeff80' was completed in 0.26 seconds with the score of 897.50 (17 unrouted), using 1354.65 CPU seconds and 56187 MB memory.
2026-09-12 18:09:29.373 INFO   [671444\548EEF] Auto-router pass #173 on board '51ab4b970fb10d7d451c0f5052aeff80' was completed in 0.24 seconds with the score of 897.50 (17 unrouted), using 1354.65 CPU seconds and 56187 MB memory.
2026-09-12 18:09:29.608 INFO   [671444\548EEF] Auto-router pass #174 on board '51ab4b970fb10d7d451c0f5052aeff80' was completed in 0.23 seconds with the score of 897.50 (17 unrouted), using 1406.99 CPU seconds and 57503 MB memory.
2026-09-12 18:09:29.845 INFO   [671444\548EEF] Auto-router pass #175 on board '51ab4b970fb10d7d451c0f5052aeff80' was completed in 0.23 seconds with the score of 897.50 (17 unrouted), using 1406.99 CPU seconds and 57503 MB memory.
2026-09-12 18:09:30.095 INFO   [671444\548EEF] Auto-router pass #176 on board '51ab4b970fb10d7d451c0f5052aeff80' was completed in 0.25 seconds with the score of 897.50 (17 unrouted), using 1406.99 CPU seconds and 57503 MB memory.
2026-09-12 18:09:30.331 INFO   [671444\548EEF] Auto-router pass #177 on board '51ab4b970fb10d7d451c0f5052aeff80' was completed in 0.23 seconds with the score of 897.50 (17 unrouted), using 1406.99 CPU seconds and 57503 MB memory.
2026-09-12 18:09:30.571 INFO   [671444\548EEF] Auto-router pass #178 on board '51ab4b970fb10d7d451c0f5052aeff80' was completed in 0.24 seconds with the score of 897.50 (17 unrouted), using 1460.33 CPU seconds and 58862 MB memory.
2026-09-12 18:09:30.806 INFO   [671444\548EEF] Auto-router pass #179 on board '51ab4b970fb10d7d451c0f5052aeff80' was completed in 0.23 seconds with the score of 897.50 (17 unrouted), using 1460.33 CPU seconds and 58862 MB memory.
2026-09-12 18:09:31.061 INFO   [671444\548EEF] Auto-router pass #180 on board '51ab4b970fb10d7d451c0f5052aeff80' was completed in 0.25 seconds with the score of 897.50 (17 unrouted), using 1460.33 CPU seconds and 58862 MB memory.
2026-09-12 18:09:31.295 INFO   [671444\548EEF] Auto-router pass #181 on board '51ab4b970fb10d7d451c0f5052aeff80' was completed in 0.23 seconds with the score of 897.50 (17 unrouted), using 1460.33 CPU seconds and 58862 MB memory.
2026-09-12 18:09:31.522 INFO   [671444\548EEF] Auto-router pass #182 on board '51ab4b970fb10d7d451c0f5052aeff80' was completed in 0.22 seconds with the score of 897.50 (17 unrouted), using 1514.66 CPU seconds and 60221 MB memory.
2026-09-12 18:09:31.751 INFO   [671444\548EEF] Auto-router pass #183 on board '51ab4b970fb10d7d451c0f5052aeff80' was completed in 0.23 seconds with the score of 897.50 (17 unrouted), using 1514.66 CPU seconds and 60221 MB memory.
2026-09-12 18:09:31.994 INFO   [671444\548EEF] Auto-router pass #184 on board '51ab4b970fb10d7d451c0f5052aeff80' was completed in 0.24 seconds with the score of 897.50 (17 unrouted), using 1514.66 CPU seconds and 60221 MB memory.
2026-09-12 18:09:32.222 INFO   [671444\548EEF] Auto-router pass #185 on board '51ab4b970fb10d7d451c0f5052aeff80' was completed in 0.22 seconds with the score of 897.50 (17 unrouted), using 1514.66 CPU seconds and 60221 MB memory.
2026-09-12 18:09:32.450 INFO   [671444\548EEF] Auto-router pass #186 on board '51ab4b970fb10d7d451c0f5052aeff80' was completed in 0.23 seconds with the score of 897.50 (17 unrouted), using 1514.66 CPU seconds and 60221 MB memory.
2026-09-12 18:09:32.680 INFO   [671444\548EEF] Auto-router pass #187 on board '51ab4b970fb10d7d451c0f5052aeff80' was completed in 0.23 seconds with the score of 897.50 (17 unrouted), using 1569.98 CPU seconds and 61626 MB memory.
2026-09-12 18:09:32.931 INFO   [671444\548EEF] Auto-router pass #188 on board '51ab4b970fb10d7d451c0f5052aeff80' was completed in 0.25 seconds with the score of 897.50 (17 unrouted), using 1569.98 CPU seconds and 61626 MB memory.
2026-09-12 18:09:33.165 INFO   [671444\548EEF] Auto-router pass #189 on board '51ab4b970fb10d7d451c0f5052aeff80' was completed in 0.23 seconds with the score of 897.50 (17 unrouted), using 1569.98 CPU seconds and 61626 MB memory.
2026-09-12 18:09:33.402 INFO   [671444\548EEF] Auto-router pass #190 on board '51ab4b970fb10d7d451c0f5052aeff80' was completed in 0.23 seconds with the score of 897.50 (17 unrouted), using 1569.98 CPU seconds and 61626 MB memory.
2026-09-12 18:09:33.636 INFO   [671444\548EEF] Auto-router pass #191 on board '51ab4b970fb10d7d451c0f5052aeff80' was completed in 0.23 seconds with the score of 897.50 (17 unrouted), using 1626.29 CPU seconds and 62998 MB memory.
2026-09-12 18:09:33.887 INFO   [671444\548EEF] Auto-router pass #192 on board '51ab4b970fb10d7d451c0f5052aeff80' was completed in 0.25 seconds with the score of 897.50 (17 unrouted), using 1626.29 CPU seconds and 62998 MB memory.
2026-09-12 18:09:34.124 INFO   [671444\548EEF] Auto-router pass #193 on board '51ab4b970fb10d7d451c0f5052aeff80' was completed in 0.23 seconds with the score of 897.50 (17 unrouted), using 1626.29 CPU seconds and 62998 MB memory.
2026-09-12 18:09:34.352 INFO   [671444\548EEF] Auto-router pass #194 on board '51ab4b970fb10d7d451c0f5052aeff80' was completed in 0.23 seconds with the score of 897.50 (17 unrouted), using 1626.29 CPU seconds and 62998 MB memory.
2026-09-12 18:09:34.588 INFO   [671444\548EEF] Auto-router pass #195 on board '51ab4b970fb10d7d451c0f5052aeff80' was completed in 0.23 seconds with the score of 897.50 (17 unrouted), using 1683.60 CPU seconds and 64362 MB memory.
2026-09-12 18:09:34.833 INFO   [671444\548EEF] Auto-router pass #196 on board '51ab4b970fb10d7d451c0f5052aeff80' was completed in 0.24 seconds with the score of 897.50 (17 unrouted), using 1683.60 CPU seconds and 64362 MB memory.
2026-09-12 18:09:35.062 INFO   [671444\548EEF] Auto-router pass #197 on board '51ab4b970fb10d7d451c0f5052aeff80' was completed in 0.23 seconds with the score of 897.50 (17 unrouted), using 1683.60 CPU seconds and 64362 MB memory.
2026-09-12 18:09:35.292 INFO   [671444\548EEF] Auto-router pass #198 on board '51ab4b970fb10d7d451c0f5052aeff80' was completed in 0.23 seconds with the score of 897.50 (17 unrouted), using 1683.60 CPU seconds and 64362 MB memory.
2026-09-12 18:09:35.532 INFO   [671444\548EEF] Auto-router pass #199 on board '51ab4b970fb10d7d451c0f5052aeff80' was completed in 0.24 seconds with the score of 897.50 (17 unrouted), using 1741.89 CPU seconds and 65745 MB memory.
2026-09-12 18:09:35.785 INFO   [671444\548EEF] Auto-router pass #200 on board '51ab4b970fb10d7d451c0f5052aeff80' was completed in 0.25 seconds with the score of 897.50 (17 unrouted), using 1741.89 CPU seconds and 65745 MB memory.
2026-09-12 18:09:36.021 INFO   [671444\548EEF] Auto-router pass #201 on board '51ab4b970fb10d7d451c0f5052aeff80' was completed in 0.23 seconds with the score of 897.50 (17 unrouted), using 1741.89 CPU seconds and 65745 MB memory.
2026-09-12 18:09:36.259 INFO   [671444\548EEF] Auto-router pass #202 on board '51ab4b970fb10d7d451c0f5052aeff80' was completed in 0.23 seconds with the score of 897.50 (17 unrouted), using 1741.89 CPU seconds and 65745 MB memory.
2026-09-12 18:09:36.495 INFO   [671444\548EEF] Auto-router pass #203 on board '51ab4b970fb10d7d451c0f5052aeff80' was completed in 0.23 seconds with the score of 897.50 (17 unrouted), using 1801.17 CPU seconds and 67098 MB memory.
2026-09-12 18:09:36.744 INFO   [671444\548EEF] Auto-router pass #204 on board '51ab4b970fb10d7d451c0f5052aeff80' was completed in 0.25 seconds with the score of 897.50 (17 unrouted), using 1801.17 CPU seconds and 67098 MB memory.
2026-09-12 18:09:36.980 INFO   [671444\548EEF] Auto-router pass #205 on board '51ab4b970fb10d7d451c0f5052aeff80' was completed in 0.23 seconds with the score of 897.50 (17 unrouted), using 1801.17 CPU seconds and 67098 MB memory.
2026-09-12 18:09:37.212 INFO   [671444\548EEF] Auto-router pass #206 on board '51ab4b970fb10d7d451c0f5052aeff80' was completed in 0.23 seconds with the score of 897.50 (17 unrouted), using 1801.17 CPU seconds and 67098 MB memory.
2026-09-12 18:09:37.500 INFO   [671444\548EEF] Auto-router pass #207 on board '51ab4b970fb10d7d451c0f5052aeff80' was completed in 0.28 seconds with the score of 897.50 (17 unrouted), using 1861.45 CPU seconds and 68393 MB memory.
2026-09-12 18:09:37.752 INFO   [671444\548EEF] Auto-router pass #208 on board '51ab4b970fb10d7d451c0f5052aeff80' was completed in 0.25 seconds with the score of 897.50 (17 unrouted), using 1861.45 CPU seconds and 68393 MB memory.
2026-09-12 18:09:37.989 INFO   [671444\548EEF] Auto-router pass #209 on board '51ab4b970fb10d7d451c0f5052aeff80' was completed in 0.23 seconds with the score of 897.50 (17 unrouted), using 1861.45 CPU seconds and 68393 MB memory.
2026-09-12 18:09:38.217 INFO   [671444\548EEF] Auto-router pass #210 on board '51ab4b970fb10d7d451c0f5052aeff80' was completed in 0.23 seconds with the score of 897.50 (17 unrouted), using 1861.45 CPU seconds and 68393 MB memory.
2026-09-12 18:09:38.442 INFO   [671444\548EEF] Auto-router pass #211 on board '51ab4b970fb10d7d451c0f5052aeff80' was completed in 0.22 seconds with the score of 897.50 (17 unrouted), using 1861.45 CPU seconds and 68393 MB memory.
2026-09-12 18:09:38.687 INFO   [671444\548EEF] Auto-router pass #212 on board '51ab4b970fb10d7d451c0f5052aeff80' was completed in 0.24 seconds with the score of 897.50 (17 unrouted), using 1922.71 CPU seconds and 69775 MB memory.
2026-09-12 18:09:38.928 INFO   [671444\548EEF] Auto-router pass #213 on board '51ab4b970fb10d7d451c0f5052aeff80' was completed in 0.24 seconds with the score of 897.50 (17 unrouted), using 1922.71 CPU seconds and 69775 MB memory.
2026-09-12 18:09:39.165 INFO   [671444\548EEF] Auto-router pass #214 on board '51ab4b970fb10d7d451c0f5052aeff80' was completed in 0.23 seconds with the score of 897.50 (17 unrouted), using 1922.71 CPU seconds and 69775 MB memory.
2026-09-12 18:09:39.396 INFO   [671444\548EEF] Auto-router pass #215 on board '51ab4b970fb10d7d451c0f5052aeff80' was completed in 0.23 seconds with the score of 897.50 (17 unrouted), using 1922.71 CPU seconds and 69775 MB memory.
2026-09-12 18:09:39.644 INFO   [671444\548EEF] Auto-router pass #216 on board '51ab4b970fb10d7d451c0f5052aeff80' was completed in 0.24 seconds with the score of 897.50 (17 unrouted), using 1984.97 CPU seconds and 71144 MB memory.
2026-09-12 18:09:39.881 INFO   [671444\548EEF] Auto-router pass #217 on board '51ab4b970fb10d7d451c0f5052aeff80' was completed in 0.23 seconds with the score of 897.50 (17 unrouted), using 1984.97 CPU seconds and 71144 MB memory.
2026-09-12 18:09:40.117 INFO   [671444\548EEF] Auto-router pass #218 on board '51ab4b970fb10d7d451c0f5052aeff80' was completed in 0.23 seconds with the score of 897.50 (17 unrouted), using 1984.97 CPU seconds and 71144 MB memory.
2026-09-12 18:09:40.353 INFO   [671444\548EEF] Auto-router pass #219 on board '51ab4b970fb10d7d451c0f5052aeff80' was completed in 0.23 seconds with the score of 897.50 (17 unrouted), using 1984.97 CPU seconds and 71144 MB memory.
2026-09-12 18:09:40.601 INFO   [671444\548EEF] Auto-router pass #220 on board '51ab4b970fb10d7d451c0f5052aeff80' was completed in 0.24 seconds with the score of 897.50 (17 unrouted), using 2048.22 CPU seconds and 72505 MB memory.
2026-09-12 18:09:40.837 INFO   [671444\548EEF] Auto-router pass #221 on board '51ab4b970fb10d7d451c0f5052aeff80' was completed in 0.23 seconds with the score of 897.50 (17 unrouted), using 2048.22 CPU seconds and 72505 MB memory.
2026-09-12 18:09:41.074 INFO   [671444\548EEF] Auto-router pass #222 on board '51ab4b970fb10d7d451c0f5052aeff80' was completed in 0.23 seconds with the score of 897.50 (17 unrouted), using 2048.22 CPU seconds and 72505 MB memory.
2026-09-12 18:09:41.308 INFO   [671444\548EEF] Auto-router pass #223 on board '51ab4b970fb10d7d451c0f5052aeff80' was completed in 0.23 seconds with the score of 897.50 (17 unrouted), using 2048.22 CPU seconds and 72505 MB memory.
2026-09-12 18:09:41.558 INFO   [671444\548EEF] Auto-router pass #224 on board '51ab4b970fb10d7d451c0f5052aeff80' was completed in 0.25 seconds with the score of 897.50 (17 unrouted), using 2112.46 CPU seconds and 73870 MB memory.
2026-09-12 18:09:41.793 INFO   [671444\548EEF] Auto-router pass #225 on board '51ab4b970fb10d7d451c0f5052aeff80' was completed in 0.23 seconds with the score of 897.50 (17 unrouted), using 2112.46 CPU seconds and 73870 MB memory.
2026-09-12 18:09:42.029 INFO   [671444\548EEF] Auto-router pass #226 on board '51ab4b970fb10d7d451c0f5052aeff80' was completed in 0.23 seconds with the score of 897.50 (17 unrouted), using 2112.46 CPU seconds and 73870 MB memory.
2026-09-12 18:09:42.260 INFO   [671444\548EEF] Auto-router pass #227 on board '51ab4b970fb10d7d451c0f5052aeff80' was completed in 0.23 seconds with the score of 897.50 (17 unrouted), using 2112.46 CPU seconds and 73870 MB memory.
2026-09-12 18:09:42.508 INFO   [671444\548EEF] Auto-router pass #228 on board '51ab4b970fb10d7d451c0f5052aeff80' was completed in 0.24 seconds with the score of 897.50 (17 unrouted), using 2177.69 CPU seconds and 75239 MB memory.
2026-09-12 18:09:42.741 INFO   [671444\548EEF] Auto-router pass #229 on board '51ab4b970fb10d7d451c0f5052aeff80' was completed in 0.23 seconds with the score of 897.50 (17 unrouted), using 2177.69 CPU seconds and 75239 MB memory.
2026-09-12 18:09:42.975 INFO   [671444\548EEF] Auto-router pass #230 on board '51ab4b970fb10d7d451c0f5052aeff80' was completed in 0.23 seconds with the score of 897.50 (17 unrouted), using 2177.69 CPU seconds and 75239 MB memory.
2026-09-12 18:09:43.209 INFO   [671444\548EEF] Auto-router pass #231 on board '51ab4b970fb10d7d451c0f5052aeff80' was completed in 0.23 seconds with the score of 897.50 (17 unrouted), using 2177.69 CPU seconds and 75239 MB memory.
2026-09-12 18:09:43.459 INFO   [671444\548EEF] Auto-router pass #232 on board '51ab4b970fb10d7d451c0f5052aeff80' was completed in 0.25 seconds with the score of 897.50 (17 unrouted), using 2177.69 CPU seconds and 75239 MB memory.
2026-09-12 18:09:43.693 INFO   [671444\548EEF] Auto-router pass #233 on board '51ab4b970fb10d7d451c0f5052aeff80' was completed in 0.23 seconds with the score of 897.50 (17 unrouted), using 2243.91 CPU seconds and 76608 MB memory.
2026-09-12 18:09:43.926 INFO   [671444\548EEF] Auto-router pass #234 on board '51ab4b970fb10d7d451c0f5052aeff80' was completed in 0.23 seconds with the score of 897.50 (17 unrouted), using 2243.91 CPU seconds and 76608 MB memory.
2026-09-12 18:09:44.161 INFO   [671444\548EEF] Auto-router pass #235 on board '51ab4b970fb10d7d451c0f5052aeff80' was completed in 0.23 seconds with the score of 897.50 (17 unrouted), using 2243.91 CPU seconds and 76608 MB memory.
2026-09-12 18:09:44.411 INFO   [671444\548EEF] Auto-router pass #236 on board '51ab4b970fb10d7d451c0f5052aeff80' was completed in 0.25 seconds with the score of 897.50 (17 unrouted), using 2243.91 CPU seconds and 76608 MB memory.
2026-09-12 18:09:44.647 INFO   [671444\548EEF] Auto-router pass #237 on board '51ab4b970fb10d7d451c0f5052aeff80' was completed in 0.23 seconds with the score of 897.50 (17 unrouted), using 2311.12 CPU seconds and 77975 MB memory.
2026-09-12 18:09:44.879 INFO   [671444\548EEF] Auto-router pass #238 on board '51ab4b970fb10d7d451c0f5052aeff80' was completed in 0.23 seconds with the score of 897.50 (17 unrouted), using 2311.12 CPU seconds and 77975 MB memory.
2026-09-12 18:09:45.107 INFO   [671444\548EEF] Auto-router pass #239 on board '51ab4b970fb10d7d451c0f5052aeff80' was completed in 0.23 seconds with the score of 897.50 (17 unrouted), using 2311.12 CPU seconds and 77975 MB memory.
2026-09-12 18:09:45.355 INFO   [671444\548EEF] Auto-router pass #240 on board '51ab4b970fb10d7d451c0f5052aeff80' was completed in 0.24 seconds with the score of 897.50 (17 unrouted), using 2311.12 CPU seconds and 77975 MB memory.
2026-09-12 18:09:45.584 INFO   [671444\548EEF] Auto-router pass #241 on board '51ab4b970fb10d7d451c0f5052aeff80' was completed in 0.23 seconds with the score of 897.50 (17 unrouted), using 2379.33 CPU seconds and 79357 MB memory.
2026-09-12 18:09:45.811 INFO   [671444\548EEF] Auto-router pass #242 on board '51ab4b970fb10d7d451c0f5052aeff80' was completed in 0.22 seconds with the score of 897.50 (17 unrouted), using 2379.33 CPU seconds and 79357 MB memory.
2026-09-12 18:09:46.048 INFO   [671444\548EEF] Auto-router pass #243 on board '51ab4b970fb10d7d451c0f5052aeff80' was completed in 0.23 seconds with the score of 897.50 (17 unrouted), using 2379.33 CPU seconds and 79357 MB memory.
2026-09-12 18:09:46.298 INFO   [671444\548EEF] Auto-router pass #244 on board '51ab4b970fb10d7d451c0f5052aeff80' was completed in 0.25 seconds with the score of 897.50 (17 unrouted), using 2379.33 CPU seconds and 79357 MB memory.
2026-09-12 18:09:46.528 INFO   [671444\548EEF] Auto-router pass #245 on board '51ab4b970fb10d7d451c0f5052aeff80' was completed in 0.23 seconds with the score of 897.50 (17 unrouted), using 2448.52 CPU seconds and 80742 MB memory.
2026-09-12 18:09:46.764 INFO   [671444\548EEF] Auto-router pass #246 on board '51ab4b970fb10d7d451c0f5052aeff80' was completed in 0.23 seconds with the score of 897.50 (17 unrouted), using 2448.52 CPU seconds and 80742 MB memory.
2026-09-12 18:09:46.996 INFO   [671444\548EEF] Auto-router pass #247 on board '51ab4b970fb10d7d451c0f5052aeff80' was completed in 0.23 seconds with the score of 897.50 (17 unrouted), using 2448.52 CPU seconds and 80742 MB memory.
2026-09-12 18:09:47.246 INFO   [671444\548EEF] Auto-router pass #248 on board '51ab4b970fb10d7d451c0f5052aeff80' was completed in 0.25 seconds with the score of 897.50 (17 unrouted), using 2448.52 CPU seconds and 80742 MB memory.
2026-09-12 18:09:47.485 INFO   [671444\548EEF] Auto-router pass #249 on board '51ab4b970fb10d7d451c0f5052aeff80' was completed in 0.24 seconds with the score of 897.50 (17 unrouted), using 2518.71 CPU seconds and 82105 MB memory.
2026-09-12 18:09:47.720 INFO   [671444\548EEF] Auto-router pass #250 on board '51ab4b970fb10d7d451c0f5052aeff80' was completed in 0.23 seconds with the score of 897.50 (17 unrouted), using 2518.71 CPU seconds and 82105 MB memory.
2026-09-12 18:09:47.956 INFO   [671444\548EEF] Auto-router pass #251 on board '51ab4b970fb10d7d451c0f5052aeff80' was completed in 0.23 seconds with the score of 897.50 (17 unrouted), using 2518.71 CPU seconds and 82105 MB memory.
2026-09-12 18:09:48.199 INFO   [671444\548EEF] Auto-router pass #252 on board '51ab4b970fb10d7d451c0f5052aeff80' was completed in 0.24 seconds with the score of 897.50 (17 unrouted), using 2518.71 CPU seconds and 82105 MB memory.
2026-09-12 18:09:48.426 INFO   [671444\548EEF] Auto-router pass #253 on board '51ab4b970fb10d7d451c0f5052aeff80' was completed in 0.22 seconds with the score of 897.50 (17 unrouted), using 2518.71 CPU seconds and 82105 MB memory.
2026-09-12 18:09:48.657 INFO   [671444\548EEF] Auto-router pass #254 on board '51ab4b970fb10d7d451c0f5052aeff80' was completed in 0.23 seconds with the score of 897.50 (17 unrouted), using 2589.88 CPU seconds and 83484 MB memory.
2026-09-12 18:09:48.890 INFO   [671444\548EEF] Auto-router pass #255 on board '51ab4b970fb10d7d451c0f5052aeff80' was completed in 0.23 seconds with the score of 897.50 (17 unrouted), using 2589.88 CPU seconds and 83484 MB memory.
2026-09-12 18:09:49.137 INFO   [671444\548EEF] Auto-router pass #256 on board '51ab4b970fb10d7d451c0f5052aeff80' was completed in 0.24 seconds with the score of 897.50 (17 unrouted), using 2589.88 CPU seconds and 83484 MB memory.
2026-09-12 18:09:49.373 INFO   [671444\548EEF] Auto-router pass #257 on board '51ab4b970fb10d7d451c0f5052aeff80' was completed in 0.23 seconds with the score of 897.50 (17 unrouted), using 2589.88 CPU seconds and 83484 MB memory.
2026-09-12 18:09:49.613 INFO   [671444\548EEF] Auto-router pass #258 on board '51ab4b970fb10d7d451c0f5052aeff80' was completed in 0.24 seconds with the score of 897.50 (17 unrouted), using 2662.05 CPU seconds and 84856 MB memory.
2026-09-12 18:09:49.847 INFO   [671444\548EEF] Auto-router pass #259 on board '51ab4b970fb10d7d451c0f5052aeff80' was completed in 0.23 seconds with the score of 897.50 (17 unrouted), using 2662.05 CPU seconds and 84856 MB memory.
2026-09-12 18:09:50.095 INFO   [671444\548EEF] Auto-router pass #260 on board '51ab4b970fb10d7d451c0f5052aeff80' was completed in 0.24 seconds with the score of 897.50 (17 unrouted), using 2662.05 CPU seconds and 84856 MB memory.
2026-09-12 18:09:50.327 INFO   [671444\548EEF] Auto-router pass #261 on board '51ab4b970fb10d7d451c0f5052aeff80' was completed in 0.23 seconds with the score of 897.50 (17 unrouted), using 2662.05 CPU seconds and 84856 MB memory.
2026-09-12 18:09:50.558 INFO   [671444\548EEF] Auto-router pass #262 on board '51ab4b970fb10d7d451c0f5052aeff80' was completed in 0.23 seconds with the score of 897.50 (17 unrouted), using 2735.22 CPU seconds and 86232 MB memory.
2026-09-12 18:09:50.791 INFO   [671444\548EEF] Auto-router pass #263 on board '51ab4b970fb10d7d451c0f5052aeff80' was completed in 0.23 seconds with the score of 897.50 (17 unrouted), using 2735.22 CPU seconds and 86232 MB memory.
2026-09-12 18:09:51.037 INFO   [671444\548EEF] Auto-router pass #264 on board '51ab4b970fb10d7d451c0f5052aeff80' was completed in 0.24 seconds with the score of 897.50 (17 unrouted), using 2735.22 CPU seconds and 86232 MB memory.
2026-09-12 18:09:51.266 INFO   [671444\548EEF] Auto-router pass #265 on board '51ab4b970fb10d7d451c0f5052aeff80' was completed in 0.23 seconds with the score of 897.50 (17 unrouted), using 2735.22 CPU seconds and 86232 MB memory.
2026-09-12 18:09:51.501 INFO   [671444\548EEF] Auto-router pass #266 on board '51ab4b970fb10d7d451c0f5052aeff80' was completed in 0.23 seconds with the score of 897.50 (17 unrouted), using 2809.37 CPU seconds and 87614 MB memory.
2026-09-12 18:09:51.734 INFO   [671444\548EEF] Auto-router pass #267 on board '51ab4b970fb10d7d451c0f5052aeff80' was completed in 0.23 seconds with the score of 897.50 (17 unrouted), using 2809.37 CPU seconds and 87614 MB memory.
2026-09-12 18:09:51.981 INFO   [671444\548EEF] Auto-router pass #268 on board '51ab4b970fb10d7d451c0f5052aeff80' was completed in 0.24 seconds with the score of 897.50 (17 unrouted), using 2809.37 CPU seconds and 87614 MB memory.
2026-09-12 18:09:52.214 INFO   [671444\548EEF] Auto-router pass #269 on board '51ab4b970fb10d7d451c0f5052aeff80' was completed in 0.23 seconds with the score of 897.50 (17 unrouted), using 2809.37 CPU seconds and 87614 MB memory.
2026-09-12 18:09:52.448 INFO   [671444\548EEF] Auto-router pass #270 on board '51ab4b970fb10d7d451c0f5052aeff80' was completed in 0.23 seconds with the score of 897.50 (17 unrouted), using 2809.37 CPU seconds and 87614 MB memory.
2026-09-12 18:09:52.681 INFO   [671444\548EEF] Auto-router pass #271 on board '51ab4b970fb10d7d451c0f5052aeff80' was completed in 0.23 seconds with the score of 897.50 (17 unrouted), using 2884.51 CPU seconds and 88987 MB memory.
2026-09-12 18:09:52.929 INFO   [671444\548EEF] Auto-router pass #272 on board '51ab4b970fb10d7d451c0f5052aeff80' was completed in 0.24 seconds with the score of 897.50 (17 unrouted), using 2884.51 CPU seconds and 88987 MB memory.
2026-09-12 18:09:53.164 INFO   [671444\548EEF] Auto-router pass #273 on board '51ab4b970fb10d7d451c0f5052aeff80' was completed in 0.23 seconds with the score of 897.50 (17 unrouted), using 2884.51 CPU seconds and 88987 MB memory.
2026-09-12 18:09:53.400 INFO   [671444\548EEF] Auto-router pass #274 on board '51ab4b970fb10d7d451c0f5052aeff80' was completed in 0.23 seconds with the score of 897.50 (17 unrouted), using 2884.51 CPU seconds and 88987 MB memory.
2026-09-12 18:09:53.635 INFO   [671444\548EEF] Auto-router pass #275 on board '51ab4b970fb10d7d451c0f5052aeff80' was completed in 0.23 seconds with the score of 897.50 (17 unrouted), using 2960.65 CPU seconds and 90355 MB memory.
2026-09-12 18:09:53.882 INFO   [671444\548EEF] Auto-router pass #276 on board '51ab4b970fb10d7d451c0f5052aeff80' was completed in 0.24 seconds with the score of 897.50 (17 unrouted), using 2960.65 CPU seconds and 90355 MB memory.
2026-09-12 18:09:54.111 INFO   [671444\548EEF] Auto-router pass #277 on board '51ab4b970fb10d7d451c0f5052aeff80' was completed in 0.23 seconds with the score of 897.50 (17 unrouted), using 2960.65 CPU seconds and 90355 MB memory.
2026-09-12 18:09:54.341 INFO   [671444\548EEF] Auto-router pass #278 on board '51ab4b970fb10d7d451c0f5052aeff80' was completed in 0.23 seconds with the score of 897.50 (17 unrouted), using 2960.65 CPU seconds and 90355 MB memory.
2026-09-12 18:09:54.573 INFO   [671444\548EEF] Auto-router pass #279 on board '51ab4b970fb10d7d451c0f5052aeff80' was completed in 0.23 seconds with the score of 897.50 (17 unrouted), using 3037.77 CPU seconds and 91739 MB memory.
2026-09-12 18:09:54.818 INFO   [671444\548EEF] Auto-router pass #280 on board '51ab4b970fb10d7d451c0f5052aeff80' was completed in 0.24 seconds with the score of 897.50 (17 unrouted), using 3037.77 CPU seconds and 91739 MB memory.
2026-09-12 18:09:55.044 INFO   [671444\548EEF] Auto-router pass #281 on board '51ab4b970fb10d7d451c0f5052aeff80' was completed in 0.22 seconds with the score of 897.50 (17 unrouted), using 3037.77 CPU seconds and 91739 MB memory.
2026-09-12 18:09:55.285 INFO   [671444\548EEF] Auto-router pass #282 on board '51ab4b970fb10d7d451c0f5052aeff80' was completed in 0.24 seconds with the score of 897.50 (17 unrouted), using 3037.77 CPU seconds and 91739 MB memory.
2026-09-12 18:09:55.523 INFO   [671444\548EEF] Auto-router pass #283 on board '51ab4b970fb10d7d451c0f5052aeff80' was completed in 0.23 seconds with the score of 897.50 (17 unrouted), using 3115.89 CPU seconds and 93112 MB memory.
2026-09-12 18:09:55.771 INFO   [671444\548EEF] Auto-router pass #284 on board '51ab4b970fb10d7d451c0f5052aeff80' was completed in 0.24 seconds with the score of 897.50 (17 unrouted), using 3115.89 CPU seconds and 93112 MB memory.
2026-09-12 18:09:56.007 INFO   [671444\548EEF] Auto-router pass #285 on board '51ab4b970fb10d7d451c0f5052aeff80' was completed in 0.23 seconds with the score of 897.50 (17 unrouted), using 3115.89 CPU seconds and 93112 MB memory.
2026-09-12 18:09:56.236 INFO   [671444\548EEF] Auto-router pass #286 on board '51ab4b970fb10d7d451c0f5052aeff80' was completed in 0.23 seconds with the score of 897.50 (17 unrouted), using 3115.89 CPU seconds and 93112 MB memory.
2026-09-12 18:09:56.466 INFO   [671444\548EEF] Auto-router pass #287 on board '51ab4b970fb10d7d451c0f5052aeff80' was completed in 0.23 seconds with the score of 897.50 (17 unrouted), using 3115.89 CPU seconds and 93112 MB memory.
2026-09-12 18:09:56.711 INFO   [671444\548EEF] Auto-router pass #288 on board '51ab4b970fb10d7d451c0f5052aeff80' was completed in 0.24 seconds with the score of 897.50 (17 unrouted), using 3195.00 CPU seconds and 94492 MB memory.
2026-09-12 18:09:56.945 INFO   [671444\548EEF] Auto-router pass #289 on board '51ab4b970fb10d7d451c0f5052aeff80' was completed in 0.23 seconds with the score of 897.50 (17 unrouted), using 3195.00 CPU seconds and 94492 MB memory.
2026-09-12 18:09:57.176 INFO   [671444\548EEF] Auto-router pass #290 on board '51ab4b970fb10d7d451c0f5052aeff80' was completed in 0.23 seconds with the score of 897.50 (17 unrouted), using 3195.00 CPU seconds and 94492 MB memory.
2026-09-12 18:09:57.407 INFO   [671444\548EEF] Auto-router pass #291 on board '51ab4b970fb10d7d451c0f5052aeff80' was completed in 0.23 seconds with the score of 897.50 (17 unrouted), using 3195.00 CPU seconds and 94492 MB memory.
2026-09-12 18:09:57.654 INFO   [671444\548EEF] Auto-router pass #292 on board '51ab4b970fb10d7d451c0f5052aeff80' was completed in 0.24 seconds with the score of 897.50 (17 unrouted), using 3275.09 CPU seconds and 95880 MB memory.
2026-09-12 18:09:57.888 INFO   [671444\548EEF] Auto-router pass #293 on board '51ab4b970fb10d7d451c0f5052aeff80' was completed in 0.23 seconds with the score of 897.50 (17 unrouted), using 3275.09 CPU seconds and 95880 MB memory.
2026-09-12 18:09:58.120 INFO   [671444\548EEF] Auto-router pass #294 on board '51ab4b970fb10d7d451c0f5052aeff80' was completed in 0.23 seconds with the score of 897.50 (17 unrouted), using 3275.09 CPU seconds and 95880 MB memory.
2026-09-12 18:09:58.349 INFO   [671444\548EEF] Auto-router pass #295 on board '51ab4b970fb10d7d451c0f5052aeff80' was completed in 0.23 seconds with the score of 897.50 (17 unrouted), using 3275.09 CPU seconds and 95880 MB memory.
2026-09-12 18:09:58.598 INFO   [671444\548EEF] Auto-router pass #296 on board '51ab4b970fb10d7d451c0f5052aeff80' was completed in 0.24 seconds with the score of 897.50 (17 unrouted), using 3356.18 CPU seconds and 97260 MB memory.
2026-09-12 18:09:58.830 INFO   [671444\548EEF] Auto-router pass #297 on board '51ab4b970fb10d7d451c0f5052aeff80' was completed in 0.23 seconds with the score of 897.50 (17 unrouted), using 3356.18 CPU seconds and 97260 MB memory.
2026-09-12 18:09:59.063 INFO   [671444\548EEF] Auto-router pass #298 on board '51ab4b970fb10d7d451c0f5052aeff80' was completed in 0.23 seconds with the score of 897.50 (17 unrouted), using 3356.18 CPU seconds and 97260 MB memory.
2026-09-12 18:09:59.295 INFO   [671444\548EEF] Auto-router pass #299 on board '51ab4b970fb10d7d451c0f5052aeff80' was completed in 0.23 seconds with the score of 897.50 (17 unrouted), using 3356.18 CPU seconds and 97260 MB memory.
2026-09-12 18:09:59.543 INFO   [671444\548EEF] Auto-router pass #300 on board '51ab4b970fb10d7d451c0f5052aeff80' was completed in 0.24 seconds with the score of 897.50 (17 unrouted), using 3438.27 CPU seconds and 98635 MB memory.
2026-09-12 18:09:59.777 INFO   [671444\548EEF] Auto-router pass #301 on board '51ab4b970fb10d7d451c0f5052aeff80' was completed in 0.23 seconds with the score of 897.50 (17 unrouted), using 3438.27 CPU seconds and 98635 MB memory.
2026-09-12 18:10:00.012 INFO   [671444\548EEF] Auto-router pass #302 on board '51ab4b970fb10d7d451c0f5052aeff80' was completed in 0.23 seconds with the score of 897.50 (17 unrouted), using 3438.27 CPU seconds and 98635 MB memory.
2026-09-12 18:10:00.246 INFO   [671444\548EEF] Auto-router pass #303 on board '51ab4b970fb10d7d451c0f5052aeff80' was completed in 0.23 seconds with the score of 897.50 (17 unrouted), using 3438.27 CPU seconds and 98635 MB memory.
2026-09-12 18:10:00.489 INFO   [671444\548EEF] Auto-router pass #304 on board '51ab4b970fb10d7d451c0f5052aeff80' was completed in 0.24 seconds with the score of 897.50 (17 unrouted), using 3521.34 CPU seconds and 100013 MB memory.
2026-09-12 18:10:00.745 INFO   [671444\548EEF] Auto-router pass #305 on board '51ab4b970fb10d7d451c0f5052aeff80' was completed in 0.25 seconds with the score of 897.50 (17 unrouted), using 3521.34 CPU seconds and 100013 MB memory.
2026-09-12 18:10:00.997 INFO   [671444\548EEF] Auto-router pass #306 on board '51ab4b970fb10d7d451c0f5052aeff80' was completed in 0.25 seconds with the score of 897.50 (17 unrouted), using 3521.34 CPU seconds and 100013 MB memory.
2026-09-12 18:10:01.231 INFO   [671444\548EEF] Auto-router pass #307 on board '51ab4b970fb10d7d451c0f5052aeff80' was completed in 0.23 seconds with the score of 897.50 (17 unrouted), using 3521.34 CPU seconds and 100013 MB memory.
2026-09-12 18:10:01.483 INFO   [671444\548EEF] Auto-router pass #308 on board '51ab4b970fb10d7d451c0f5052aeff80' was completed in 0.25 seconds with the score of 897.50 (17 unrouted), using 3605.41 CPU seconds and 101328 MB memory.
2026-09-12 18:10:01.720 INFO   [671444\548EEF] Auto-router pass #309 on board '51ab4b970fb10d7d451c0f5052aeff80' was completed in 0.23 seconds with the score of 897.50 (17 unrouted), using 3605.41 CPU seconds and 101328 MB memory.
2026-09-12 18:10:01.951 INFO   [671444\548EEF] Auto-router pass #310 on board '51ab4b970fb10d7d451c0f5052aeff80' was completed in 0.23 seconds with the score of 897.50 (17 unrouted), using 3605.41 CPU seconds and 101328 MB memory.
2026-09-12 18:10:02.186 INFO   [671444\548EEF] Auto-router pass #311 on board '51ab4b970fb10d7d451c0f5052aeff80' was completed in 0.23 seconds with the score of 897.50 (17 unrouted), using 3605.41 CPU seconds and 101328 MB memory.
2026-09-12 18:10:02.437 INFO   [671444\548EEF] Auto-router pass #312 on board '51ab4b970fb10d7d451c0f5052aeff80' was completed in 0.25 seconds with the score of 897.50 (17 unrouted), using 3605.41 CPU seconds and 101328 MB memory.
2026-09-12 18:10:02.665 INFO   [671444\548EEF] Auto-router pass #313 on board '51ab4b970fb10d7d451c0f5052aeff80' was completed in 0.23 seconds with the score of 897.50 (17 unrouted), using 3690.47 CPU seconds and 102687 MB memory.
2026-09-12 18:10:02.895 INFO   [671444\548EEF] Auto-router pass #314 on board '51ab4b970fb10d7d451c0f5052aeff80' was completed in 0.23 seconds with the score of 897.50 (17 unrouted), using 3690.47 CPU seconds and 102687 MB memory.
2026-09-12 18:10:03.125 INFO   [671444\548EEF] Auto-router pass #315 on board '51ab4b970fb10d7d451c0f5052aeff80' was completed in 0.23 seconds with the score of 897.50 (17 unrouted), using 3690.47 CPU seconds and 102687 MB memory.
2026-09-12 18:10:03.370 INFO   [671444\548EEF] Auto-router pass #316 on board '51ab4b970fb10d7d451c0f5052aeff80' was completed in 0.24 seconds with the score of 897.50 (17 unrouted), using 3690.47 CPU seconds and 102687 MB memory.
2026-09-12 18:10:03.604 INFO   [671444\548EEF] Auto-router pass #317 on board '51ab4b970fb10d7d451c0f5052aeff80' was completed in 0.23 seconds with the score of 897.50 (17 unrouted), using 3776.52 CPU seconds and 104089 MB memory.
2026-09-12 18:10:03.837 INFO   [671444\548EEF] Auto-router pass #318 on board '51ab4b970fb10d7d451c0f5052aeff80' was completed in 0.23 seconds with the score of 897.50 (17 unrouted), using 3776.52 CPU seconds and 104089 MB memory.
2026-09-12 18:10:04.069 INFO   [671444\548EEF] Auto-router pass #319 on board '51ab4b970fb10d7d451c0f5052aeff80' was completed in 0.23 seconds with the score of 897.50 (17 unrouted), using 3776.52 CPU seconds and 104089 MB memory.
2026-09-12 18:10:04.320 INFO   [671444\548EEF] Auto-router pass #320 on board '51ab4b970fb10d7d451c0f5052aeff80' was completed in 0.25 seconds with the score of 897.50 (17 unrouted), using 3776.52 CPU seconds and 104089 MB memory.
2026-09-12 18:10:04.621 INFO   [671444\548EEF] Auto-router pass #321 on board '51ab4b970fb10d7d451c0f5052aeff80' was completed in 0.30 seconds with the score of 897.50 (17 unrouted), using 3863.57 CPU seconds and 105403 MB memory.
2026-09-12 18:10:04.918 INFO   [671444\548EEF] Auto-router pass #322 on board '51ab4b970fb10d7d451c0f5052aeff80' was completed in 0.29 seconds with the score of 897.50 (17 unrouted), using 3863.57 CPU seconds and 105403 MB memory.
2026-09-12 18:10:05.224 INFO   [671444\548EEF] Auto-router pass #323 on board '51ab4b970fb10d7d451c0f5052aeff80' was completed in 0.30 seconds with the score of 897.50 (17 unrouted), using 3863.57 CPU seconds and 105403 MB memory.
2026-09-12 18:10:05.532 INFO   [671444\548EEF] Auto-router pass #324 on board '51ab4b970fb10d7d451c0f5052aeff80' was completed in 0.30 seconds with the score of 897.50 (17 unrouted), using 3951.60 CPU seconds and 106485 MB memory.
2026-09-12 18:10:05.840 INFO   [671444\548EEF] Auto-router pass #325 on board '51ab4b970fb10d7d451c0f5052aeff80' was completed in 0.30 seconds with the score of 897.50 (17 unrouted), using 3951.60 CPU seconds and 106485 MB memory.
2026-09-12 18:10:06.164 INFO   [671444\548EEF] Auto-router pass #326 on board '51ab4b970fb10d7d451c0f5052aeff80' was completed in 0.32 seconds with the score of 897.50 (17 unrouted), using 3951.60 CPU seconds and 106485 MB memory.
2026-09-12 18:10:06.480 INFO   [671444\548EEF] Auto-router pass #327 on board '51ab4b970fb10d7d451c0f5052aeff80' was completed in 0.31 seconds with the score of 897.50 (17 unrouted), using 4040.63 CPU seconds and 107507 MB memory.
2026-09-12 18:10:06.834 INFO   [671444\548EEF] Auto-router pass #328 on board '51ab4b970fb10d7d451c0f5052aeff80' was completed in 0.35 seconds with the score of 897.50 (17 unrouted), using 4040.63 CPU seconds and 107507 MB memory.
2026-09-12 18:10:07.161 INFO   [671444\548EEF] Auto-router pass #329 on board '51ab4b970fb10d7d451c0f5052aeff80' was completed in 0.32 seconds with the score of 897.50 (17 unrouted), using 4040.63 CPU seconds and 107507 MB memory.
2026-09-12 18:10:07.487 INFO   [671444\548EEF] Auto-router pass #330 on board '51ab4b970fb10d7d451c0f5052aeff80' was completed in 0.32 seconds with the score of 897.50 (17 unrouted), using 4130.65 CPU seconds and 108479 MB memory.
2026-09-12 18:10:07.803 INFO   [671444\548EEF] Auto-router pass #331 on board '51ab4b970fb10d7d451c0f5052aeff80' was completed in 0.31 seconds with the score of 897.50 (17 unrouted), using 4130.65 CPU seconds and 108479 MB memory.
2026-09-12 18:10:08.143 INFO   [671444\548EEF] Auto-router pass #332 on board '51ab4b970fb10d7d451c0f5052aeff80' was completed in 0.34 seconds with the score of 897.50 (17 unrouted), using 4130.65 CPU seconds and 108479 MB memory.
2026-09-12 18:10:08.456 INFO   [671444\548EEF] Auto-router pass #333 on board '51ab4b970fb10d7d451c0f5052aeff80' was completed in 0.31 seconds with the score of 897.50 (17 unrouted), using 4130.65 CPU seconds and 108479 MB memory.
2026-09-12 18:10:08.768 INFO   [671444\548EEF] Auto-router pass #334 on board '51ab4b970fb10d7d451c0f5052aeff80' was completed in 0.31 seconds with the score of 897.50 (17 unrouted), using 4221.66 CPU seconds and 109496 MB memory.
2026-09-12 18:10:09.077 INFO   [671444\548EEF] Auto-router pass #335 on board '51ab4b970fb10d7d451c0f5052aeff80' was completed in 0.30 seconds with the score of 897.50 (17 unrouted), using 4221.66 CPU seconds and 109496 MB memory.
2026-09-12 18:10:09.420 INFO   [671444\548EEF] Auto-router pass #336 on board '51ab4b970fb10d7d451c0f5052aeff80' was completed in 0.34 seconds with the score of 897.50 (17 unrouted), using 4221.66 CPU seconds and 109496 MB memory.
2026-09-12 18:10:09.725 INFO   [671444\548EEF] Auto-router pass #337 on board '51ab4b970fb10d7d451c0f5052aeff80' was completed in 0.30 seconds with the score of 897.50 (17 unrouted), using 4313.67 CPU seconds and 110512 MB memory.
2026-09-12 18:10:10.036 INFO   [671444\548EEF] Auto-router pass #338 on board '51ab4b970fb10d7d451c0f5052aeff80' was completed in 0.31 seconds with the score of 897.50 (17 unrouted), using 4313.67 CPU seconds and 110512 MB memory.
2026-09-12 18:10:10.357 INFO   [671444\548EEF] Auto-router pass #339 on board '51ab4b970fb10d7d451c0f5052aeff80' was completed in 0.32 seconds with the score of 897.50 (17 unrouted), using 4313.67 CPU seconds and 110512 MB memory.
2026-09-12 18:10:10.690 INFO   [671444\548EEF] Auto-router pass #340 on board '51ab4b970fb10d7d451c0f5052aeff80' was completed in 0.33 seconds with the score of 897.50 (17 unrouted), using 4406.67 CPU seconds and 111543 MB memory.
2026-09-12 18:10:10.981 INFO   [671444\548EEF] Auto-router pass #341 on board '51ab4b970fb10d7d451c0f5052aeff80' was completed in 0.29 seconds with the score of 897.50 (17 unrouted), using 4406.67 CPU seconds and 111543 MB memory.
2026-09-12 18:10:11.211 INFO   [671444\548EEF] Auto-router pass #342 on board '51ab4b970fb10d7d451c0f5052aeff80' was completed in 0.23 seconds with the score of 897.50 (17 unrouted), using 4406.67 CPU seconds and 111543 MB memory.
2026-09-12 18:10:11.486 INFO   [671444\548EEF] Auto-router pass #343 on board '51ab4b970fb10d7d451c0f5052aeff80' was completed in 0.27 seconds with the score of 897.50 (17 unrouted), using 4500.67 CPU seconds and 112709 MB memory.
2026-09-12 18:10:11.780 INFO   [671444\548EEF] Auto-router pass #344 on board '51ab4b970fb10d7d451c0f5052aeff80' was completed in 0.29 seconds with the score of 897.50 (17 unrouted), using 4500.67 CPU seconds and 112709 MB memory.
2026-09-12 18:10:12.094 INFO   [671444\548EEF] Auto-router pass #345 on board '51ab4b970fb10d7d451c0f5052aeff80' was completed in 0.31 seconds with the score of 897.50 (17 unrouted), using 4500.67 CPU seconds and 112709 MB memory.
2026-09-12 18:10:12.389 INFO   [671444\548EEF] Auto-router pass #346 on board '51ab4b970fb10d7d451c0f5052aeff80' was completed in 0.29 seconds with the score of 897.50 (17 unrouted), using 4500.67 CPU seconds and 112709 MB memory.
2026-09-12 18:10:12.678 INFO   [671444\548EEF] Auto-router pass #347 on board '51ab4b970fb10d7d451c0f5052aeff80' was completed in 0.28 seconds with the score of 897.50 (17 unrouted), using 4595.65 CPU seconds and 113791 MB memory.
2026-09-12 18:10:12.983 INFO   [671444\548EEF] Auto-router pass #348 on board '51ab4b970fb10d7d451c0f5052aeff80' was completed in 0.30 seconds with the score of 897.50 (17 unrouted), using 4595.65 CPU seconds and 113791 MB memory.
2026-09-12 18:10:13.283 INFO   [671444\548EEF] Auto-router pass #349 on board '51ab4b970fb10d7d451c0f5052aeff80' was completed in 0.30 seconds with the score of 897.50 (17 unrouted), using 4595.65 CPU seconds and 113791 MB memory.
2026-09-12 18:10:13.595 INFO   [671444\548EEF] Auto-router pass #350 on board '51ab4b970fb10d7d451c0f5052aeff80' was completed in 0.31 seconds with the score of 897.50 (17 unrouted), using 4691.63 CPU seconds and 114887 MB memory.
2026-09-12 18:10:13.907 INFO   [671444\548EEF] Auto-router pass #351 on board '51ab4b970fb10d7d451c0f5052aeff80' was completed in 0.31 seconds with the score of 897.50 (17 unrouted), using 4691.63 CPU seconds and 114887 MB memory.
2026-09-12 18:10:14.266 INFO   [671444\548EEF] Auto-router pass #352 on board '51ab4b970fb10d7d451c0f5052aeff80' was completed in 0.35 seconds with the score of 897.50 (17 unrouted), using 4691.63 CPU seconds and 114887 MB memory.
2026-09-12 18:10:14.588 INFO   [671444\548EEF] Auto-router pass #353 on board '51ab4b970fb10d7d451c0f5052aeff80' was completed in 0.32 seconds with the score of 897.50 (17 unrouted), using 4788.61 CPU seconds and 115881 MB memory.
2026-09-12 18:10:14.903 INFO   [671444\548EEF] Auto-router pass #354 on board '51ab4b970fb10d7d451c0f5052aeff80' was completed in 0.31 seconds with the score of 897.50 (17 unrouted), using 4788.61 CPU seconds and 115881 MB memory.
2026-09-12 18:10:15.210 INFO   [671444\548EEF] Auto-router pass #355 on board '51ab4b970fb10d7d451c0f5052aeff80' was completed in 0.30 seconds with the score of 897.50 (17 unrouted), using 4788.61 CPU seconds and 115881 MB memory.
2026-09-12 18:10:15.535 INFO   [671444\548EEF] Auto-router pass #356 on board '51ab4b970fb10d7d451c0f5052aeff80' was completed in 0.32 seconds with the score of 897.50 (17 unrouted), using 4886.58 CPU seconds and 116912 MB memory.
2026-09-12 18:10:15.879 INFO   [671444\548EEF] Auto-router pass #357 on board '51ab4b970fb10d7d451c0f5052aeff80' was completed in 0.34 seconds with the score of 897.50 (17 unrouted), using 4886.58 CPU seconds and 116912 MB memory.
2026-09-12 18:10:16.207 INFO   [671444\548EEF] Auto-router pass #358 on board '51ab4b970fb10d7d451c0f5052aeff80' was completed in 0.32 seconds with the score of 897.50 (17 unrouted), using 4886.58 CPU seconds and 116912 MB memory.
2026-09-12 18:10:16.518 INFO   [671444\548EEF] Auto-router pass #359 on board '51ab4b970fb10d7d451c0f5052aeff80' was completed in 0.31 seconds with the score of 897.50 (17 unrouted), using 4985.53 CPU seconds and 117889 MB memory.
2026-09-12 18:10:16.833 INFO   [671444\548EEF] Auto-router pass #360 on board '51ab4b970fb10d7d451c0f5052aeff80' was completed in 0.31 seconds with the score of 897.50 (17 unrouted), using 4985.53 CPU seconds and 117889 MB memory.
2026-09-12 18:10:17.159 INFO   [671444\548EEF] Auto-router pass #361 on board '51ab4b970fb10d7d451c0f5052aeff80' was completed in 0.32 seconds with the score of 897.50 (17 unrouted), using 4985.53 CPU seconds and 117889 MB memory.
2026-09-12 18:10:17.484 INFO   [671444\548EEF] Auto-router pass #362 on board '51ab4b970fb10d7d451c0f5052aeff80' was completed in 0.32 seconds with the score of 897.50 (17 unrouted), using 5085.49 CPU seconds and 118907 MB memory.
2026-09-12 18:10:17.804 INFO   [671444\548EEF] Auto-router pass #363 on board '51ab4b970fb10d7d451c0f5052aeff80' was completed in 0.32 seconds with the score of 897.50 (17 unrouted), using 5085.49 CPU seconds and 118907 MB memory.
2026-09-12 18:10:18.162 INFO   [671444\548EEF] Auto-router pass #364 on board '51ab4b970fb10d7d451c0f5052aeff80' was completed in 0.35 seconds with the score of 897.50 (17 unrouted), using 5085.49 CPU seconds and 118907 MB memory.
2026-09-12 18:10:18.474 INFO   [671444\548EEF] Auto-router pass #365 on board '51ab4b970fb10d7d451c0f5052aeff80' was completed in 0.31 seconds with the score of 897.50 (17 unrouted), using 5085.49 CPU seconds and 118907 MB memory.
2026-09-12 18:10:18.853 INFO   [671444\548EEF] Auto-router pass #366 on board '51ab4b970fb10d7d451c0f5052aeff80' was completed in 0.38 seconds with the score of 897.50 (17 unrouted), using 5186.44 CPU seconds and 119901 MB memory.
2026-09-12 18:10:19.190 INFO   [671444\548EEF] Auto-router pass #367 on board '51ab4b970fb10d7d451c0f5052aeff80' was completed in 0.33 seconds with the score of 897.50 (17 unrouted), using 5186.44 CPU seconds and 119901 MB memory.
2026-09-12 18:10:19.554 INFO   [671444\548EEF] Auto-router pass #368 on board '51ab4b970fb10d7d451c0f5052aeff80' was completed in 0.36 seconds with the score of 897.50 (17 unrouted), using 5288.38 CPU seconds and 120806 MB memory.
2026-09-12 18:10:19.896 INFO   [671444\548EEF] Auto-router pass #369 on board '51ab4b970fb10d7d451c0f5052aeff80' was completed in 0.34 seconds with the score of 897.50 (17 unrouted), using 5288.38 CPU seconds and 120806 MB memory.
2026-09-12 18:10:20.235 INFO   [671444\548EEF] Auto-router pass #370 on board '51ab4b970fb10d7d451c0f5052aeff80' was completed in 0.33 seconds with the score of 897.50 (17 unrouted), using 5288.38 CPU seconds and 120806 MB memory.
2026-09-12 18:10:20.566 INFO   [671444\548EEF] Auto-router pass #371 on board '51ab4b970fb10d7d451c0f5052aeff80' was completed in 0.33 seconds with the score of 897.50 (17 unrouted), using 5391.31 CPU seconds and 121752 MB memory.
2026-09-12 18:10:20.926 INFO   [671444\548EEF] Auto-router pass #372 on board '51ab4b970fb10d7d451c0f5052aeff80' was completed in 0.35 seconds with the score of 897.50 (17 unrouted), using 5391.31 CPU seconds and 121752 MB memory.
2026-09-12 18:10:21.264 INFO   [671444\548EEF] Auto-router pass #373 on board '51ab4b970fb10d7d451c0f5052aeff80' was completed in 0.33 seconds with the score of 897.50 (17 unrouted), using 5391.31 CPU seconds and 121752 MB memory.
2026-09-12 18:10:21.611 INFO   [671444\548EEF] Auto-router pass #374 on board '51ab4b970fb10d7d451c0f5052aeff80' was completed in 0.34 seconds with the score of 897.50 (17 unrouted), using 5495.24 CPU seconds and 122712 MB memory.
2026-09-12 18:10:21.967 INFO   [671444\548EEF] Auto-router pass #375 on board '51ab4b970fb10d7d451c0f5052aeff80' was completed in 0.35 seconds with the score of 897.50 (17 unrouted), using 5495.24 CPU seconds and 122712 MB memory.
2026-09-12 18:10:22.302 INFO   [671444\548EEF] Auto-router pass #376 on board '51ab4b970fb10d7d451c0f5052aeff80' was completed in 0.33 seconds with the score of 897.50 (17 unrouted), using 5495.24 CPU seconds and 122712 MB memory.
2026-09-12 18:10:22.615 INFO   [671444\548EEF] Auto-router pass #377 on board '51ab4b970fb10d7d451c0f5052aeff80' was completed in 0.31 seconds with the score of 897.50 (17 unrouted), using 5600.16 CPU seconds and 123663 MB memory.
2026-09-12 18:10:22.961 INFO   [671444\548EEF] Auto-router pass #378 on board '51ab4b970fb10d7d451c0f5052aeff80' was completed in 0.34 seconds with the score of 897.50 (17 unrouted), using 5600.16 CPU seconds and 123663 MB memory.
2026-09-12 18:10:23.300 INFO   [671444\548EEF] Auto-router pass #379 on board '51ab4b970fb10d7d451c0f5052aeff80' was completed in 0.34 seconds with the score of 897.50 (17 unrouted), using 5600.16 CPU seconds and 123663 MB memory.
2026-09-12 18:10:23.667 INFO   [671444\548EEF] Auto-router pass #380 on board '51ab4b970fb10d7d451c0f5052aeff80' was completed in 0.36 seconds with the score of 897.50 (17 unrouted), using 5706.08 CPU seconds and 124605 MB memory.
2026-09-12 18:10:24.008 INFO   [671444\548EEF] Auto-router pass #381 on board '51ab4b970fb10d7d451c0f5052aeff80' was completed in 0.34 seconds with the score of 897.50 (17 unrouted), using 5706.08 CPU seconds and 124605 MB memory.
2026-09-12 18:10:24.342 INFO   [671444\548EEF] Auto-router pass #382 on board '51ab4b970fb10d7d451c0f5052aeff80' was completed in 0.33 seconds with the score of 897.50 (17 unrouted), using 5706.08 CPU seconds and 124605 MB memory.
2026-09-12 18:10:24.657 INFO   [671444\548EEF] Auto-router pass #383 on board '51ab4b970fb10d7d451c0f5052aeff80' was completed in 0.31 seconds with the score of 897.50 (17 unrouted), using 5812.99 CPU seconds and 125559 MB memory.
2026-09-12 18:10:24.999 INFO   [671444\548EEF] Auto-router pass #384 on board '51ab4b970fb10d7d451c0f5052aeff80' was completed in 0.34 seconds with the score of 897.50 (17 unrouted), using 5812.99 CPU seconds and 125559 MB memory.
2026-09-12 18:10:25.345 INFO   [671444\548EEF] Auto-router pass #385 on board '51ab4b970fb10d7d451c0f5052aeff80' was completed in 0.34 seconds with the score of 897.50 (17 unrouted), using 5812.99 CPU seconds and 125559 MB memory.
2026-09-12 18:10:25.698 INFO   [671444\548EEF] Auto-router pass #386 on board '51ab4b970fb10d7d451c0f5052aeff80' was completed in 0.35 seconds with the score of 897.50 (17 unrouted), using 5920.90 CPU seconds and 126532 MB memory.
2026-09-12 18:10:26.023 INFO   [671444\548EEF] Auto-router pass #387 on board '51ab4b970fb10d7d451c0f5052aeff80' was completed in 0.32 seconds with the score of 897.50 (17 unrouted), using 5920.90 CPU seconds and 126532 MB memory.
2026-09-12 18:10:26.386 INFO   [671444\548EEF] Auto-router pass #388 on board '51ab4b970fb10d7d451c0f5052aeff80' was completed in 0.36 seconds with the score of 897.50 (17 unrouted), using 5920.90 CPU seconds and 126532 MB memory.
2026-09-12 18:10:26.733 INFO   [671444\548EEF] Auto-router pass #389 on board '51ab4b970fb10d7d451c0f5052aeff80' was completed in 0.34 seconds with the score of 897.50 (17 unrouted), using 6029.79 CPU seconds and 127476 MB memory.
2026-09-12 18:10:27.072 INFO   [671444\548EEF] Auto-router pass #390 on board '51ab4b970fb10d7d451c0f5052aeff80' was completed in 0.33 seconds with the score of 897.50 (17 unrouted), using 6029.79 CPU seconds and 127476 MB memory.
2026-09-12 18:10:27.388 INFO   [671444\548EEF] Auto-router pass #391 on board '51ab4b970fb10d7d451c0f5052aeff80' was completed in 0.31 seconds with the score of 897.50 (17 unrouted), using 6029.79 CPU seconds and 127476 MB memory.
2026-09-12 18:10:27.732 INFO   [671444\548EEF] Auto-router pass #392 on board '51ab4b970fb10d7d451c0f5052aeff80' was completed in 0.34 seconds with the score of 897.50 (17 unrouted), using 6139.68 CPU seconds and 128436 MB memory.
2026-09-12 18:10:28.049 INFO   [671444\548EEF] Auto-router pass #393 on board '51ab4b970fb10d7d451c0f5052aeff80' was completed in 0.31 seconds with the score of 897.50 (17 unrouted), using 6139.68 CPU seconds and 128436 MB memory.
2026-09-12 18:10:28.375 INFO   [671444\548EEF] Auto-router pass #394 on board '51ab4b970fb10d7d451c0f5052aeff80' was completed in 0.32 seconds with the score of 897.50 (17 unrouted), using 6139.68 CPU seconds and 128436 MB memory.
2026-09-12 18:10:28.719 INFO   [671444\548EEF] Auto-router pass #395 on board '51ab4b970fb10d7d451c0f5052aeff80' was completed in 0.34 seconds with the score of 897.50 (17 unrouted), using 6250.56 CPU seconds and 129440 MB memory.
2026-09-12 18:10:29.079 INFO   [671444\548EEF] Auto-router pass #396 on board '51ab4b970fb10d7d451c0f5052aeff80' was completed in 0.35 seconds with the score of 897.50 (17 unrouted), using 6250.56 CPU seconds and 129440 MB memory.
2026-09-12 18:10:29.377 INFO   [671444\548EEF] Auto-router pass #397 on board '51ab4b970fb10d7d451c0f5052aeff80' was completed in 0.29 seconds with the score of 897.50 (17 unrouted), using 6250.56 CPU seconds and 129440 MB memory.
2026-09-12 18:10:29.630 INFO   [671444\548EEF] Auto-router pass #398 on board '51ab4b970fb10d7d451c0f5052aeff80' was completed in 0.25 seconds with the score of 897.50 (17 unrouted), using 6362.44 CPU seconds and 130458 MB memory.
2026-09-12 18:10:29.927 INFO   [671444\548EEF] Auto-router pass #399 on board '51ab4b970fb10d7d451c0f5052aeff80' was completed in 0.29 seconds with the score of 897.50 (17 unrouted), using 6362.44 CPU seconds and 130458 MB memory.
2026-09-12 18:10:30.261 INFO   [671444\548EEF] Auto-router pass #400 on board '51ab4b970fb10d7d451c0f5052aeff80' was completed in 0.33 seconds with the score of 897.50 (17 unrouted), using 6362.44 CPU seconds and 130458 MB memory.
2026-09-12 18:10:30.574 INFO   [671444\548EEF] Auto-router pass #401 on board '51ab4b970fb10d7d451c0f5052aeff80' was completed in 0.31 seconds with the score of 897.50 (17 unrouted), using 6475.30 CPU seconds and 131524 MB memory.
2026-09-12 18:10:30.872 INFO   [671444\548EEF] Auto-router pass #402 on board '51ab4b970fb10d7d451c0f5052aeff80' was completed in 0.29 seconds with the score of 897.50 (17 unrouted), using 6475.30 CPU seconds and 131524 MB memory.
2026-09-12 18:10:31.173 INFO   [671444\548EEF] Auto-router pass #403 on board '51ab4b970fb10d7d451c0f5052aeff80' was completed in 0.30 seconds with the score of 897.50 (17 unrouted), using 6475.30 CPU seconds and 131524 MB memory.
2026-09-12 18:10:31.508 INFO   [671444\548EEF] Auto-router pass #404 on board '51ab4b970fb10d7d451c0f5052aeff80' was completed in 0.33 seconds with the score of 897.50 (17 unrouted), using 6589.17 CPU seconds and 132574 MB memory.
2026-09-12 18:10:31.818 INFO   [671444\548EEF] Auto-router pass #405 on board '51ab4b970fb10d7d451c0f5052aeff80' was completed in 0.31 seconds with the score of 897.50 (17 unrouted), using 6589.17 CPU seconds and 132574 MB memory.
2026-09-12 18:10:32.147 INFO   [671444\548EEF] Auto-router pass #406 on board '51ab4b970fb10d7d451c0f5052aeff80' was completed in 0.32 seconds with the score of 897.50 (17 unrouted), using 6589.17 CPU seconds and 132574 MB memory.
2026-09-12 18:10:32.461 INFO   [671444\548EEF] Auto-router pass #407 on board '51ab4b970fb10d7d451c0f5052aeff80' was completed in 0.31 seconds with the score of 897.50 (17 unrouted), using 6589.17 CPU seconds and 132574 MB memory.
2026-09-12 18:10:32.808 INFO   [671444\548EEF] Auto-router pass #408 on board '51ab4b970fb10d7d451c0f5052aeff80' was completed in 0.34 seconds with the score of 897.50 (17 unrouted), using 6704.02 CPU seconds and 133578 MB memory.
2026-09-12 18:10:33.123 INFO   [671444\548EEF] Auto-router pass #409 on board '51ab4b970fb10d7d451c0f5052aeff80' was completed in 0.31 seconds with the score of 897.50 (17 unrouted), using 6704.02 CPU seconds and 133578 MB memory.
2026-09-12 18:10:33.436 INFO   [671444\548EEF] Auto-router pass #410 on board '51ab4b970fb10d7d451c0f5052aeff80' was completed in 0.31 seconds with the score of 897.50 (17 unrouted), using 6704.02 CPU seconds and 133578 MB memory.
2026-09-12 18:10:33.752 INFO   [671444\548EEF] Auto-router pass #411 on board '51ab4b970fb10d7d451c0f5052aeff80' was completed in 0.31 seconds with the score of 897.50 (17 unrouted), using 6819.88 CPU seconds and 134588 MB memory.
2026-09-12 18:10:34.094 INFO   [671444\548EEF] Auto-router pass #412 on board '51ab4b970fb10d7d451c0f5052aeff80' was completed in 0.34 seconds with the score of 897.50 (17 unrouted), using 6819.88 CPU seconds and 134588 MB memory.
2026-09-12 18:10:34.419 INFO   [671444\548EEF] Auto-router pass #413 on board '51ab4b970fb10d7d451c0f5052aeff80' was completed in 0.32 seconds with the score of 897.50 (17 unrouted), using 6819.88 CPU seconds and 134588 MB memory.
2026-09-12 18:10:34.758 INFO   [671444\548EEF] Auto-router pass #414 on board '51ab4b970fb10d7d451c0f5052aeff80' was completed in 0.33 seconds with the score of 897.50 (17 unrouted), using 6936.72 CPU seconds and 135582 MB memory.
2026-09-12 18:10:35.088 INFO   [671444\548EEF] Auto-router pass #415 on board '51ab4b970fb10d7d451c0f5052aeff80' was completed in 0.33 seconds with the score of 897.50 (17 unrouted), using 6936.72 CPU seconds and 135582 MB memory.
2026-09-12 18:10:35.445 INFO   [671444\548EEF] Auto-router pass #416 on board '51ab4b970fb10d7d451c0f5052aeff80' was completed in 0.35 seconds with the score of 897.50 (17 unrouted), using 6936.72 CPU seconds and 135582 MB memory.
2026-09-12 18:10:35.779 INFO   [671444\548EEF] Auto-router pass #417 on board '51ab4b970fb10d7d451c0f5052aeff80' was completed in 0.33 seconds with the score of 897.50 (17 unrouted), using 7054.56 CPU seconds and 136542 MB memory.
2026-09-12 18:10:36.109 INFO   [671444\548EEF] Auto-router pass #418 on board '51ab4b970fb10d7d451c0f5052aeff80' was completed in 0.33 seconds with the score of 897.50 (17 unrouted), using 7054.56 CPU seconds and 136542 MB memory.
2026-09-12 18:10:36.421 INFO   [671444\548EEF] Auto-router pass #419 on board '51ab4b970fb10d7d451c0f5052aeff80' was completed in 0.31 seconds with the score of 897.50 (17 unrouted), using 7054.56 CPU seconds and 136542 MB memory.
2026-09-12 18:10:36.747 INFO   [671444\548EEF] Auto-router pass #420 on board '51ab4b970fb10d7d451c0f5052aeff80' was completed in 0.32 seconds with the score of 897.50 (17 unrouted), using 7173.39 CPU seconds and 137535 MB memory.
2026-09-12 18:10:37.058 INFO   [671444\548EEF] Auto-router pass #421 on board '51ab4b970fb10d7d451c0f5052aeff80' was completed in 0.31 seconds with the score of 897.50 (17 unrouted), using 7173.39 CPU seconds and 137535 MB memory.
2026-09-12 18:10:37.365 INFO   [671444\548EEF] Auto-router pass #422 on board '51ab4b970fb10d7d451c0f5052aeff80' was completed in 0.30 seconds with the score of 897.50 (17 unrouted), using 7173.39 CPU seconds and 137535 MB memory.
2026-09-12 18:10:37.694 INFO   [671444\548EEF] Auto-router pass #423 on board '51ab4b970fb10d7d451c0f5052aeff80' was completed in 0.32 seconds with the score of 897.50 (17 unrouted), using 7293.22 CPU seconds and 138566 MB memory.
2026-09-12 18:10:38.046 INFO   [671444\548EEF] Auto-router pass #424 on board '51ab4b970fb10d7d451c0f5052aeff80' was completed in 0.35 seconds with the score of 897.50 (17 unrouted), using 7293.22 CPU seconds and 138566 MB memory.
2026-09-12 18:10:38.375 INFO   [671444\548EEF] Auto-router pass #425 on board '51ab4b970fb10d7d451c0f5052aeff80' was completed in 0.32 seconds with the score of 897.50 (17 unrouted), using 7293.22 CPU seconds and 138566 MB memory.
2026-09-12 18:10:38.682 INFO   [671444\548EEF] Auto-router pass #426 on board '51ab4b970fb10d7d451c0f5052aeff80' was completed in 0.30 seconds with the score of 897.50 (17 unrouted), using 7414.04 CPU seconds and 139542 MB memory.
2026-09-12 18:10:38.985 INFO   [671444\548EEF] Auto-router pass #427 on board '51ab4b970fb10d7d451c0f5052aeff80' was completed in 0.30 seconds with the score of 897.50 (17 unrouted), using 7414.04 CPU seconds and 139542 MB memory.
2026-09-12 18:10:39.334 INFO   [671444\548EEF] Auto-router pass #428 on board '51ab4b970fb10d7d451c0f5052aeff80' was completed in 0.34 seconds with the score of 897.50 (17 unrouted), using 7414.04 CPU seconds and 139542 MB memory.
2026-09-12 18:10:39.661 INFO   [671444\548EEF] Auto-router pass #429 on board '51ab4b970fb10d7d451c0f5052aeff80' was completed in 0.32 seconds with the score of 897.50 (17 unrouted), using 7535.85 CPU seconds and 140554 MB memory.
2026-09-12 18:10:40.000 INFO   [671444\548EEF] Auto-router pass #430 on board '51ab4b970fb10d7d451c0f5052aeff80' was completed in 0.33 seconds with the score of 897.50 (17 unrouted), using 7535.85 CPU seconds and 140554 MB memory.
2026-09-12 18:10:40.327 INFO   [671444\548EEF] Auto-router pass #431 on board '51ab4b970fb10d7d451c0f5052aeff80' was completed in 0.32 seconds with the score of 897.50 (17 unrouted), using 7535.85 CPU seconds and 140554 MB memory.
2026-09-12 18:10:40.678 INFO   [671444\548EEF] Auto-router pass #432 on board '51ab4b970fb10d7d451c0f5052aeff80' was completed in 0.35 seconds with the score of 897.50 (17 unrouted), using 7658.66 CPU seconds and 141524 MB memory.
2026-09-12 18:10:40.998 INFO   [671444\548EEF] Auto-router pass #433 on board '51ab4b970fb10d7d451c0f5052aeff80' was completed in 0.32 seconds with the score of 897.50 (17 unrouted), using 7658.66 CPU seconds and 141524 MB memory.
2026-09-12 18:10:41.318 INFO   [671444\548EEF] Auto-router pass #434 on board '51ab4b970fb10d7d451c0f5052aeff80' was completed in 0.32 seconds with the score of 897.50 (17 unrouted), using 7658.66 CPU seconds and 141524 MB memory.
2026-09-12 18:10:41.622 INFO   [671444\548EEF] Auto-router pass #435 on board '51ab4b970fb10d7d451c0f5052aeff80' was completed in 0.30 seconds with the score of 897.50 (17 unrouted), using 7782.45 CPU seconds and 142534 MB memory.
2026-09-12 18:10:41.943 INFO   [671444\548EEF] Auto-router pass #436 on board '51ab4b970fb10d7d451c0f5052aeff80' was completed in 0.32 seconds with the score of 897.50 (17 unrouted), using 7782.45 CPU seconds and 142534 MB memory.
2026-09-12 18:10:42.283 INFO   [671444\548EEF] Auto-router pass #437 on board '51ab4b970fb10d7d451c0f5052aeff80' was completed in 0.34 seconds with the score of 897.50 (17 unrouted), using 7782.45 CPU seconds and 142534 MB memory.
2026-09-12 18:10:42.638 INFO   [671444\548EEF] Auto-router pass #438 on board '51ab4b970fb10d7d451c0f5052aeff80' was completed in 0.35 seconds with the score of 897.50 (17 unrouted), using 7907.24 CPU seconds and 143516 MB memory.
2026-09-12 18:10:42.964 INFO   [671444\548EEF] Auto-router pass #439 on board '51ab4b970fb10d7d451c0f5052aeff80' was completed in 0.32 seconds with the score of 897.50 (17 unrouted), using 7907.24 CPU seconds and 143516 MB memory.
2026-09-12 18:10:43.306 INFO   [671444\548EEF] Auto-router pass #440 on board '51ab4b970fb10d7d451c0f5052aeff80' was completed in 0.34 seconds with the score of 897.50 (17 unrouted), using 7907.24 CPU seconds and 143516 MB memory.
2026-09-12 18:10:43.633 INFO   [671444\548EEF] Auto-router pass #441 on board '51ab4b970fb10d7d451c0f5052aeff80' was completed in 0.32 seconds with the score of 897.50 (17 unrouted), using 8033.02 CPU seconds and 144498 MB memory.
2026-09-12 18:10:43.978 INFO   [671444\548EEF] Auto-router pass #442 on board '51ab4b970fb10d7d451c0f5052aeff80' was completed in 0.34 seconds with the score of 897.50 (17 unrouted), using 8033.02 CPU seconds and 144498 MB memory.
2026-09-12 18:10:44.321 INFO   [671444\548EEF] Auto-router pass #443 on board '51ab4b970fb10d7d451c0f5052aeff80' was completed in 0.34 seconds with the score of 897.50 (17 unrouted), using 8033.02 CPU seconds and 144498 MB memory.
2026-09-12 18:10:44.694 INFO   [671444\548EEF] Auto-router pass #444 on board '51ab4b970fb10d7d451c0f5052aeff80' was completed in 0.37 seconds with the score of 897.50 (17 unrouted), using 8159.80 CPU seconds and 145435 MB memory.
2026-09-12 18:10:45.043 INFO   [671444\548EEF] Auto-router pass #445 on board '51ab4b970fb10d7d451c0f5052aeff80' was completed in 0.34 seconds with the score of 897.50 (17 unrouted), using 8159.80 CPU seconds and 145435 MB memory.
2026-09-12 18:10:45.370 INFO   [671444\548EEF] Auto-router pass #446 on board '51ab4b970fb10d7d451c0f5052aeff80' was completed in 0.32 seconds with the score of 897.50 (17 unrouted), using 8159.80 CPU seconds and 145435 MB memory.
2026-09-12 18:10:45.683 INFO   [671444\548EEF] Auto-router pass #447 on board '51ab4b970fb10d7d451c0f5052aeff80' was completed in 0.31 seconds with the score of 897.50 (17 unrouted), using 8287.57 CPU seconds and 146389 MB memory.
2026-09-12 18:10:46.034 INFO   [671444\548EEF] Auto-router pass #448 on board '51ab4b970fb10d7d451c0f5052aeff80' was completed in 0.35 seconds with the score of 897.50 (17 unrouted), using 8287.57 CPU seconds and 146389 MB memory.
2026-09-12 18:10:46.383 INFO   [671444\548EEF] Auto-router pass #449 on board '51ab4b970fb10d7d451c0f5052aeff80' was completed in 0.34 seconds with the score of 897.50 (17 unrouted), using 8287.57 CPU seconds and 146389 MB memory.
2026-09-12 18:10:46.734 INFO   [671444\548EEF] Auto-router pass #450 on board '51ab4b970fb10d7d451c0f5052aeff80' was completed in 0.35 seconds with the score of 897.50 (17 unrouted), using 8416.33 CPU seconds and 147337 MB memory.
2026-09-12 18:10:47.089 INFO   [671444\548EEF] Auto-router pass #451 on board '51ab4b970fb10d7d451c0f5052aeff80' was completed in 0.35 seconds with the score of 897.50 (17 unrouted), using 8416.33 CPU seconds and 147337 MB memory.
2026-09-12 18:10:47.457 INFO   [671444\548EEF] Auto-router pass #452 on board '51ab4b970fb10d7d451c0f5052aeff80' was completed in 0.36 seconds with the score of 897.50 (17 unrouted), using 8416.33 CPU seconds and 147337 MB memory.
2026-09-12 18:10:47.803 INFO   [671444\548EEF] Auto-router pass #453 on board '51ab4b970fb10d7d451c0f5052aeff80' was completed in 0.34 seconds with the score of 897.50 (17 unrouted), using 8546.09 CPU seconds and 148256 MB memory.
2026-09-12 18:10:48.121 INFO   [671444\548EEF] Auto-router pass #454 on board '51ab4b970fb10d7d451c0f5052aeff80' was completed in 0.31 seconds with the score of 897.50 (17 unrouted), using 8546.09 CPU seconds and 148256 MB memory.
2026-09-12 18:10:48.455 INFO   [671444\548EEF] Auto-router pass #455 on board '51ab4b970fb10d7d451c0f5052aeff80' was completed in 0.33 seconds with the score of 897.50 (17 unrouted), using 8546.09 CPU seconds and 148256 MB memory.
2026-09-12 18:10:48.800 INFO   [671444\548EEF] Auto-router pass #456 on board '51ab4b970fb10d7d451c0f5052aeff80' was completed in 0.34 seconds with the score of 897.50 (17 unrouted), using 8676.84 CPU seconds and 149221 MB memory.
2026-09-12 18:10:49.092 INFO   [671444\548EEF] Auto-router pass #457 on board '51ab4b970fb10d7d451c0f5052aeff80' was completed in 0.29 seconds with the score of 897.50 (17 unrouted), using 8676.84 CPU seconds and 149221 MB memory.
2026-09-12 18:10:49.420 INFO   [671444\548EEF] Auto-router pass #458 on board '51ab4b970fb10d7d451c0f5052aeff80' was completed in 0.33 seconds with the score of 897.50 (17 unrouted), using 8676.84 CPU seconds and 149221 MB memory.
2026-09-12 18:10:49.762 INFO   [671444\548EEF] Auto-router pass #459 on board '51ab4b970fb10d7d451c0f5052aeff80' was completed in 0.34 seconds with the score of 897.50 (17 unrouted), using 8808.59 CPU seconds and 150235 MB memory.
2026-09-12 18:10:50.120 INFO   [671444\548EEF] Auto-router pass #460 on board '51ab4b970fb10d7d451c0f5052aeff80' was completed in 0.35 seconds with the score of 897.50 (17 unrouted), using 8808.59 CPU seconds and 150235 MB memory.
2026-09-12 18:10:50.441 INFO   [671444\548EEF] Auto-router pass #461 on board '51ab4b970fb10d7d451c0f5052aeff80' was completed in 0.31 seconds with the score of 897.50 (17 unrouted), using 8808.59 CPU seconds and 150235 MB memory.
2026-09-12 18:10:50.768 INFO   [671444\548EEF] Auto-router pass #462 on board '51ab4b970fb10d7d451c0f5052aeff80' was completed in 0.32 seconds with the score of 897.50 (17 unrouted), using 8941.33 CPU seconds and 151196 MB memory.
2026-09-12 18:10:51.094 INFO   [671444\548EEF] Auto-router pass #463 on board '51ab4b970fb10d7d451c0f5052aeff80' was completed in 0.32 seconds with the score of 897.50 (17 unrouted), using 8941.33 CPU seconds and 151196 MB memory.
2026-09-12 18:10:51.440 INFO   [671444\548EEF] Auto-router pass #464 on board '51ab4b970fb10d7d451c0f5052aeff80' was completed in 0.34 seconds with the score of 897.50 (17 unrouted), using 8941.33 CPU seconds and 151196 MB memory.
2026-09-12 18:10:51.754 INFO   [671444\548EEF] Auto-router pass #465 on board '51ab4b970fb10d7d451c0f5052aeff80' was completed in 0.31 seconds with the score of 897.50 (17 unrouted), using 9075.06 CPU seconds and 152189 MB memory.
2026-09-12 18:10:52.069 INFO   [671444\548EEF] Auto-router pass #466 on board '51ab4b970fb10d7d451c0f5052aeff80' was completed in 0.31 seconds with the score of 897.50 (17 unrouted), using 9075.06 CPU seconds and 152189 MB memory.
2026-09-12 18:10:52.383 INFO   [671444\548EEF] Auto-router pass #467 on board '51ab4b970fb10d7d451c0f5052aeff80' was completed in 0.31 seconds with the score of 897.50 (17 unrouted), using 9075.06 CPU seconds and 152189 MB memory.
2026-09-12 18:10:52.728 INFO   [671444\548EEF] Auto-router pass #468 on board '51ab4b970fb10d7d451c0f5052aeff80' was completed in 0.34 seconds with the score of 897.50 (17 unrouted), using 9209.79 CPU seconds and 153210 MB memory.
2026-09-12 18:10:53.066 INFO   [671444\548EEF] Auto-router pass #469 on board '51ab4b970fb10d7d451c0f5052aeff80' was completed in 0.33 seconds with the score of 897.50 (17 unrouted), using 9209.79 CPU seconds and 153210 MB memory.
2026-09-12 18:10:53.412 INFO   [671444\548EEF] Auto-router pass #470 on board '51ab4b970fb10d7d451c0f5052aeff80' was completed in 0.34 seconds with the score of 897.50 (17 unrouted), using 9209.79 CPU seconds and 153210 MB memory.
2026-09-12 18:10:53.763 INFO   [671444\548EEF] Auto-router pass #471 on board '51ab4b970fb10d7d451c0f5052aeff80' was completed in 0.35 seconds with the score of 897.50 (17 unrouted), using 9345.51 CPU seconds and 154151 MB memory.
2026-09-12 18:10:54.156 INFO   [671444\548EEF] Auto-router pass #472 on board '51ab4b970fb10d7d451c0f5052aeff80' was completed in 0.39 seconds with the score of 897.50 (17 unrouted), using 9345.51 CPU seconds and 154151 MB memory.
2026-09-12 18:10:54.513 INFO   [671444\548EEF] Auto-router pass #473 on board '51ab4b970fb10d7d451c0f5052aeff80' was completed in 0.35 seconds with the score of 897.50 (17 unrouted), using 9482.21 CPU seconds and 155041 MB memory.
2026-09-12 18:10:54.864 INFO   [671444\548EEF] Auto-router pass #474 on board '51ab4b970fb10d7d451c0f5052aeff80' was completed in 0.35 seconds with the score of 897.50 (17 unrouted), using 9482.21 CPU seconds and 155041 MB memory.
2026-09-12 18:10:55.114 INFO   [671444\548EEF] Auto-router pass #475 on board '51ab4b970fb10d7d451c0f5052aeff80' was completed in 0.25 seconds with the score of 897.50 (17 unrouted), using 9482.21 CPU seconds and 155041 MB memory.
2026-09-12 18:10:55.428 INFO   [671444\548EEF] Auto-router pass #476 on board '51ab4b970fb10d7d451c0f5052aeff80' was completed in 0.31 seconds with the score of 897.50 (17 unrouted), using 9482.21 CPU seconds and 155041 MB memory.
2026-09-12 18:10:55.724 INFO   [671444\548EEF] Auto-router pass #477 on board '51ab4b970fb10d7d451c0f5052aeff80' was completed in 0.29 seconds with the score of 897.50 (17 unrouted), using 9619.91 CPU seconds and 156107 MB memory.
2026-09-12 18:10:56.013 INFO   [671444\548EEF] Auto-router pass #478 on board '51ab4b970fb10d7d451c0f5052aeff80' was completed in 0.28 seconds with the score of 897.50 (17 unrouted), using 9619.91 CPU seconds and 156107 MB memory.
2026-09-12 18:10:56.316 INFO   [671444\548EEF] Auto-router pass #479 on board '51ab4b970fb10d7d451c0f5052aeff80' was completed in 0.30 seconds with the score of 897.50 (17 unrouted), using 9619.91 CPU seconds and 156107 MB memory.
2026-09-12 18:10:56.633 INFO   [671444\548EEF] Auto-router pass #480 on board '51ab4b970fb10d7d451c0f5052aeff80' was completed in 0.31 seconds with the score of 897.50 (17 unrouted), using 9758.60 CPU seconds and 157193 MB memory.
2026-09-12 18:10:56.948 INFO   [671444\548EEF] Auto-router pass #481 on board '51ab4b970fb10d7d451c0f5052aeff80' was completed in 0.31 seconds with the score of 897.50 (17 unrouted), using 9758.60 CPU seconds and 157193 MB memory.
2026-09-12 18:10:57.258 INFO   [671444\548EEF] Auto-router pass #482 on board '51ab4b970fb10d7d451c0f5052aeff80' was completed in 0.30 seconds with the score of 897.50 (17 unrouted), using 9758.60 CPU seconds and 157193 MB memory.
2026-09-12 18:10:57.557 INFO   [671444\548EEF] Auto-router pass #483 on board '51ab4b970fb10d7d451c0f5052aeff80' was completed in 0.30 seconds with the score of 897.50 (17 unrouted), using 9898.28 CPU seconds and 158238 MB memory.
2026-09-12 18:10:57.886 INFO   [671444\548EEF] Auto-router pass #484 on board '51ab4b970fb10d7d451c0f5052aeff80' was completed in 0.33 seconds with the score of 897.50 (17 unrouted), using 9898.28 CPU seconds and 158238 MB memory.
2026-09-12 18:10:58.189 INFO   [671444\548EEF] Auto-router pass #485 on board '51ab4b970fb10d7d451c0f5052aeff80' was completed in 0.30 seconds with the score of 897.50 (17 unrouted), using 9898.28 CPU seconds and 158238 MB memory.
2026-09-12 18:10:58.515 INFO   [671444\548EEF] Auto-router pass #486 on board '51ab4b970fb10d7d451c0f5052aeff80' was completed in 0.32 seconds with the score of 897.50 (17 unrouted), using 10038.96 CPU seconds and 159265 MB memory.
2026-09-12 18:10:58.849 INFO   [671444\548EEF] Auto-router pass #487 on board '51ab4b970fb10d7d451c0f5052aeff80' was completed in 0.33 seconds with the score of 897.50 (17 unrouted), using 10038.96 CPU seconds and 159265 MB memory.
2026-09-12 18:10:59.215 INFO   [671444\548EEF] Auto-router pass #488 on board '51ab4b970fb10d7d451c0f5052aeff80' was completed in 0.36 seconds with the score of 897.50 (17 unrouted), using 10038.96 CPU seconds and 159265 MB memory.
2026-09-12 18:10:59.540 INFO   [671444\548EEF] Auto-router pass #489 on board '51ab4b970fb10d7d451c0f5052aeff80' was completed in 0.32 seconds with the score of 897.50 (17 unrouted), using 10180.63 CPU seconds and 160226 MB memory.
2026-09-12 18:10:59.866 INFO   [671444\548EEF] Auto-router pass #490 on board '51ab4b970fb10d7d451c0f5052aeff80' was completed in 0.32 seconds with the score of 897.50 (17 unrouted), using 10180.63 CPU seconds and 160226 MB memory.
2026-09-12 18:11:00.191 INFO   [671444\548EEF] Auto-router pass #491 on board '51ab4b970fb10d7d451c0f5052aeff80' was completed in 0.32 seconds with the score of 897.50 (17 unrouted), using 10180.63 CPU seconds and 160226 MB memory.
2026-09-12 18:11:00.543 INFO   [671444\548EEF] Auto-router pass #492 on board '51ab4b970fb10d7d451c0f5052aeff80' was completed in 0.35 seconds with the score of 897.50 (17 unrouted), using 10323.29 CPU seconds and 161209 MB memory.
2026-09-12 18:11:00.858 INFO   [671444\548EEF] Auto-router pass #493 on board '51ab4b970fb10d7d451c0f5052aeff80' was completed in 0.31 seconds with the score of 897.50 (17 unrouted), using 10323.29 CPU seconds and 161209 MB memory.
2026-09-12 18:11:01.180 INFO   [671444\548EEF] Auto-router pass #494 on board '51ab4b970fb10d7d451c0f5052aeff80' was completed in 0.32 seconds with the score of 897.50 (17 unrouted), using 10323.29 CPU seconds and 161209 MB memory.
2026-09-12 18:11:01.512 INFO   [671444\548EEF] Auto-router pass #495 on board '51ab4b970fb10d7d451c0f5052aeff80' was completed in 0.33 seconds with the score of 897.50 (17 unrouted), using 10466.95 CPU seconds and 162198 MB memory.
2026-09-12 18:11:01.869 INFO   [671444\548EEF] Auto-router pass #496 on board '51ab4b970fb10d7d451c0f5052aeff80' was completed in 0.35 seconds with the score of 897.50 (17 unrouted), using 10466.95 CPU seconds and 162198 MB memory.
2026-09-12 18:11:02.223 INFO   [671444\548EEF] Auto-router pass #497 on board '51ab4b970fb10d7d451c0f5052aeff80' was completed in 0.35 seconds with the score of 897.50 (17 unrouted), using 10466.95 CPU seconds and 162198 MB memory.
2026-09-12 18:11:02.560 INFO   [671444\548EEF] Auto-router pass #498 on board '51ab4b970fb10d7d451c0f5052aeff80' was completed in 0.33 seconds with the score of 897.50 (17 unrouted), using 10611.60 CPU seconds and 163129 MB memory.
2026-09-12 18:11:02.891 INFO   [671444\548EEF] Auto-router pass #499 on board '51ab4b970fb10d7d451c0f5052aeff80' was completed in 0.33 seconds with the score of 897.50 (17 unrouted), using 10611.60 CPU seconds and 163129 MB memory.
2026-09-12 18:11:03.242 INFO   [671444\548EEF] Auto-router pass #500 on board '51ab4b970fb10d7d451c0f5052aeff80' was completed in 0.35 seconds with the score of 897.50 (17 unrouted), using 10611.60 CPU seconds and 163129 MB memory.
2026-09-12 18:11:03.576 INFO   [671444\548EEF] Auto-router pass #501 on board '51ab4b970fb10d7d451c0f5052aeff80' was completed in 0.33 seconds with the score of 897.50 (17 unrouted), using 10757.24 CPU seconds and 164096 MB memory.
2026-09-12 18:11:03.895 INFO   [671444\548EEF] Auto-router pass #502 on board '51ab4b970fb10d7d451c0f5052aeff80' was completed in 0.32 seconds with the score of 897.50 (17 unrouted), using 10757.24 CPU seconds and 164096 MB memory.
2026-09-12 18:11:04.207 INFO   [671444\548EEF] Auto-router pass #503 on board '51ab4b970fb10d7d451c0f5052aeff80' was completed in 0.31 seconds with the score of 897.50 (17 unrouted), using 10757.24 CPU seconds and 164096 MB memory.
2026-09-12 18:11:04.532 INFO   [671444\548EEF] Auto-router pass #504 on board '51ab4b970fb10d7d451c0f5052aeff80' was completed in 0.32 seconds with the score of 897.50 (17 unrouted), using 10903.87 CPU seconds and 165124 MB memory.
2026-09-12 18:11:04.866 INFO   [671444\548EEF] Auto-router pass #505 on board '51ab4b970fb10d7d451c0f5052aeff80' was completed in 0.33 seconds with the score of 897.50 (17 unrouted), using 10903.87 CPU seconds and 165124 MB memory.
2026-09-12 18:11:05.193 INFO   [671444\548EEF] Auto-router pass #506 on board '51ab4b970fb10d7d451c0f5052aeff80' was completed in 0.32 seconds with the score of 897.50 (17 unrouted), using 10903.87 CPU seconds and 165124 MB memory.
2026-09-12 18:11:05.500 INFO   [671444\548EEF] Auto-router pass #507 on board '51ab4b970fb10d7d451c0f5052aeff80' was completed in 0.30 seconds with the score of 897.50 (17 unrouted), using 10903.87 CPU seconds and 165124 MB memory.
2026-09-12 18:11:05.898 INFO   [671444\548EEF] Auto-router pass #508 on board '51ab4b970fb10d7d451c0f5052aeff80' was completed in 0.39 seconds with the score of 897.50 (17 unrouted), using 11051.49 CPU seconds and 166116 MB memory.
2026-09-12 18:11:06.241 INFO   [671444\548EEF] Auto-router pass #509 on board '51ab4b970fb10d7d451c0f5052aeff80' was completed in 0.34 seconds with the score of 897.50 (17 unrouted), using 11051.49 CPU seconds and 166116 MB memory.
2026-09-12 18:11:06.575 INFO   [671444\548EEF] Auto-router pass #510 on board '51ab4b970fb10d7d451c0f5052aeff80' was completed in 0.33 seconds with the score of 897.50 (17 unrouted), using 11200.11 CPU seconds and 167027 MB memory.
2026-09-12 18:11:06.911 INFO   [671444\548EEF] Auto-router pass #511 on board '51ab4b970fb10d7d451c0f5052aeff80' was completed in 0.33 seconds with the score of 897.50 (17 unrouted), using 11200.11 CPU seconds and 167027 MB memory.
2026-09-12 18:11:07.256 INFO   [671444\548EEF] Auto-router pass #512 on board '51ab4b970fb10d7d451c0f5052aeff80' was completed in 0.34 seconds with the score of 897.50 (17 unrouted), using 11200.11 CPU seconds and 167027 MB memory.
2026-09-12 18:11:07.595 INFO   [671444\548EEF] Auto-router pass #513 on board '51ab4b970fb10d7d451c0f5052aeff80' was completed in 0.33 seconds with the score of 897.50 (17 unrouted), using 11349.72 CPU seconds and 167999 MB memory.
2026-09-12 18:11:07.940 INFO   [671444\548EEF] Auto-router pass #514 on board '51ab4b970fb10d7d451c0f5052aeff80' was completed in 0.34 seconds with the score of 897.50 (17 unrouted), using 11349.72 CPU seconds and 167999 MB memory.
2026-09-12 18:11:08.293 INFO   [671444\548EEF] Auto-router pass #515 on board '51ab4b970fb10d7d451c0f5052aeff80' was completed in 0.35 seconds with the score of 897.50 (17 unrouted), using 11349.72 CPU seconds and 167999 MB memory.
2026-09-12 18:11:08.677 INFO   [671444\548EEF] Auto-router pass #516 on board '51ab4b970fb10d7d451c0f5052aeff80' was completed in 0.38 seconds with the score of 897.50 (17 unrouted), using 11500.32 CPU seconds and 168901 MB memory.
2026-09-12 18:11:09.022 INFO   [671444\548EEF] Auto-router pass #517 on board '51ab4b970fb10d7d451c0f5052aeff80' was completed in 0.34 seconds with the score of 897.50 (17 unrouted), using 11500.32 CPU seconds and 168901 MB memory.
2026-09-12 18:11:09.372 INFO   [671444\548EEF] Auto-router pass #518 on board '51ab4b970fb10d7d451c0f5052aeff80' was completed in 0.35 seconds with the score of 897.50 (17 unrouted), using 11500.32 CPU seconds and 168901 MB memory.
2026-09-12 18:11:09.725 INFO   [671444\548EEF] Auto-router pass #519 on board '51ab4b970fb10d7d451c0f5052aeff80' was completed in 0.35 seconds with the score of 897.50 (17 unrouted), using 11651.91 CPU seconds and 169820 MB memory.
2026-09-12 18:11:10.099 INFO   [671444\548EEF] Auto-router pass #520 on board '51ab4b970fb10d7d451c0f5052aeff80' was completed in 0.37 seconds with the score of 897.50 (17 unrouted), using 11651.91 CPU seconds and 169820 MB memory.
2026-09-12 18:11:10.403 INFO   [671444\548EEF] Auto-router pass #521 on board '51ab4b970fb10d7d451c0f5052aeff80' was completed in 0.30 seconds with the score of 897.50 (17 unrouted), using 11651.91 CPU seconds and 169820 MB memory.
2026-09-12 18:11:10.728 INFO   [671444\548EEF] Auto-router pass #522 on board '51ab4b970fb10d7d451c0f5052aeff80' was completed in 0.32 seconds with the score of 897.50 (17 unrouted), using 11804.50 CPU seconds and 170785 MB memory.
2026-09-12 18:11:11.062 INFO   [671444\548EEF] Auto-router pass #523 on board '51ab4b970fb10d7d451c0f5052aeff80' was completed in 0.33 seconds with the score of 897.50 (17 unrouted), using 11804.50 CPU seconds and 170785 MB memory.
2026-09-12 18:11:11.428 INFO   [671444\548EEF] Auto-router pass #524 on board '51ab4b970fb10d7d451c0f5052aeff80' was completed in 0.36 seconds with the score of 897.50 (17 unrouted), using 11804.50 CPU seconds and 170785 MB memory.
2026-09-12 18:11:11.764 INFO   [671444\548EEF] Auto-router pass #525 on board '51ab4b970fb10d7d451c0f5052aeff80' was completed in 0.33 seconds with the score of 897.50 (17 unrouted), using 11958.07 CPU seconds and 171741 MB memory.
2026-09-12 18:11:12.101 INFO   [671444\548EEF] Auto-router pass #526 on board '51ab4b970fb10d7d451c0f5052aeff80' was completed in 0.33 seconds with the score of 897.50 (17 unrouted), using 11958.07 CPU seconds and 171741 MB memory.
2026-09-12 18:11:12.431 INFO   [671444\548EEF] Auto-router pass #527 on board '51ab4b970fb10d7d451c0f5052aeff80' was completed in 0.33 seconds with the score of 897.50 (17 unrouted), using 11958.07 CPU seconds and 171741 MB memory.
2026-09-12 18:11:12.774 INFO   [671444\548EEF] Auto-router pass #528 on board '51ab4b970fb10d7d451c0f5052aeff80' was completed in 0.34 seconds with the score of 897.50 (17 unrouted), using 12112.64 CPU seconds and 172700 MB memory.
2026-09-12 18:11:13.093 INFO   [671444\548EEF] Auto-router pass #529 on board '51ab4b970fb10d7d451c0f5052aeff80' was completed in 0.31 seconds with the score of 897.50 (17 unrouted), using 12112.64 CPU seconds and 172700 MB memory.
2026-09-12 18:11:13.354 INFO   [671444\548EEF] Auto-router pass #530 on board '51ab4b970fb10d7d451c0f5052aeff80' was completed in 0.26 seconds with the score of 897.50 (17 unrouted), using 12112.64 CPU seconds and 172700 MB memory.
2026-09-12 18:11:13.610 INFO   [671444\548EEF] Auto-router pass #531 on board '51ab4b970fb10d7d451c0f5052aeff80' was completed in 0.25 seconds with the score of 897.50 (17 unrouted), using 12268.20 CPU seconds and 173817 MB memory.
2026-09-12 18:11:13.951 INFO   [671444\548EEF] Auto-router pass #532 on board '51ab4b970fb10d7d451c0f5052aeff80' was completed in 0.34 seconds with the score of 897.50 (17 unrouted), using 12268.20 CPU seconds and 173817 MB memory.
2026-09-12 18:11:14.264 INFO   [671444\548EEF] Auto-router pass #533 on board '51ab4b970fb10d7d451c0f5052aeff80' was completed in 0.31 seconds with the score of 897.50 (17 unrouted), using 12268.20 CPU seconds and 173817 MB memory.
2026-09-12 18:11:14.578 INFO   [671444\548EEF] Auto-router pass #534 on board '51ab4b970fb10d7d451c0f5052aeff80' was completed in 0.31 seconds with the score of 897.50 (17 unrouted), using 12424.76 CPU seconds and 174840 MB memory.
2026-09-12 18:11:14.896 INFO   [671444\548EEF] Auto-router pass #535 on board '51ab4b970fb10d7d451c0f5052aeff80' was completed in 0.32 seconds with the score of 897.50 (17 unrouted), using 12424.76 CPU seconds and 174840 MB memory.
2026-09-12 18:11:15.224 INFO   [671444\548EEF] Auto-router pass #536 on board '51ab4b970fb10d7d451c0f5052aeff80' was completed in 0.32 seconds with the score of 897.50 (17 unrouted), using 12424.76 CPU seconds and 174840 MB memory.
2026-09-12 18:11:15.524 INFO   [671444\548EEF] Auto-router pass #537 on board '51ab4b970fb10d7d451c0f5052aeff80' was completed in 0.30 seconds with the score of 897.50 (17 unrouted), using 12582.31 CPU seconds and 175876 MB memory.
2026-09-12 18:11:15.857 INFO   [671444\548EEF] Auto-router pass #538 on board '51ab4b970fb10d7d451c0f5052aeff80' was completed in 0.33 seconds with the score of 897.50 (17 unrouted), using 12582.31 CPU seconds and 175876 MB memory.
2026-09-12 18:11:16.193 INFO   [671444\548EEF] Auto-router pass #539 on board '51ab4b970fb10d7d451c0f5052aeff80' was completed in 0.33 seconds with the score of 897.50 (17 unrouted), using 12582.31 CPU seconds and 175876 MB memory.
2026-09-12 18:11:16.572 INFO   [671444\548EEF] Auto-router pass #540 on board '51ab4b970fb10d7d451c0f5052aeff80' was completed in 0.38 seconds with the score of 897.50 (17 unrouted), using 12740.85 CPU seconds and 176829 MB memory.
2026-09-12 18:11:16.913 INFO   [671444\548EEF] Auto-router pass #541 on board '51ab4b970fb10d7d451c0f5052aeff80' was completed in 0.34 seconds with the score of 897.50 (17 unrouted), using 12740.85 CPU seconds and 176829 MB memory.
2026-09-12 18:11:17.244 INFO   [671444\548EEF] Auto-router pass #542 on board '51ab4b970fb10d7d451c0f5052aeff80' was completed in 0.33 seconds with the score of 897.50 (17 unrouted), using 12740.85 CPU seconds and 176829 MB memory.
2026-09-12 18:11:17.587 INFO   [671444\548EEF] Auto-router pass #543 on board '51ab4b970fb10d7d451c0f5052aeff80' was completed in 0.34 seconds with the score of 897.50 (17 unrouted), using 12900.38 CPU seconds and 177765 MB memory.
2026-09-12 18:11:17.980 INFO   [671444\548EEF] Auto-router pass #544 on board '51ab4b970fb10d7d451c0f5052aeff80' was completed in 0.39 seconds with the score of 897.50 (17 unrouted), using 12900.38 CPU seconds and 177765 MB memory.
2026-09-12 18:11:18.317 INFO   [671444\548EEF] Auto-router pass #545 on board '51ab4b970fb10d7d451c0f5052aeff80' was completed in 0.33 seconds with the score of 897.50 (17 unrouted), using 12900.38 CPU seconds and 177765 MB memory.
2026-09-12 18:11:18.580 INFO   [671444\548EEF] Auto-router pass #546 on board '51ab4b970fb10d7d451c0f5052aeff80' was completed in 0.26 seconds with the score of 897.50 (17 unrouted), using 13060.91 CPU seconds and 178722 MB memory.
2026-09-12 18:11:18.837 INFO   [671444\548EEF] Auto-router pass #547 on board '51ab4b970fb10d7d451c0f5052aeff80' was completed in 0.25 seconds with the score of 897.50 (17 unrouted), using 13060.91 CPU seconds and 178722 MB memory.
2026-09-12 18:11:19.171 INFO   [671444\548EEF] Auto-router pass #548 on board '51ab4b970fb10d7d451c0f5052aeff80' was completed in 0.33 seconds with the score of 897.50 (17 unrouted), using 13060.91 CPU seconds and 178722 MB memory.
2026-09-12 18:11:19.490 INFO   [671444\548EEF] Auto-router pass #549 on board '51ab4b970fb10d7d451c0f5052aeff80' was completed in 0.32 seconds with the score of 897.50 (17 unrouted), using 13060.91 CPU seconds and 178722 MB memory.
2026-09-12 18:11:19.800 INFO   [671444\548EEF] Auto-router pass #550 on board '51ab4b970fb10d7d451c0f5052aeff80' was completed in 0.31 seconds with the score of 897.50 (17 unrouted), using 13222.42 CPU seconds and 179820 MB memory.
2026-09-12 18:11:20.098 INFO   [671444\548EEF] Auto-router pass #551 on board '51ab4b970fb10d7d451c0f5052aeff80' was completed in 0.29 seconds with the score of 897.50 (17 unrouted), using 13222.42 CPU seconds and 179820 MB memory.
2026-09-12 18:11:20.428 INFO   [671444\548EEF] Auto-router pass #552 on board '51ab4b970fb10d7d451c0f5052aeff80' was completed in 0.33 seconds with the score of 897.50 (17 unrouted), using 13222.42 CPU seconds and 179820 MB memory.
2026-09-12 18:11:20.750 INFO   [671444\548EEF] Auto-router pass #553 on board '51ab4b970fb10d7d451c0f5052aeff80' was completed in 0.32 seconds with the score of 897.50 (17 unrouted), using 13384.94 CPU seconds and 180860 MB memory.
2026-09-12 18:11:21.070 INFO   [671444\548EEF] Auto-router pass #554 on board '51ab4b970fb10d7d451c0f5052aeff80' was completed in 0.32 seconds with the score of 897.50 (17 unrouted), using 13384.94 CPU seconds and 180860 MB memory.
2026-09-12 18:11:21.402 INFO   [671444\548EEF] Auto-router pass #555 on board '51ab4b970fb10d7d451c0f5052aeff80' was completed in 0.33 seconds with the score of 897.50 (17 unrouted), using 13384.94 CPU seconds and 180860 MB memory.
2026-09-12 18:11:21.730 INFO   [671444\548EEF] Auto-router pass #556 on board '51ab4b970fb10d7d451c0f5052aeff80' was completed in 0.32 seconds with the score of 897.50 (17 unrouted), using 13548.44 CPU seconds and 181860 MB memory.
2026-09-12 18:11:22.037 INFO   [671444\548EEF] Auto-router pass #557 on board '51ab4b970fb10d7d451c0f5052aeff80' was completed in 0.30 seconds with the score of 897.50 (17 unrouted), using 13548.44 CPU seconds and 181860 MB memory.
2026-09-12 18:11:22.354 INFO   [671444\548EEF] Auto-router pass #558 on board '51ab4b970fb10d7d451c0f5052aeff80' was completed in 0.31 seconds with the score of 897.50 (17 unrouted), using 13548.44 CPU seconds and 181860 MB memory.
2026-09-12 18:11:22.679 INFO   [671444\548EEF] Auto-router pass #559 on board '51ab4b970fb10d7d451c0f5052aeff80' was completed in 0.32 seconds with the score of 897.50 (17 unrouted), using 13712.94 CPU seconds and 182876 MB memory.
2026-09-12 18:11:23.038 INFO   [671444\548EEF] Auto-router pass #560 on board '51ab4b970fb10d7d451c0f5052aeff80' was completed in 0.35 seconds with the score of 897.50 (17 unrouted), using 13712.94 CPU seconds and 182876 MB memory.
2026-09-12 18:11:23.383 INFO   [671444\548EEF] Auto-router pass #561 on board '51ab4b970fb10d7d451c0f5052aeff80' was completed in 0.34 seconds with the score of 897.50 (17 unrouted), using 13712.94 CPU seconds and 182876 MB memory.
2026-09-12 18:11:23.735 INFO   [671444\548EEF] Auto-router pass #562 on board '51ab4b970fb10d7d451c0f5052aeff80' was completed in 0.35 seconds with the score of 897.50 (17 unrouted), using 13878.43 CPU seconds and 183820 MB memory.
2026-09-12 18:11:24.069 INFO   [671444\548EEF] Auto-router pass #563 on board '51ab4b970fb10d7d451c0f5052aeff80' was completed in 0.33 seconds with the score of 897.50 (17 unrouted), using 13878.43 CPU seconds and 183820 MB memory.
2026-09-12 18:11:24.424 INFO   [671444\548EEF] Auto-router pass #564 on board '51ab4b970fb10d7d451c0f5052aeff80' was completed in 0.35 seconds with the score of 897.50 (17 unrouted), using 13878.43 CPU seconds and 183820 MB memory.
2026-09-12 18:11:24.757 INFO   [671444\548EEF] Auto-router pass #565 on board '51ab4b970fb10d7d451c0f5052aeff80' was completed in 0.33 seconds with the score of 897.50 (17 unrouted), using 14044.91 CPU seconds and 184775 MB memory.
2026-09-12 18:11:25.102 INFO   [671444\548EEF] Auto-router pass #566 on board '51ab4b970fb10d7d451c0f5052aeff80' was completed in 0.34 seconds with the score of 897.50 (17 unrouted), using 14044.91 CPU seconds and 184775 MB memory.
2026-09-12 18:11:25.416 INFO   [671444\548EEF] Auto-router pass #567 on board '51ab4b970fb10d7d451c0f5052aeff80' was completed in 0.31 seconds with the score of 897.50 (17 unrouted), using 14044.91 CPU seconds and 184775 MB memory.
2026-09-12 18:11:25.763 INFO   [671444\548EEF] Auto-router pass #568 on board '51ab4b970fb10d7d451c0f5052aeff80' was completed in 0.34 seconds with the score of 897.50 (17 unrouted), using 14212.38 CPU seconds and 185748 MB memory.
2026-09-12 18:11:26.084 INFO   [671444\548EEF] Auto-router pass #569 on board '51ab4b970fb10d7d451c0f5052aeff80' was completed in 0.32 seconds with the score of 897.50 (17 unrouted), using 14212.38 CPU seconds and 185748 MB memory.
2026-09-12 18:11:26.462 INFO   [671444\548EEF] Auto-router pass #570 on board '51ab4b970fb10d7d451c0f5052aeff80' was completed in 0.37 seconds with the score of 897.50 (17 unrouted), using 14212.38 CPU seconds and 185748 MB memory.
2026-09-12 18:11:26.804 INFO   [671444\548EEF] Auto-router pass #571 on board '51ab4b970fb10d7d451c0f5052aeff80' was completed in 0.34 seconds with the score of 897.50 (17 unrouted), using 14380.85 CPU seconds and 186680 MB memory.
2026-09-12 18:11:27.156 INFO   [671444\548EEF] Auto-router pass #572 on board '51ab4b970fb10d7d451c0f5052aeff80' was completed in 0.35 seconds with the score of 897.50 (17 unrouted), using 14380.85 CPU seconds and 186680 MB memory.
2026-09-12 18:11:27.491 INFO   [671444\548EEF] Auto-router pass #573 on board '51ab4b970fb10d7d451c0f5052aeff80' was completed in 0.33 seconds with the score of 897.50 (17 unrouted), using 14380.85 CPU seconds and 186680 MB memory.
2026-09-12 18:11:27.836 INFO   [671444\548EEF] Auto-router pass #574 on board '51ab4b970fb10d7d451c0f5052aeff80' was completed in 0.34 seconds with the score of 897.50 (17 unrouted), using 14550.31 CPU seconds and 187631 MB memory.
2026-09-12 18:11:28.179 INFO   [671444\548EEF] Auto-router pass #575 on board '51ab4b970fb10d7d451c0f5052aeff80' was completed in 0.34 seconds with the score of 897.50 (17 unrouted), using 14550.31 CPU seconds and 187631 MB memory.
2026-09-12 18:11:28.550 INFO   [671444\548EEF] Auto-router pass #576 on board '51ab4b970fb10d7d451c0f5052aeff80' was completed in 0.37 seconds with the score of 897.50 (17 unrouted), using 14720.76 CPU seconds and 188559 MB memory.
2026-09-12 18:11:28.875 INFO   [671444\548EEF] Auto-router pass #577 on board '51ab4b970fb10d7d451c0f5052aeff80' was completed in 0.32 seconds with the score of 897.50 (17 unrouted), using 14720.76 CPU seconds and 188559 MB memory.
2026-09-12 18:11:29.221 INFO   [671444\548EEF] Auto-router pass #578 on board '51ab4b970fb10d7d451c0f5052aeff80' was completed in 0.34 seconds with the score of 897.50 (17 unrouted), using 14720.76 CPU seconds and 188559 MB memory.
2026-09-12 18:11:29.621 INFO   [671444\548EEF] Auto-router pass #579 on board '51ab4b970fb10d7d451c0f5052aeff80' was completed in 0.39 seconds with the score of 897.50 (17 unrouted), using 14892.20 CPU seconds and 189457 MB memory.
2026-09-12 18:11:29.987 INFO   [671444\548EEF] Auto-router pass #580 on board '51ab4b970fb10d7d451c0f5052aeff80' was completed in 0.36 seconds with the score of 897.50 (17 unrouted), using 14892.20 CPU seconds and 189457 MB memory.
2026-09-12 18:11:30.326 INFO   [671444\548EEF] Auto-router pass #581 on board '51ab4b970fb10d7d451c0f5052aeff80' was completed in 0.34 seconds with the score of 897.50 (17 unrouted), using 14892.20 CPU seconds and 189457 MB memory.
2026-09-12 18:11:30.641 INFO   [671444\548EEF] Auto-router pass #582 on board '51ab4b970fb10d7d451c0f5052aeff80' was completed in 0.31 seconds with the score of 897.50 (17 unrouted), using 15064.63 CPU seconds and 190409 MB memory.
2026-09-12 18:11:30.953 INFO   [671444\548EEF] Auto-router pass #583 on board '51ab4b970fb10d7d451c0f5052aeff80' was completed in 0.31 seconds with the score of 897.50 (17 unrouted), using 15064.63 CPU seconds and 190409 MB memory.
2026-09-12 18:11:31.330 INFO   [671444\548EEF] Auto-router pass #584 on board '51ab4b970fb10d7d451c0f5052aeff80' was completed in 0.37 seconds with the score of 897.50 (17 unrouted), using 15064.63 CPU seconds and 190409 MB memory.
2026-09-12 18:11:31.686 INFO   [671444\548EEF] Auto-router pass #585 on board '51ab4b970fb10d7d451c0f5052aeff80' was completed in 0.35 seconds with the score of 897.50 (17 unrouted), using 15238.06 CPU seconds and 191362 MB memory.
2026-09-12 18:11:32.034 INFO   [671444\548EEF] Auto-router pass #586 on board '51ab4b970fb10d7d451c0f5052aeff80' was completed in 0.34 seconds with the score of 897.50 (17 unrouted), using 15238.06 CPU seconds and 191362 MB memory.
2026-09-12 18:11:32.374 INFO   [671444\548EEF] Auto-router pass #587 on board '51ab4b970fb10d7d451c0f5052aeff80' was completed in 0.34 seconds with the score of 897.50 (17 unrouted), using 15238.06 CPU seconds and 191362 MB memory.
2026-09-12 18:11:32.741 INFO   [671444\548EEF] Auto-router pass #588 on board '51ab4b970fb10d7d451c0f5052aeff80' was completed in 0.36 seconds with the score of 897.50 (17 unrouted), using 15412.49 CPU seconds and 192291 MB memory.
2026-09-12 18:11:33.080 INFO   [671444\548EEF] Auto-router pass #589 on board '51ab4b970fb10d7d451c0f5052aeff80' was completed in 0.34 seconds with the score of 897.50 (17 unrouted), using 15412.49 CPU seconds and 192291 MB memory.
2026-09-12 18:11:33.392 INFO   [671444\548EEF] Auto-router pass #590 on board '51ab4b970fb10d7d451c0f5052aeff80' was completed in 0.31 seconds with the score of 897.50 (17 unrouted), using 15412.49 CPU seconds and 192291 MB memory.
2026-09-12 18:11:33.717 INFO   [671444\548EEF] Auto-router pass #591 on board '51ab4b970fb10d7d451c0f5052aeff80' was completed in 0.32 seconds with the score of 897.50 (17 unrouted), using 15587.90 CPU seconds and 193265 MB memory.
2026-09-12 18:11:34.075 INFO   [671444\548EEF] Auto-router pass #592 on board '51ab4b970fb10d7d451c0f5052aeff80' was completed in 0.35 seconds with the score of 897.50 (17 unrouted), using 15587.90 CPU seconds and 193265 MB memory.
2026-09-12 18:11:34.395 INFO   [671444\548EEF] Auto-router pass #593 on board '51ab4b970fb10d7d451c0f5052aeff80' was completed in 0.32 seconds with the score of 897.50 (17 unrouted), using 15587.90 CPU seconds and 193265 MB memory.
2026-09-12 18:11:34.715 INFO   [671444\548EEF] Auto-router pass #594 on board '51ab4b970fb10d7d451c0f5052aeff80' was completed in 0.32 seconds with the score of 897.50 (17 unrouted), using 15764.31 CPU seconds and 194241 MB memory.
2026-09-12 18:11:35.042 INFO   [671444\548EEF] Auto-router pass #595 on board '51ab4b970fb10d7d451c0f5052aeff80' was completed in 0.32 seconds with the score of 897.50 (17 unrouted), using 15764.31 CPU seconds and 194241 MB memory.
2026-09-12 18:11:35.396 INFO   [671444\548EEF] Auto-router pass #596 on board '51ab4b970fb10d7d451c0f5052aeff80' was completed in 0.35 seconds with the score of 897.50 (17 unrouted), using 15764.31 CPU seconds and 194241 MB memory.
2026-09-12 18:11:35.719 INFO   [671444\548EEF] Auto-router pass #597 on board '51ab4b970fb10d7d451c0f5052aeff80' was completed in 0.32 seconds with the score of 897.50 (17 unrouted), using 15941.71 CPU seconds and 195228 MB memory.
2026-09-12 18:11:36.062 INFO   [671444\548EEF] Auto-router pass #598 on board '51ab4b970fb10d7d451c0f5052aeff80' was completed in 0.34 seconds with the score of 897.50 (17 unrouted), using 15941.71 CPU seconds and 195228 MB memory.
2026-09-12 18:11:36.413 INFO   [671444\548EEF] Auto-router pass #599 on board '51ab4b970fb10d7d451c0f5052aeff80' was completed in 0.35 seconds with the score of 897.50 (17 unrouted), using 15941.71 CPU seconds and 195228 MB memory.
2026-09-12 18:11:36.785 INFO   [671444\548EEF] Auto-router pass #600 on board '51ab4b970fb10d7d451c0f5052aeff80' was completed in 0.37 seconds with the score of 897.50 (17 unrouted), using 16120.11 CPU seconds and 196159 MB memory.
2026-09-12 18:11:37.124 INFO   [671444\548EEF] Auto-router pass #601 on board '51ab4b970fb10d7d451c0f5052aeff80' was completed in 0.34 seconds with the score of 897.50 (17 unrouted), using 16120.11 CPU seconds and 196159 MB memory.
2026-09-12 18:11:37.454 INFO   [671444\548EEF] Auto-router pass #602 on board '51ab4b970fb10d7d451c0f5052aeff80' was completed in 0.33 seconds with the score of 897.50 (17 unrouted), using 16120.11 CPU seconds and 196159 MB memory.
2026-09-12 18:11:37.741 INFO   [671444\548EEF] Auto-router pass #603 on board '51ab4b970fb10d7d451c0f5052aeff80' was completed in 0.28 seconds with the score of 897.50 (17 unrouted), using 16299.50 CPU seconds and 197108 MB memory.
2026-09-12 18:11:37.996 INFO   [671444\548EEF] Auto-router pass #604 on board '51ab4b970fb10d7d451c0f5052aeff80' was completed in 0.25 seconds with the score of 897.50 (17 unrouted), using 16299.50 CPU seconds and 197108 MB memory.
2026-09-12 18:11:38.245 INFO   [671444\548EEF] Auto-router pass #605 on board '51ab4b970fb10d7d451c0f5052aeff80' was completed in 0.25 seconds with the score of 897.50 (17 unrouted), using 16299.50 CPU seconds and 197108 MB memory.
2026-09-12 18:11:38.557 INFO   [671444\548EEF] Auto-router pass #606 on board '51ab4b970fb10d7d451c0f5052aeff80' was completed in 0.31 seconds with the score of 897.50 (17 unrouted), using 16479.88 CPU seconds and 198311 MB memory.
2026-09-12 18:11:38.850 INFO   [671444\548EEF] Auto-router pass #607 on board '51ab4b970fb10d7d451c0f5052aeff80' was completed in 0.29 seconds with the score of 897.50 (17 unrouted), using 16479.88 CPU seconds and 198311 MB memory.
2026-09-12 18:11:39.189 INFO   [671444\548EEF] Auto-router pass #608 on board '51ab4b970fb10d7d451c0f5052aeff80' was completed in 0.33 seconds with the score of 897.50 (17 unrouted), using 16479.88 CPU seconds and 198311 MB memory.
2026-09-12 18:11:39.488 INFO   [671444\548EEF] Auto-router pass #609 on board '51ab4b970fb10d7d451c0f5052aeff80' was completed in 0.29 seconds with the score of 897.50 (17 unrouted), using 16479.88 CPU seconds and 198311 MB memory.
2026-09-12 18:11:39.775 INFO   [671444\548EEF] Auto-router pass #610 on board '51ab4b970fb10d7d451c0f5052aeff80' was completed in 0.28 seconds with the score of 897.50 (17 unrouted), using 16661.26 CPU seconds and 199368 MB memory.
2026-09-12 18:11:40.080 INFO   [671444\548EEF] Auto-router pass #611 on board '51ab4b970fb10d7d451c0f5052aeff80' was completed in 0.30 seconds with the score of 897.50 (17 unrouted), using 16661.26 CPU seconds and 199368 MB memory.
2026-09-12 18:11:40.452 INFO   [671444\548EEF] Auto-router pass #612 on board '51ab4b970fb10d7d451c0f5052aeff80' was completed in 0.37 seconds with the score of 897.50 (17 unrouted), using 16661.26 CPU seconds and 199368 MB memory.
2026-09-12 18:11:40.800 INFO   [671444\548EEF] Auto-router pass #613 on board '51ab4b970fb10d7d451c0f5052aeff80' was completed in 0.34 seconds with the score of 897.50 (17 unrouted), using 16843.63 CPU seconds and 200378 MB memory.
2026-09-12 18:11:41.141 INFO   [671444\548EEF] Auto-router pass #614 on board '51ab4b970fb10d7d451c0f5052aeff80' was completed in 0.34 seconds with the score of 897.50 (17 unrouted), using 16843.63 CPU seconds and 200378 MB memory.
2026-09-12 18:11:41.453 INFO   [671444\548EEF] Auto-router pass #615 on board '51ab4b970fb10d7d451c0f5052aeff80' was completed in 0.31 seconds with the score of 897.50 (17 unrouted), using 16843.63 CPU seconds and 200378 MB memory.
2026-09-12 18:11:41.787 INFO   [671444\548EEF] Auto-router pass #616 on board '51ab4b970fb10d7d451c0f5052aeff80' was completed in 0.33 seconds with the score of 897.50 (17 unrouted), using 17026.99 CPU seconds and 201344 MB memory.
2026-09-12 18:11:42.105 INFO   [671444\548EEF] Auto-router pass #617 on board '51ab4b970fb10d7d451c0f5052aeff80' was completed in 0.31 seconds with the score of 897.50 (17 unrouted), using 17026.99 CPU seconds and 201344 MB memory.
2026-09-12 18:11:42.456 INFO   [671444\548EEF] Auto-router pass #618 on board '51ab4b970fb10d7d451c0f5052aeff80' was completed in 0.35 seconds with the score of 897.50 (17 unrouted), using 17026.99 CPU seconds and 201344 MB memory.
2026-09-12 18:11:42.773 INFO   [671444\548EEF] Auto-router pass #619 on board '51ab4b970fb10d7d451c0f5052aeff80' was completed in 0.31 seconds with the score of 897.50 (17 unrouted), using 17211.35 CPU seconds and 202316 MB memory.
2026-09-12 18:11:43.099 INFO   [671444\548EEF] Auto-router pass #620 on board '51ab4b970fb10d7d451c0f5052aeff80' was completed in 0.32 seconds with the score of 897.50 (17 unrouted), using 17211.35 CPU seconds and 202316 MB memory.
2026-09-12 18:11:43.409 INFO   [671444\548EEF] Auto-router pass #621 on board '51ab4b970fb10d7d451c0f5052aeff80' was completed in 0.31 seconds with the score of 897.50 (17 unrouted), using 17211.35 CPU seconds and 202316 MB memory.
2026-09-12 18:11:43.739 INFO   [671444\548EEF] Auto-router pass #622 on board '51ab4b970fb10d7d451c0f5052aeff80' was completed in 0.33 seconds with the score of 897.50 (17 unrouted), using 17396.70 CPU seconds and 203356 MB memory.
2026-09-12 18:11:44.080 INFO   [671444\548EEF] Auto-router pass #623 on board '51ab4b970fb10d7d451c0f5052aeff80' was completed in 0.34 seconds with the score of 897.50 (17 unrouted), using 17396.70 CPU seconds and 203356 MB memory.
2026-09-12 18:11:44.457 INFO   [671444\548EEF] Auto-router pass #624 on board '51ab4b970fb10d7d451c0f5052aeff80' was completed in 0.37 seconds with the score of 897.50 (17 unrouted), using 17396.70 CPU seconds and 203356 MB memory.
2026-09-12 18:11:44.793 INFO   [671444\548EEF] Auto-router pass #625 on board '51ab4b970fb10d7d451c0f5052aeff80' was completed in 0.33 seconds with the score of 897.50 (17 unrouted), using 17583.05 CPU seconds and 204287 MB memory.
2026-09-12 18:11:45.204 INFO   [671444\548EEF] Auto-router pass #626 on board '51ab4b970fb10d7d451c0f5052aeff80' was completed in 0.40 seconds with the score of 897.50 (17 unrouted), using 17583.05 CPU seconds and 204287 MB memory.
2026-09-12 18:11:45.551 INFO   [671444\548EEF] Auto-router pass #627 on board '51ab4b970fb10d7d451c0f5052aeff80' was completed in 0.34 seconds with the score of 897.50 (17 unrouted), using 17770.38 CPU seconds and 205153 MB memory.
2026-09-12 18:11:45.904 INFO   [671444\548EEF] Auto-router pass #628 on board '51ab4b970fb10d7d451c0f5052aeff80' was completed in 0.35 seconds with the score of 897.50 (17 unrouted), using 17770.38 CPU seconds and 205153 MB memory.
2026-09-12 18:11:46.251 INFO   [671444\548EEF] Auto-router pass #629 on board '51ab4b970fb10d7d451c0f5052aeff80' was completed in 0.34 seconds with the score of 897.50 (17 unrouted), using 17770.38 CPU seconds and 205153 MB memory.
2026-09-12 18:11:46.591 INFO   [671444\548EEF] Auto-router pass #630 on board '51ab4b970fb10d7d451c0f5052aeff80' was completed in 0.33 seconds with the score of 897.50 (17 unrouted), using 17958.72 CPU seconds and 206102 MB memory.
2026-09-12 18:11:46.933 INFO   [671444\548EEF] Auto-router pass #631 on board '51ab4b970fb10d7d451c0f5052aeff80' was completed in 0.34 seconds with the score of 897.50 (17 unrouted), using 17958.72 CPU seconds and 206102 MB memory.
2026-09-12 18:11:47.302 INFO   [671444\548EEF] Auto-router pass #632 on board '51ab4b970fb10d7d451c0f5052aeff80' was completed in 0.36 seconds with the score of 897.50 (17 unrouted), using 17958.72 CPU seconds and 206102 MB memory.
2026-09-12 18:11:47.655 INFO   [671444\548EEF] Auto-router pass #633 on board '51ab4b970fb10d7d451c0f5052aeff80' was completed in 0.35 seconds with the score of 897.50 (17 unrouted), using 18148.04 CPU seconds and 207024 MB memory.
2026-09-12 18:11:47.986 INFO   [671444\548EEF] Auto-router pass #634 on board '51ab4b970fb10d7d451c0f5052aeff80' was completed in 0.33 seconds with the score of 897.50 (17 unrouted), using 18148.04 CPU seconds and 207024 MB memory.
2026-09-12 18:11:48.319 INFO   [671444\548EEF] Auto-router pass #635 on board '51ab4b970fb10d7d451c0f5052aeff80' was completed in 0.33 seconds with the score of 897.50 (17 unrouted), using 18148.04 CPU seconds and 207024 MB memory.
2026-09-12 18:11:48.682 INFO   [671444\548EEF] Auto-router pass #636 on board '51ab4b970fb10d7d451c0f5052aeff80' was completed in 0.36 seconds with the score of 897.50 (17 unrouted), using 18338.36 CPU seconds and 207982 MB memory.
2026-09-12 18:11:49.025 INFO   [671444\548EEF] Auto-router pass #637 on board '51ab4b970fb10d7d451c0f5052aeff80' was completed in 0.34 seconds with the score of 897.50 (17 unrouted), using 18338.36 CPU seconds and 207982 MB memory.
2026-09-12 18:11:49.374 INFO   [671444\548EEF] Auto-router pass #638 on board '51ab4b970fb10d7d451c0f5052aeff80' was completed in 0.34 seconds with the score of 897.50 (17 unrouted), using 18338.36 CPU seconds and 207982 MB memory.
2026-09-12 18:11:49.717 INFO   [671444\548EEF] Auto-router pass #639 on board '51ab4b970fb10d7d451c0f5052aeff80' was completed in 0.34 seconds with the score of 897.50 (17 unrouted), using 18529.68 CPU seconds and 208908 MB memory.
2026-09-12 18:11:50.087 INFO   [671444\548EEF] Auto-router pass #640 on board '51ab4b970fb10d7d451c0f5052aeff80' was completed in 0.36 seconds with the score of 897.50 (17 unrouted), using 18529.68 CPU seconds and 208908 MB memory.
2026-09-12 18:11:50.429 INFO   [671444\548EEF] Auto-router pass #641 on board '51ab4b970fb10d7d451c0f5052aeff80' was completed in 0.34 seconds with the score of 897.50 (17 unrouted), using 18529.68 CPU seconds and 208908 MB memory.
2026-09-12 18:11:50.773 INFO   [671444\548EEF] Auto-router pass #642 on board '51ab4b970fb10d7d451c0f5052aeff80' was completed in 0.34 seconds with the score of 897.50 (17 unrouted), using 18721.99 CPU seconds and 209843 MB memory.
2026-09-12 18:11:51.084 INFO   [671444\548EEF] Auto-router pass #643 on board '51ab4b970fb10d7d451c0f5052aeff80' was completed in 0.31 seconds with the score of 897.50 (17 unrouted), using 18721.99 CPU seconds and 209843 MB memory.
2026-09-12 18:11:51.439 INFO   [671444\548EEF] Auto-router pass #644 on board '51ab4b970fb10d7d451c0f5052aeff80' was completed in 0.35 seconds with the score of 897.50 (17 unrouted), using 18721.99 CPU seconds and 209843 MB memory.
2026-09-12 18:11:51.784 INFO   [671444\548EEF] Auto-router pass #645 on board '51ab4b970fb10d7d451c0f5052aeff80' was completed in 0.34 seconds with the score of 897.50 (17 unrouted), using 18915.29 CPU seconds and 210809 MB memory.
2026-09-12 18:11:52.146 INFO   [671444\548EEF] Auto-router pass #646 on board '51ab4b970fb10d7d451c0f5052aeff80' was completed in 0.36 seconds with the score of 897.50 (17 unrouted), using 18915.29 CPU seconds and 210809 MB memory.
2026-09-12 18:11:52.464 INFO   [671444\548EEF] Auto-router pass #647 on board '51ab4b970fb10d7d451c0f5052aeff80' was completed in 0.31 seconds with the score of 897.50 (17 unrouted), using 18915.29 CPU seconds and 210809 MB memory.
2026-09-12 18:11:52.823 INFO   [671444\548EEF] Auto-router pass #648 on board '51ab4b970fb10d7d451c0f5052aeff80' was completed in 0.35 seconds with the score of 897.50 (17 unrouted), using 19109.59 CPU seconds and 211755 MB memory.
2026-09-12 18:11:53.177 INFO   [671444\548EEF] Auto-router pass #649 on board '51ab4b970fb10d7d451c0f5052aeff80' was completed in 0.35 seconds with the score of 897.50 (17 unrouted), using 19109.59 CPU seconds and 211755 MB memory.
2026-09-12 18:11:53.522 INFO   [671444\548EEF] Auto-router pass #650 on board '51ab4b970fb10d7d451c0f5052aeff80' was completed in 0.34 seconds with the score of 897.50 (17 unrouted), using 19109.59 CPU seconds and 211755 MB memory.
2026-09-12 18:11:53.877 INFO   [671444\548EEF] Auto-router pass #651 on board '51ab4b970fb10d7d451c0f5052aeff80' was completed in 0.35 seconds with the score of 897.50 (17 unrouted), using 19304.88 CPU seconds and 212679 MB memory.
2026-09-12 18:11:54.239 INFO   [671444\548EEF] Auto-router pass #652 on board '51ab4b970fb10d7d451c0f5052aeff80' was completed in 0.36 seconds with the score of 897.50 (17 unrouted), using 19304.88 CPU seconds and 212679 MB memory.
2026-09-12 18:11:54.558 INFO   [671444\548EEF] Auto-router pass #653 on board '51ab4b970fb10d7d451c0f5052aeff80' was completed in 0.31 seconds with the score of 897.50 (17 unrouted), using 19501.16 CPU seconds and 213627 MB memory.
2026-09-12 18:11:54.876 INFO   [671444\548EEF] Auto-router pass #654 on board '51ab4b970fb10d7d451c0f5052aeff80' was completed in 0.31 seconds with the score of 897.50 (17 unrouted), using 19501.16 CPU seconds and 213627 MB memory.
2026-09-12 18:11:55.191 INFO   [671444\548EEF] Auto-router pass #655 on board '51ab4b970fb10d7d451c0f5052aeff80' was completed in 0.31 seconds with the score of 897.50 (17 unrouted), using 19501.16 CPU seconds and 213627 MB memory.
2026-09-12 18:11:55.550 INFO   [671444\548EEF] Auto-router pass #656 on board '51ab4b970fb10d7d451c0f5052aeff80' was completed in 0.35 seconds with the score of 897.50 (17 unrouted), using 19698.44 CPU seconds and 214620 MB memory.
2026-09-12 18:11:55.882 INFO   [671444\548EEF] Auto-router pass #657 on board '51ab4b970fb10d7d451c0f5052aeff80' was completed in 0.33 seconds with the score of 897.50 (17 unrouted), using 19698.44 CPU seconds and 214620 MB memory.
2026-09-12 18:11:56.212 INFO   [671444\548EEF] Auto-router pass #658 on board '51ab4b970fb10d7d451c0f5052aeff80' was completed in 0.33 seconds with the score of 897.50 (17 unrouted), using 19698.44 CPU seconds and 214620 MB memory.
2026-09-12 18:11:56.545 INFO   [671444\548EEF] Auto-router pass #659 on board '51ab4b970fb10d7d451c0f5052aeff80' was completed in 0.33 seconds with the score of 897.50 (17 unrouted), using 19896.71 CPU seconds and 215584 MB memory.
2026-09-12 18:11:56.901 INFO   [671444\548EEF] Auto-router pass #660 on board '51ab4b970fb10d7d451c0f5052aeff80' was completed in 0.35 seconds with the score of 897.50 (17 unrouted), using 19896.71 CPU seconds and 215584 MB memory.
2026-09-12 18:11:57.229 INFO   [671444\548EEF] Auto-router pass #661 on board '51ab4b970fb10d7d451c0f5052aeff80' was completed in 0.32 seconds with the score of 897.50 (17 unrouted), using 19896.71 CPU seconds and 215584 MB memory.
2026-09-12 18:11:57.561 INFO   [671444\548EEF] Auto-router pass #662 on board '51ab4b970fb10d7d451c0f5052aeff80' was completed in 0.33 seconds with the score of 897.50 (17 unrouted), using 20095.98 CPU seconds and 216553 MB memory.
2026-09-12 18:11:57.910 INFO   [671444\548EEF] Auto-router pass #663 on board '51ab4b970fb10d7d451c0f5052aeff80' was completed in 0.35 seconds with the score of 897.50 (17 unrouted), using 20095.98 CPU seconds and 216553 MB memory.
2026-09-12 18:11:58.324 INFO   [671444\548EEF] Auto-router pass #664 on board '51ab4b970fb10d7d451c0f5052aeff80' was completed in 0.41 seconds with the score of 897.50 (17 unrouted), using 20095.98 CPU seconds and 216553 MB memory.
2026-09-12 18:11:58.668 INFO   [671444\548EEF] Auto-router pass #665 on board '51ab4b970fb10d7d451c0f5052aeff80' was completed in 0.34 seconds with the score of 897.50 (17 unrouted), using 20296.24 CPU seconds and 217441 MB memory.
2026-09-12 18:11:59.004 INFO   [671444\548EEF] Auto-router pass #666 on board '51ab4b970fb10d7d451c0f5052aeff80' was completed in 0.33 seconds with the score of 897.50 (17 unrouted), using 20296.24 CPU seconds and 217441 MB memory.
2026-09-12 18:11:59.346 INFO   [671444\548EEF] Auto-router pass #667 on board '51ab4b970fb10d7d451c0f5052aeff80' was completed in 0.34 seconds with the score of 897.50 (17 unrouted), using 20296.24 CPU seconds and 217441 MB memory.
2026-09-12 18:11:59.719 INFO   [671444\548EEF] Auto-router pass #668 on board '51ab4b970fb10d7d451c0f5052aeff80' was completed in 0.37 seconds with the score of 897.50 (17 unrouted), using 20497.49 CPU seconds and 218378 MB memory.
2026-09-12 18:12:00.065 INFO   [671444\548EEF] Auto-router pass #669 on board '51ab4b970fb10d7d451c0f5052aeff80' was completed in 0.34 seconds with the score of 897.50 (17 unrouted), using 20497.49 CPU seconds and 218378 MB memory.
2026-09-12 18:12:00.410 INFO   [671444\548EEF] Auto-router pass #670 on board '51ab4b970fb10d7d451c0f5052aeff80' was completed in 0.34 seconds with the score of 897.50 (17 unrouted), using 20497.49 CPU seconds and 218378 MB memory.
2026-09-12 18:12:00.742 INFO   [671444\548EEF] Auto-router pass #671 on board '51ab4b970fb10d7d451c0f5052aeff80' was completed in 0.33 seconds with the score of 897.50 (17 unrouted), using 20699.74 CPU seconds and 219301 MB memory.
2026-09-12 18:12:01.094 INFO   [671444\548EEF] Auto-router pass #672 on board '51ab4b970fb10d7d451c0f5052aeff80' was completed in 0.35 seconds with the score of 897.50 (17 unrouted), using 20699.74 CPU seconds and 219301 MB memory.
2026-09-12 18:12:01.421 INFO   [671444\548EEF] Auto-router pass #673 on board '51ab4b970fb10d7d451c0f5052aeff80' was completed in 0.32 seconds with the score of 897.50 (17 unrouted), using 20699.74 CPU seconds and 219301 MB memory.
2026-09-12 18:12:01.749 INFO   [671444\548EEF] Auto-router pass #674 on board '51ab4b970fb10d7d451c0f5052aeff80' was completed in 0.32 seconds with the score of 897.50 (17 unrouted), using 20902.98 CPU seconds and 220282 MB memory.
2026-09-12 18:12:02.068 INFO   [671444\548EEF] Auto-router pass #675 on board '51ab4b970fb10d7d451c0f5052aeff80' was completed in 0.32 seconds with the score of 897.50 (17 unrouted), using 20902.98 CPU seconds and 220282 MB memory.
2026-09-12 18:12:02.426 INFO   [671444\548EEF] Auto-router pass #676 on board '51ab4b970fb10d7d451c0f5052aeff80' was completed in 0.35 seconds with the score of 897.50 (17 unrouted), using 20902.98 CPU seconds and 220282 MB memory.
2026-09-12 18:12:02.744 INFO   [671444\548EEF] Auto-router pass #677 on board '51ab4b970fb10d7d451c0f5052aeff80' was completed in 0.31 seconds with the score of 897.50 (17 unrouted), using 21107.21 CPU seconds and 221261 MB memory.
2026-09-12 18:12:03.063 INFO   [671444\548EEF] Auto-router pass #678 on board '51ab4b970fb10d7d451c0f5052aeff80' was completed in 0.31 seconds with the score of 897.50 (17 unrouted), using 21107.21 CPU seconds and 221261 MB memory.
2026-09-12 18:12:03.371 INFO   [671444\548EEF] Auto-router pass #679 on board '51ab4b970fb10d7d451c0f5052aeff80' was completed in 0.30 seconds with the score of 897.50 (17 unrouted), using 21107.21 CPU seconds and 221261 MB memory.
2026-09-12 18:12:03.707 INFO   [671444\548EEF] Auto-router pass #680 on board '51ab4b970fb10d7d451c0f5052aeff80' was completed in 0.33 seconds with the score of 897.50 (17 unrouted), using 21312.44 CPU seconds and 222275 MB memory.
2026-09-12 18:12:04.026 INFO   [671444\548EEF] Auto-router pass #681 on board '51ab4b970fb10d7d451c0f5052aeff80' was completed in 0.32 seconds with the score of 897.50 (17 unrouted), using 21312.44 CPU seconds and 222275 MB memory.
2026-09-12 18:12:04.367 INFO   [671444\548EEF] Auto-router pass #682 on board '51ab4b970fb10d7d451c0f5052aeff80' was completed in 0.34 seconds with the score of 897.50 (17 unrouted), using 21312.44 CPU seconds and 222275 MB memory.
2026-09-12 18:12:04.716 INFO   [671444\548EEF] Auto-router pass #683 on board '51ab4b970fb10d7d451c0f5052aeff80' was completed in 0.34 seconds with the score of 897.50 (17 unrouted), using 21518.65 CPU seconds and 223244 MB memory.
2026-09-12 18:12:05.087 INFO   [671444\548EEF] Auto-router pass #684 on board '51ab4b970fb10d7d451c0f5052aeff80' was completed in 0.36 seconds with the score of 897.50 (17 unrouted), using 21518.65 CPU seconds and 223244 MB memory.
2026-09-12 18:12:05.433 INFO   [671444\548EEF] Auto-router pass #685 on board '51ab4b970fb10d7d451c0f5052aeff80' was completed in 0.34 seconds with the score of 897.50 (17 unrouted), using 21518.65 CPU seconds and 223244 MB memory.
2026-09-12 18:12:05.676 INFO   [671444\548EEF] Auto-router pass #686 on board '51ab4b970fb10d7d451c0f5052aeff80' was completed in 0.24 seconds with the score of 897.50 (17 unrouted), using 21725.86 CPU seconds and 224213 MB memory.
2026-09-12 18:12:05.954 INFO   [671444\548EEF] Auto-router pass #687 on board '51ab4b970fb10d7d451c0f5052aeff80' was completed in 0.28 seconds with the score of 897.50 (17 unrouted), using 21725.86 CPU seconds and 224213 MB memory.
2026-09-12 18:12:06.297 INFO   [671444\548EEF] Auto-router pass #688 on board '51ab4b970fb10d7d451c0f5052aeff80' was completed in 0.34 seconds with the score of 897.50 (17 unrouted), using 21725.86 CPU seconds and 224213 MB memory.
2026-09-12 18:12:06.584 INFO   [671444\548EEF] Auto-router pass #689 on board '51ab4b970fb10d7d451c0f5052aeff80' was completed in 0.28 seconds with the score of 897.50 (17 unrouted), using 21934.06 CPU seconds and 225329 MB memory.
2026-09-12 18:12:06.895 INFO   [671444\548EEF] Auto-router pass #690 on board '51ab4b970fb10d7d451c0f5052aeff80' was completed in 0.31 seconds with the score of 897.50 (17 unrouted), using 21934.06 CPU seconds and 225329 MB memory.
2026-09-12 18:12:07.212 INFO   [671444\548EEF] Auto-router pass #691 on board '51ab4b970fb10d7d451c0f5052aeff80' was completed in 0.31 seconds with the score of 897.50 (17 unrouted), using 21934.06 CPU seconds and 225329 MB memory.
2026-09-12 18:12:07.561 INFO   [671444\548EEF] Auto-router pass #692 on board '51ab4b970fb10d7d451c0f5052aeff80' was completed in 0.35 seconds with the score of 897.50 (17 unrouted), using 22143.26 CPU seconds and 226340 MB memory.
2026-09-12 18:12:07.884 INFO   [671444\548EEF] Auto-router pass #693 on board '51ab4b970fb10d7d451c0f5052aeff80' was completed in 0.32 seconds with the score of 897.50 (17 unrouted), using 22143.26 CPU seconds and 226340 MB memory.
2026-09-12 18:12:08.208 INFO   [671444\548EEF] Auto-router pass #694 on board '51ab4b970fb10d7d451c0f5052aeff80' was completed in 0.32 seconds with the score of 897.50 (17 unrouted), using 22143.26 CPU seconds and 226340 MB memory.
2026-09-12 18:12:08.532 INFO   [671444\548EEF] Auto-router pass #695 on board '51ab4b970fb10d7d451c0f5052aeff80' was completed in 0.32 seconds with the score of 897.50 (17 unrouted), using 22143.26 CPU seconds and 226340 MB memory.
2026-09-12 18:12:08.870 INFO   [671444\548EEF] Auto-router pass #696 on board '51ab4b970fb10d7d451c0f5052aeff80' was completed in 0.33 seconds with the score of 897.50 (17 unrouted), using 22353.45 CPU seconds and 227323 MB memory.
2026-09-12 18:12:09.178 INFO   [671444\548EEF] Auto-router pass #697 on board '51ab4b970fb10d7d451c0f5052aeff80' was completed in 0.30 seconds with the score of 897.50 (17 unrouted), using 22353.45 CPU seconds and 227323 MB memory.
2026-09-12 18:12:09.495 INFO   [671444\548EEF] Auto-router pass #698 on board '51ab4b970fb10d7d451c0f5052aeff80' was completed in 0.31 seconds with the score of 897.50 (17 unrouted), using 22353.45 CPU seconds and 227323 MB memory.
2026-09-12 18:12:09.816 INFO   [671444\548EEF] Auto-router pass #699 on board '51ab4b970fb10d7d451c0f5052aeff80' was completed in 0.32 seconds with the score of 897.50 (17 unrouted), using 22564.63 CPU seconds and 228347 MB memory.
2026-09-12 18:12:10.157 INFO   [671444\548EEF] Auto-router pass #700 on board '51ab4b970fb10d7d451c0f5052aeff80' was completed in 0.34 seconds with the score of 897.50 (17 unrouted), using 22564.63 CPU seconds and 228347 MB memory.
2026-09-12 18:12:10.491 INFO   [671444\548EEF] Auto-router pass #701 on board '51ab4b970fb10d7d451c0f5052aeff80' was completed in 0.33 seconds with the score of 897.50 (17 unrouted), using 22564.63 CPU seconds and 228347 MB memory.
2026-09-12 18:12:10.807 INFO   [671444\548EEF] Auto-router pass #702 on board '51ab4b970fb10d7d451c0f5052aeff80' was completed in 0.31 seconds with the score of 897.50 (17 unrouted), using 22776.80 CPU seconds and 229330 MB memory.
2026-09-12 18:12:11.134 INFO   [671444\548EEF] Auto-router pass #703 on board '51ab4b970fb10d7d451c0f5052aeff80' was completed in 0.32 seconds with the score of 897.50 (17 unrouted), using 22776.80 CPU seconds and 229330 MB memory.
2026-09-12 18:12:11.489 INFO   [671444\548EEF] Auto-router pass #704 on board '51ab4b970fb10d7d451c0f5052aeff80' was completed in 0.35 seconds with the score of 897.50 (17 unrouted), using 22776.80 CPU seconds and 229330 MB memory.
2026-09-12 18:12:11.789 INFO   [671444\548EEF] Auto-router pass #705 on board '51ab4b970fb10d7d451c0f5052aeff80' was completed in 0.29 seconds with the score of 897.50 (17 unrouted), using 22989.97 CPU seconds and 230312 MB memory.
2026-09-12 18:12:12.091 INFO   [671444\548EEF] Auto-router pass #706 on board '51ab4b970fb10d7d451c0f5052aeff80' was completed in 0.30 seconds with the score of 897.50 (17 unrouted), using 22989.97 CPU seconds and 230312 MB memory.
2026-09-12 18:12:12.412 INFO   [671444\548EEF] Auto-router pass #707 on board '51ab4b970fb10d7d451c0f5052aeff80' was completed in 0.32 seconds with the score of 897.50 (17 unrouted), using 22989.97 CPU seconds and 230312 MB memory.
2026-09-12 18:12:12.779 INFO   [671444\548EEF] Auto-router pass #708 on board '51ab4b970fb10d7d451c0f5052aeff80' was completed in 0.36 seconds with the score of 897.50 (17 unrouted), using 23204.12 CPU seconds and 231341 MB memory.
2026-09-12 18:12:13.120 INFO   [671444\548EEF] Auto-router pass #709 on board '51ab4b970fb10d7d451c0f5052aeff80' was completed in 0.34 seconds with the score of 897.50 (17 unrouted), using 23204.12 CPU seconds and 231341 MB memory.
2026-09-12 18:12:13.398 INFO   [671444\548EEF] Auto-router pass #710 on board '51ab4b970fb10d7d451c0f5052aeff80' was completed in 0.27 seconds with the score of 897.50 (17 unrouted), using 23204.12 CPU seconds and 231341 MB memory.
2026-09-12 18:12:13.653 INFO   [671444\548EEF] Auto-router pass #711 on board '51ab4b970fb10d7d451c0f5052aeff80' was completed in 0.25 seconds with the score of 897.50 (17 unrouted), using 23419.28 CPU seconds and 232396 MB memory.
2026-09-12 18:12:13.992 INFO   [671444\548EEF] Auto-router pass #712 on board '51ab4b970fb10d7d451c0f5052aeff80' was completed in 0.33 seconds with the score of 897.50 (17 unrouted), using 23419.28 CPU seconds and 232396 MB memory.
2026-09-12 18:12:14.304 INFO   [671444\548EEF] Auto-router pass #713 on board '51ab4b970fb10d7d451c0f5052aeff80' was completed in 0.31 seconds with the score of 897.50 (17 unrouted), using 23419.28 CPU seconds and 232396 MB memory.
2026-09-12 18:12:14.599 INFO   [671444\548EEF] Auto-router pass #714 on board '51ab4b970fb10d7d451c0f5052aeff80' was completed in 0.29 seconds with the score of 897.50 (17 unrouted), using 23635.42 CPU seconds and 233449 MB memory.
2026-09-12 18:12:14.887 INFO   [671444\548EEF] Auto-router pass #715 on board '51ab4b970fb10d7d451c0f5052aeff80' was completed in 0.28 seconds with the score of 897.50 (17 unrouted), using 23635.42 CPU seconds and 233449 MB memory.
2026-09-12 18:12:15.217 INFO   [671444\548EEF] Auto-router pass #716 on board '51ab4b970fb10d7d451c0f5052aeff80' was completed in 0.33 seconds with the score of 897.50 (17 unrouted), using 23635.42 CPU seconds and 233449 MB memory.
2026-09-12 18:12:15.525 INFO   [671444\548EEF] Auto-router pass #717 on board '51ab4b970fb10d7d451c0f5052aeff80' was completed in 0.30 seconds with the score of 897.50 (17 unrouted), using 23635.42 CPU seconds and 233449 MB memory.
2026-09-12 18:12:15.841 INFO   [671444\548EEF] Auto-router pass #718 on board '51ab4b970fb10d7d451c0f5052aeff80' was completed in 0.31 seconds with the score of 897.50 (17 unrouted), using 23852.56 CPU seconds and 234506 MB memory.
2026-09-12 18:12:16.157 INFO   [671444\548EEF] Auto-router pass #719 on board '51ab4b970fb10d7d451c0f5052aeff80' was completed in 0.31 seconds with the score of 897.50 (17 unrouted), using 23852.56 CPU seconds and 234506 MB memory.
2026-09-12 18:12:16.522 INFO   [671444\548EEF] Auto-router pass #720 on board '51ab4b970fb10d7d451c0f5052aeff80' was completed in 0.36 seconds with the score of 897.50 (17 unrouted), using 23852.56 CPU seconds and 234506 MB memory.
2026-09-12 18:12:16.870 INFO   [671444\548EEF] Auto-router pass #721 on board '51ab4b970fb10d7d451c0f5052aeff80' was completed in 0.34 seconds with the score of 897.50 (17 unrouted), using 24070.69 CPU seconds and 235489 MB memory.
2026-09-12 18:12:17.208 INFO   [671444\548EEF] Auto-router pass #722 on board '51ab4b970fb10d7d451c0f5052aeff80' was completed in 0.33 seconds with the score of 897.50 (17 unrouted), using 24070.69 CPU seconds and 235489 MB memory.
2026-09-12 18:12:17.557 INFO   [671444\548EEF] Auto-router pass #723 on board '51ab4b970fb10d7d451c0f5052aeff80' was completed in 0.34 seconds with the score of 897.50 (17 unrouted), using 24289.81 CPU seconds and 236419 MB memory.
2026-09-12 18:12:17.920 INFO   [671444\548EEF] Auto-router pass #724 on board '51ab4b970fb10d7d451c0f5052aeff80' was completed in 0.36 seconds with the score of 897.50 (17 unrouted), using 24289.81 CPU seconds and 236419 MB memory.
2026-09-12 18:12:18.271 INFO   [671444\548EEF] Auto-router pass #725 on board '51ab4b970fb10d7d451c0f5052aeff80' was completed in 0.34 seconds with the score of 897.50 (17 unrouted), using 24289.81 CPU seconds and 236419 MB memory.
2026-09-12 18:12:18.630 INFO   [671444\548EEF] Auto-router pass #726 on board '51ab4b970fb10d7d451c0f5052aeff80' was completed in 0.36 seconds with the score of 897.50 (17 unrouted), using 24509.93 CPU seconds and 237346 MB memory.
2026-09-12 18:12:18.984 INFO   [671444\548EEF] Auto-router pass #727 on board '51ab4b970fb10d7d451c0f5052aeff80' was completed in 0.35 seconds with the score of 897.50 (17 unrouted), using 24509.93 CPU seconds and 237346 MB memory.
2026-09-12 18:12:19.337 INFO   [671444\548EEF] Auto-router pass #728 on board '51ab4b970fb10d7d451c0f5052aeff80' was completed in 0.35 seconds with the score of 897.50 (17 unrouted), using 24509.93 CPU seconds and 237346 MB memory.
2026-09-12 18:12:19.652 INFO   [671444\548EEF] Auto-router pass #729 on board '51ab4b970fb10d7d451c0f5052aeff80' was completed in 0.31 seconds with the score of 897.50 (17 unrouted), using 24731.04 CPU seconds and 238284 MB memory.
2026-09-12 18:12:20.008 INFO   [671444\548EEF] Auto-router pass #730 on board '51ab4b970fb10d7d451c0f5052aeff80' was completed in 0.35 seconds with the score of 897.50 (17 unrouted), using 24731.04 CPU seconds and 238284 MB memory.
2026-09-12 18:12:20.338 INFO   [671444\548EEF] Auto-router pass #731 on board '51ab4b970fb10d7d451c0f5052aeff80' was completed in 0.33 seconds with the score of 897.50 (17 unrouted), using 24731.04 CPU seconds and 238284 MB memory.
2026-09-12 18:12:20.742 INFO   [671444\548EEF] Auto-router pass #732 on board '51ab4b970fb10d7d451c0f5052aeff80' was completed in 0.40 seconds with the score of 897.50 (17 unrouted), using 24953.14 CPU seconds and 239222 MB memory.
2026-09-12 18:12:21.092 INFO   [671444\548EEF] Auto-router pass #733 on board '51ab4b970fb10d7d451c0f5052aeff80' was completed in 0.34 seconds with the score of 897.50 (17 unrouted), using 24953.14 CPU seconds and 239222 MB memory.
2026-09-12 18:12:21.429 INFO   [671444\548EEF] Auto-router pass #734 on board '51ab4b970fb10d7d451c0f5052aeff80' was completed in 0.33 seconds with the score of 897.50 (17 unrouted), using 24953.14 CPU seconds and 239222 MB memory.
2026-09-12 18:12:21.782 INFO   [671444\548EEF] Auto-router pass #735 on board '51ab4b970fb10d7d451c0f5052aeff80' was completed in 0.35 seconds with the score of 897.50 (17 unrouted), using 25176.24 CPU seconds and 240129 MB memory.
2026-09-12 18:12:22.154 INFO   [671444\548EEF] Auto-router pass #736 on board '51ab4b970fb10d7d451c0f5052aeff80' was completed in 0.37 seconds with the score of 897.50 (17 unrouted), using 25176.24 CPU seconds and 240129 MB memory.
2026-09-12 18:12:22.486 INFO   [671444\548EEF] Auto-router pass #737 on board '51ab4b970fb10d7d451c0f5052aeff80' was completed in 0.33 seconds with the score of 897.50 (17 unrouted), using 25176.24 CPU seconds and 240129 MB memory.
2026-09-12 18:12:22.847 INFO   [671444\548EEF] Auto-router pass #738 on board '51ab4b970fb10d7d451c0f5052aeff80' was completed in 0.36 seconds with the score of 897.50 (17 unrouted), using 25400.34 CPU seconds and 241052 MB memory.
2026-09-12 18:12:23.196 INFO   [671444\548EEF] Auto-router pass #739 on board '51ab4b970fb10d7d451c0f5052aeff80' was completed in 0.34 seconds with the score of 897.50 (17 unrouted), using 25400.34 CPU seconds and 241052 MB memory.
2026-09-12 18:12:23.601 INFO   [671444\548EEF] Auto-router pass #740 on board '51ab4b970fb10d7d451c0f5052aeff80' was completed in 0.40 seconds with the score of 897.50 (17 unrouted), using 25625.42 CPU seconds and 241943 MB memory.
2026-09-12 18:12:23.946 INFO   [671444\548EEF] Auto-router pass #741 on board '51ab4b970fb10d7d451c0f5052aeff80' was completed in 0.34 seconds with the score of 897.50 (17 unrouted), using 25625.42 CPU seconds and 241943 MB memory.
2026-09-12 18:12:24.267 INFO   [671444\548EEF] Auto-router pass #742 on board '51ab4b970fb10d7d451c0f5052aeff80' was completed in 0.32 seconds with the score of 897.50 (17 unrouted), using 25625.42 CPU seconds and 241943 MB memory.
2026-09-12 18:12:24.609 INFO   [671444\548EEF] Auto-router pass #743 on board '51ab4b970fb10d7d451c0f5052aeff80' was completed in 0.34 seconds with the score of 897.50 (17 unrouted), using 25851.50 CPU seconds and 242889 MB memory.
2026-09-12 18:12:24.964 INFO   [671444\548EEF] Auto-router pass #744 on board '51ab4b970fb10d7d451c0f5052aeff80' was completed in 0.35 seconds with the score of 897.50 (17 unrouted), using 25851.50 CPU seconds and 242889 MB memory.
2026-09-12 18:12:25.295 INFO   [671444\548EEF] Auto-router pass #745 on board '51ab4b970fb10d7d451c0f5052aeff80' was completed in 0.32 seconds with the score of 897.50 (17 unrouted), using 25851.50 CPU seconds and 242889 MB memory.
2026-09-12 18:12:25.624 INFO   [671444\548EEF] Auto-router pass #746 on board '51ab4b970fb10d7d451c0f5052aeff80' was completed in 0.33 seconds with the score of 897.50 (17 unrouted), using 26078.57 CPU seconds and 243847 MB memory.
2026-09-12 18:12:25.957 INFO   [671444\548EEF] Auto-router pass #747 on board '51ab4b970fb10d7d451c0f5052aeff80' was completed in 0.33 seconds with the score of 897.50 (17 unrouted), using 26078.57 CPU seconds and 243847 MB memory.
2026-09-12 18:12:26.331 INFO   [671444\548EEF] Auto-router pass #748 on board '51ab4b970fb10d7d451c0f5052aeff80' was completed in 0.37 seconds with the score of 897.50 (17 unrouted), using 26078.57 CPU seconds and 243847 MB memory.
2026-09-12 18:12:26.690 INFO   [671444\548EEF] Auto-router pass #749 on board '51ab4b970fb10d7d451c0f5052aeff80' was completed in 0.35 seconds with the score of 897.50 (17 unrouted), using 26306.63 CPU seconds and 244777 MB memory.
2026-09-12 18:12:27.036 INFO   [671444\548EEF] Auto-router pass #750 on board '51ab4b970fb10d7d451c0f5052aeff80' was completed in 0.34 seconds with the score of 897.50 (17 unrouted), using 26306.63 CPU seconds and 244777 MB memory.
2026-09-12 18:12:27.352 INFO   [671444\548EEF] Auto-router pass #751 on board '51ab4b970fb10d7d451c0f5052aeff80' was completed in 0.31 seconds with the score of 897.50 (17 unrouted), using 26306.63 CPU seconds and 244777 MB memory.
2026-09-12 18:12:27.721 INFO   [671444\548EEF] Auto-router pass #752 on board '51ab4b970fb10d7d451c0f5052aeff80' was completed in 0.36 seconds with the score of 897.50 (17 unrouted), using 26535.70 CPU seconds and 245727 MB memory.
2026-09-12 18:12:28.075 INFO   [671444\548EEF] Auto-router pass #753 on board '51ab4b970fb10d7d451c0f5052aeff80' was completed in 0.35 seconds with the score of 897.50 (17 unrouted), using 26535.70 CPU seconds and 245727 MB memory.
2026-09-12 18:12:28.426 INFO   [671444\548EEF] Auto-router pass #754 on board '51ab4b970fb10d7d451c0f5052aeff80' was completed in 0.35 seconds with the score of 897.50 (17 unrouted), using 26535.70 CPU seconds and 245727 MB memory.
2026-09-12 18:12:28.797 INFO   [671444\548EEF] Auto-router pass #755 on board '51ab4b970fb10d7d451c0f5052aeff80' was completed in 0.37 seconds with the score of 897.50 (17 unrouted), using 26765.75 CPU seconds and 246646 MB memory.
2026-09-12 18:12:29.176 INFO   [671444\548EEF] Auto-router pass #756 on board '51ab4b970fb10d7d451c0f5052aeff80' was completed in 0.37 seconds with the score of 897.50 (17 unrouted), using 26765.75 CPU seconds and 246646 MB memory.
2026-09-12 18:12:29.523 INFO   [671444\548EEF] Auto-router pass #757 on board '51ab4b970fb10d7d451c0f5052aeff80' was completed in 0.34 seconds with the score of 897.50 (17 unrouted), using 26765.75 CPU seconds and 246646 MB memory.
2026-09-12 18:12:29.851 INFO   [671444\548EEF] Auto-router pass #758 on board '51ab4b970fb10d7d451c0f5052aeff80' was completed in 0.32 seconds with the score of 897.50 (17 unrouted), using 26996.79 CPU seconds and 247538 MB memory.
2026-09-12 18:12:30.200 INFO   [671444\548EEF] Auto-router pass #759 on board '51ab4b970fb10d7d451c0f5052aeff80' was completed in 0.34 seconds with the score of 897.50 (17 unrouted), using 26996.79 CPU seconds and 247538 MB memory.
2026-09-12 18:12:30.562 INFO   [671444\548EEF] Auto-router pass #760 on board '51ab4b970fb10d7d451c0f5052aeff80' was completed in 0.36 seconds with the score of 897.50 (17 unrouted), using 27228.84 CPU seconds and 248483 MB memory.
2026-09-12 18:12:30.924 INFO   [671444\548EEF] Auto-router pass #761 on board '51ab4b970fb10d7d451c0f5052aeff80' was completed in 0.36 seconds with the score of 897.50 (17 unrouted), using 27228.84 CPU seconds and 248483 MB memory.
2026-09-12 18:12:31.265 INFO   [671444\548EEF] Auto-router pass #762 on board '51ab4b970fb10d7d451c0f5052aeff80' was completed in 0.34 seconds with the score of 897.50 (17 unrouted), using 27228.84 CPU seconds and 248483 MB memory.
2026-09-12 18:12:31.610 INFO   [671444\548EEF] Auto-router pass #763 on board '51ab4b970fb10d7d451c0f5052aeff80' was completed in 0.34 seconds with the score of 897.50 (17 unrouted), using 27461.87 CPU seconds and 249400 MB memory.
2026-09-12 18:12:31.978 INFO   [671444\548EEF] Auto-router pass #764 on board '51ab4b970fb10d7d451c0f5052aeff80' was completed in 0.36 seconds with the score of 897.50 (17 unrouted), using 27461.87 CPU seconds and 249400 MB memory.
2026-09-12 18:12:32.322 INFO   [671444\548EEF] Auto-router pass #765 on board '51ab4b970fb10d7d451c0f5052aeff80' was completed in 0.34 seconds with the score of 897.50 (17 unrouted), using 27461.87 CPU seconds and 249400 MB memory.
2026-09-12 18:12:32.665 INFO   [671444\548EEF] Auto-router pass #766 on board '51ab4b970fb10d7d451c0f5052aeff80' was completed in 0.34 seconds with the score of 897.50 (17 unrouted), using 27695.90 CPU seconds and 250335 MB memory.
2026-09-12 18:12:32.997 INFO   [671444\548EEF] Auto-router pass #767 on board '51ab4b970fb10d7d451c0f5052aeff80' was completed in 0.33 seconds with the score of 897.50 (17 unrouted), using 27695.90 CPU seconds and 250335 MB memory.
2026-09-12 18:12:33.362 INFO   [671444\548EEF] Auto-router pass #768 on board '51ab4b970fb10d7d451c0f5052aeff80' was completed in 0.36 seconds with the score of 897.50 (17 unrouted), using 27695.90 CPU seconds and 250335 MB memory.
2026-09-12 18:12:33.729 INFO   [671444\548EEF] Auto-router pass #769 on board '51ab4b970fb10d7d451c0f5052aeff80' was completed in 0.36 seconds with the score of 897.50 (17 unrouted), using 27930.92 CPU seconds and 251269 MB memory.
2026-09-12 18:12:34.083 INFO   [671444\548EEF] Auto-router pass #770 on board '51ab4b970fb10d7d451c0f5052aeff80' was completed in 0.35 seconds with the score of 897.50 (17 unrouted), using 27930.92 CPU seconds and 251269 MB memory.
2026-09-12 18:12:34.425 INFO   [671444\548EEF] Auto-router pass #771 on board '51ab4b970fb10d7d451c0f5052aeff80' was completed in 0.34 seconds with the score of 897.50 (17 unrouted), using 27930.92 CPU seconds and 251269 MB memory.
2026-09-12 18:12:34.737 INFO   [671444\548EEF] Auto-router pass #772 on board '51ab4b970fb10d7d451c0f5052aeff80' was completed in 0.31 seconds with the score of 897.50 (17 unrouted), using 28166.94 CPU seconds and 252174 MB memory.
2026-09-12 18:12:34.983 INFO   [671444\548EEF] Auto-router pass #773 on board '51ab4b970fb10d7d451c0f5052aeff80' was completed in 0.24 seconds with the score of 897.50 (17 unrouted), using 28166.94 CPU seconds and 252174 MB memory.
2026-09-12 18:12:35.272 INFO   [671444\548EEF] Auto-router pass #774 on board '51ab4b970fb10d7d451c0f5052aeff80' was completed in 0.29 seconds with the score of 897.50 (17 unrouted), using 28166.94 CPU seconds and 252174 MB memory.
2026-09-12 18:12:35.631 INFO   [671444\548EEF] Auto-router pass #775 on board '51ab4b970fb10d7d451c0f5052aeff80' was completed in 0.35 seconds with the score of 897.50 (17 unrouted), using 28403.95 CPU seconds and 253280 MB memory.
2026-09-12 18:12:35.974 INFO   [671444\548EEF] Auto-router pass #776 on board '51ab4b970fb10d7d451c0f5052aeff80' was completed in 0.34 seconds with the score of 897.50 (17 unrouted), using 28403.95 CPU seconds and 253280 MB memory.
2026-09-12 18:12:36.271 INFO   [671444\548EEF] Auto-router pass #777 on board '51ab4b970fb10d7d451c0f5052aeff80' was completed in 0.29 seconds with the score of 897.50 (17 unrouted), using 28403.95 CPU seconds and 253280 MB memory.
2026-09-12 18:12:36.565 INFO   [671444\548EEF] Auto-router pass #778 on board '51ab4b970fb10d7d451c0f5052aeff80' was completed in 0.29 seconds with the score of 897.50 (17 unrouted), using 28641.96 CPU seconds and 254332 MB memory.
2026-09-12 18:12:36.873 INFO   [671444\548EEF] Auto-router pass #779 on board '51ab4b970fb10d7d451c0f5052aeff80' was completed in 0.30 seconds with the score of 897.50 (17 unrouted), using 28641.96 CPU seconds and 254332 MB memory.
2026-09-12 18:12:37.215 INFO   [671444\548EEF] Auto-router pass #780 on board '51ab4b970fb10d7d451c0f5052aeff80' was completed in 0.34 seconds with the score of 897.50 (17 unrouted), using 28641.96 CPU seconds and 254332 MB memory.
2026-09-12 18:12:37.554 INFO   [671444\548EEF] Auto-router pass #781 on board '51ab4b970fb10d7d451c0f5052aeff80' was completed in 0.34 seconds with the score of 897.50 (17 unrouted), using 28641.96 CPU seconds and 254332 MB memory.
2026-09-12 18:12:37.884 INFO   [671444\548EEF] Auto-router pass #782 on board '51ab4b970fb10d7d451c0f5052aeff80' was completed in 0.33 seconds with the score of 897.50 (17 unrouted), using 28880.96 CPU seconds and 255322 MB memory.
2026-09-12 18:12:38.208 INFO   [671444\548EEF] Auto-router pass #783 on board '51ab4b970fb10d7d451c0f5052aeff80' was completed in 0.32 seconds with the score of 897.50 (17 unrouted), using 28880.96 CPU seconds and 255322 MB memory.
2026-09-12 18:12:38.571 INFO   [671444\548EEF] Auto-router pass #784 on board '51ab4b970fb10d7d451c0f5052aeff80' was completed in 0.36 seconds with the score of 897.50 (17 unrouted), using 29120.95 CPU seconds and 256291 MB memory.
2026-09-12 18:12:38.906 INFO   [671444\548EEF] Auto-router pass #785 on board '51ab4b970fb10d7d451c0f5052aeff80' was completed in 0.33 seconds with the score of 897.50 (17 unrouted), using 29120.95 CPU seconds and 256291 MB memory.
2026-09-12 18:12:39.250 INFO   [671444\548EEF] Auto-router pass #786 on board '51ab4b970fb10d7d451c0f5052aeff80' was completed in 0.34 seconds with the score of 897.50 (17 unrouted), using 29120.95 CPU seconds and 256291 MB memory.
2026-09-12 18:12:39.598 INFO   [671444\548EEF] Auto-router pass #787 on board '51ab4b970fb10d7d451c0f5052aeff80' was completed in 0.34 seconds with the score of 897.50 (17 unrouted), using 29361.94 CPU seconds and 257229 MB memory.
2026-09-12 18:12:39.899 INFO   [671444\548EEF] Auto-router pass #788 on board '51ab4b970fb10d7d451c0f5052aeff80' was completed in 0.29 seconds with the score of 897.50 (17 unrouted), using 29361.94 CPU seconds and 257229 MB memory.
2026-09-12 18:12:40.140 INFO   [671444\548EEF] Auto-router pass #789 on board '51ab4b970fb10d7d451c0f5052aeff80' was completed in 0.24 seconds with the score of 897.50 (17 unrouted), using 29361.94 CPU seconds and 257229 MB memory.
2026-09-12 18:12:40.449 INFO   [671444\548EEF] Auto-router pass #790 on board '51ab4b970fb10d7d451c0f5052aeff80' was completed in 0.30 seconds with the score of 897.50 (17 unrouted), using 29361.94 CPU seconds and 257229 MB memory.
2026-09-12 18:12:40.761 INFO   [671444\548EEF] Auto-router pass #791 on board '51ab4b970fb10d7d451c0f5052aeff80' was completed in 0.31 seconds with the score of 897.50 (17 unrouted), using 29603.93 CPU seconds and 258353 MB memory.
2026-09-12 18:12:41.078 INFO   [671444\548EEF] Auto-router pass #792 on board '51ab4b970fb10d7d451c0f5052aeff80' was completed in 0.31 seconds with the score of 897.50 (17 unrouted), using 29603.93 CPU seconds and 258353 MB memory.
2026-09-12 18:12:41.382 INFO   [671444\548EEF] Auto-router pass #793 on board '51ab4b970fb10d7d451c0f5052aeff80' was completed in 0.30 seconds with the score of 897.50 (17 unrouted), using 29603.93 CPU seconds and 258353 MB memory.
2026-09-12 18:12:41.686 INFO   [671444\548EEF] Auto-router pass #794 on board '51ab4b970fb10d7d451c0f5052aeff80' was completed in 0.30 seconds with the score of 897.50 (17 unrouted), using 29846.91 CPU seconds and 259412 MB memory.
2026-09-12 18:12:41.993 INFO   [671444\548EEF] Auto-router pass #795 on board '51ab4b970fb10d7d451c0f5052aeff80' was completed in 0.30 seconds with the score of 897.50 (17 unrouted), using 29846.91 CPU seconds and 259412 MB memory.
2026-09-12 18:12:42.361 INFO   [671444\548EEF] Auto-router pass #796 on board '51ab4b970fb10d7d451c0f5052aeff80' was completed in 0.36 seconds with the score of 897.50 (17 unrouted), using 29846.91 CPU seconds and 259412 MB memory.
2026-09-12 18:12:42.709 INFO   [671444\548EEF] Auto-router pass #797 on board '51ab4b970fb10d7d451c0f5052aeff80' was completed in 0.34 seconds with the score of 897.50 (17 unrouted), using 30090.88 CPU seconds and 260385 MB memory.
2026-09-12 18:12:43.052 INFO   [671444\548EEF] Auto-router pass #798 on board '51ab4b970fb10d7d451c0f5052aeff80' was completed in 0.34 seconds with the score of 897.50 (17 unrouted), using 30090.88 CPU seconds and 260385 MB memory.
2026-09-12 18:12:43.406 INFO   [671444\548EEF] Auto-router pass #799 on board '51ab4b970fb10d7d451c0f5052aeff80' was completed in 0.35 seconds with the score of 897.50 (17 unrouted), using 30090.88 CPU seconds and 260385 MB memory.
2026-09-12 18:12:43.776 INFO   [671444\548EEF] Auto-router pass #800 on board '51ab4b970fb10d7d451c0f5052aeff80' was completed in 0.36 seconds with the score of 897.50 (17 unrouted), using 30335.85 CPU seconds and 261311 MB memory.
2026-09-12 18:12:44.163 INFO   [671444\548EEF] Auto-router pass #801 on board '51ab4b970fb10d7d451c0f5052aeff80' was completed in 0.38 seconds with the score of 897.50 (17 unrouted), using 30335.85 CPU seconds and 261311 MB memory.
2026-09-12 18:12:44.513 INFO   [671444\548EEF] Auto-router pass #802 on board '51ab4b970fb10d7d451c0f5052aeff80' was completed in 0.34 seconds with the score of 897.50 (17 unrouted), using 30335.85 CPU seconds and 261311 MB memory.
2026-09-12 18:12:44.848 INFO   [671444\548EEF] Auto-router pass #803 on board '51ab4b970fb10d7d451c0f5052aeff80' was completed in 0.33 seconds with the score of 897.50 (17 unrouted), using 30581.80 CPU seconds and 262195 MB memory.
2026-09-12 18:12:45.210 INFO   [671444\548EEF] Auto-router pass #804 on board '51ab4b970fb10d7d451c0f5052aeff80' was completed in 0.36 seconds with the score of 897.50 (17 unrouted), using 30581.80 CPU seconds and 262195 MB memory.
2026-09-12 18:12:45.559 INFO   [671444\548EEF] Auto-router pass #805 on board '51ab4b970fb10d7d451c0f5052aeff80' was completed in 0.34 seconds with the score of 897.50 (17 unrouted), using 30581.80 CPU seconds and 262195 MB memory.
2026-09-12 18:12:45.879 INFO   [671444\548EEF] Auto-router pass #806 on board '51ab4b970fb10d7d451c0f5052aeff80' was completed in 0.32 seconds with the score of 897.50 (17 unrouted), using 30828.75 CPU seconds and 263134 MB memory.
2026-09-12 18:12:46.203 INFO   [671444\548EEF] Auto-router pass #807 on board '51ab4b970fb10d7d451c0f5052aeff80' was completed in 0.32 seconds with the score of 897.50 (17 unrouted), using 30828.75 CPU seconds and 263134 MB memory.
2026-09-12 18:12:46.544 INFO   [671444\548EEF] Auto-router pass #808 on board '51ab4b970fb10d7d451c0f5052aeff80' was completed in 0.34 seconds with the score of 897.50 (17 unrouted), using 30828.75 CPU seconds and 263134 MB memory.
2026-09-12 18:12:46.868 INFO   [671444\548EEF] Auto-router pass #809 on board '51ab4b970fb10d7d451c0f5052aeff80' was completed in 0.32 seconds with the score of 897.50 (17 unrouted), using 31076.69 CPU seconds and 264135 MB memory.
2026-09-12 18:12:47.242 INFO   [671444\548EEF] Auto-router pass #810 on board '51ab4b970fb10d7d451c0f5052aeff80' was completed in 0.37 seconds with the score of 897.50 (17 unrouted), using 31076.69 CPU seconds and 264135 MB memory.
2026-09-12 18:12:47.594 INFO   [671444\548EEF] Auto-router pass #811 on board '51ab4b970fb10d7d451c0f5052aeff80' was completed in 0.35 seconds with the score of 897.50 (17 unrouted), using 31325.62 CPU seconds and 265050 MB memory.
2026-09-12 18:12:47.943 INFO   [671444\548EEF] Auto-router pass #812 on board '51ab4b970fb10d7d451c0f5052aeff80' was completed in 0.34 seconds with the score of 897.50 (17 unrouted), using 31325.62 CPU seconds and 265050 MB memory.
2026-09-12 18:12:48.310 INFO   [671444\548EEF] Auto-router pass #813 on board '51ab4b970fb10d7d451c0f5052aeff80' was completed in 0.36 seconds with the score of 897.50 (17 unrouted), using 31325.62 CPU seconds and 265050 MB memory.
2026-09-12 18:12:48.655 INFO   [671444\548EEF] Auto-router pass #814 on board '51ab4b970fb10d7d451c0f5052aeff80' was completed in 0.34 seconds with the score of 897.50 (17 unrouted), using 31575.55 CPU seconds and 265974 MB memory.
2026-09-12 18:12:48.983 INFO   [671444\548EEF] Auto-router pass #815 on board '51ab4b970fb10d7d451c0f5052aeff80' was completed in 0.32 seconds with the score of 897.50 (17 unrouted), using 31575.55 CPU seconds and 265974 MB memory.
2026-09-12 18:12:49.355 INFO   [671444\548EEF] Auto-router pass #816 on board '51ab4b970fb10d7d451c0f5052aeff80' was completed in 0.37 seconds with the score of 897.50 (17 unrouted), using 31575.55 CPU seconds and 265974 MB memory.
2026-09-12 18:12:49.710 INFO   [671444\548EEF] Auto-router pass #817 on board '51ab4b970fb10d7d451c0f5052aeff80' was completed in 0.35 seconds with the score of 897.50 (17 unrouted), using 31826.46 CPU seconds and 266911 MB memory.
2026-09-12 18:12:50.049 INFO   [671444\548EEF] Auto-router pass #818 on board '51ab4b970fb10d7d451c0f5052aeff80' was completed in 0.33 seconds with the score of 897.50 (17 unrouted), using 31826.46 CPU seconds and 266911 MB memory.
2026-09-12 18:12:50.330 INFO   [671444\548EEF] Auto-router pass #819 on board '51ab4b970fb10d7d451c0f5052aeff80' was completed in 0.28 seconds with the score of 897.50 (17 unrouted), using 31826.46 CPU seconds and 266911 MB memory.
2026-09-12 18:12:50.590 INFO   [671444\548EEF] Auto-router pass #820 on board '51ab4b970fb10d7d451c0f5052aeff80' was completed in 0.26 seconds with the score of 897.50 (17 unrouted), using 32078.37 CPU seconds and 267986 MB memory.
2026-09-12 18:12:50.837 INFO   [671444\548EEF] Auto-router pass #821 on board '51ab4b970fb10d7d451c0f5052aeff80' was completed in 0.24 seconds with the score of 897.50 (17 unrouted), using 32078.37 CPU seconds and 267986 MB memory.
2026-09-12 18:12:51.073 INFO   [671444\548EEF] Auto-router pass #822 on board '51ab4b970fb10d7d451c0f5052aeff80' was completed in 0.23 seconds with the score of 897.50 (17 unrouted), using 32078.37 CPU seconds and 267986 MB memory.
2026-09-12 18:12:51.311 INFO   [671444\548EEF] Auto-router pass #823 on board '51ab4b970fb10d7d451c0f5052aeff80' was completed in 0.23 seconds with the score of 897.50 (17 unrouted), using 32078.37 CPU seconds and 267986 MB memory.
2026-09-12 18:12:51.561 INFO   [671444\548EEF] Auto-router pass #824 on board '51ab4b970fb10d7d451c0f5052aeff80' was completed in 0.25 seconds with the score of 897.50 (17 unrouted), using 32078.37 CPU seconds and 267986 MB memory.
2026-09-12 18:12:51.796 INFO   [671444\548EEF] Auto-router pass #825 on board '51ab4b970fb10d7d451c0f5052aeff80' was completed in 0.23 seconds with the score of 897.50 (17 unrouted), using 32331.26 CPU seconds and 269327 MB memory.
2026-09-12 18:12:52.035 INFO   [671444\548EEF] Auto-router pass #826 on board '51ab4b970fb10d7d451c0f5052aeff80' was completed in 0.24 seconds with the score of 897.50 (17 unrouted), using 32331.26 CPU seconds and 269327 MB memory.
2026-09-12 18:12:52.276 INFO   [671444\548EEF] Auto-router pass #827 on board '51ab4b970fb10d7d451c0f5052aeff80' was completed in 0.24 seconds with the score of 897.50 (17 unrouted), using 32331.26 CPU seconds and 269327 MB memory.
2026-09-12 18:12:52.584 INFO   [671444\548EEF] Auto-router pass #828 on board '51ab4b970fb10d7d451c0f5052aeff80' was completed in 0.30 seconds with the score of 897.50 (17 unrouted), using 32585.15 CPU seconds and 270606 MB memory.
2026-09-12 18:12:52.901 INFO   [671444\548EEF] Auto-router pass #829 on board '51ab4b970fb10d7d451c0f5052aeff80' was completed in 0.31 seconds with the score of 897.50 (17 unrouted), using 32585.15 CPU seconds and 270606 MB memory.
2026-09-12 18:12:53.215 INFO   [671444\548EEF] Auto-router pass #830 on board '51ab4b970fb10d7d451c0f5052aeff80' was completed in 0.31 seconds with the score of 897.50 (17 unrouted), using 32585.15 CPU seconds and 270606 MB memory.
2026-09-12 18:12:53.534 INFO   [671444\548EEF] Auto-router pass #831 on board '51ab4b970fb10d7d451c0f5052aeff80' was completed in 0.31 seconds with the score of 897.50 (17 unrouted), using 32585.15 CPU seconds and 270606 MB memory.
2026-09-12 18:12:53.908 INFO   [671444\548EEF] Auto-router pass #832 on board '51ab4b970fb10d7d451c0f5052aeff80' was completed in 0.37 seconds with the score of 897.50 (17 unrouted), using 32840.03 CPU seconds and 271616 MB memory.
2026-09-12 18:12:54.225 INFO   [671444\548EEF] Auto-router pass #833 on board '51ab4b970fb10d7d451c0f5052aeff80' was completed in 0.31 seconds with the score of 897.50 (17 unrouted), using 32840.03 CPU seconds and 271616 MB memory.
2026-09-12 18:12:54.558 INFO   [671444\548EEF] Auto-router pass #834 on board '51ab4b970fb10d7d451c0f5052aeff80' was completed in 0.33 seconds with the score of 897.50 (17 unrouted), using 32840.03 CPU seconds and 271616 MB memory.
2026-09-12 18:12:54.871 INFO   [671444\548EEF] Auto-router pass #835 on board '51ab4b970fb10d7d451c0f5052aeff80' was completed in 0.31 seconds with the score of 897.50 (17 unrouted), using 33095.91 CPU seconds and 272574 MB memory.
2026-09-12 18:12:55.208 INFO   [671444\548EEF] Auto-router pass #836 on board '51ab4b970fb10d7d451c0f5052aeff80' was completed in 0.33 seconds with the score of 897.50 (17 unrouted), using 33095.91 CPU seconds and 272574 MB memory.
2026-09-12 18:12:55.535 INFO   [671444\548EEF] Auto-router pass #837 on board '51ab4b970fb10d7d451c0f5052aeff80' was completed in 0.32 seconds with the score of 897.50 (17 unrouted), using 33095.91 CPU seconds and 272574 MB memory.
2026-09-12 18:12:55.863 INFO   [671444\548EEF] Auto-router pass #838 on board '51ab4b970fb10d7d451c0f5052aeff80' was completed in 0.33 seconds with the score of 897.50 (17 unrouted), using 33352.78 CPU seconds and 273580 MB memory.
2026-09-12 18:12:56.202 INFO   [671444\548EEF] Auto-router pass #839 on board '51ab4b970fb10d7d451c0f5052aeff80' was completed in 0.33 seconds with the score of 897.50 (17 unrouted), using 33352.78 CPU seconds and 273580 MB memory.
2026-09-12 18:12:56.552 INFO   [671444\548EEF] Auto-router pass #840 on board '51ab4b970fb10d7d451c0f5052aeff80' was completed in 0.34 seconds with the score of 897.50 (17 unrouted), using 33352.78 CPU seconds and 273580 MB memory.
2026-09-12 18:12:56.878 INFO   [671444\548EEF] Auto-router pass #841 on board '51ab4b970fb10d7d451c0f5052aeff80' was completed in 0.32 seconds with the score of 897.50 (17 unrouted), using 33610.64 CPU seconds and 274545 MB memory.
2026-09-12 18:12:57.196 INFO   [671444\548EEF] Auto-router pass #842 on board '51ab4b970fb10d7d451c0f5052aeff80' was completed in 0.31 seconds with the score of 897.50 (17 unrouted), using 33610.64 CPU seconds and 274545 MB memory.
2026-09-12 18:12:57.525 INFO   [671444\548EEF] Auto-router pass #843 on board '51ab4b970fb10d7d451c0f5052aeff80' was completed in 0.32 seconds with the score of 897.50 (17 unrouted), using 33610.64 CPU seconds and 274545 MB memory.
2026-09-12 18:12:57.894 INFO   [671444\548EEF] Auto-router pass #844 on board '51ab4b970fb10d7d451c0f5052aeff80' was completed in 0.36 seconds with the score of 897.50 (17 unrouted), using 33869.50 CPU seconds and 275532 MB memory.
2026-09-12 18:12:58.246 INFO   [671444\548EEF] Auto-router pass #845 on board '51ab4b970fb10d7d451c0f5052aeff80' was completed in 0.35 seconds with the score of 897.50 (17 unrouted), using 33869.50 CPU seconds and 275532 MB memory.
2026-09-12 18:12:58.603 INFO   [671444\548EEF] Auto-router pass #846 on board '51ab4b970fb10d7d451c0f5052aeff80' was completed in 0.35 seconds with the score of 897.50 (17 unrouted), using 34129.35 CPU seconds and 276443 MB memory.
2026-09-12 18:12:58.944 INFO   [671444\548EEF] Auto-router pass #847 on board '51ab4b970fb10d7d451c0f5052aeff80' was completed in 0.34 seconds with the score of 897.50 (17 unrouted), using 34129.35 CPU seconds and 276443 MB memory.
2026-09-12 18:12:59.233 INFO   [671444\548EEF] Auto-router pass #848 on board '51ab4b970fb10d7d451c0f5052aeff80' was completed in 0.28 seconds with the score of 897.50 (17 unrouted), using 34129.35 CPU seconds and 276443 MB memory.
2026-09-12 18:12:59.474 INFO   [671444\548EEF] Auto-router pass #849 on board '51ab4b970fb10d7d451c0f5052aeff80' was completed in 0.24 seconds with the score of 897.50 (17 unrouted), using 34129.35 CPU seconds and 276443 MB memory.
2026-09-12 18:12:59.754 INFO   [671444\548EEF] Auto-router pass #850 on board '51ab4b970fb10d7d451c0f5052aeff80' was completed in 0.28 seconds with the score of 897.50 (17 unrouted), using 34390.20 CPU seconds and 277566 MB memory.
2026-09-12 18:13:00.038 INFO   [671444\548EEF] Auto-router pass #851 on board '51ab4b970fb10d7d451c0f5052aeff80' was completed in 0.28 seconds with the score of 897.50 (17 unrouted), using 34390.20 CPU seconds and 277566 MB memory.
2026-09-12 18:13:00.360 INFO   [671444\548EEF] Auto-router pass #852 on board '51ab4b970fb10d7d451c0f5052aeff80' was completed in 0.32 seconds with the score of 897.50 (17 unrouted), using 34390.20 CPU seconds and 277566 MB memory.
2026-09-12 18:13:00.654 INFO   [671444\548EEF] Auto-router pass #853 on board '51ab4b970fb10d7d451c0f5052aeff80' was completed in 0.29 seconds with the score of 897.50 (17 unrouted), using 34652.03 CPU seconds and 278665 MB memory.
2026-09-12 18:13:00.953 INFO   [671444\548EEF] Auto-router pass #854 on board '51ab4b970fb10d7d451c0f5052aeff80' was completed in 0.30 seconds with the score of 897.50 (17 unrouted), using 34652.03 CPU seconds and 278665 MB memory.
2026-09-12 18:13:01.354 INFO   [671444\548EEF] Auto-router pass #855 on board '51ab4b970fb10d7d451c0f5052aeff80' was completed in 0.40 seconds with the score of 897.50 (17 unrouted), using 34652.03 CPU seconds and 278665 MB memory.
2026-09-12 18:13:01.717 INFO   [671444\548EEF] Auto-router pass #856 on board '51ab4b970fb10d7d451c0f5052aeff80' was completed in 0.36 seconds with the score of 897.50 (17 unrouted), using 34914.86 CPU seconds and 279596 MB memory.
2026-09-12 18:13:02.047 INFO   [671444\548EEF] Auto-router pass #857 on board '51ab4b970fb10d7d451c0f5052aeff80' was completed in 0.33 seconds with the score of 897.50 (17 unrouted), using 34914.86 CPU seconds and 279596 MB memory.
2026-09-12 18:13:02.386 INFO   [671444\548EEF] Auto-router pass #858 on board '51ab4b970fb10d7d451c0f5052aeff80' was completed in 0.34 seconds with the score of 897.50 (17 unrouted), using 34914.86 CPU seconds and 279596 MB memory.
2026-09-12 18:13:02.714 INFO   [671444\548EEF] Auto-router pass #859 on board '51ab4b970fb10d7d451c0f5052aeff80' was completed in 0.32 seconds with the score of 897.50 (17 unrouted), using 35178.68 CPU seconds and 280557 MB memory.
2026-09-12 18:13:03.082 INFO   [671444\548EEF] Auto-router pass #860 on board '51ab4b970fb10d7d451c0f5052aeff80' was completed in 0.36 seconds with the score of 897.50 (17 unrouted), using 35178.68 CPU seconds and 280557 MB memory.
2026-09-12 18:13:03.430 INFO   [671444\548EEF] Auto-router pass #861 on board '51ab4b970fb10d7d451c0f5052aeff80' was completed in 0.34 seconds with the score of 897.50 (17 unrouted), using 35178.68 CPU seconds and 280557 MB memory.
2026-09-12 18:13:03.763 INFO   [671444\548EEF] Auto-router pass #862 on board '51ab4b970fb10d7d451c0f5052aeff80' was completed in 0.33 seconds with the score of 897.50 (17 unrouted), using 35443.50 CPU seconds and 281497 MB memory.
2026-09-12 18:13:04.114 INFO   [671444\548EEF] Auto-router pass #863 on board '51ab4b970fb10d7d451c0f5052aeff80' was completed in 0.35 seconds with the score of 897.50 (17 unrouted), using 35443.50 CPU seconds and 281497 MB memory.
2026-09-12 18:13:04.489 INFO   [671444\548EEF] Auto-router pass #864 on board '51ab4b970fb10d7d451c0f5052aeff80' was completed in 0.37 seconds with the score of 897.50 (17 unrouted), using 35443.50 CPU seconds and 281497 MB memory.
2026-09-12 18:13:04.835 INFO   [671444\548EEF] Auto-router pass #865 on board '51ab4b970fb10d7d451c0f5052aeff80' was completed in 0.34 seconds with the score of 897.50 (17 unrouted), using 35709.31 CPU seconds and 282420 MB memory.
2026-09-12 18:13:05.172 INFO   [671444\548EEF] Auto-router pass #866 on board '51ab4b970fb10d7d451c0f5052aeff80' was completed in 0.33 seconds with the score of 897.50 (17 unrouted), using 35709.31 CPU seconds and 282420 MB memory.
2026-09-12 18:13:05.486 INFO   [671444\548EEF] Auto-router pass #867 on board '51ab4b970fb10d7d451c0f5052aeff80' was completed in 0.31 seconds with the score of 897.50 (17 unrouted), using 35709.31 CPU seconds and 282420 MB memory.
2026-09-12 18:13:05.828 INFO   [671444\548EEF] Auto-router pass #868 on board '51ab4b970fb10d7d451c0f5052aeff80' was completed in 0.34 seconds with the score of 897.50 (17 unrouted), using 35976.11 CPU seconds and 283394 MB memory.
2026-09-12 18:13:06.135 INFO   [671444\548EEF] Auto-router pass #869 on board '51ab4b970fb10d7d451c0f5052aeff80' was completed in 0.30 seconds with the score of 897.50 (17 unrouted), using 35976.11 CPU seconds and 283394 MB memory.
2026-09-12 18:13:06.460 INFO   [671444\548EEF] Auto-router pass #870 on board '51ab4b970fb10d7d451c0f5052aeff80' was completed in 0.32 seconds with the score of 897.50 (17 unrouted), using 35976.11 CPU seconds and 283394 MB memory.
2026-09-12 18:13:06.792 INFO   [671444\548EEF] Auto-router pass #871 on board '51ab4b970fb10d7d451c0f5052aeff80' was completed in 0.33 seconds with the score of 897.50 (17 unrouted), using 36243.90 CPU seconds and 284392 MB memory.
2026-09-12 18:13:07.147 INFO   [671444\548EEF] Auto-router pass #872 on board '51ab4b970fb10d7d451c0f5052aeff80' was completed in 0.35 seconds with the score of 897.50 (17 unrouted), using 36243.90 CPU seconds and 284392 MB memory.
2026-09-12 18:13:07.463 INFO   [671444\548EEF] Auto-router pass #873 on board '51ab4b970fb10d7d451c0f5052aeff80' was completed in 0.31 seconds with the score of 897.50 (17 unrouted), using 36243.90 CPU seconds and 284392 MB memory.
2026-09-12 18:13:07.783 INFO   [671444\548EEF] Auto-router pass #874 on board '51ab4b970fb10d7d451c0f5052aeff80' was completed in 0.32 seconds with the score of 897.50 (17 unrouted), using 36512.68 CPU seconds and 285383 MB memory.
2026-09-12 18:13:08.113 INFO   [671444\548EEF] Auto-router pass #875 on board '51ab4b970fb10d7d451c0f5052aeff80' was completed in 0.33 seconds with the score of 897.50 (17 unrouted), using 36512.68 CPU seconds and 285383 MB memory.
2026-09-12 18:13:08.465 INFO   [671444\548EEF] Auto-router pass #876 on board '51ab4b970fb10d7d451c0f5052aeff80' was completed in 0.35 seconds with the score of 897.50 (17 unrouted), using 36512.68 CPU seconds and 285383 MB memory.
2026-09-12 18:13:08.801 INFO   [671444\548EEF] Auto-router pass #877 on board '51ab4b970fb10d7d451c0f5052aeff80' was completed in 0.33 seconds with the score of 897.50 (17 unrouted), using 36782.46 CPU seconds and 286356 MB memory.
2026-09-12 18:13:09.132 INFO   [671444\548EEF] Auto-router pass #878 on board '51ab4b970fb10d7d451c0f5052aeff80' was completed in 0.33 seconds with the score of 897.50 (17 unrouted), using 36782.46 CPU seconds and 286356 MB memory.
2026-09-12 18:13:09.458 INFO   [671444\548EEF] Auto-router pass #879 on board '51ab4b970fb10d7d451c0f5052aeff80' was completed in 0.32 seconds with the score of 897.50 (17 unrouted), using 36782.46 CPU seconds and 286356 MB memory.
2026-09-12 18:13:09.807 INFO   [671444\548EEF] Auto-router pass #880 on board '51ab4b970fb10d7d451c0f5052aeff80' was completed in 0.34 seconds with the score of 897.50 (17 unrouted), using 37053.23 CPU seconds and 287325 MB memory.
2026-09-12 18:13:10.071 INFO   [671444\548EEF] Auto-router pass #881 on board '51ab4b970fb10d7d451c0f5052aeff80' was completed in 0.26 seconds with the score of 897.50 (17 unrouted), using 37053.23 CPU seconds and 287325 MB memory.
2026-09-12 18:13:10.313 INFO   [671444\548EEF] Auto-router pass #882 on board '51ab4b970fb10d7d451c0f5052aeff80' was completed in 0.24 seconds with the score of 897.50 (17 unrouted), using 37053.23 CPU seconds and 287325 MB memory.
2026-09-12 18:13:10.551 INFO   [671444\548EEF] Auto-router pass #883 on board '51ab4b970fb10d7d451c0f5052aeff80' was completed in 0.23 seconds with the score of 897.50 (17 unrouted), using 37053.23 CPU seconds and 287325 MB memory.
2026-09-12 18:13:10.815 INFO   [671444\548EEF] Auto-router pass #884 on board '51ab4b970fb10d7d451c0f5052aeff80' was completed in 0.26 seconds with the score of 897.50 (17 unrouted), using 37325.00 CPU seconds and 288542 MB memory.
2026-09-12 18:13:11.055 INFO   [671444\548EEF] Auto-router pass #885 on board '51ab4b970fb10d7d451c0f5052aeff80' was completed in 0.24 seconds with the score of 897.50 (17 unrouted), using 37325.00 CPU seconds and 288542 MB memory.
2026-09-12 18:13:11.293 INFO   [671444\548EEF] Auto-router pass #886 on board '51ab4b970fb10d7d451c0f5052aeff80' was completed in 0.23 seconds with the score of 897.50 (17 unrouted), using 37325.00 CPU seconds and 288542 MB memory.
2026-09-12 18:13:11.573 INFO   [671444\548EEF] Auto-router pass #887 on board '51ab4b970fb10d7d451c0f5052aeff80' was completed in 0.28 seconds with the score of 897.50 (17 unrouted), using 37597.76 CPU seconds and 289816 MB memory.
2026-09-12 18:13:11.910 INFO   [671444\548EEF] Auto-router pass #888 on board '51ab4b970fb10d7d451c0f5052aeff80' was completed in 0.33 seconds with the score of 897.50 (17 unrouted), using 37597.76 CPU seconds and 289816 MB memory.
2026-09-12 18:13:12.225 INFO   [671444\548EEF] Auto-router pass #889 on board '51ab4b970fb10d7d451c0f5052aeff80' was completed in 0.31 seconds with the score of 897.50 (17 unrouted), using 37597.76 CPU seconds and 289816 MB memory.
2026-09-12 18:13:12.530 INFO   [671444\548EEF] Auto-router pass #890 on board '51ab4b970fb10d7d451c0f5052aeff80' was completed in 0.30 seconds with the score of 897.50 (17 unrouted), using 37597.76 CPU seconds and 289816 MB memory.
2026-09-12 18:13:12.814 INFO   [671444\548EEF] Auto-router pass #891 on board '51ab4b970fb10d7d451c0f5052aeff80' was completed in 0.28 seconds with the score of 897.50 (17 unrouted), using 37871.51 CPU seconds and 290842 MB memory.
2026-09-12 18:13:13.145 INFO   [671444\548EEF] Auto-router pass #892 on board '51ab4b970fb10d7d451c0f5052aeff80' was completed in 0.33 seconds with the score of 897.50 (17 unrouted), using 37871.51 CPU seconds and 290842 MB memory.
2026-09-12 18:13:13.484 INFO   [671444\548EEF] Auto-router pass #893 on board '51ab4b970fb10d7d451c0f5052aeff80' was completed in 0.34 seconds with the score of 897.50 (17 unrouted), using 37871.51 CPU seconds and 290842 MB memory.
2026-09-12 18:13:13.819 INFO   [671444\548EEF] Auto-router pass #894 on board '51ab4b970fb10d7d451c0f5052aeff80' was completed in 0.33 seconds with the score of 897.50 (17 unrouted), using 38146.25 CPU seconds and 291864 MB memory.
2026-09-12 18:13:14.162 INFO   [671444\548EEF] Auto-router pass #895 on board '51ab4b970fb10d7d451c0f5052aeff80' was completed in 0.34 seconds with the score of 897.50 (17 unrouted), using 38146.25 CPU seconds and 291864 MB memory.
2026-09-12 18:13:14.567 INFO   [671444\548EEF] Auto-router pass #896 on board '51ab4b970fb10d7d451c0f5052aeff80' was completed in 0.40 seconds with the score of 897.50 (17 unrouted), using 38146.25 CPU seconds and 291864 MB memory.
2026-09-12 18:13:14.920 INFO   [671444\548EEF] Auto-router pass #897 on board '51ab4b970fb10d7d451c0f5052aeff80' was completed in 0.35 seconds with the score of 897.50 (17 unrouted), using 38421.99 CPU seconds and 292769 MB memory.
2026-09-12 18:13:15.275 INFO   [671444\548EEF] Auto-router pass #898 on board '51ab4b970fb10d7d451c0f5052aeff80' was completed in 0.35 seconds with the score of 897.50 (17 unrouted), using 38421.99 CPU seconds and 292769 MB memory.
2026-09-12 18:13:15.609 INFO   [671444\548EEF] Auto-router pass #899 on board '51ab4b970fb10d7d451c0f5052aeff80' was completed in 0.33 seconds with the score of 897.50 (17 unrouted), using 38698.73 CPU seconds and 293689 MB memory.
2026-09-12 18:13:15.960 INFO   [671444\548EEF] Auto-router pass #900 on board '51ab4b970fb10d7d451c0f5052aeff80' was completed in 0.35 seconds with the score of 897.50 (17 unrouted), using 38698.73 CPU seconds and 293689 MB memory.
2026-09-12 18:13:16.285 INFO   [671444\548EEF] Auto-router pass #901 on board '51ab4b970fb10d7d451c0f5052aeff80' was completed in 0.32 seconds with the score of 897.50 (17 unrouted), using 38698.73 CPU seconds and 293689 MB memory.
2026-09-12 18:13:16.600 INFO   [671444\548EEF] Auto-router pass #902 on board '51ab4b970fb10d7d451c0f5052aeff80' was completed in 0.31 seconds with the score of 897.50 (17 unrouted), using 38976.45 CPU seconds and 294682 MB memory.
2026-09-12 18:13:16.939 INFO   [671444\548EEF] Auto-router pass #903 on board '51ab4b970fb10d7d451c0f5052aeff80' was completed in 0.33 seconds with the score of 897.50 (17 unrouted), using 38976.45 CPU seconds and 294682 MB memory.
2026-09-12 18:13:17.301 INFO   [671444\548EEF] Auto-router pass #904 on board '51ab4b970fb10d7d451c0f5052aeff80' was completed in 0.36 seconds with the score of 897.50 (17 unrouted), using 38976.45 CPU seconds and 294682 MB memory.
2026-09-12 18:13:17.642 INFO   [671444\548EEF] Auto-router pass #905 on board '51ab4b970fb10d7d451c0f5052aeff80' was completed in 0.33 seconds with the score of 897.50 (17 unrouted), using 39255.18 CPU seconds and 295625 MB memory.
2026-09-12 18:13:17.983 INFO   [671444\548EEF] Auto-router pass #906 on board '51ab4b970fb10d7d451c0f5052aeff80' was completed in 0.34 seconds with the score of 897.50 (17 unrouted), using 39255.18 CPU seconds and 295625 MB memory.
2026-09-12 18:13:18.324 INFO   [671444\548EEF] Auto-router pass #907 on board '51ab4b970fb10d7d451c0f5052aeff80' was completed in 0.34 seconds with the score of 897.50 (17 unrouted), using 39255.18 CPU seconds and 295625 MB memory.
2026-09-12 18:13:18.694 INFO   [671444\548EEF] Auto-router pass #908 on board '51ab4b970fb10d7d451c0f5052aeff80' was completed in 0.36 seconds with the score of 897.50 (17 unrouted), using 39534.89 CPU seconds and 296557 MB memory.
2026-09-12 18:13:18.934 INFO   [671444\548EEF] Auto-router pass #909 on board '51ab4b970fb10d7d451c0f5052aeff80' was completed in 0.24 seconds with the score of 897.50 (17 unrouted), using 39534.89 CPU seconds and 296557 MB memory.
2026-09-12 18:13:19.174 INFO   [671444\548EEF] Auto-router pass #910 on board '51ab4b970fb10d7d451c0f5052aeff80' was completed in 0.24 seconds with the score of 897.50 (17 unrouted), using 39534.89 CPU seconds and 296557 MB memory.
2026-09-12 18:13:19.412 INFO   [671444\548EEF] Auto-router pass #911 on board '51ab4b970fb10d7d451c0f5052aeff80' was completed in 0.23 seconds with the score of 897.50 (17 unrouted), using 39534.89 CPU seconds and 296557 MB memory.
2026-09-12 18:13:19.663 INFO   [671444\548EEF] Auto-router pass #912 on board '51ab4b970fb10d7d451c0f5052aeff80' was completed in 0.25 seconds with the score of 897.50 (17 unrouted), using 39815.61 CPU seconds and 297857 MB memory.
2026-09-12 18:13:19.908 INFO   [671444\548EEF] Auto-router pass #913 on board '51ab4b970fb10d7d451c0f5052aeff80' was completed in 0.24 seconds with the score of 897.50 (17 unrouted), using 39815.61 CPU seconds and 297857 MB memory.
2026-09-12 18:13:20.152 INFO   [671444\548EEF] Auto-router pass #914 on board '51ab4b970fb10d7d451c0f5052aeff80' was completed in 0.24 seconds with the score of 897.50 (17 unrouted), using 39815.61 CPU seconds and 297857 MB memory.
2026-09-12 18:13:20.393 INFO   [671444\548EEF] Auto-router pass #915 on board '51ab4b970fb10d7d451c0f5052aeff80' was completed in 0.24 seconds with the score of 897.50 (17 unrouted), using 39815.61 CPU seconds and 297857 MB memory.
2026-09-12 18:13:20.647 INFO   [671444\548EEF] Auto-router pass #916 on board '51ab4b970fb10d7d451c0f5052aeff80' was completed in 0.25 seconds with the score of 897.50 (17 unrouted), using 40097.31 CPU seconds and 299182 MB memory.
2026-09-12 18:13:20.910 INFO   [671444\548EEF] Auto-router pass #917 on board '51ab4b970fb10d7d451c0f5052aeff80' was completed in 0.26 seconds with the score of 897.50 (17 unrouted), using 40097.31 CPU seconds and 299182 MB memory.
2026-09-12 18:13:21.207 INFO   [671444\548EEF] Auto-router pass #918 on board '51ab4b970fb10d7d451c0f5052aeff80' was completed in 0.29 seconds with the score of 897.50 (17 unrouted), using 40097.31 CPU seconds and 299182 MB memory.
2026-09-12 18:13:21.500 INFO   [671444\548EEF] Auto-router pass #919 on board '51ab4b970fb10d7d451c0f5052aeff80' was completed in 0.29 seconds with the score of 897.50 (17 unrouted), using 40097.31 CPU seconds and 299182 MB memory.
2026-09-12 18:13:21.827 INFO   [671444\548EEF] Auto-router pass #920 on board '51ab4b970fb10d7d451c0f5052aeff80' was completed in 0.32 seconds with the score of 897.50 (17 unrouted), using 40380.01 CPU seconds and 300315 MB memory.
2026-09-12 18:13:22.131 INFO   [671444\548EEF] Auto-router pass #921 on board '51ab4b970fb10d7d451c0f5052aeff80' was completed in 0.30 seconds with the score of 897.50 (17 unrouted), using 40380.01 CPU seconds and 300315 MB memory.
2026-09-12 18:13:22.447 INFO   [671444\548EEF] Auto-router pass #922 on board '51ab4b970fb10d7d451c0f5052aeff80' was completed in 0.31 seconds with the score of 897.50 (17 unrouted), using 40380.01 CPU seconds and 300315 MB memory.
2026-09-12 18:13:22.766 INFO   [671444\548EEF] Auto-router pass #923 on board '51ab4b970fb10d7d451c0f5052aeff80' was completed in 0.32 seconds with the score of 897.50 (17 unrouted), using 40663.70 CPU seconds and 301347 MB memory.
2026-09-12 18:13:23.139 INFO   [671444\548EEF] Auto-router pass #924 on board '51ab4b970fb10d7d451c0f5052aeff80' was completed in 0.37 seconds with the score of 897.50 (17 unrouted), using 40663.70 CPU seconds and 301347 MB memory.
2026-09-12 18:13:23.476 INFO   [671444\548EEF] Auto-router pass #925 on board '51ab4b970fb10d7d451c0f5052aeff80' was completed in 0.33 seconds with the score of 897.50 (17 unrouted), using 40663.70 CPU seconds and 301347 MB memory.
2026-09-12 18:13:23.785 INFO   [671444\548EEF] Auto-router pass #926 on board '51ab4b970fb10d7d451c0f5052aeff80' was completed in 0.30 seconds with the score of 897.50 (17 unrouted), using 40948.39 CPU seconds and 302302 MB memory.
2026-09-12 18:13:24.099 INFO   [671444\548EEF] Auto-router pass #927 on board '51ab4b970fb10d7d451c0f5052aeff80' was completed in 0.31 seconds with the score of 897.50 (17 unrouted), using 40948.39 CPU seconds and 302302 MB memory.
2026-09-12 18:13:24.432 INFO   [671444\548EEF] Auto-router pass #928 on board '51ab4b970fb10d7d451c0f5052aeff80' was completed in 0.33 seconds with the score of 897.50 (17 unrouted), using 40948.39 CPU seconds and 302302 MB memory.
2026-09-12 18:13:24.753 INFO   [671444\548EEF] Auto-router pass #929 on board '51ab4b970fb10d7d451c0f5052aeff80' was completed in 0.32 seconds with the score of 897.50 (17 unrouted), using 41234.07 CPU seconds and 303325 MB memory.
2026-09-12 18:13:25.067 INFO   [671444\548EEF] Auto-router pass #930 on board '51ab4b970fb10d7d451c0f5052aeff80' was completed in 0.31 seconds with the score of 897.50 (17 unrouted), using 41234.07 CPU seconds and 303325 MB memory.
2026-09-12 18:13:25.415 INFO   [671444\548EEF] Auto-router pass #931 on board '51ab4b970fb10d7d451c0f5052aeff80' was completed in 0.34 seconds with the score of 897.50 (17 unrouted), using 41234.07 CPU seconds and 303325 MB memory.
2026-09-12 18:13:25.763 INFO   [671444\548EEF] Auto-router pass #932 on board '51ab4b970fb10d7d451c0f5052aeff80' was completed in 0.34 seconds with the score of 897.50 (17 unrouted), using 41520.75 CPU seconds and 304301 MB memory.
2026-09-12 18:13:26.033 INFO   [671444\548EEF] Auto-router pass #933 on board '51ab4b970fb10d7d451c0f5052aeff80' was completed in 0.27 seconds with the score of 897.50 (17 unrouted), using 41520.75 CPU seconds and 304301 MB memory.
2026-09-12 18:13:26.298 INFO   [671444\548EEF] Auto-router pass #934 on board '51ab4b970fb10d7d451c0f5052aeff80' was completed in 0.26 seconds with the score of 897.50 (17 unrouted), using 41520.75 CPU seconds and 304301 MB memory.
2026-09-12 18:13:26.615 INFO   [671444\548EEF] Auto-router pass #935 on board '51ab4b970fb10d7d451c0f5052aeff80' was completed in 0.31 seconds with the score of 897.50 (17 unrouted), using 41808.41 CPU seconds and 305404 MB memory.
2026-09-12 18:13:26.947 INFO   [671444\548EEF] Auto-router pass #936 on board '51ab4b970fb10d7d451c0f5052aeff80' was completed in 0.33 seconds with the score of 897.50 (17 unrouted), using 41808.41 CPU seconds and 305404 MB memory.
2026-09-12 18:13:27.255 INFO   [671444\548EEF] Auto-router pass #937 on board '51ab4b970fb10d7d451c0f5052aeff80' was completed in 0.30 seconds with the score of 897.50 (17 unrouted), using 41808.41 CPU seconds and 305404 MB memory.
2026-09-12 18:13:27.612 INFO   [671444\548EEF] Auto-router pass #938 on board '51ab4b970fb10d7d451c0f5052aeff80' was completed in 0.35 seconds with the score of 897.50 (17 unrouted), using 42097.07 CPU seconds and 306396 MB memory.
2026-09-12 18:13:27.955 INFO   [671444\548EEF] Auto-router pass #939 on board '51ab4b970fb10d7d451c0f5052aeff80' was completed in 0.34 seconds with the score of 897.50 (17 unrouted), using 42097.07 CPU seconds and 306396 MB memory.
2026-09-12 18:13:28.305 INFO   [671444\548EEF] Auto-router pass #940 on board '51ab4b970fb10d7d451c0f5052aeff80' was completed in 0.35 seconds with the score of 897.50 (17 unrouted), using 42097.07 CPU seconds and 306396 MB memory.
2026-09-12 18:13:28.634 INFO   [671444\548EEF] Auto-router pass #941 on board '51ab4b970fb10d7d451c0f5052aeff80' was completed in 0.33 seconds with the score of 897.50 (17 unrouted), using 42386.71 CPU seconds and 307359 MB memory.
2026-09-12 18:13:28.970 INFO   [671444\548EEF] Auto-router pass #942 on board '51ab4b970fb10d7d451c0f5052aeff80' was completed in 0.33 seconds with the score of 897.50 (17 unrouted), using 42386.71 CPU seconds and 307359 MB memory.
2026-09-12 18:13:29.294 INFO   [671444\548EEF] Auto-router pass #943 on board '51ab4b970fb10d7d451c0f5052aeff80' was completed in 0.32 seconds with the score of 897.50 (17 unrouted), using 42386.71 CPU seconds and 307359 MB memory.
2026-09-12 18:13:29.644 INFO   [671444\548EEF] Auto-router pass #944 on board '51ab4b970fb10d7d451c0f5052aeff80' was completed in 0.35 seconds with the score of 897.50 (17 unrouted), using 42677.35 CPU seconds and 308327 MB memory.
2026-09-12 18:13:29.975 INFO   [671444\548EEF] Auto-router pass #945 on board '51ab4b970fb10d7d451c0f5052aeff80' was completed in 0.33 seconds with the score of 897.50 (17 unrouted), using 42677.35 CPU seconds and 308327 MB memory.
2026-09-12 18:13:30.302 INFO   [671444\548EEF] Auto-router pass #946 on board '51ab4b970fb10d7d451c0f5052aeff80' was completed in 0.32 seconds with the score of 897.50 (17 unrouted), using 42677.35 CPU seconds and 308327 MB memory.
2026-09-12 18:13:30.649 INFO   [671444\548EEF] Auto-router pass #947 on board '51ab4b970fb10d7d451c0f5052aeff80' was completed in 0.34 seconds with the score of 897.50 (17 unrouted), using 42968.98 CPU seconds and 309286 MB memory.
2026-09-12 18:13:31.005 INFO   [671444\548EEF] Auto-router pass #948 on board '51ab4b970fb10d7d451c0f5052aeff80' was completed in 0.35 seconds with the score of 897.50 (17 unrouted), using 42968.98 CPU seconds and 309286 MB memory.
2026-09-12 18:13:31.325 INFO   [671444\548EEF] Auto-router pass #949 on board '51ab4b970fb10d7d451c0f5052aeff80' was completed in 0.32 seconds with the score of 897.50 (17 unrouted), using 42968.98 CPU seconds and 309286 MB memory.
2026-09-12 18:13:31.655 INFO   [671444\548EEF] Auto-router pass #950 on board '51ab4b970fb10d7d451c0f5052aeff80' was completed in 0.33 seconds with the score of 897.50 (17 unrouted), using 43261.61 CPU seconds and 310260 MB memory.
2026-09-12 18:13:31.972 INFO   [671444\548EEF] Auto-router pass #951 on board '51ab4b970fb10d7d451c0f5052aeff80' was completed in 0.31 seconds with the score of 897.50 (17 unrouted), using 43261.61 CPU seconds and 310260 MB memory.
2026-09-12 18:13:32.330 INFO   [671444\548EEF] Auto-router pass #952 on board '51ab4b970fb10d7d451c0f5052aeff80' was completed in 0.35 seconds with the score of 897.50 (17 unrouted), using 43261.61 CPU seconds and 310260 MB memory.
2026-09-12 18:13:32.688 INFO   [671444\548EEF] Auto-router pass #953 on board '51ab4b970fb10d7d451c0f5052aeff80' was completed in 0.35 seconds with the score of 897.50 (17 unrouted), using 43555.23 CPU seconds and 311220 MB memory.
2026-09-12 18:13:33.027 INFO   [671444\548EEF] Auto-router pass #954 on board '51ab4b970fb10d7d451c0f5052aeff80' was completed in 0.34 seconds with the score of 897.50 (17 unrouted), using 43555.23 CPU seconds and 311220 MB memory.
2026-09-12 18:13:33.377 INFO   [671444\548EEF] Auto-router pass #955 on board '51ab4b970fb10d7d451c0f5052aeff80' was completed in 0.34 seconds with the score of 897.50 (17 unrouted), using 43555.23 CPU seconds and 311220 MB memory.
2026-09-12 18:13:33.697 INFO   [671444\548EEF] Auto-router pass #956 on board '51ab4b970fb10d7d451c0f5052aeff80' was completed in 0.32 seconds with the score of 897.50 (17 unrouted), using 43849.85 CPU seconds and 312165 MB memory.
2026-09-12 18:13:34.022 INFO   [671444\548EEF] Auto-router pass #957 on board '51ab4b970fb10d7d451c0f5052aeff80' was completed in 0.32 seconds with the score of 897.50 (17 unrouted), using 43849.85 CPU seconds and 312165 MB memory.
2026-09-12 18:13:34.368 INFO   [671444\548EEF] Auto-router pass #958 on board '51ab4b970fb10d7d451c0f5052aeff80' was completed in 0.34 seconds with the score of 897.50 (17 unrouted), using 43849.85 CPU seconds and 312165 MB memory.
2026-09-12 18:13:34.723 INFO   [671444\548EEF] Auto-router pass #959 on board '51ab4b970fb10d7d451c0f5052aeff80' was completed in 0.35 seconds with the score of 897.50 (17 unrouted), using 44145.46 CPU seconds and 313124 MB memory.
2026-09-12 18:13:35.094 INFO   [671444\548EEF] Auto-router pass #960 on board '51ab4b970fb10d7d451c0f5052aeff80' was completed in 0.37 seconds with the score of 897.50 (17 unrouted), using 44145.46 CPU seconds and 313124 MB memory.
2026-09-12 18:13:35.439 INFO   [671444\548EEF] Auto-router pass #961 on board '51ab4b970fb10d7d451c0f5052aeff80' was completed in 0.34 seconds with the score of 897.50 (17 unrouted), using 44145.46 CPU seconds and 313124 MB memory.
2026-09-12 18:13:35.787 INFO   [671444\548EEF] Auto-router pass #962 on board '51ab4b970fb10d7d451c0f5052aeff80' was completed in 0.34 seconds with the score of 897.50 (17 unrouted), using 44442.06 CPU seconds and 314047 MB memory.
2026-09-12 18:13:36.127 INFO   [671444\548EEF] Auto-router pass #963 on board '51ab4b970fb10d7d451c0f5052aeff80' was completed in 0.34 seconds with the score of 897.50 (17 unrouted), using 44442.06 CPU seconds and 314047 MB memory.
2026-09-12 18:13:36.517 INFO   [671444\548EEF] Auto-router pass #964 on board '51ab4b970fb10d7d451c0f5052aeff80' was completed in 0.38 seconds with the score of 897.50 (17 unrouted), using 44442.06 CPU seconds and 314047 MB memory.
2026-09-12 18:13:36.850 INFO   [671444\548EEF] Auto-router pass #965 on board '51ab4b970fb10d7d451c0f5052aeff80' was completed in 0.33 seconds with the score of 897.50 (17 unrouted), using 44739.66 CPU seconds and 314961 MB memory.
2026-09-12 18:13:37.176 INFO   [671444\548EEF] Auto-router pass #966 on board '51ab4b970fb10d7d451c0f5052aeff80' was completed in 0.32 seconds with the score of 897.50 (17 unrouted), using 44739.66 CPU seconds and 314961 MB memory.
2026-09-12 18:13:37.509 INFO   [671444\548EEF] Auto-router pass #967 on board '51ab4b970fb10d7d451c0f5052aeff80' was completed in 0.33 seconds with the score of 897.50 (17 unrouted), using 44739.66 CPU seconds and 314961 MB memory.
2026-09-12 18:13:37.866 INFO   [671444\548EEF] Auto-router pass #968 on board '51ab4b970fb10d7d451c0f5052aeff80' was completed in 0.35 seconds with the score of 897.50 (17 unrouted), using 45038.25 CPU seconds and 315931 MB memory.
2026-09-12 18:13:38.193 INFO   [671444\548EEF] Auto-router pass #969 on board '51ab4b970fb10d7d451c0f5052aeff80' was completed in 0.32 seconds with the score of 897.50 (17 unrouted), using 45038.25 CPU seconds and 315931 MB memory.
2026-09-12 18:13:38.513 INFO   [671444\548EEF] Auto-router pass #970 on board '51ab4b970fb10d7d451c0f5052aeff80' was completed in 0.32 seconds with the score of 897.50 (17 unrouted), using 45038.25 CPU seconds and 315931 MB memory.
2026-09-12 18:13:38.828 INFO   [671444\548EEF] Auto-router pass #971 on board '51ab4b970fb10d7d451c0f5052aeff80' was completed in 0.31 seconds with the score of 897.50 (17 unrouted), using 45337.84 CPU seconds and 316916 MB memory.
2026-09-12 18:13:39.169 INFO   [671444\548EEF] Auto-router pass #972 on board '51ab4b970fb10d7d451c0f5052aeff80' was completed in 0.34 seconds with the score of 897.50 (17 unrouted), using 45337.84 CPU seconds and 316916 MB memory.
2026-09-12 18:13:39.502 INFO   [671444\548EEF] Auto-router pass #973 on board '51ab4b970fb10d7d451c0f5052aeff80' was completed in 0.33 seconds with the score of 897.50 (17 unrouted), using 45337.84 CPU seconds and 316916 MB memory.
2026-09-12 18:13:39.819 INFO   [671444\548EEF] Auto-router pass #974 on board '51ab4b970fb10d7d451c0f5052aeff80' was completed in 0.31 seconds with the score of 897.50 (17 unrouted), using 45638.42 CPU seconds and 317902 MB memory.
2026-09-12 18:13:40.154 INFO   [671444\548EEF] Auto-router pass #975 on board '51ab4b970fb10d7d451c0f5052aeff80' was completed in 0.33 seconds with the score of 897.50 (17 unrouted), using 45638.42 CPU seconds and 317902 MB memory.
2026-09-12 18:13:40.499 INFO   [671444\548EEF] Auto-router pass #976 on board '51ab4b970fb10d7d451c0f5052aeff80' was completed in 0.34 seconds with the score of 897.50 (17 unrouted), using 45638.42 CPU seconds and 317902 MB memory.
2026-09-12 18:13:40.829 INFO   [671444\548EEF] Auto-router pass #977 on board '51ab4b970fb10d7d451c0f5052aeff80' was completed in 0.33 seconds with the score of 897.50 (17 unrouted), using 45939.99 CPU seconds and 318892 MB memory.
2026-09-12 18:13:41.154 INFO   [671444\548EEF] Auto-router pass #978 on board '51ab4b970fb10d7d451c0f5052aeff80' was completed in 0.32 seconds with the score of 897.50 (17 unrouted), using 45939.99 CPU seconds and 318892 MB memory.
2026-09-12 18:13:41.396 INFO   [671444\548EEF] Auto-router pass #979 on board '51ab4b970fb10d7d451c0f5052aeff80' was completed in 0.24 seconds with the score of 897.50 (17 unrouted), using 45939.99 CPU seconds and 318892 MB memory.
2026-09-12 18:13:41.649 INFO   [671444\548EEF] Auto-router pass #980 on board '51ab4b970fb10d7d451c0f5052aeff80' was completed in 0.25 seconds with the score of 897.50 (17 unrouted), using 46242.56 CPU seconds and 320023 MB memory.
2026-09-12 18:13:41.944 INFO   [671444\548EEF] Auto-router pass #981 on board '51ab4b970fb10d7d451c0f5052aeff80' was completed in 0.29 seconds with the score of 897.50 (17 unrouted), using 46242.56 CPU seconds and 320023 MB memory.
2026-09-12 18:13:42.249 INFO   [671444\548EEF] Auto-router pass #982 on board '51ab4b970fb10d7d451c0f5052aeff80' was completed in 0.30 seconds with the score of 897.50 (17 unrouted), using 46242.56 CPU seconds and 320023 MB memory.
2026-09-12 18:13:42.534 INFO   [671444\548EEF] Auto-router pass #983 on board '51ab4b970fb10d7d451c0f5052aeff80' was completed in 0.28 seconds with the score of 897.50 (17 unrouted), using 46242.56 CPU seconds and 320023 MB memory.
2026-09-12 18:13:42.836 INFO   [671444\548EEF] Auto-router pass #984 on board '51ab4b970fb10d7d451c0f5052aeff80' was completed in 0.30 seconds with the score of 897.50 (17 unrouted), using 46546.12 CPU seconds and 321128 MB memory.
2026-09-12 18:13:43.170 INFO   [671444\548EEF] Auto-router pass #985 on board '51ab4b970fb10d7d451c0f5052aeff80' was completed in 0.33 seconds with the score of 897.50 (17 unrouted), using 46546.12 CPU seconds and 321128 MB memory.
2026-09-12 18:13:43.545 INFO   [671444\548EEF] Auto-router pass #986 on board '51ab4b970fb10d7d451c0f5052aeff80' was completed in 0.37 seconds with the score of 897.50 (17 unrouted), using 46546.12 CPU seconds and 321128 MB memory.
2026-09-12 18:13:43.862 INFO   [671444\548EEF] Auto-router pass #987 on board '51ab4b970fb10d7d451c0f5052aeff80' was completed in 0.31 seconds with the score of 897.50 (17 unrouted), using 46850.66 CPU seconds and 322085 MB memory.
2026-09-12 18:13:44.218 INFO   [671444\548EEF] Auto-router pass #988 on board '51ab4b970fb10d7d451c0f5052aeff80' was completed in 0.35 seconds with the score of 897.50 (17 unrouted), using 46850.66 CPU seconds and 322085 MB memory.
2026-09-12 18:13:44.563 INFO   [671444\548EEF] Auto-router pass #989 on board '51ab4b970fb10d7d451c0f5052aeff80' was completed in 0.34 seconds with the score of 897.50 (17 unrouted), using 46850.66 CPU seconds and 322085 MB memory.
2026-09-12 18:13:44.905 INFO   [671444\548EEF] Auto-router pass #990 on board '51ab4b970fb10d7d451c0f5052aeff80' was completed in 0.34 seconds with the score of 897.50 (17 unrouted), using 47156.21 CPU seconds and 323056 MB memory.
2026-09-12 18:13:45.255 INFO   [671444\548EEF] Auto-router pass #991 on board '51ab4b970fb10d7d451c0f5052aeff80' was completed in 0.35 seconds with the score of 897.50 (17 unrouted), using 47156.21 CPU seconds and 323056 MB memory.
2026-09-12 18:13:45.611 INFO   [671444\548EEF] Auto-router pass #992 on board '51ab4b970fb10d7d451c0f5052aeff80' was completed in 0.35 seconds with the score of 897.50 (17 unrouted), using 47462.74 CPU seconds and 323993 MB memory.
2026-09-12 18:13:45.925 INFO   [671444\548EEF] Auto-router pass #993 on board '51ab4b970fb10d7d451c0f5052aeff80' was completed in 0.31 seconds with the score of 897.50 (17 unrouted), using 47462.74 CPU seconds and 323993 MB memory.
2026-09-12 18:13:46.250 INFO   [671444\548EEF] Auto-router pass #994 on board '51ab4b970fb10d7d451c0f5052aeff80' was completed in 0.32 seconds with the score of 897.50 (17 unrouted), using 47462.74 CPU seconds and 323993 MB memory.
2026-09-12 18:13:46.565 INFO   [671444\548EEF] Auto-router pass #995 on board '51ab4b970fb10d7d451c0f5052aeff80' was completed in 0.31 seconds with the score of 897.50 (17 unrouted), using 47462.74 CPU seconds and 323993 MB memory.
2026-09-12 18:13:46.904 INFO   [671444\548EEF] Auto-router pass #996 on board '51ab4b970fb10d7d451c0f5052aeff80' was completed in 0.33 seconds with the score of 897.50 (17 unrouted), using 47770.27 CPU seconds and 324998 MB memory.
2026-09-12 18:13:47.213 INFO   [671444\548EEF] Auto-router pass #997 on board '51ab4b970fb10d7d451c0f5052aeff80' was completed in 0.30 seconds with the score of 897.50 (17 unrouted), using 47770.27 CPU seconds and 324998 MB memory.
2026-09-12 18:13:47.534 INFO   [671444\548EEF] Auto-router pass #998 on board '51ab4b970fb10d7d451c0f5052aeff80' was completed in 0.32 seconds with the score of 897.50 (17 unrouted), using 47770.27 CPU seconds and 324998 MB memory.
2026-09-12 18:13:47.838 INFO   [671444\548EEF] Auto-router pass #999 on board '51ab4b970fb10d7d451c0f5052aeff80' was completed in 0.30 seconds with the score of 897.50 (17 unrouted), using 48078.79 CPU seconds and 326011 MB memory.
{
  "host": "KiCad's Pcbnew,9.0.9.1-unknown-202605141413~ce707d0a6c~ubuntu24.04.1",
  "unit": "mm",
  "board": {
    "bounding_box": {
      "x": 661.0,
      "y": 1.0,
      "width": -1.0,
      "height": -751.0
    },
    "size": {
      "x": 0.0,
      "y": 0.0,
      "width": 662.0,
      "height": 752.0
    }
  },
  "layers": {
    "total_count": 2,
    "signal_count": 2
  },
  "items": {
    "total_count": 697,
    "trace_count": 78,
    "via_count": 17,
    "conduction_area_count": 2,
    "drill_item_count": 134,
    "pin_count": 0,
    "component_count": 446,
    "other_count": 20
  },
  "components": {
    "total_count": 46
  },
  "pads": {
    "total_count": 134
  },
  "nets": {
    "total_count": 40,
    "class_count": 2
  },
  "connections": {
    "maximum_count": 191,
    "incomplete_count": 17
  },
  "traces": {
    "total_count": 78,
    "total_segment_count": 203,
    "total_length": 8206.418,
    "total_weighted_length": 1779454.9,
    "average_length": 105.21049,
    "total_vertical_length": 2699.083,
    "total_horizontal_length": 2120.415,
    "total_angled_length": 3873.0623
  },
  "bends": {
    "total_count": 125,
    "90_degree_count": 13,
    "45_degree_count": 109,
    "other_angle_count": 3
  },
  "vias": {
    "total_count": 17,
    "through_hole_count": 17,
    "blind_count": 0,
    "buried_count": 0
  },
  "clearance_violations": {
    "total_count": 0
  }
}
