solid OpenSCAD_Model
  facet normal 0 0 -1
    outer loop
      vertex -30.1485 43.6 -6
      vertex -28.6515 72 -6
      vertex -28.6515 43.6 -6
    endloop
  endfacet
  facet normal -0 0 -1
    outer loop
      vertex -28.6515 72 -6
      vertex -30.1485 43.6 -6
      vertex -30.1485 72 -6
    endloop
  endfacet
  facet normal 0 0 -1
    outer loop
      vertex 28.6515 43.6 -6
      vertex 30.1485 95.4 -6
      vertex 30.1485 43.6 -6
    endloop
  endfacet
  facet normal -0 0 -1
    outer loop
      vertex 30.1485 95.4 -6
      vertex 28.6515 43.6 -6
      vertex 28.6515 95.4 -6
    endloop
  endfacet
  facet normal 0 0 -1
    outer loop
      vertex 35.2883 18 -6
      vertex 70 0 -6
      vertex 35.2883 10 -6
    endloop
  endfacet
  facet normal 0 0 -1
    outer loop
      vertex 70 0 -6
      vertex 30.7116 10 -6
      vertex 35.2883 10 -6
    endloop
  endfacet
  facet normal 0 0 -1
    outer loop
      vertex -30.7116 18 -6
      vertex 30.7116 18 -6
      vertex 30.7116 10 -6
    endloop
  endfacet
  facet normal 0 0 -1
    outer loop
      vertex 30.7116 18 -6
      vertex 28.6515 27.6 -6
      vertex 30.1485 27.6 -6
    endloop
  endfacet
  facet normal 0 0 -1
    outer loop
      vertex -28.6515 43.6 -6
      vertex 28.6515 43.6 -6
      vertex 28.6515 27.6 -6
    endloop
  endfacet
  facet normal 0 0 -1
    outer loop
      vertex 28.6515 43.6 -6
      vertex -28.6515 72 -6
      vertex 28.6515 95.4 -6
    endloop
  endfacet
  facet normal 0 0 -1
    outer loop
      vertex -28.6515 43.6 -6
      vertex 28.6515 27.6 -6
      vertex -28.6515 27.6 -6
    endloop
  endfacet
  facet normal 0 0 -1
    outer loop
      vertex 30.7116 18 -6
      vertex -30.7116 18 -6
      vertex 28.6515 27.6 -6
    endloop
  endfacet
  facet normal -0 0 -1
    outer loop
      vertex 28.6515 27.6 -6
      vertex -30.7116 18 -6
      vertex -28.6515 27.6 -6
    endloop
  endfacet
  facet normal 0 0 -1
    outer loop
      vertex -35.2883 18 -6
      vertex -30.1485 43.6 -6
      vertex -30.1485 27.6 -6
    endloop
  endfacet
  facet normal 0 0 -1
    outer loop
      vertex -30.1485 43.6 -6
      vertex -70 96 -6
      vertex -30.1485 72 -6
    endloop
  endfacet
  facet normal -0 0 -1
    outer loop
      vertex -28.6515 27.6 -6
      vertex -30.7116 18 -6
      vertex -30.1485 27.6 -6
    endloop
  endfacet
  facet normal 0 0 -1
    outer loop
      vertex -30.7116 18 -6
      vertex 30.7116 10 -6
      vertex -30.7116 10 -6
    endloop
  endfacet
  facet normal 0 0 -1
    outer loop
      vertex 70 0 -6
      vertex -30.7116 10 -6
      vertex 30.7116 10 -6
    endloop
  endfacet
  facet normal 0 0 -1
    outer loop
      vertex -70 0 -6
      vertex -30.7116 10 -6
      vertex 70 0 -6
    endloop
  endfacet
  facet normal 0 0 -1
    outer loop
      vertex -70 0 -6
      vertex -35.2883 18 -6
      vertex -35.2883 10 -6
    endloop
  endfacet
  facet normal -0 0 -1
    outer loop
      vertex -30.7116 10 -6
      vertex -70 0 -6
      vertex -35.2883 10 -6
    endloop
  endfacet
  facet normal -0 0 -1
    outer loop
      vertex -30.1485 43.6 -6
      vertex -70 0 -6
      vertex -70 96 -6
    endloop
  endfacet
  facet normal 0 0 -1
    outer loop
      vertex -30.1485 72 -6
      vertex -70 96 -6
      vertex -37 96 -6
    endloop
  endfacet
  facet normal 0 0 -1
    outer loop
      vertex 30.1485 43.6 -6
      vertex 70 0 -6
      vertex 35.2883 18 -6
    endloop
  endfacet
  facet normal 0 0 -1
    outer loop
      vertex 30.1485 27.6 -6
      vertex 35.2883 18 -6
      vertex 30.7116 18 -6
    endloop
  endfacet
  facet normal 0 0 -1
    outer loop
      vertex 35.2883 18 -6
      vertex 30.1485 27.6 -6
      vertex 30.1485 43.6 -6
    endloop
  endfacet
  facet normal 0 0 -1
    outer loop
      vertex 70 0 -6
      vertex 30.1485 43.6 -6
      vertex 30.1485 95.4 -6
    endloop
  endfacet
  facet normal 0 0 -1
    outer loop
      vertex 30.1485 111.4 -6
      vertex 70 0 -6
      vertex 30.1485 95.4 -6
    endloop
  endfacet
  facet normal 0 0 -1
    outer loop
      vertex 70 0 -6
      vertex 30.1485 111.4 -6
      vertex 70 260 -6
    endloop
  endfacet
  facet normal 0 0 -1
    outer loop
      vertex 28.6515 111.4 -6
      vertex 70 260 -6
      vertex 30.1485 111.4 -6
    endloop
  endfacet
  facet normal 0 0 -1
    outer loop
      vertex 28.6515 43.6 -6
      vertex -28.6515 43.6 -6
      vertex -28.6515 72 -6
    endloop
  endfacet
  facet normal 0 0 -1
    outer loop
      vertex -28.6515 88 -6
      vertex 28.6515 95.4 -6
      vertex -28.6515 72 -6
    endloop
  endfacet
  facet normal -0 0 -1
    outer loop
      vertex 28.6515 95.4 -6
      vertex -28.6515 88 -6
      vertex 28.6515 111.4 -6
    endloop
  endfacet
  facet normal 0 0 -1
    outer loop
      vertex -37 118 -6
      vertex 28.6515 111.4 -6
      vertex -28.6515 88 -6
    endloop
  endfacet
  facet normal 0 0 -1
    outer loop
      vertex -37 96 -6
      vertex -28.6515 88 -6
      vertex -30.1485 88 -6
    endloop
  endfacet
  facet normal 0 0 -1
    outer loop
      vertex -35.2883 18 -6
      vertex -30.1485 27.6 -6
      vertex -30.7116 18 -6
    endloop
  endfacet
  facet normal 0 0 -1
    outer loop
      vertex -30.1485 43.6 -6
      vertex -35.2883 18 -6
      vertex -70 0 -6
    endloop
  endfacet
  facet normal 0 0 -1
    outer loop
      vertex -30.1485 72 -6
      vertex -37 96 -6
      vertex -30.1485 88 -6
    endloop
  endfacet
  facet normal 0 0 -1
    outer loop
      vertex -28.6515 88 -6
      vertex -37 96 -6
      vertex -37 118 -6
    endloop
  endfacet
  facet normal 0 0 -1
    outer loop
      vertex 28.6515 111.4 -6
      vertex -37 118 -6
      vertex 70 260 -6
    endloop
  endfacet
  facet normal 0 0 -1
    outer loop
      vertex -70 260 -6
      vertex -37 118 -6
      vertex -70 118 -6
    endloop
  endfacet
  facet normal 0 0 -1
    outer loop
      vertex -37 118 -6
      vertex -70 260 -6
      vertex 70 260 -6
    endloop
  endfacet
  facet normal 0 0 1
    outer loop
      vertex -25.7045 86.4693 0
      vertex -15 90 0
      vertex -25.4769 87.2196 0
    endloop
  endfacet
  facet normal 0 0 1
    outer loop
      vertex -15 90 0
      vertex -25.4769 44.3804 0
      vertex -25.4 43.6 0
    endloop
  endfacet
  facet normal 0 0 1
    outer loop
      vertex -26.0741 85.7777 0
      vertex -15 90 0
      vertex -25.7045 86.4693 0
    endloop
  endfacet
  facet normal 0 0 1
    outer loop
      vertex -15 90 0
      vertex -25.7045 45.1307 0
      vertex -25.4769 44.3804 0
    endloop
  endfacet
  facet normal 0 0 1
    outer loop
      vertex -26.5716 85.1716 0
      vertex -15 90 0
      vertex -26.0741 85.7777 0
    endloop
  endfacet
  facet normal 0 0 1
    outer loop
      vertex -15 90 0
      vertex -26.0741 45.8223 0
      vertex -25.7045 45.1307 0
    endloop
  endfacet
  facet normal 0 0 1
    outer loop
      vertex -27.1777 84.6741 0
      vertex -15 90 0
      vertex -26.5716 85.1716 0
    endloop
  endfacet
  facet normal 0 0 1
    outer loop
      vertex -15 90 0
      vertex -26.5716 46.4284 0
      vertex -26.0741 45.8223 0
    endloop
  endfacet
  facet normal 0 0 1
    outer loop
      vertex -27.1777 46.9259 0
      vertex -15 90 0
      vertex -27.1777 84.6741 0
    endloop
  endfacet
  facet normal 0 0 1
    outer loop
      vertex -15 90 0
      vertex -27.1777 46.9259 0
      vertex -26.5716 46.4284 0
    endloop
  endfacet
  facet normal -0 0 1
    outer loop
      vertex -27.8693 84.3045 0
      vertex -27.1777 46.9259 0
      vertex -27.1777 84.6741 0
    endloop
  endfacet
  facet normal 0 0 1
    outer loop
      vertex -27.8693 84.3045 0
      vertex -27.8693 47.2955 0
      vertex -27.1777 46.9259 0
    endloop
  endfacet
  facet normal -0 0 1
    outer loop
      vertex -28.6196 84.0769 0
      vertex -27.8693 47.2955 0
      vertex -27.8693 84.3045 0
    endloop
  endfacet
  facet normal 0 0 1
    outer loop
      vertex -28.6196 84.0769 0
      vertex -28.6196 47.5231 0
      vertex -27.8693 47.2955 0
    endloop
  endfacet
  facet normal -0 0 1
    outer loop
      vertex -29.4 84 0
      vertex -28.6196 47.5231 0
      vertex -28.6196 84.0769 0
    endloop
  endfacet
  facet normal 0 0 1
    outer loop
      vertex -29.4 84 0
      vertex -29.4 47.6 0
      vertex -28.6196 47.5231 0
    endloop
  endfacet
  facet normal 0 0 1
    outer loop
      vertex -30.1804 84.0769 0
      vertex -29.4 47.6 0
      vertex -29.4 84 0
    endloop
  endfacet
  facet normal 0 0 1
    outer loop
      vertex -30.1804 84.0769 0
      vertex -30.1804 47.5231 0
      vertex -29.4 47.6 0
    endloop
  endfacet
  facet normal 0 0 1
    outer loop
      vertex -30.9307 84.3045 0
      vertex -30.1804 47.5231 0
      vertex -30.1804 84.0769 0
    endloop
  endfacet
  facet normal 0 0 1
    outer loop
      vertex -30.9307 84.3045 0
      vertex -30.9307 47.2955 0
      vertex -30.1804 47.5231 0
    endloop
  endfacet
  facet normal 0 0 1
    outer loop
      vertex -31.6223 84.6741 0
      vertex -30.9307 47.2955 0
      vertex -30.9307 84.3045 0
    endloop
  endfacet
  facet normal 0 0 1
    outer loop
      vertex -31.6223 84.6741 0
      vertex -31.6223 46.9259 0
      vertex -30.9307 47.2955 0
    endloop
  endfacet
  facet normal 0 0 1
    outer loop
      vertex -32.2284 85.1716 0
      vertex -31.6223 46.9259 0
      vertex -31.6223 84.6741 0
    endloop
  endfacet
  facet normal 0 0 1
    outer loop
      vertex -32.2284 85.1716 0
      vertex -32.2284 46.4284 0
      vertex -31.6223 46.9259 0
    endloop
  endfacet
  facet normal 0 0 1
    outer loop
      vertex -32.7259 85.7777 0
      vertex -32.2284 46.4284 0
      vertex -32.2284 85.1716 0
    endloop
  endfacet
  facet normal 0 0 1
    outer loop
      vertex -32.7259 85.7777 0
      vertex -32.7259 45.8223 0
      vertex -32.2284 46.4284 0
    endloop
  endfacet
  facet normal 0 0 1
    outer loop
      vertex -70 96 0
      vertex -32.7259 85.7777 0
      vertex -33.0955 86.4693 0
    endloop
  endfacet
  facet normal 0 0 1
    outer loop
      vertex -32.7259 85.7777 0
      vertex -70 96 0
      vertex -32.7259 45.8223 0
    endloop
  endfacet
  facet normal 0 0 1
    outer loop
      vertex -70 96 0
      vertex -33.0955 86.4693 0
      vertex -33.3231 87.2196 0
    endloop
  endfacet
  facet normal 0 0 1
    outer loop
      vertex -32.7259 45.8223 0
      vertex -70 96 0
      vertex -33.0955 45.1307 0
    endloop
  endfacet
  facet normal 0 0 1
    outer loop
      vertex -37 96 0
      vertex -33.3231 87.2196 0
      vertex -33.4 88 0
    endloop
  endfacet
  facet normal 0 0 1
    outer loop
      vertex -33.0955 45.1307 0
      vertex -70 96 0
      vertex -33.3231 44.3804 0
    endloop
  endfacet
  facet normal -0 0 1
    outer loop
      vertex 33.0955 109.869 0
      vertex 70 0 0
      vertex 33.3231 110.62 0
    endloop
  endfacet
  facet normal 0 0 1
    outer loop
      vertex 70 0 0
      vertex 33.3231 44.3804 0
      vertex 33.4 43.6 0
    endloop
  endfacet
  facet normal -0 0 1
    outer loop
      vertex 33.0955 45.1307 0
      vertex 70 0 0
      vertex 33.0955 109.869 0
    endloop
  endfacet
  facet normal 0 0 1
    outer loop
      vertex 70 0 0
      vertex 33.0955 45.1307 0
      vertex 33.3231 44.3804 0
    endloop
  endfacet
  facet normal -0 0 1
    outer loop
      vertex 32.7259 109.178 0
      vertex 33.0955 45.1307 0
      vertex 33.0955 109.869 0
    endloop
  endfacet
  facet normal 0 0 1
    outer loop
      vertex 32.7259 109.178 0
      vertex 32.7259 45.8223 0
      vertex 33.0955 45.1307 0
    endloop
  endfacet
  facet normal -0 0 1
    outer loop
      vertex 32.2284 108.572 0
      vertex 32.7259 45.8223 0
      vertex 32.7259 109.178 0
    endloop
  endfacet
  facet normal 0 0 1
    outer loop
      vertex 32.2284 108.572 0
      vertex 32.2284 46.4284 0
      vertex 32.7259 45.8223 0
    endloop
  endfacet
  facet normal -0 0 1
    outer loop
      vertex 31.6223 108.074 0
      vertex 32.2284 46.4284 0
      vertex 32.2284 108.572 0
    endloop
  endfacet
  facet normal 0 0 1
    outer loop
      vertex 31.6223 108.074 0
      vertex 31.6223 46.9259 0
      vertex 32.2284 46.4284 0
    endloop
  endfacet
  facet normal -0 0 1
    outer loop
      vertex 30.9307 107.704 0
      vertex 31.6223 46.9259 0
      vertex 31.6223 108.074 0
    endloop
  endfacet
  facet normal 0 0 1
    outer loop
      vertex 30.9307 107.704 0
      vertex 30.9307 47.2955 0
      vertex 31.6223 46.9259 0
    endloop
  endfacet
  facet normal 0 0 1
    outer loop
      vertex 15 90 0
      vertex 30.9307 107.704 0
      vertex 30.1804 107.477 0
    endloop
  endfacet
  facet normal 0 0 1
    outer loop
      vertex 30.9307 107.704 0
      vertex 15 90 0
      vertex 30.9307 47.2955 0
    endloop
  endfacet
  facet normal 0 0 1
    outer loop
      vertex 15 90 0
      vertex 30.1804 107.477 0
      vertex 29.4 107.4 0
    endloop
  endfacet
  facet normal 0 0 1
    outer loop
      vertex 30.9307 47.2955 0
      vertex 15 90 0
      vertex 30.1804 47.5231 0
    endloop
  endfacet
  facet normal 0 0 1
    outer loop
      vertex 15 90 0
      vertex 29.4 107.4 0
      vertex 28.6196 107.477 0
    endloop
  endfacet
  facet normal 0 0 1
    outer loop
      vertex 30.1804 47.5231 0
      vertex 15 90 0
      vertex 29.4 47.6 0
    endloop
  endfacet
  facet normal 0 0 1
    outer loop
      vertex 15 90 0
      vertex 28.6196 107.477 0
      vertex 27.8693 107.704 0
    endloop
  endfacet
  facet normal 0 0 1
    outer loop
      vertex 29.4 47.6 0
      vertex 15 90 0
      vertex 28.6196 47.5231 0
    endloop
  endfacet
  facet normal 0 0 1
    outer loop
      vertex 15 90 0
      vertex 27.8693 107.704 0
      vertex 27.1777 108.074 0
    endloop
  endfacet
  facet normal 0 0 1
    outer loop
      vertex 28.6196 47.5231 0
      vertex 15 90 0
      vertex 27.8693 47.2955 0
    endloop
  endfacet
  facet normal 0 0 1
    outer loop
      vertex 15 90 0
      vertex 27.1777 108.074 0
      vertex 26.5716 108.572 0
    endloop
  endfacet
  facet normal 0 0 1
    outer loop
      vertex 27.8693 47.2955 0
      vertex 15 90 0
      vertex 27.1777 46.9259 0
    endloop
  endfacet
  facet normal 0 0 1
    outer loop
      vertex 15 90 0
      vertex 26.5716 108.572 0
      vertex 26.0741 109.178 0
    endloop
  endfacet
  facet normal 0 0 1
    outer loop
      vertex 27.1777 46.9259 0
      vertex 15 90 0
      vertex 26.5716 46.4284 0
    endloop
  endfacet
  facet normal 0 0 1
    outer loop
      vertex 15 90 0
      vertex 26.0741 109.178 0
      vertex 25.7045 109.869 0
    endloop
  endfacet
  facet normal 0 0 1
    outer loop
      vertex 26.5716 46.4284 0
      vertex 15 90 0
      vertex 26.0741 45.8223 0
    endloop
  endfacet
  facet normal 0 0 1
    outer loop
      vertex 15 90 0
      vertex 25.7045 109.869 0
      vertex 25.4769 110.62 0
    endloop
  endfacet
  facet normal 0 0 1
    outer loop
      vertex 26.0741 45.8223 0
      vertex 15 90 0
      vertex 25.7045 45.1307 0
    endloop
  endfacet
  facet normal 0 0 1
    outer loop
      vertex 15 90 0
      vertex 25.4769 110.62 0
      vertex 25.4 111.4 0
    endloop
  endfacet
  facet normal 0 0 1
    outer loop
      vertex 25.7045 45.1307 0
      vertex 15 90 0
      vertex 25.4769 44.3804 0
    endloop
  endfacet
  facet normal 0 0 1
    outer loop
      vertex 70 260 0
      vertex 33.4 111.4 0
      vertex 70 0 0
    endloop
  endfacet
  facet normal 0 0 1
    outer loop
      vertex 70 260 0
      vertex 33.3231 112.18 0
      vertex 33.4 111.4 0
    endloop
  endfacet
  facet normal 0 0 1
    outer loop
      vertex 70 260 0
      vertex 33.0955 112.931 0
      vertex 33.3231 112.18 0
    endloop
  endfacet
  facet normal 0 0 1
    outer loop
      vertex 70 260 0
      vertex 32.7259 113.622 0
      vertex 33.0955 112.931 0
    endloop
  endfacet
  facet normal 0 0 1
    outer loop
      vertex 70 260 0
      vertex 32.2284 114.228 0
      vertex 32.7259 113.622 0
    endloop
  endfacet
  facet normal 0 0 1
    outer loop
      vertex 70 260 0
      vertex 31.6223 114.726 0
      vertex 32.2284 114.228 0
    endloop
  endfacet
  facet normal 0 0 1
    outer loop
      vertex 70 260 0
      vertex 30.9307 115.096 0
      vertex 31.6223 114.726 0
    endloop
  endfacet
  facet normal 0 0 1
    outer loop
      vertex 70 260 0
      vertex 30.1804 115.323 0
      vertex 30.9307 115.096 0
    endloop
  endfacet
  facet normal 0 0 1
    outer loop
      vertex 70 260 0
      vertex 29.4 115.4 0
      vertex 30.1804 115.323 0
    endloop
  endfacet
  facet normal 0 0 1
    outer loop
      vertex 70 260 0
      vertex 28.6196 115.323 0
      vertex 29.4 115.4 0
    endloop
  endfacet
  facet normal 0 0 1
    outer loop
      vertex 70 260 0
      vertex 27.8693 115.096 0
      vertex 28.6196 115.323 0
    endloop
  endfacet
  facet normal -0 0 1
    outer loop
      vertex -37 118 0
      vertex 27.8693 115.096 0
      vertex 70 260 0
    endloop
  endfacet
  facet normal 0 0 1
    outer loop
      vertex 27.8693 115.096 0
      vertex -37 118 0
      vertex 27.1777 114.726 0
    endloop
  endfacet
  facet normal 0 0 1
    outer loop
      vertex 27.1777 114.726 0
      vertex -37 118 0
      vertex 26.5716 114.228 0
    endloop
  endfacet
  facet normal 0 0 1
    outer loop
      vertex 26.5716 114.228 0
      vertex -37 118 0
      vertex 26.0741 113.622 0
    endloop
  endfacet
  facet normal 0 0 1
    outer loop
      vertex 26.0741 113.622 0
      vertex -37 118 0
      vertex 25.7045 112.931 0
    endloop
  endfacet
  facet normal 0 0 1
    outer loop
      vertex 25.4769 44.3804 0
      vertex 15 90 0
      vertex 25.4 43.6 0
    endloop
  endfacet
  facet normal 0 0 1
    outer loop
      vertex -15 90 0
      vertex 25.4 111.4 0
      vertex 25.4769 112.18 0
    endloop
  endfacet
  facet normal 0 0 1
    outer loop
      vertex 25.7045 112.931 0
      vertex -37 118 0
      vertex 25.4769 112.18 0
    endloop
  endfacet
  facet normal 0 -0 1
    outer loop
      vertex -15 90 0
      vertex 25.4769 112.18 0
      vertex -37 118 0
    endloop
  endfacet
  facet normal 0 0 1
    outer loop
      vertex -25.4769 87.2196 0
      vertex -15 90 0
      vertex -25.4 88 0
    endloop
  endfacet
  facet normal 0 0 1
    outer loop
      vertex 25.4 111.4 0
      vertex -15 90 0
      vertex 15 90 0
    endloop
  endfacet
  facet normal 0 0 1
    outer loop
      vertex -15 90 0
      vertex -25.4769 88.7804 0
      vertex -25.4 88 0
    endloop
  endfacet
  facet normal 0 0 1
    outer loop
      vertex -15 90 0
      vertex -25.7045 89.5307 0
      vertex -25.4769 88.7804 0
    endloop
  endfacet
  facet normal 0 0 1
    outer loop
      vertex -15 90 0
      vertex -26.0741 90.2223 0
      vertex -25.7045 89.5307 0
    endloop
  endfacet
  facet normal -0 -0 1
    outer loop
      vertex -27.8693 91.6955 0
      vertex -15 90 0
      vertex -37 118 0
    endloop
  endfacet
  facet normal 0 0 1
    outer loop
      vertex -15 90 0
      vertex -26.5716 90.8284 0
      vertex -26.0741 90.2223 0
    endloop
  endfacet
  facet normal 0 0 1
    outer loop
      vertex -15 90 0
      vertex -27.1777 91.3259 0
      vertex -26.5716 90.8284 0
    endloop
  endfacet
  facet normal 0 0 1
    outer loop
      vertex -15 90 0
      vertex -27.8693 91.6955 0
      vertex -27.1777 91.3259 0
    endloop
  endfacet
  facet normal 0 0 1
    outer loop
      vertex -27.8693 91.6955 0
      vertex -37 118 0
      vertex -28.6196 91.9231 0
    endloop
  endfacet
  facet normal -0 0 1
    outer loop
      vertex -37 96 0
      vertex -28.6196 91.9231 0
      vertex -37 118 0
    endloop
  endfacet
  facet normal 0 0 1
    outer loop
      vertex -28.6196 91.9231 0
      vertex -37 96 0
      vertex -29.4 92 0
    endloop
  endfacet
  facet normal 0 0 1
    outer loop
      vertex -29.4 92 0
      vertex -37 96 0
      vertex -30.1804 91.9231 0
    endloop
  endfacet
  facet normal 0 0 1
    outer loop
      vertex -30.1804 91.9231 0
      vertex -37 96 0
      vertex -30.9307 91.6955 0
    endloop
  endfacet
  facet normal 0 0 1
    outer loop
      vertex -30.9307 91.6955 0
      vertex -37 96 0
      vertex -31.6223 91.3259 0
    endloop
  endfacet
  facet normal 0 0 1
    outer loop
      vertex -33.3231 88.7804 0
      vertex -37 96 0
      vertex -33.4 88 0
    endloop
  endfacet
  facet normal 0 0 1
    outer loop
      vertex -33.0955 89.5307 0
      vertex -37 96 0
      vertex -33.3231 88.7804 0
    endloop
  endfacet
  facet normal 0 0 1
    outer loop
      vertex -32.7259 90.2223 0
      vertex -37 96 0
      vertex -33.0955 89.5307 0
    endloop
  endfacet
  facet normal 0 0 1
    outer loop
      vertex -32.2284 90.8284 0
      vertex -37 96 0
      vertex -32.7259 90.2223 0
    endloop
  endfacet
  facet normal 0 0 1
    outer loop
      vertex -31.6223 91.3259 0
      vertex -37 96 0
      vertex -32.2284 90.8284 0
    endloop
  endfacet
  facet normal -0 0 1
    outer loop
      vertex -70 260 0
      vertex -37 118 0
      vertex 70 260 0
    endloop
  endfacet
  facet normal 0 0 1
    outer loop
      vertex -37 118 0
      vertex -70 260 0
      vertex -70 118 0
    endloop
  endfacet
  facet normal -0 0 1
    outer loop
      vertex 33.3231 110.62 0
      vertex 70 0 0
      vertex 33.4 111.4 0
    endloop
  endfacet
  facet normal -0 0 1
    outer loop
      vertex 33.3231 42.8196 0
      vertex 70 0 0
      vertex 33.4 43.6 0
    endloop
  endfacet
  facet normal -0 0 1
    outer loop
      vertex 33.0955 42.0693 0
      vertex 70 0 0
      vertex 33.3231 42.8196 0
    endloop
  endfacet
  facet normal -0 0 1
    outer loop
      vertex 32.7259 41.3777 0
      vertex 70 0 0
      vertex 33.0955 42.0693 0
    endloop
  endfacet
  facet normal -0 0 1
    outer loop
      vertex 32.2284 40.7716 0
      vertex 70 0 0
      vertex 32.7259 41.3777 0
    endloop
  endfacet
  facet normal -0 0 1
    outer loop
      vertex 31.6223 40.2741 0
      vertex 70 0 0
      vertex 32.2284 40.7716 0
    endloop
  endfacet
  facet normal -0 0 1
    outer loop
      vertex 30.9307 39.9045 0
      vertex 70 0 0
      vertex 31.6223 40.2741 0
    endloop
  endfacet
  facet normal 0 0 1
    outer loop
      vertex 15 0 0
      vertex 30.9307 39.9045 0
      vertex 30.1804 39.6769 0
    endloop
  endfacet
  facet normal 0 0 1
    outer loop
      vertex 15 0 0
      vertex 30.1804 39.6769 0
      vertex 29.4 39.6 0
    endloop
  endfacet
  facet normal 0 0 1
    outer loop
      vertex 15 0 0
      vertex 29.4 39.6 0
      vertex 28.6196 39.6769 0
    endloop
  endfacet
  facet normal 0 0 1
    outer loop
      vertex 15 0 0
      vertex 28.6196 39.6769 0
      vertex 27.8693 39.9045 0
    endloop
  endfacet
  facet normal 0 0 1
    outer loop
      vertex 15 0 0
      vertex 27.8693 39.9045 0
      vertex 27.1777 40.2741 0
    endloop
  endfacet
  facet normal 0 0 1
    outer loop
      vertex 15 0 0
      vertex 27.1777 40.2741 0
      vertex 26.5716 40.7716 0
    endloop
  endfacet
  facet normal 0 0 1
    outer loop
      vertex 15 0 0
      vertex 25.4 43.6 0
      vertex 15 90 0
    endloop
  endfacet
  facet normal 0 0 1
    outer loop
      vertex 30.9307 39.9045 0
      vertex 15 0 0
      vertex 70 0 0
    endloop
  endfacet
  facet normal 0 0 1
    outer loop
      vertex 26.0741 41.3777 0
      vertex 15 0 0
      vertex 26.5716 40.7716 0
    endloop
  endfacet
  facet normal 0 0 1
    outer loop
      vertex 25.7045 42.0693 0
      vertex 15 0 0
      vertex 26.0741 41.3777 0
    endloop
  endfacet
  facet normal 0 0 1
    outer loop
      vertex 25.4769 42.8196 0
      vertex 15 0 0
      vertex 25.7045 42.0693 0
    endloop
  endfacet
  facet normal 0 0 1
    outer loop
      vertex 25.4 43.6 0
      vertex 15 0 0
      vertex 25.4769 42.8196 0
    endloop
  endfacet
  facet normal 0 0 1
    outer loop
      vertex -15 90 0
      vertex -25.4 43.6 0
      vertex -15 0 0
    endloop
  endfacet
  facet normal -0 0 1
    outer loop
      vertex -25.4769 42.8196 0
      vertex -15 0 0
      vertex -25.4 43.6 0
    endloop
  endfacet
  facet normal -0 0 1
    outer loop
      vertex -25.7045 42.0693 0
      vertex -15 0 0
      vertex -25.4769 42.8196 0
    endloop
  endfacet
  facet normal -0 0 1
    outer loop
      vertex -26.0741 41.3777 0
      vertex -15 0 0
      vertex -25.7045 42.0693 0
    endloop
  endfacet
  facet normal -0 0 1
    outer loop
      vertex -26.5716 40.7716 0
      vertex -15 0 0
      vertex -26.0741 41.3777 0
    endloop
  endfacet
  facet normal -0 0 1
    outer loop
      vertex -27.1777 40.2741 0
      vertex -15 0 0
      vertex -26.5716 40.7716 0
    endloop
  endfacet
  facet normal -0 0 1
    outer loop
      vertex -27.8693 39.9045 0
      vertex -15 0 0
      vertex -27.1777 40.2741 0
    endloop
  endfacet
  facet normal -0 0 1
    outer loop
      vertex -28.6196 39.6769 0
      vertex -15 0 0
      vertex -27.8693 39.9045 0
    endloop
  endfacet
  facet normal -0 0 1
    outer loop
      vertex -29.4 39.6 0
      vertex -15 0 0
      vertex -28.6196 39.6769 0
    endloop
  endfacet
  facet normal 0 0 1
    outer loop
      vertex -30.1804 39.6769 0
      vertex -15 0 0
      vertex -29.4 39.6 0
    endloop
  endfacet
  facet normal 0 0 1
    outer loop
      vertex -30.9307 39.9045 0
      vertex -15 0 0
      vertex -30.1804 39.6769 0
    endloop
  endfacet
  facet normal 0 0 1
    outer loop
      vertex -70 0 0
      vertex -30.9307 39.9045 0
      vertex -31.6223 40.2741 0
    endloop
  endfacet
  facet normal 0 0 1
    outer loop
      vertex -70 0 0
      vertex -31.6223 40.2741 0
      vertex -32.2284 40.7716 0
    endloop
  endfacet
  facet normal 0 0 1
    outer loop
      vertex -70 0 0
      vertex -32.2284 40.7716 0
      vertex -32.7259 41.3777 0
    endloop
  endfacet
  facet normal 0 0 1
    outer loop
      vertex -70 0 0
      vertex -32.7259 41.3777 0
      vertex -33.0955 42.0693 0
    endloop
  endfacet
  facet normal 0 0 1
    outer loop
      vertex -33.3231 87.2196 0
      vertex -37 96 0
      vertex -70 96 0
    endloop
  endfacet
  facet normal 0 0 1
    outer loop
      vertex -33.3231 44.3804 0
      vertex -70 96 0
      vertex -33.4 43.6 0
    endloop
  endfacet
  facet normal 0 0 1
    outer loop
      vertex -70 0 0
      vertex -33.4 43.6 0
      vertex -70 96 0
    endloop
  endfacet
  facet normal 0 0 1
    outer loop
      vertex -33.4 43.6 0
      vertex -70 0 0
      vertex -33.3231 42.8196 0
    endloop
  endfacet
  facet normal 0 0 1
    outer loop
      vertex -33.3231 42.8196 0
      vertex -70 0 0
      vertex -33.0955 42.0693 0
    endloop
  endfacet
  facet normal 0 0 1
    outer loop
      vertex -30.9307 39.9045 0
      vertex -70 0 0
      vertex -15 0 0
    endloop
  endfacet
  facet normal 0.99518 -0.0980643 -3.23114e-19
    outer loop
      vertex -25.4769 42.8196 8
      vertex -25.4 43.6 0
      vertex -25.4 43.6 8
    endloop
  endfacet
  facet normal 0.99518 -0.0980643 -3.23114e-19
    outer loop
      vertex -25.4 43.6 0
      vertex -25.4769 42.8196 8
      vertex -25.4769 42.8196 0
    endloop
  endfacet
  facet normal 0.290283 -0.956941 0
    outer loop
      vertex -28.6196 39.6769 0
      vertex -27.8693 39.9045 8
      vertex -28.6196 39.6769 8
    endloop
  endfacet
  facet normal 0.290283 -0.956941 0
    outer loop
      vertex -27.8693 39.9045 8
      vertex -28.6196 39.6769 0
      vertex -27.8693 39.9045 0
    endloop
  endfacet
  facet normal -0.772956 0.634459 2.28803e-19
    outer loop
      vertex -32.7259 45.8223 0
      vertex -32.2284 46.4284 8
      vertex -32.2284 46.4284 0
    endloop
  endfacet
  facet normal -0.772956 0.634459 2.28803e-19
    outer loop
      vertex -32.2284 46.4284 8
      vertex -32.7259 45.8223 0
      vertex -32.7259 45.8223 8
    endloop
  endfacet
  facet normal -0.290283 0.956941 0
    outer loop
      vertex -30.1804 47.5231 0
      vertex -30.9307 47.2955 8
      vertex -30.1804 47.5231 8
    endloop
  endfacet
  facet normal -0.290283 0.956941 0
    outer loop
      vertex -30.9307 47.2955 8
      vertex -30.1804 47.5231 0
      vertex -30.9307 47.2955 0
    endloop
  endfacet
  facet normal 0.956941 0.290283 8.0247e-20
    outer loop
      vertex -25.4769 44.3804 8
      vertex -25.7045 45.1307 0
      vertex -25.7045 45.1307 8
    endloop
  endfacet
  facet normal 0.956941 0.290283 8.0247e-20
    outer loop
      vertex -25.7045 45.1307 0
      vertex -25.4769 44.3804 8
      vertex -25.4769 44.3804 0
    endloop
  endfacet
  facet normal -0.956941 0.290283 -2.50166e-19
    outer loop
      vertex -33.3231 44.3804 0
      vertex -33.0955 45.1307 8
      vertex -33.0955 45.1307 0
    endloop
  endfacet
  facet normal -0.956941 0.290283 -2.50166e-19
    outer loop
      vertex -33.0955 45.1307 8
      vertex -33.3231 44.3804 0
      vertex -33.3231 44.3804 8
    endloop
  endfacet
  facet normal 0.772956 -0.634459 -3.93383e-18
    outer loop
      vertex -26.5716 40.7716 8
      vertex -26.0741 41.3777 0
      vertex -26.0741 41.3777 8
    endloop
  endfacet
  facet normal 0.772956 -0.634459 -3.93383e-18
    outer loop
      vertex -26.0741 41.3777 0
      vertex -26.5716 40.7716 8
      vertex -26.5716 40.7716 0
    endloop
  endfacet
  facet normal -0.956941 -0.290283 -9.25106e-19
    outer loop
      vertex -33.0955 42.0693 0
      vertex -33.3231 42.8196 8
      vertex -33.3231 42.8196 0
    endloop
  endfacet
  facet normal -0.956941 -0.290283 -9.25106e-19
    outer loop
      vertex -33.3231 42.8196 8
      vertex -33.0955 42.0693 0
      vertex -33.0955 42.0693 8
    endloop
  endfacet
  facet normal -0.634459 -0.772956 0
    outer loop
      vertex -32.2284 40.7716 0
      vertex -31.6223 40.2741 8
      vertex -32.2284 40.7716 8
    endloop
  endfacet
  facet normal -0.634459 -0.772956 -0
    outer loop
      vertex -31.6223 40.2741 8
      vertex -32.2284 40.7716 0
      vertex -31.6223 40.2741 0
    endloop
  endfacet
  facet normal 0.0980643 -0.99518 0
    outer loop
      vertex -29.4 39.6 0
      vertex -28.6196 39.6769 8
      vertex -29.4 39.6 8
    endloop
  endfacet
  facet normal 0.0980643 -0.99518 0
    outer loop
      vertex -28.6196 39.6769 8
      vertex -29.4 39.6 0
      vertex -28.6196 39.6769 0
    endloop
  endfacet
  facet normal -0.99518 -0.0980643 3.23114e-19
    outer loop
      vertex -33.3231 42.8196 0
      vertex -33.4 43.6 8
      vertex -33.4 43.6 0
    endloop
  endfacet
  facet normal -0.99518 -0.0980643 3.23114e-19
    outer loop
      vertex -33.4 43.6 8
      vertex -33.3231 42.8196 0
      vertex -33.3231 42.8196 8
    endloop
  endfacet
  facet normal -0.772956 -0.634459 -3.06053e-18
    outer loop
      vertex -32.2284 40.7716 0
      vertex -32.7259 41.3777 8
      vertex -32.7259 41.3777 0
    endloop
  endfacet
  facet normal -0.772956 -0.634459 -3.06053e-18
    outer loop
      vertex -32.7259 41.3777 8
      vertex -32.2284 40.7716 0
      vertex -32.2284 40.7716 8
    endloop
  endfacet
  facet normal -0.99518 0.0980643 -3.23114e-19
    outer loop
      vertex -33.4 43.6 0
      vertex -33.3231 44.3804 8
      vertex -33.3231 44.3804 0
    endloop
  endfacet
  facet normal -0.99518 0.0980643 -3.23114e-19
    outer loop
      vertex -33.3231 44.3804 8
      vertex -33.4 43.6 0
      vertex -33.4 43.6 8
    endloop
  endfacet
  facet normal 0.881957 0.471329 -9.19615e-19
    outer loop
      vertex -25.7045 45.1307 8
      vertex -26.0741 45.8223 0
      vertex -26.0741 45.8223 8
    endloop
  endfacet
  facet normal 0.881957 0.471329 -9.19615e-19
    outer loop
      vertex -26.0741 45.8223 0
      vertex -25.7045 45.1307 8
      vertex -25.7045 45.1307 0
    endloop
  endfacet
  facet normal 0.290283 0.956941 -0
    outer loop
      vertex -27.8693 47.2955 0
      vertex -28.6196 47.5231 8
      vertex -27.8693 47.2955 8
    endloop
  endfacet
  facet normal 0.290283 0.956941 0
    outer loop
      vertex -28.6196 47.5231 8
      vertex -27.8693 47.2955 0
      vertex -28.6196 47.5231 0
    endloop
  endfacet
  facet normal 0.471329 -0.881957 0
    outer loop
      vertex -27.8693 39.9045 0
      vertex -27.1777 40.2741 8
      vertex -27.8693 39.9045 8
    endloop
  endfacet
  facet normal 0.471329 -0.881957 0
    outer loop
      vertex -27.1777 40.2741 8
      vertex -27.8693 39.9045 0
      vertex -27.1777 40.2741 0
    endloop
  endfacet
  facet normal 0.634459 -0.772956 0
    outer loop
      vertex -27.1777 40.2741 0
      vertex -26.5716 40.7716 8
      vertex -27.1777 40.2741 8
    endloop
  endfacet
  facet normal 0.634459 -0.772956 0
    outer loop
      vertex -26.5716 40.7716 8
      vertex -27.1777 40.2741 0
      vertex -26.5716 40.7716 0
    endloop
  endfacet
  facet normal 0 0 -1
    outer loop
      vertex -26.0741 45.8223 8
      vertex -15 37.6 8
      vertex -25.7045 45.1307 8
    endloop
  endfacet
  facet normal 0 0 -1
    outer loop
      vertex -15 90 8
      vertex -25.4769 87.2196 8
      vertex -25.4 88 8
    endloop
  endfacet
  facet normal 0 0 -1
    outer loop
      vertex -15 37.6 8
      vertex -26.0741 45.8223 8
      vertex -15 90 8
    endloop
  endfacet
  facet normal 0 0 -1
    outer loop
      vertex -15 90 8
      vertex -25.7045 86.4693 8
      vertex -25.4769 87.2196 8
    endloop
  endfacet
  facet normal 0 0 -1
    outer loop
      vertex -26.5716 46.4284 8
      vertex -15 90 8
      vertex -26.0741 45.8223 8
    endloop
  endfacet
  facet normal 0 0 -1
    outer loop
      vertex -15 90 8
      vertex -26.0741 85.7777 8
      vertex -25.7045 86.4693 8
    endloop
  endfacet
  facet normal 0 0 -1
    outer loop
      vertex -27.1777 46.9259 8
      vertex -15 90 8
      vertex -26.5716 46.4284 8
    endloop
  endfacet
  facet normal 0 0 -1
    outer loop
      vertex -15 90 8
      vertex -26.5716 85.1716 8
      vertex -26.0741 85.7777 8
    endloop
  endfacet
  facet normal 0 0 -1
    outer loop
      vertex -27.1777 84.6741 8
      vertex -15 90 8
      vertex -27.1777 46.9259 8
    endloop
  endfacet
  facet normal 0 0 -1
    outer loop
      vertex -15 90 8
      vertex -27.1777 84.6741 8
      vertex -26.5716 85.1716 8
    endloop
  endfacet
  facet normal 0 0 -1
    outer loop
      vertex -27.8693 47.2955 8
      vertex -27.1777 84.6741 8
      vertex -27.1777 46.9259 8
    endloop
  endfacet
  facet normal 0 0 -1
    outer loop
      vertex -27.8693 47.2955 8
      vertex -27.8693 84.3045 8
      vertex -27.1777 84.6741 8
    endloop
  endfacet
  facet normal 0 0 -1
    outer loop
      vertex -28.6196 47.5231 8
      vertex -27.8693 84.3045 8
      vertex -27.8693 47.2955 8
    endloop
  endfacet
  facet normal 0 0 -1
    outer loop
      vertex -28.6196 47.5231 8
      vertex -28.6196 84.0769 8
      vertex -27.8693 84.3045 8
    endloop
  endfacet
  facet normal 0 0 -1
    outer loop
      vertex -29.4 47.6 8
      vertex -28.6196 84.0769 8
      vertex -28.6196 47.5231 8
    endloop
  endfacet
  facet normal 0 0 -1
    outer loop
      vertex -29.4 47.6 8
      vertex -29.4 84 8
      vertex -28.6196 84.0769 8
    endloop
  endfacet
  facet normal 0 0 -1
    outer loop
      vertex -30.1804 47.5231 8
      vertex -29.4 84 8
      vertex -29.4 47.6 8
    endloop
  endfacet
  facet normal 0 0 -1
    outer loop
      vertex -30.1804 47.5231 8
      vertex -30.1804 84.0769 8
      vertex -29.4 84 8
    endloop
  endfacet
  facet normal 0 0 -1
    outer loop
      vertex -30.9307 47.2955 8
      vertex -30.1804 84.0769 8
      vertex -30.1804 47.5231 8
    endloop
  endfacet
  facet normal 0 0 -1
    outer loop
      vertex -30.9307 47.2955 8
      vertex -30.9307 84.3045 8
      vertex -30.1804 84.0769 8
    endloop
  endfacet
  facet normal 0 0 -1
    outer loop
      vertex -31.6223 46.9259 8
      vertex -30.9307 84.3045 8
      vertex -30.9307 47.2955 8
    endloop
  endfacet
  facet normal 0 0 -1
    outer loop
      vertex -31.6223 46.9259 8
      vertex -31.6223 84.6741 8
      vertex -30.9307 84.3045 8
    endloop
  endfacet
  facet normal 0 0 -1
    outer loop
      vertex -32.2284 46.4284 8
      vertex -31.6223 84.6741 8
      vertex -31.6223 46.9259 8
    endloop
  endfacet
  facet normal 0 0 -1
    outer loop
      vertex -32.2284 46.4284 8
      vertex -32.2284 85.1716 8
      vertex -31.6223 84.6741 8
    endloop
  endfacet
  facet normal 0 0 -1
    outer loop
      vertex -32.7259 45.8223 8
      vertex -32.2284 85.1716 8
      vertex -32.2284 46.4284 8
    endloop
  endfacet
  facet normal 0 0 -1
    outer loop
      vertex -32.7259 45.8223 8
      vertex -32.7259 85.7777 8
      vertex -32.2284 85.1716 8
    endloop
  endfacet
  facet normal 0 0 -1
    outer loop
      vertex -33.0955 45.1307 8
      vertex -32.7259 85.7777 8
      vertex -32.7259 45.8223 8
    endloop
  endfacet
  facet normal 0 0 -1
    outer loop
      vertex -33.0955 45.1307 8
      vertex -33.0955 86.4693 8
      vertex -32.7259 85.7777 8
    endloop
  endfacet
  facet normal 0 0 -1
    outer loop
      vertex -33.3231 44.3804 8
      vertex -33.0955 86.4693 8
      vertex -33.0955 45.1307 8
    endloop
  endfacet
  facet normal 0 0 -1
    outer loop
      vertex -33.3231 44.3804 8
      vertex -33.3231 87.2196 8
      vertex -33.0955 86.4693 8
    endloop
  endfacet
  facet normal 0 0 -1
    outer loop
      vertex -35.4 37.6 8
      vertex -33.3231 44.3804 8
      vertex -33.4 43.6 8
    endloop
  endfacet
  facet normal -0 0 -1
    outer loop
      vertex -33.3231 44.3804 8
      vertex -35.4 37.6 8
      vertex -33.3231 87.2196 8
    endloop
  endfacet
  facet normal 0 0 -1
    outer loop
      vertex -25.4769 44.3804 8
      vertex -15 37.6 8
      vertex -25.4 43.6 8
    endloop
  endfacet
  facet normal 0 0 -1
    outer loop
      vertex -15 37.6 8
      vertex -25.4769 42.8196 8
      vertex -25.4 43.6 8
    endloop
  endfacet
  facet normal 0 0 -1
    outer loop
      vertex -15 37.6 8
      vertex -25.7045 42.0693 8
      vertex -25.4769 42.8196 8
    endloop
  endfacet
  facet normal 0 0 -1
    outer loop
      vertex -15 37.6 8
      vertex -26.0741 41.3777 8
      vertex -25.7045 42.0693 8
    endloop
  endfacet
  facet normal 0 0 -1
    outer loop
      vertex -15 37.6 8
      vertex -26.5716 40.7716 8
      vertex -26.0741 41.3777 8
    endloop
  endfacet
  facet normal 0 0 -1
    outer loop
      vertex -15 37.6 8
      vertex -27.1777 40.2741 8
      vertex -26.5716 40.7716 8
    endloop
  endfacet
  facet normal 0 0 -1
    outer loop
      vertex -15 37.6 8
      vertex -27.8693 39.9045 8
      vertex -27.1777 40.2741 8
    endloop
  endfacet
  facet normal 0 0 -1
    outer loop
      vertex -15 37.6 8
      vertex -28.6196 39.6769 8
      vertex -27.8693 39.9045 8
    endloop
  endfacet
  facet normal 0 0 -1
    outer loop
      vertex -35.4 37.6 8
      vertex -28.6196 39.6769 8
      vertex -15 37.6 8
    endloop
  endfacet
  facet normal 0 0 -1
    outer loop
      vertex -28.6196 39.6769 8
      vertex -35.4 37.6 8
      vertex -29.4 39.6 8
    endloop
  endfacet
  facet normal -0 0 -1
    outer loop
      vertex -33.3231 87.2196 8
      vertex -35.4 37.6 8
      vertex -33.4 88 8
    endloop
  endfacet
  facet normal -0 0 -1
    outer loop
      vertex -33.3231 42.8196 8
      vertex -35.4 37.6 8
      vertex -33.4 43.6 8
    endloop
  endfacet
  facet normal -0 0 -1
    outer loop
      vertex -33.0955 42.0693 8
      vertex -35.4 37.6 8
      vertex -33.3231 42.8196 8
    endloop
  endfacet
  facet normal -0 0 -1
    outer loop
      vertex -32.7259 41.3777 8
      vertex -35.4 37.6 8
      vertex -33.0955 42.0693 8
    endloop
  endfacet
  facet normal -0 0 -1
    outer loop
      vertex -32.2284 40.7716 8
      vertex -35.4 37.6 8
      vertex -32.7259 41.3777 8
    endloop
  endfacet
  facet normal -0 0 -1
    outer loop
      vertex -31.6223 40.2741 8
      vertex -35.4 37.6 8
      vertex -32.2284 40.7716 8
    endloop
  endfacet
  facet normal -0 0 -1
    outer loop
      vertex -30.9307 39.9045 8
      vertex -35.4 37.6 8
      vertex -31.6223 40.2741 8
    endloop
  endfacet
  facet normal -0 0 -1
    outer loop
      vertex -30.1804 39.6769 8
      vertex -35.4 37.6 8
      vertex -30.9307 39.9045 8
    endloop
  endfacet
  facet normal -0 0 -1
    outer loop
      vertex -29.4 39.6 8
      vertex -35.4 37.6 8
      vertex -30.1804 39.6769 8
    endloop
  endfacet
  facet normal 0 0 -1
    outer loop
      vertex 33.3231 44.3804 8
      vertex 35.4 37.6 8
      vertex 33.4 43.6 8
    endloop
  endfacet
  facet normal 0 0 -1
    outer loop
      vertex 35.4 37.6 8
      vertex 33.3231 42.8196 8
      vertex 33.4 43.6 8
    endloop
  endfacet
  facet normal 0 0 -1
    outer loop
      vertex 35.4 37.6 8
      vertex 33.0955 42.0693 8
      vertex 33.3231 42.8196 8
    endloop
  endfacet
  facet normal 0 0 -1
    outer loop
      vertex 35.4 37.6 8
      vertex 32.7259 41.3777 8
      vertex 33.0955 42.0693 8
    endloop
  endfacet
  facet normal 0 0 -1
    outer loop
      vertex 35.4 37.6 8
      vertex 32.2284 40.7716 8
      vertex 32.7259 41.3777 8
    endloop
  endfacet
  facet normal 0 0 -1
    outer loop
      vertex 35.4 37.6 8
      vertex 31.6223 40.2741 8
      vertex 32.2284 40.7716 8
    endloop
  endfacet
  facet normal 0 0 -1
    outer loop
      vertex 35.4 37.6 8
      vertex 30.9307 39.9045 8
      vertex 31.6223 40.2741 8
    endloop
  endfacet
  facet normal 0 0 -1
    outer loop
      vertex 35.4 37.6 8
      vertex 30.1804 39.6769 8
      vertex 30.9307 39.9045 8
    endloop
  endfacet
  facet normal 0 0 -1
    outer loop
      vertex 35.4 37.6 8
      vertex 29.4 39.6 8
      vertex 30.1804 39.6769 8
    endloop
  endfacet
  facet normal 0 0 -1
    outer loop
      vertex 35.4 37.6 8
      vertex 28.6196 39.6769 8
      vertex 29.4 39.6 8
    endloop
  endfacet
  facet normal 0 0 -1
    outer loop
      vertex 15 37.6 8
      vertex 28.6196 39.6769 8
      vertex 35.4 37.6 8
    endloop
  endfacet
  facet normal -0 0 -1
    outer loop
      vertex 25.7045 109.869 8
      vertex 15 90 8
      vertex 25.4769 110.62 8
    endloop
  endfacet
  facet normal -0 0 -1
    outer loop
      vertex 25.4769 42.8196 8
      vertex 15 37.6 8
      vertex 25.4 43.6 8
    endloop
  endfacet
  facet normal -0 0 -1
    outer loop
      vertex 25.7045 42.0693 8
      vertex 15 37.6 8
      vertex 25.4769 42.8196 8
    endloop
  endfacet
  facet normal -0 0 -1
    outer loop
      vertex 26.0741 41.3777 8
      vertex 15 37.6 8
      vertex 25.7045 42.0693 8
    endloop
  endfacet
  facet normal -0 0 -1
    outer loop
      vertex 26.5716 40.7716 8
      vertex 15 37.6 8
      vertex 26.0741 41.3777 8
    endloop
  endfacet
  facet normal -0 0 -1
    outer loop
      vertex 27.1777 40.2741 8
      vertex 15 37.6 8
      vertex 26.5716 40.7716 8
    endloop
  endfacet
  facet normal -0 0 -1
    outer loop
      vertex 27.8693 39.9045 8
      vertex 15 37.6 8
      vertex 27.1777 40.2741 8
    endloop
  endfacet
  facet normal -0 0 -1
    outer loop
      vertex 28.6196 39.6769 8
      vertex 15 37.6 8
      vertex 27.8693 39.9045 8
    endloop
  endfacet
  facet normal 0 0 -1
    outer loop
      vertex 35.4 37.6 8
      vertex 33.3231 44.3804 8
      vertex 35.4 68.8861 8
    endloop
  endfacet
  facet normal 0 0 -1
    outer loop
      vertex 33.0955 45.1307 8
      vertex 35.4 68.8861 8
      vertex 33.3231 44.3804 8
    endloop
  endfacet
  facet normal 0 0 -1
    outer loop
      vertex 32.7259 45.8223 8
      vertex 35.4 68.8861 8
      vertex 33.0955 45.1307 8
    endloop
  endfacet
  facet normal 0 0 -1
    outer loop
      vertex 32.2284 46.4284 8
      vertex 35.4 68.8861 8
      vertex 32.7259 45.8223 8
    endloop
  endfacet
  facet normal 0 0 -1
    outer loop
      vertex 31.6223 46.9259 8
      vertex 35.4 68.8861 8
      vertex 32.2284 46.4284 8
    endloop
  endfacet
  facet normal 0 0 -1
    outer loop
      vertex 30.9307 47.2955 8
      vertex 35.4 68.8861 8
      vertex 31.6223 46.9259 8
    endloop
  endfacet
  facet normal 0 0 -1
    outer loop
      vertex 30.1804 47.5231 8
      vertex 35.4 68.8861 8
      vertex 30.9307 47.2955 8
    endloop
  endfacet
  facet normal 0 0 -1
    outer loop
      vertex 27 68.8861 8
      vertex 30.1804 47.5231 8
      vertex 29.4 47.6 8
    endloop
  endfacet
  facet normal 0 0 -1
    outer loop
      vertex 27 68.8861 8
      vertex 29.4 47.6 8
      vertex 28.6196 47.5231 8
    endloop
  endfacet
  facet normal 0 0 -1
    outer loop
      vertex 27 68.8861 8
      vertex 28.6196 47.5231 8
      vertex 27.8693 47.2955 8
    endloop
  endfacet
  facet normal 0 0 -1
    outer loop
      vertex 27 68.8861 8
      vertex 27.8693 47.2955 8
      vertex 27.1777 46.9259 8
    endloop
  endfacet
  facet normal 0 0 -1
    outer loop
      vertex 30.1804 47.5231 8
      vertex 27 68.8861 8
      vertex 35.4 68.8861 8
    endloop
  endfacet
  facet normal -0 0 -1
    outer loop
      vertex 26.0741 45.8223 8
      vertex 15 37.6 8
      vertex 27 68.8861 8
    endloop
  endfacet
  facet normal 0 0 -1
    outer loop
      vertex 15 90 8
      vertex 27 68.8861 8
      vertex 15 37.6 8
    endloop
  endfacet
  facet normal 0 0 -1
    outer loop
      vertex 27 68.8861 8
      vertex 15 90 8
      vertex 27 71.1139 8
    endloop
  endfacet
  facet normal 0 0 -1
    outer loop
      vertex 27 71.1139 8
      vertex 15 90 8
      vertex 27 74.8861 8
    endloop
  endfacet
  facet normal 0 0 -1
    outer loop
      vertex 27 77.1139 8
      vertex 15 90 8
      vertex 27 80.8861 8
    endloop
  endfacet
  facet normal 0 0 -1
    outer loop
      vertex 27 80.8861 8
      vertex 15 90 8
      vertex 27 83.1139 8
    endloop
  endfacet
  facet normal 0 0 -1
    outer loop
      vertex 27 83.1139 8
      vertex 15 90 8
      vertex 27 86.8861 8
    endloop
  endfacet
  facet normal 0 0 -1
    outer loop
      vertex 15 90 8
      vertex 27 92.8861 8
      vertex 27 89.1139 8
    endloop
  endfacet
  facet normal 0 0 -1
    outer loop
      vertex 26.0741 45.8223 8
      vertex 27 68.8861 8
      vertex 26.5716 46.4284 8
    endloop
  endfacet
  facet normal 0 0 -1
    outer loop
      vertex 26.5716 46.4284 8
      vertex 27 68.8861 8
      vertex 27.1777 46.9259 8
    endloop
  endfacet
  facet normal 0 0 -1
    outer loop
      vertex 27 71.1139 8
      vertex 35.4 74.8861 8
      vertex 35.4 71.1139 8
    endloop
  endfacet
  facet normal -0 0 -1
    outer loop
      vertex 35.4 74.8861 8
      vertex 27 71.1139 8
      vertex 27 74.8861 8
    endloop
  endfacet
  facet normal 0 0 -1
    outer loop
      vertex 27 77.1139 8
      vertex 35.4 80.8861 8
      vertex 35.4 77.1139 8
    endloop
  endfacet
  facet normal -0 0 -1
    outer loop
      vertex 35.4 80.8861 8
      vertex 27 77.1139 8
      vertex 27 80.8861 8
    endloop
  endfacet
  facet normal 0 0 -1
    outer loop
      vertex 27 83.1139 8
      vertex 35.4 86.8861 8
      vertex 35.4 83.1139 8
    endloop
  endfacet
  facet normal -0 0 -1
    outer loop
      vertex 35.4 86.8861 8
      vertex 27 83.1139 8
      vertex 27 86.8861 8
    endloop
  endfacet
  facet normal 0 0 -1
    outer loop
      vertex 27 89.1139 8
      vertex 35.4 92.8861 8
      vertex 35.4 89.1139 8
    endloop
  endfacet
  facet normal -0 0 -1
    outer loop
      vertex 35.4 92.8861 8
      vertex 27 89.1139 8
      vertex 27 92.8861 8
    endloop
  endfacet
  facet normal 0 0 -1
    outer loop
      vertex 33.3231 110.62 8
      vertex 35.4 117.4 8
      vertex 35.4 95.1139 8
    endloop
  endfacet
  facet normal 0 0 -1
    outer loop
      vertex 35.4 117.4 8
      vertex 33.3231 110.62 8
      vertex 33.4 111.4 8
    endloop
  endfacet
  facet normal 0 0 -1
    outer loop
      vertex 35.4 95.1139 8
      vertex 33.0955 109.869 8
      vertex 33.3231 110.62 8
    endloop
  endfacet
  facet normal 0 0 -1
    outer loop
      vertex 35.4 95.1139 8
      vertex 32.7259 109.178 8
      vertex 33.0955 109.869 8
    endloop
  endfacet
  facet normal 0 0 -1
    outer loop
      vertex 35.4 95.1139 8
      vertex 32.2284 108.572 8
      vertex 32.7259 109.178 8
    endloop
  endfacet
  facet normal 0 0 -1
    outer loop
      vertex 35.4 95.1139 8
      vertex 31.6223 108.074 8
      vertex 32.2284 108.572 8
    endloop
  endfacet
  facet normal 0 0 -1
    outer loop
      vertex 35.4 95.1139 8
      vertex 30.9307 107.704 8
      vertex 31.6223 108.074 8
    endloop
  endfacet
  facet normal 0 0 -1
    outer loop
      vertex 35.4 95.1139 8
      vertex 30.1804 107.477 8
      vertex 30.9307 107.704 8
    endloop
  endfacet
  facet normal 0 0 -1
    outer loop
      vertex 27 95.1139 8
      vertex 30.1804 107.477 8
      vertex 35.4 95.1139 8
    endloop
  endfacet
  facet normal 0 0 -1
    outer loop
      vertex 30.1804 107.477 8
      vertex 27 95.1139 8
      vertex 29.4 107.4 8
    endloop
  endfacet
  facet normal -0 0 -1
    outer loop
      vertex 29.4 107.4 8
      vertex 27 95.1139 8
      vertex 28.6196 107.477 8
    endloop
  endfacet
  facet normal -0 0 -1
    outer loop
      vertex 28.6196 107.477 8
      vertex 27 95.1139 8
      vertex 27.8693 107.704 8
    endloop
  endfacet
  facet normal -0 0 -1
    outer loop
      vertex 27.8693 107.704 8
      vertex 27 95.1139 8
      vertex 27.1777 108.074 8
    endloop
  endfacet
  facet normal 0 0 -1
    outer loop
      vertex 27 95.1139 8
      vertex 26.5716 108.572 8
      vertex 27.1777 108.074 8
    endloop
  endfacet
  facet normal 0 0 -1
    outer loop
      vertex 15 37.6 8
      vertex 26.0741 45.8223 8
      vertex 25.7045 45.1307 8
    endloop
  endfacet
  facet normal 0 0 -1
    outer loop
      vertex 15 37.6 8
      vertex 25.7045 45.1307 8
      vertex 25.4769 44.3804 8
    endloop
  endfacet
  facet normal 0 0 -1
    outer loop
      vertex 27 95.1139 8
      vertex 26.0741 109.178 8
      vertex 26.5716 108.572 8
    endloop
  endfacet
  facet normal 0 0 -1
    outer loop
      vertex 27 74.8861 8
      vertex 15 90 8
      vertex 27 77.1139 8
    endloop
  endfacet
  facet normal 0 0 -1
    outer loop
      vertex 15 90 8
      vertex 26.0741 109.178 8
      vertex 27 95.1139 8
    endloop
  endfacet
  facet normal 0 0 -1
    outer loop
      vertex 15 90 8
      vertex 27 95.1139 8
      vertex 27 92.8861 8
    endloop
  endfacet
  facet normal -0 0 -1
    outer loop
      vertex 26.0741 109.178 8
      vertex 15 90 8
      vertex 25.7045 109.869 8
    endloop
  endfacet
  facet normal 0 0 -1
    outer loop
      vertex 15 37.6 8
      vertex 25.4769 44.3804 8
      vertex 25.4 43.6 8
    endloop
  endfacet
  facet normal 0 0 -1
    outer loop
      vertex 27 86.8861 8
      vertex 15 90 8
      vertex 27 89.1139 8
    endloop
  endfacet
  facet normal 0 0 -1
    outer loop
      vertex 33.3231 112.18 8
      vertex 35.4 117.4 8
      vertex 33.4 111.4 8
    endloop
  endfacet
  facet normal 0 0 -1
    outer loop
      vertex 33.0955 112.931 8
      vertex 35.4 117.4 8
      vertex 33.3231 112.18 8
    endloop
  endfacet
  facet normal 0 0 -1
    outer loop
      vertex 32.7259 113.622 8
      vertex 35.4 117.4 8
      vertex 33.0955 112.931 8
    endloop
  endfacet
  facet normal 0 0 -1
    outer loop
      vertex 32.2284 114.228 8
      vertex 35.4 117.4 8
      vertex 32.7259 113.622 8
    endloop
  endfacet
  facet normal 0 0 -1
    outer loop
      vertex 31.6223 114.726 8
      vertex 35.4 117.4 8
      vertex 32.2284 114.228 8
    endloop
  endfacet
  facet normal 0 0 -1
    outer loop
      vertex 30.9307 115.096 8
      vertex 35.4 117.4 8
      vertex 31.6223 114.726 8
    endloop
  endfacet
  facet normal 0 0 -1
    outer loop
      vertex 30.1804 115.323 8
      vertex 35.4 117.4 8
      vertex 30.9307 115.096 8
    endloop
  endfacet
  facet normal 0 0 -1
    outer loop
      vertex 29.4 115.4 8
      vertex 35.4 117.4 8
      vertex 30.1804 115.323 8
    endloop
  endfacet
  facet normal 0 0 -1
    outer loop
      vertex 28.6196 115.323 8
      vertex 35.4 117.4 8
      vertex 29.4 115.4 8
    endloop
  endfacet
  facet normal 0 0 -1
    outer loop
      vertex -35.4 117.4 8
      vertex 28.6196 115.323 8
      vertex 27.8693 115.096 8
    endloop
  endfacet
  facet normal -0 0 -1
    outer loop
      vertex 25.4769 110.62 8
      vertex 15 90 8
      vertex 25.4 111.4 8
    endloop
  endfacet
  facet normal 0 0 -1
    outer loop
      vertex -15 90 8
      vertex 25.4 111.4 8
      vertex 15 90 8
    endloop
  endfacet
  facet normal -0 0 -1
    outer loop
      vertex 25.4 111.4 8
      vertex -15 90 8
      vertex 25.4769 112.18 8
    endloop
  endfacet
  facet normal 0 0 -1
    outer loop
      vertex -35.4 117.4 8
      vertex 25.4769 112.18 8
      vertex -15 90 8
    endloop
  endfacet
  facet normal 0 0 -1
    outer loop
      vertex 25.4769 112.18 8
      vertex -35.4 117.4 8
      vertex 25.7045 112.931 8
    endloop
  endfacet
  facet normal 0 0 -1
    outer loop
      vertex 25.7045 112.931 8
      vertex -35.4 117.4 8
      vertex 26.0741 113.622 8
    endloop
  endfacet
  facet normal 0 0 -1
    outer loop
      vertex 26.0741 113.622 8
      vertex -35.4 117.4 8
      vertex 26.5716 114.228 8
    endloop
  endfacet
  facet normal 0 0 -1
    outer loop
      vertex -25.7045 45.1307 8
      vertex -15 37.6 8
      vertex -25.4769 44.3804 8
    endloop
  endfacet
  facet normal 0 0 -1
    outer loop
      vertex -25.4769 88.7804 8
      vertex -15 90 8
      vertex -25.4 88 8
    endloop
  endfacet
  facet normal 0 0 -1
    outer loop
      vertex -25.7045 89.5307 8
      vertex -15 90 8
      vertex -25.4769 88.7804 8
    endloop
  endfacet
  facet normal 0 0 -1
    outer loop
      vertex -26.0741 90.2223 8
      vertex -15 90 8
      vertex -25.7045 89.5307 8
    endloop
  endfacet
  facet normal 0 0 -1
    outer loop
      vertex -26.5716 90.8284 8
      vertex -15 90 8
      vertex -26.0741 90.2223 8
    endloop
  endfacet
  facet normal 0 0 -1
    outer loop
      vertex -27.1777 91.3259 8
      vertex -15 90 8
      vertex -26.5716 90.8284 8
    endloop
  endfacet
  facet normal 0 0 -1
    outer loop
      vertex 26.5716 114.228 8
      vertex -35.4 117.4 8
      vertex 27.1777 114.726 8
    endloop
  endfacet
  facet normal 0 0 -1
    outer loop
      vertex -27.8693 91.6955 8
      vertex -15 90 8
      vertex -27.1777 91.3259 8
    endloop
  endfacet
  facet normal 0 0 -1
    outer loop
      vertex -15 90 8
      vertex -27.8693 91.6955 8
      vertex -35.4 117.4 8
    endloop
  endfacet
  facet normal 0 0 -1
    outer loop
      vertex -35.4 117.4 8
      vertex -27.8693 91.6955 8
      vertex -28.6196 91.9231 8
    endloop
  endfacet
  facet normal 0 0 -1
    outer loop
      vertex -35.4 117.4 8
      vertex -28.6196 91.9231 8
      vertex -29.4 92 8
    endloop
  endfacet
  facet normal 0 0 -1
    outer loop
      vertex -35.4 117.4 8
      vertex -29.4 92 8
      vertex -30.1804 91.9231 8
    endloop
  endfacet
  facet normal 0 0 -1
    outer loop
      vertex -35.4 117.4 8
      vertex -30.1804 91.9231 8
      vertex -30.9307 91.6955 8
    endloop
  endfacet
  facet normal 0 0 -1
    outer loop
      vertex 28.6196 115.323 8
      vertex -35.4 117.4 8
      vertex 35.4 117.4 8
    endloop
  endfacet
  facet normal 0 0 -1
    outer loop
      vertex 27.1777 114.726 8
      vertex -35.4 117.4 8
      vertex 27.8693 115.096 8
    endloop
  endfacet
  facet normal 0 0 -1
    outer loop
      vertex -31.6223 91.3259 8
      vertex -35.4 117.4 8
      vertex -30.9307 91.6955 8
    endloop
  endfacet
  facet normal 0 0 -1
    outer loop
      vertex -32.2284 90.8284 8
      vertex -35.4 117.4 8
      vertex -31.6223 91.3259 8
    endloop
  endfacet
  facet normal 0 0 -1
    outer loop
      vertex -32.7259 90.2223 8
      vertex -35.4 117.4 8
      vertex -32.2284 90.8284 8
    endloop
  endfacet
  facet normal 0 0 -1
    outer loop
      vertex -33.0955 89.5307 8
      vertex -35.4 117.4 8
      vertex -32.7259 90.2223 8
    endloop
  endfacet
  facet normal 0 0 -1
    outer loop
      vertex -33.3231 88.7804 8
      vertex -35.4 117.4 8
      vertex -33.0955 89.5307 8
    endloop
  endfacet
  facet normal 0 0 -1
    outer loop
      vertex -33.4 88 8
      vertex -35.4 117.4 8
      vertex -33.3231 88.7804 8
    endloop
  endfacet
  facet normal 0 0 -1
    outer loop
      vertex -35.4 117.4 8
      vertex -33.4 88 8
      vertex -35.4 37.6 8
    endloop
  endfacet
  facet normal 0 0 1
    outer loop
      vertex -27.8137 43.8088 8
      vertex -27.8137 43.3912 8
      vertex -27.8 43.6 8
    endloop
  endfacet
  facet normal 0 0 1
    outer loop
      vertex -27.8545 44.0141 8
      vertex -27.8137 43.3912 8
      vertex -27.8137 43.8088 8
    endloop
  endfacet
  facet normal 0 0 1
    outer loop
      vertex -27.8545 44.0141 8
      vertex -27.8545 43.1859 8
      vertex -27.8137 43.3912 8
    endloop
  endfacet
  facet normal 0 0 1
    outer loop
      vertex -27.9218 44.2123 8
      vertex -27.8545 43.1859 8
      vertex -27.8545 44.0141 8
    endloop
  endfacet
  facet normal 0 0 1
    outer loop
      vertex -27.9218 44.2123 8
      vertex -27.9218 42.9877 8
      vertex -27.8545 43.1859 8
    endloop
  endfacet
  facet normal 0 0 1
    outer loop
      vertex -28.0144 44.4 8
      vertex -27.9218 42.9877 8
      vertex -27.9218 44.2123 8
    endloop
  endfacet
  facet normal 0 0 1
    outer loop
      vertex -28.0144 44.4 8
      vertex -28.0144 42.8 8
      vertex -27.9218 42.9877 8
    endloop
  endfacet
  facet normal 0 0 1
    outer loop
      vertex -28.1306 44.574 8
      vertex -28.0144 42.8 8
      vertex -28.0144 44.4 8
    endloop
  endfacet
  facet normal 0 0 1
    outer loop
      vertex -28.1306 44.574 8
      vertex -28.1306 42.626 8
      vertex -28.0144 42.8 8
    endloop
  endfacet
  facet normal 0 0 1
    outer loop
      vertex -28.2686 44.7314 8
      vertex -28.1306 42.626 8
      vertex -28.1306 44.574 8
    endloop
  endfacet
  facet normal 0 0 1
    outer loop
      vertex -28.2686 44.7314 8
      vertex -28.2686 42.4686 8
      vertex -28.1306 42.626 8
    endloop
  endfacet
  facet normal 0 0 1
    outer loop
      vertex -28.426 44.8694 8
      vertex -28.2686 42.4686 8
      vertex -28.2686 44.7314 8
    endloop
  endfacet
  facet normal 0 0 1
    outer loop
      vertex -28.426 44.8694 8
      vertex -28.426 42.3306 8
      vertex -28.2686 42.4686 8
    endloop
  endfacet
  facet normal 0 0 1
    outer loop
      vertex -28.6 44.9856 8
      vertex -28.426 42.3306 8
      vertex -28.426 44.8694 8
    endloop
  endfacet
  facet normal 0 0 1
    outer loop
      vertex -28.6 44.9856 8
      vertex -28.6 42.2144 8
      vertex -28.426 42.3306 8
    endloop
  endfacet
  facet normal 0 0 1
    outer loop
      vertex -28.7877 45.0782 8
      vertex -28.6 42.2144 8
      vertex -28.6 44.9856 8
    endloop
  endfacet
  facet normal 0 0 1
    outer loop
      vertex -28.7877 45.0782 8
      vertex -28.7877 42.1218 8
      vertex -28.6 42.2144 8
    endloop
  endfacet
  facet normal 0 0 1
    outer loop
      vertex -28.9859 45.1455 8
      vertex -28.7877 42.1218 8
      vertex -28.7877 45.0782 8
    endloop
  endfacet
  facet normal 0 0 1
    outer loop
      vertex -28.9859 45.1455 8
      vertex -28.9859 42.0545 8
      vertex -28.7877 42.1218 8
    endloop
  endfacet
  facet normal 0 0 1
    outer loop
      vertex -29.1912 45.1863 8
      vertex -28.9859 42.0545 8
      vertex -28.9859 45.1455 8
    endloop
  endfacet
  facet normal 0 0 1
    outer loop
      vertex -29.1912 45.1863 8
      vertex -29.1912 42.0137 8
      vertex -28.9859 42.0545 8
    endloop
  endfacet
  facet normal 0 0 1
    outer loop
      vertex -29.4 45.2 8
      vertex -29.1912 42.0137 8
      vertex -29.1912 45.1863 8
    endloop
  endfacet
  facet normal 0 0 1
    outer loop
      vertex -29.4 45.2 8
      vertex -29.4 42 8
      vertex -29.1912 42.0137 8
    endloop
  endfacet
  facet normal -0 0 1
    outer loop
      vertex -29.6088 45.1863 8
      vertex -29.4 42 8
      vertex -29.4 45.2 8
    endloop
  endfacet
  facet normal 0 0 1
    outer loop
      vertex -29.6088 45.1863 8
      vertex -29.6088 42.0137 8
      vertex -29.4 42 8
    endloop
  endfacet
  facet normal -0 0 1
    outer loop
      vertex -29.8141 45.1455 8
      vertex -29.6088 42.0137 8
      vertex -29.6088 45.1863 8
    endloop
  endfacet
  facet normal 0 0 1
    outer loop
      vertex -29.8141 45.1455 8
      vertex -29.8141 42.0545 8
      vertex -29.6088 42.0137 8
    endloop
  endfacet
  facet normal -0 0 1
    outer loop
      vertex -30.0123 45.0782 8
      vertex -29.8141 42.0545 8
      vertex -29.8141 45.1455 8
    endloop
  endfacet
  facet normal 0 0 1
    outer loop
      vertex -30.0123 45.0782 8
      vertex -30.0123 42.1218 8
      vertex -29.8141 42.0545 8
    endloop
  endfacet
  facet normal -0 0 1
    outer loop
      vertex -30.2 44.9856 8
      vertex -30.0123 42.1218 8
      vertex -30.0123 45.0782 8
    endloop
  endfacet
  facet normal 0 0 1
    outer loop
      vertex -30.2 44.9856 8
      vertex -30.2 42.2144 8
      vertex -30.0123 42.1218 8
    endloop
  endfacet
  facet normal -0 0 1
    outer loop
      vertex -30.374 44.8694 8
      vertex -30.2 42.2144 8
      vertex -30.2 44.9856 8
    endloop
  endfacet
  facet normal 0 0 1
    outer loop
      vertex -30.374 44.8694 8
      vertex -30.374 42.3306 8
      vertex -30.2 42.2144 8
    endloop
  endfacet
  facet normal -0 0 1
    outer loop
      vertex -30.5314 44.7314 8
      vertex -30.374 42.3306 8
      vertex -30.374 44.8694 8
    endloop
  endfacet
  facet normal 0 0 1
    outer loop
      vertex -30.5314 44.7314 8
      vertex -30.5314 42.4686 8
      vertex -30.374 42.3306 8
    endloop
  endfacet
  facet normal -0 0 1
    outer loop
      vertex -30.6694 44.574 8
      vertex -30.5314 42.4686 8
      vertex -30.5314 44.7314 8
    endloop
  endfacet
  facet normal 0 0 1
    outer loop
      vertex -30.6694 44.574 8
      vertex -30.6694 42.626 8
      vertex -30.5314 42.4686 8
    endloop
  endfacet
  facet normal -0 0 1
    outer loop
      vertex -30.7856 44.4 8
      vertex -30.6694 42.626 8
      vertex -30.6694 44.574 8
    endloop
  endfacet
  facet normal 0 0 1
    outer loop
      vertex -30.7856 44.4 8
      vertex -30.7856 42.8 8
      vertex -30.6694 42.626 8
    endloop
  endfacet
  facet normal -0 0 1
    outer loop
      vertex -30.8782 44.2123 8
      vertex -30.7856 42.8 8
      vertex -30.7856 44.4 8
    endloop
  endfacet
  facet normal 0 0 1
    outer loop
      vertex -30.8782 44.2123 8
      vertex -30.8782 42.9877 8
      vertex -30.7856 42.8 8
    endloop
  endfacet
  facet normal -0 0 1
    outer loop
      vertex -30.9455 44.0141 8
      vertex -30.8782 42.9877 8
      vertex -30.8782 44.2123 8
    endloop
  endfacet
  facet normal 0 0 1
    outer loop
      vertex -30.9455 44.0141 8
      vertex -30.9455 43.1859 8
      vertex -30.8782 42.9877 8
    endloop
  endfacet
  facet normal -0 0 1
    outer loop
      vertex -30.9863 43.8088 8
      vertex -30.9455 43.1859 8
      vertex -30.9455 44.0141 8
    endloop
  endfacet
  facet normal 0 0 1
    outer loop
      vertex -30.9863 43.8088 8
      vertex -30.9863 43.3912 8
      vertex -30.9455 43.1859 8
    endloop
  endfacet
  facet normal 0 -0 1
    outer loop
      vertex -30.9863 43.3912 8
      vertex -30.9863 43.8088 8
      vertex -31 43.6 8
    endloop
  endfacet
  facet normal 0 0 1
    outer loop
      vertex -27.8137 88.2088 8
      vertex -27.8137 87.7912 8
      vertex -27.8 88 8
    endloop
  endfacet
  facet normal 0 0 1
    outer loop
      vertex -27.8545 88.4141 8
      vertex -27.8137 87.7912 8
      vertex -27.8137 88.2088 8
    endloop
  endfacet
  facet normal 0 0 1
    outer loop
      vertex -27.8545 88.4141 8
      vertex -27.8545 87.5859 8
      vertex -27.8137 87.7912 8
    endloop
  endfacet
  facet normal 0 0 1
    outer loop
      vertex -27.9218 88.6123 8
      vertex -27.8545 87.5859 8
      vertex -27.8545 88.4141 8
    endloop
  endfacet
  facet normal 0 0 1
    outer loop
      vertex -27.9218 88.6123 8
      vertex -27.9218 87.3877 8
      vertex -27.8545 87.5859 8
    endloop
  endfacet
  facet normal 0 0 1
    outer loop
      vertex -28.0144 88.8 8
      vertex -27.9218 87.3877 8
      vertex -27.9218 88.6123 8
    endloop
  endfacet
  facet normal 0 0 1
    outer loop
      vertex -28.0144 88.8 8
      vertex -28.0144 87.2 8
      vertex -27.9218 87.3877 8
    endloop
  endfacet
  facet normal 0 0 1
    outer loop
      vertex -28.1306 88.974 8
      vertex -28.0144 87.2 8
      vertex -28.0144 88.8 8
    endloop
  endfacet
  facet normal 0 0 1
    outer loop
      vertex -28.1306 88.974 8
      vertex -28.1306 87.026 8
      vertex -28.0144 87.2 8
    endloop
  endfacet
  facet normal 0 0 1
    outer loop
      vertex -28.2686 89.1314 8
      vertex -28.1306 87.026 8
      vertex -28.1306 88.974 8
    endloop
  endfacet
  facet normal 0 0 1
    outer loop
      vertex -28.2686 89.1314 8
      vertex -28.2686 86.8686 8
      vertex -28.1306 87.026 8
    endloop
  endfacet
  facet normal 0 0 1
    outer loop
      vertex -28.426 89.2694 8
      vertex -28.2686 86.8686 8
      vertex -28.2686 89.1314 8
    endloop
  endfacet
  facet normal 0 0 1
    outer loop
      vertex -28.426 89.2694 8
      vertex -28.426 86.7306 8
      vertex -28.2686 86.8686 8
    endloop
  endfacet
  facet normal 0 0 1
    outer loop
      vertex -28.6 89.3856 8
      vertex -28.426 86.7306 8
      vertex -28.426 89.2694 8
    endloop
  endfacet
  facet normal 0 0 1
    outer loop
      vertex -28.6 89.3856 8
      vertex -28.6 86.6144 8
      vertex -28.426 86.7306 8
    endloop
  endfacet
  facet normal 0 0 1
    outer loop
      vertex -28.7877 89.4782 8
      vertex -28.6 86.6144 8
      vertex -28.6 89.3856 8
    endloop
  endfacet
  facet normal 0 0 1
    outer loop
      vertex -28.7877 89.4782 8
      vertex -28.7877 86.5218 8
      vertex -28.6 86.6144 8
    endloop
  endfacet
  facet normal 0 0 1
    outer loop
      vertex -28.9859 89.5455 8
      vertex -28.7877 86.5218 8
      vertex -28.7877 89.4782 8
    endloop
  endfacet
  facet normal 0 0 1
    outer loop
      vertex -28.9859 89.5455 8
      vertex -28.9859 86.4545 8
      vertex -28.7877 86.5218 8
    endloop
  endfacet
  facet normal 0 0 1
    outer loop
      vertex -29.1912 89.5863 8
      vertex -28.9859 86.4545 8
      vertex -28.9859 89.5455 8
    endloop
  endfacet
  facet normal 0 0 1
    outer loop
      vertex -29.1912 89.5863 8
      vertex -29.1912 86.4137 8
      vertex -28.9859 86.4545 8
    endloop
  endfacet
  facet normal 0 0 1
    outer loop
      vertex -29.4 89.6 8
      vertex -29.1912 86.4137 8
      vertex -29.1912 89.5863 8
    endloop
  endfacet
  facet normal 0 0 1
    outer loop
      vertex -29.4 89.6 8
      vertex -29.4 86.4 8
      vertex -29.1912 86.4137 8
    endloop
  endfacet
  facet normal -0 0 1
    outer loop
      vertex -29.6088 89.5863 8
      vertex -29.4 86.4 8
      vertex -29.4 89.6 8
    endloop
  endfacet
  facet normal 0 0 1
    outer loop
      vertex -29.6088 89.5863 8
      vertex -29.6088 86.4137 8
      vertex -29.4 86.4 8
    endloop
  endfacet
  facet normal -0 0 1
    outer loop
      vertex -29.8141 89.5455 8
      vertex -29.6088 86.4137 8
      vertex -29.6088 89.5863 8
    endloop
  endfacet
  facet normal 0 0 1
    outer loop
      vertex -29.8141 89.5455 8
      vertex -29.8141 86.4545 8
      vertex -29.6088 86.4137 8
    endloop
  endfacet
  facet normal -0 0 1
    outer loop
      vertex -30.0123 89.4782 8
      vertex -29.8141 86.4545 8
      vertex -29.8141 89.5455 8
    endloop
  endfacet
  facet normal 0 0 1
    outer loop
      vertex -30.0123 89.4782 8
      vertex -30.0123 86.5218 8
      vertex -29.8141 86.4545 8
    endloop
  endfacet
  facet normal -0 0 1
    outer loop
      vertex -30.2 89.3856 8
      vertex -30.0123 86.5218 8
      vertex -30.0123 89.4782 8
    endloop
  endfacet
  facet normal 0 0 1
    outer loop
      vertex -30.2 89.3856 8
      vertex -30.2 86.6144 8
      vertex -30.0123 86.5218 8
    endloop
  endfacet
  facet normal -0 0 1
    outer loop
      vertex -30.374 89.2694 8
      vertex -30.2 86.6144 8
      vertex -30.2 89.3856 8
    endloop
  endfacet
  facet normal 0 0 1
    outer loop
      vertex -30.374 89.2694 8
      vertex -30.374 86.7306 8
      vertex -30.2 86.6144 8
    endloop
  endfacet
  facet normal -0 0 1
    outer loop
      vertex -30.5314 89.1314 8
      vertex -30.374 86.7306 8
      vertex -30.374 89.2694 8
    endloop
  endfacet
  facet normal 0 0 1
    outer loop
      vertex -30.5314 89.1314 8
      vertex -30.5314 86.8686 8
      vertex -30.374 86.7306 8
    endloop
  endfacet
  facet normal -0 0 1
    outer loop
      vertex -30.6694 88.974 8
      vertex -30.5314 86.8686 8
      vertex -30.5314 89.1314 8
    endloop
  endfacet
  facet normal 0 0 1
    outer loop
      vertex -30.6694 88.974 8
      vertex -30.6694 87.026 8
      vertex -30.5314 86.8686 8
    endloop
  endfacet
  facet normal -0 0 1
    outer loop
      vertex -30.7856 88.8 8
      vertex -30.6694 87.026 8
      vertex -30.6694 88.974 8
    endloop
  endfacet
  facet normal 0 0 1
    outer loop
      vertex -30.7856 88.8 8
      vertex -30.7856 87.2 8
      vertex -30.6694 87.026 8
    endloop
  endfacet
  facet normal -0 0 1
    outer loop
      vertex -30.8782 88.6123 8
      vertex -30.7856 87.2 8
      vertex -30.7856 88.8 8
    endloop
  endfacet
  facet normal 0 0 1
    outer loop
      vertex -30.8782 88.6123 8
      vertex -30.8782 87.3877 8
      vertex -30.7856 87.2 8
    endloop
  endfacet
  facet normal -0 0 1
    outer loop
      vertex -30.9455 88.4141 8
      vertex -30.8782 87.3877 8
      vertex -30.8782 88.6123 8
    endloop
  endfacet
  facet normal 0 0 1
    outer loop
      vertex -30.9455 88.4141 8
      vertex -30.9455 87.5859 8
      vertex -30.8782 87.3877 8
    endloop
  endfacet
  facet normal -0 0 1
    outer loop
      vertex -30.9863 88.2088 8
      vertex -30.9455 87.5859 8
      vertex -30.9455 88.4141 8
    endloop
  endfacet
  facet normal 0 0 1
    outer loop
      vertex -30.9863 88.2088 8
      vertex -30.9863 87.7912 8
      vertex -30.9455 87.5859 8
    endloop
  endfacet
  facet normal 0 -0 1
    outer loop
      vertex -30.9863 87.7912 8
      vertex -30.9863 88.2088 8
      vertex -31 88 8
    endloop
  endfacet
  facet normal 0 0 1
    outer loop
      vertex 30.9863 111.609 8
      vertex 30.9863 111.191 8
      vertex 31 111.4 8
    endloop
  endfacet
  facet normal 0 0 1
    outer loop
      vertex 30.9455 111.814 8
      vertex 30.9863 111.191 8
      vertex 30.9863 111.609 8
    endloop
  endfacet
  facet normal 0 0 1
    outer loop
      vertex 30.9455 111.814 8
      vertex 30.9455 110.986 8
      vertex 30.9863 111.191 8
    endloop
  endfacet
  facet normal 0 0 1
    outer loop
      vertex 30.8782 112.012 8
      vertex 30.9455 110.986 8
      vertex 30.9455 111.814 8
    endloop
  endfacet
  facet normal 0 0 1
    outer loop
      vertex 30.8782 112.012 8
      vertex 30.8782 110.788 8
      vertex 30.9455 110.986 8
    endloop
  endfacet
  facet normal 0 0 1
    outer loop
      vertex 30.7856 112.2 8
      vertex 30.8782 110.788 8
      vertex 30.8782 112.012 8
    endloop
  endfacet
  facet normal 0 0 1
    outer loop
      vertex 30.7856 112.2 8
      vertex 30.7856 110.6 8
      vertex 30.8782 110.788 8
    endloop
  endfacet
  facet normal 0 0 1
    outer loop
      vertex 30.6694 112.374 8
      vertex 30.7856 110.6 8
      vertex 30.7856 112.2 8
    endloop
  endfacet
  facet normal 0 0 1
    outer loop
      vertex 30.6694 112.374 8
      vertex 30.6694 110.426 8
      vertex 30.7856 110.6 8
    endloop
  endfacet
  facet normal 0 0 1
    outer loop
      vertex 30.5314 112.531 8
      vertex 30.6694 110.426 8
      vertex 30.6694 112.374 8
    endloop
  endfacet
  facet normal 0 0 1
    outer loop
      vertex 30.5314 112.531 8
      vertex 30.5314 110.269 8
      vertex 30.6694 110.426 8
    endloop
  endfacet
  facet normal 0 0 1
    outer loop
      vertex 30.374 112.669 8
      vertex 30.5314 110.269 8
      vertex 30.5314 112.531 8
    endloop
  endfacet
  facet normal 0 0 1
    outer loop
      vertex 30.374 112.669 8
      vertex 30.374 110.131 8
      vertex 30.5314 110.269 8
    endloop
  endfacet
  facet normal 0 0 1
    outer loop
      vertex 30.2 112.786 8
      vertex 30.374 110.131 8
      vertex 30.374 112.669 8
    endloop
  endfacet
  facet normal 0 0 1
    outer loop
      vertex 30.2 112.786 8
      vertex 30.2 110.014 8
      vertex 30.374 110.131 8
    endloop
  endfacet
  facet normal 0 0 1
    outer loop
      vertex 30.0123 112.878 8
      vertex 30.2 110.014 8
      vertex 30.2 112.786 8
    endloop
  endfacet
  facet normal 0 0 1
    outer loop
      vertex 30.0123 112.878 8
      vertex 30.0123 109.922 8
      vertex 30.2 110.014 8
    endloop
  endfacet
  facet normal 0 0 1
    outer loop
      vertex 29.8141 112.945 8
      vertex 30.0123 109.922 8
      vertex 30.0123 112.878 8
    endloop
  endfacet
  facet normal 0 0 1
    outer loop
      vertex 29.8141 112.945 8
      vertex 29.8141 109.855 8
      vertex 30.0123 109.922 8
    endloop
  endfacet
  facet normal 0 0 1
    outer loop
      vertex 29.6088 112.986 8
      vertex 29.8141 109.855 8
      vertex 29.8141 112.945 8
    endloop
  endfacet
  facet normal 0 0 1
    outer loop
      vertex 29.6088 112.986 8
      vertex 29.6088 109.814 8
      vertex 29.8141 109.855 8
    endloop
  endfacet
  facet normal 0 0 1
    outer loop
      vertex 29.4 113 8
      vertex 29.6088 109.814 8
      vertex 29.6088 112.986 8
    endloop
  endfacet
  facet normal 0 0 1
    outer loop
      vertex 29.4 113 8
      vertex 29.4 109.8 8
      vertex 29.6088 109.814 8
    endloop
  endfacet
  facet normal -0 0 1
    outer loop
      vertex 29.1912 112.986 8
      vertex 29.4 109.8 8
      vertex 29.4 113 8
    endloop
  endfacet
  facet normal 0 0 1
    outer loop
      vertex 29.1912 112.986 8
      vertex 29.1912 109.814 8
      vertex 29.4 109.8 8
    endloop
  endfacet
  facet normal -0 0 1
    outer loop
      vertex 28.9859 112.945 8
      vertex 29.1912 109.814 8
      vertex 29.1912 112.986 8
    endloop
  endfacet
  facet normal 0 0 1
    outer loop
      vertex 28.9859 112.945 8
      vertex 28.9859 109.855 8
      vertex 29.1912 109.814 8
    endloop
  endfacet
  facet normal -0 0 1
    outer loop
      vertex 28.7877 112.878 8
      vertex 28.9859 109.855 8
      vertex 28.9859 112.945 8
    endloop
  endfacet
  facet normal 0 0 1
    outer loop
      vertex 28.7877 112.878 8
      vertex 28.7877 109.922 8
      vertex 28.9859 109.855 8
    endloop
  endfacet
  facet normal -0 0 1
    outer loop
      vertex 28.6 112.786 8
      vertex 28.7877 109.922 8
      vertex 28.7877 112.878 8
    endloop
  endfacet
  facet normal 0 0 1
    outer loop
      vertex 28.6 112.786 8
      vertex 28.6 110.014 8
      vertex 28.7877 109.922 8
    endloop
  endfacet
  facet normal -0 0 1
    outer loop
      vertex 28.426 112.669 8
      vertex 28.6 110.014 8
      vertex 28.6 112.786 8
    endloop
  endfacet
  facet normal 0 0 1
    outer loop
      vertex 28.426 112.669 8
      vertex 28.426 110.131 8
      vertex 28.6 110.014 8
    endloop
  endfacet
  facet normal -0 0 1
    outer loop
      vertex 28.2686 112.531 8
      vertex 28.426 110.131 8
      vertex 28.426 112.669 8
    endloop
  endfacet
  facet normal 0 0 1
    outer loop
      vertex 28.2686 112.531 8
      vertex 28.2686 110.269 8
      vertex 28.426 110.131 8
    endloop
  endfacet
  facet normal -0 0 1
    outer loop
      vertex 28.1306 112.374 8
      vertex 28.2686 110.269 8
      vertex 28.2686 112.531 8
    endloop
  endfacet
  facet normal 0 0 1
    outer loop
      vertex 28.1306 112.374 8
      vertex 28.1306 110.426 8
      vertex 28.2686 110.269 8
    endloop
  endfacet
  facet normal -0 0 1
    outer loop
      vertex 28.0144 112.2 8
      vertex 28.1306 110.426 8
      vertex 28.1306 112.374 8
    endloop
  endfacet
  facet normal 0 0 1
    outer loop
      vertex 28.0144 112.2 8
      vertex 28.0144 110.6 8
      vertex 28.1306 110.426 8
    endloop
  endfacet
  facet normal -0 0 1
    outer loop
      vertex 27.9218 112.012 8
      vertex 28.0144 110.6 8
      vertex 28.0144 112.2 8
    endloop
  endfacet
  facet normal 0 0 1
    outer loop
      vertex 27.9218 112.012 8
      vertex 27.9218 110.788 8
      vertex 28.0144 110.6 8
    endloop
  endfacet
  facet normal -0 0 1
    outer loop
      vertex 27.8545 111.814 8
      vertex 27.9218 110.788 8
      vertex 27.9218 112.012 8
    endloop
  endfacet
  facet normal 0 0 1
    outer loop
      vertex 27.8545 111.814 8
      vertex 27.8545 110.986 8
      vertex 27.9218 110.788 8
    endloop
  endfacet
  facet normal -0 0 1
    outer loop
      vertex 27.8137 111.609 8
      vertex 27.8545 110.986 8
      vertex 27.8545 111.814 8
    endloop
  endfacet
  facet normal 0 0 1
    outer loop
      vertex 27.8137 111.609 8
      vertex 27.8137 111.191 8
      vertex 27.8545 110.986 8
    endloop
  endfacet
  facet normal 0 -0 1
    outer loop
      vertex 27.8137 111.191 8
      vertex 27.8137 111.609 8
      vertex 27.8 111.4 8
    endloop
  endfacet
  facet normal 0 0 1
    outer loop
      vertex 30.9863 43.8088 8
      vertex 30.9863 43.3912 8
      vertex 31 43.6 8
    endloop
  endfacet
  facet normal 0 0 1
    outer loop
      vertex 30.9455 44.0141 8
      vertex 30.9863 43.3912 8
      vertex 30.9863 43.8088 8
    endloop
  endfacet
  facet normal 0 0 1
    outer loop
      vertex 30.9455 44.0141 8
      vertex 30.9455 43.1859 8
      vertex 30.9863 43.3912 8
    endloop
  endfacet
  facet normal 0 0 1
    outer loop
      vertex 30.8782 44.2123 8
      vertex 30.9455 43.1859 8
      vertex 30.9455 44.0141 8
    endloop
  endfacet
  facet normal 0 0 1
    outer loop
      vertex 30.8782 44.2123 8
      vertex 30.8782 42.9877 8
      vertex 30.9455 43.1859 8
    endloop
  endfacet
  facet normal 0 0 1
    outer loop
      vertex 30.7856 44.4 8
      vertex 30.8782 42.9877 8
      vertex 30.8782 44.2123 8
    endloop
  endfacet
  facet normal 0 0 1
    outer loop
      vertex 30.7856 44.4 8
      vertex 30.7856 42.8 8
      vertex 30.8782 42.9877 8
    endloop
  endfacet
  facet normal 0 0 1
    outer loop
      vertex 30.6694 44.574 8
      vertex 30.7856 42.8 8
      vertex 30.7856 44.4 8
    endloop
  endfacet
  facet normal 0 0 1
    outer loop
      vertex 30.6694 44.574 8
      vertex 30.6694 42.626 8
      vertex 30.7856 42.8 8
    endloop
  endfacet
  facet normal 0 0 1
    outer loop
      vertex 30.5314 44.7314 8
      vertex 30.6694 42.626 8
      vertex 30.6694 44.574 8
    endloop
  endfacet
  facet normal 0 0 1
    outer loop
      vertex 30.5314 44.7314 8
      vertex 30.5314 42.4686 8
      vertex 30.6694 42.626 8
    endloop
  endfacet
  facet normal 0 0 1
    outer loop
      vertex 30.374 44.8694 8
      vertex 30.5314 42.4686 8
      vertex 30.5314 44.7314 8
    endloop
  endfacet
  facet normal 0 0 1
    outer loop
      vertex 30.374 44.8694 8
      vertex 30.374 42.3306 8
      vertex 30.5314 42.4686 8
    endloop
  endfacet
  facet normal 0 0 1
    outer loop
      vertex 30.2 44.9856 8
      vertex 30.374 42.3306 8
      vertex 30.374 44.8694 8
    endloop
  endfacet
  facet normal 0 0 1
    outer loop
      vertex 30.2 44.9856 8
      vertex 30.2 42.2144 8
      vertex 30.374 42.3306 8
    endloop
  endfacet
  facet normal 0 0 1
    outer loop
      vertex 30.0123 45.0782 8
      vertex 30.2 42.2144 8
      vertex 30.2 44.9856 8
    endloop
  endfacet
  facet normal 0 0 1
    outer loop
      vertex 30.0123 45.0782 8
      vertex 30.0123 42.1218 8
      vertex 30.2 42.2144 8
    endloop
  endfacet
  facet normal 0 0 1
    outer loop
      vertex 29.8141 45.1455 8
      vertex 30.0123 42.1218 8
      vertex 30.0123 45.0782 8
    endloop
  endfacet
  facet normal 0 0 1
    outer loop
      vertex 29.8141 45.1455 8
      vertex 29.8141 42.0545 8
      vertex 30.0123 42.1218 8
    endloop
  endfacet
  facet normal 0 0 1
    outer loop
      vertex 29.6088 45.1863 8
      vertex 29.8141 42.0545 8
      vertex 29.8141 45.1455 8
    endloop
  endfacet
  facet normal 0 0 1
    outer loop
      vertex 29.6088 45.1863 8
      vertex 29.6088 42.0137 8
      vertex 29.8141 42.0545 8
    endloop
  endfacet
  facet normal 0 0 1
    outer loop
      vertex 29.4 45.2 8
      vertex 29.6088 42.0137 8
      vertex 29.6088 45.1863 8
    endloop
  endfacet
  facet normal 0 0 1
    outer loop
      vertex 29.4 45.2 8
      vertex 29.4 42 8
      vertex 29.6088 42.0137 8
    endloop
  endfacet
  facet normal -0 0 1
    outer loop
      vertex 29.1912 45.1863 8
      vertex 29.4 42 8
      vertex 29.4 45.2 8
    endloop
  endfacet
  facet normal 0 0 1
    outer loop
      vertex 29.1912 45.1863 8
      vertex 29.1912 42.0137 8
      vertex 29.4 42 8
    endloop
  endfacet
  facet normal -0 0 1
    outer loop
      vertex 28.9859 45.1455 8
      vertex 29.1912 42.0137 8
      vertex 29.1912 45.1863 8
    endloop
  endfacet
  facet normal 0 0 1
    outer loop
      vertex 28.9859 45.1455 8
      vertex 28.9859 42.0545 8
      vertex 29.1912 42.0137 8
    endloop
  endfacet
  facet normal -0 0 1
    outer loop
      vertex 28.7877 45.0782 8
      vertex 28.9859 42.0545 8
      vertex 28.9859 45.1455 8
    endloop
  endfacet
  facet normal 0 0 1
    outer loop
      vertex 28.7877 45.0782 8
      vertex 28.7877 42.1218 8
      vertex 28.9859 42.0545 8
    endloop
  endfacet
  facet normal -0 0 1
    outer loop
      vertex 28.6 44.9856 8
      vertex 28.7877 42.1218 8
      vertex 28.7877 45.0782 8
    endloop
  endfacet
  facet normal 0 0 1
    outer loop
      vertex 28.6 44.9856 8
      vertex 28.6 42.2144 8
      vertex 28.7877 42.1218 8
    endloop
  endfacet
  facet normal -0 0 1
    outer loop
      vertex 28.426 44.8694 8
      vertex 28.6 42.2144 8
      vertex 28.6 44.9856 8
    endloop
  endfacet
  facet normal 0 0 1
    outer loop
      vertex 28.426 44.8694 8
      vertex 28.426 42.3306 8
      vertex 28.6 42.2144 8
    endloop
  endfacet
  facet normal -0 0 1
    outer loop
      vertex 28.2686 44.7314 8
      vertex 28.426 42.3306 8
      vertex 28.426 44.8694 8
    endloop
  endfacet
  facet normal 0 0 1
    outer loop
      vertex 28.2686 44.7314 8
      vertex 28.2686 42.4686 8
      vertex 28.426 42.3306 8
    endloop
  endfacet
  facet normal -0 0 1
    outer loop
      vertex 28.1306 44.574 8
      vertex 28.2686 42.4686 8
      vertex 28.2686 44.7314 8
    endloop
  endfacet
  facet normal 0 0 1
    outer loop
      vertex 28.1306 44.574 8
      vertex 28.1306 42.626 8
      vertex 28.2686 42.4686 8
    endloop
  endfacet
  facet normal -0 0 1
    outer loop
      vertex 28.0144 44.4 8
      vertex 28.1306 42.626 8
      vertex 28.1306 44.574 8
    endloop
  endfacet
  facet normal 0 0 1
    outer loop
      vertex 28.0144 44.4 8
      vertex 28.0144 42.8 8
      vertex 28.1306 42.626 8
    endloop
  endfacet
  facet normal -0 0 1
    outer loop
      vertex 27.9218 44.2123 8
      vertex 28.0144 42.8 8
      vertex 28.0144 44.4 8
    endloop
  endfacet
  facet normal 0 0 1
    outer loop
      vertex 27.9218 44.2123 8
      vertex 27.9218 42.9877 8
      vertex 28.0144 42.8 8
    endloop
  endfacet
  facet normal -0 0 1
    outer loop
      vertex 27.8545 44.0141 8
      vertex 27.9218 42.9877 8
      vertex 27.9218 44.2123 8
    endloop
  endfacet
  facet normal 0 0 1
    outer loop
      vertex 27.8545 44.0141 8
      vertex 27.8545 43.1859 8
      vertex 27.9218 42.9877 8
    endloop
  endfacet
  facet normal -0 0 1
    outer loop
      vertex 27.8137 43.8088 8
      vertex 27.8545 43.1859 8
      vertex 27.8545 44.0141 8
    endloop
  endfacet
  facet normal 0 0 1
    outer loop
      vertex 27.8137 43.8088 8
      vertex 27.8137 43.3912 8
      vertex 27.8545 43.1859 8
    endloop
  endfacet
  facet normal 0 -0 1
    outer loop
      vertex 27.8137 43.3912 8
      vertex 27.8137 43.8088 8
      vertex 27.8 43.6 8
    endloop
  endfacet
  facet normal -0.0980643 0.99518 0
    outer loop
      vertex -29.4 47.6 0
      vertex -30.1804 47.5231 8
      vertex -29.4 47.6 8
    endloop
  endfacet
  facet normal -0.0980643 0.99518 0
    outer loop
      vertex -30.1804 47.5231 8
      vertex -29.4 47.6 0
      vertex -30.1804 47.5231 0
    endloop
  endfacet
  facet normal -0.290283 -0.956941 0
    outer loop
      vertex -30.9307 39.9045 0
      vertex -30.1804 39.6769 8
      vertex -30.9307 39.9045 8
    endloop
  endfacet
  facet normal -0.290283 -0.956941 -0
    outer loop
      vertex -30.1804 39.6769 8
      vertex -30.9307 39.9045 0
      vertex -30.1804 39.6769 0
    endloop
  endfacet
  facet normal -0.881957 0.471329 -1.4023e-18
    outer loop
      vertex -33.0955 45.1307 0
      vertex -32.7259 45.8223 8
      vertex -32.7259 45.8223 0
    endloop
  endfacet
  facet normal -0.881957 0.471329 -1.4023e-18
    outer loop
      vertex -32.7259 45.8223 8
      vertex -33.0955 45.1307 0
      vertex -33.0955 45.1307 8
    endloop
  endfacet
  facet normal 0.881957 -0.471329 9.19615e-19
    outer loop
      vertex -26.0741 41.3777 8
      vertex -25.7045 42.0693 0
      vertex -25.7045 42.0693 8
    endloop
  endfacet
  facet normal 0.881957 -0.471329 9.19615e-19
    outer loop
      vertex -25.7045 42.0693 0
      vertex -26.0741 41.3777 8
      vertex -26.0741 41.3777 0
    endloop
  endfacet
  facet normal -0.881957 -0.471329 1.4023e-18
    outer loop
      vertex -32.7259 41.3777 0
      vertex -33.0955 42.0693 8
      vertex -33.0955 42.0693 0
    endloop
  endfacet
  facet normal -0.881957 -0.471329 1.4023e-18
    outer loop
      vertex -33.0955 42.0693 8
      vertex -32.7259 41.3777 0
      vertex -32.7259 41.3777 8
    endloop
  endfacet
  facet normal 0.634459 0.772956 -0
    outer loop
      vertex -26.5716 46.4284 0
      vertex -27.1777 46.9259 8
      vertex -26.5716 46.4284 8
    endloop
  endfacet
  facet normal 0.634459 0.772956 0
    outer loop
      vertex -27.1777 46.9259 8
      vertex -26.5716 46.4284 0
      vertex -27.1777 46.9259 0
    endloop
  endfacet
  facet normal -0.471329 0.881957 0
    outer loop
      vertex -30.9307 47.2955 0
      vertex -31.6223 46.9259 8
      vertex -30.9307 47.2955 8
    endloop
  endfacet
  facet normal -0.471329 0.881957 0
    outer loop
      vertex -31.6223 46.9259 8
      vertex -30.9307 47.2955 0
      vertex -31.6223 46.9259 0
    endloop
  endfacet
  facet normal 0.772956 0.634459 -2.08358e-18
    outer loop
      vertex -26.0741 45.8223 8
      vertex -26.5716 46.4284 0
      vertex -26.5716 46.4284 8
    endloop
  endfacet
  facet normal 0.772956 0.634459 -2.08358e-18
    outer loop
      vertex -26.5716 46.4284 0
      vertex -26.0741 45.8223 8
      vertex -26.0741 45.8223 0
    endloop
  endfacet
  facet normal -0.471329 -0.881957 0
    outer loop
      vertex -31.6223 40.2741 0
      vertex -30.9307 39.9045 8
      vertex -31.6223 40.2741 8
    endloop
  endfacet
  facet normal -0.471329 -0.881957 -0
    outer loop
      vertex -30.9307 39.9045 8
      vertex -31.6223 40.2741 0
      vertex -30.9307 39.9045 0
    endloop
  endfacet
  facet normal 0.956941 -0.290283 1.09503e-18
    outer loop
      vertex -25.7045 42.0693 8
      vertex -25.4769 42.8196 0
      vertex -25.4769 42.8196 8
    endloop
  endfacet
  facet normal 0.956941 -0.290283 1.09503e-18
    outer loop
      vertex -25.4769 42.8196 0
      vertex -25.7045 42.0693 8
      vertex -25.7045 42.0693 0
    endloop
  endfacet
  facet normal -0.634459 0.772956 0
    outer loop
      vertex -31.6223 46.9259 0
      vertex -32.2284 46.4284 8
      vertex -31.6223 46.9259 8
    endloop
  endfacet
  facet normal -0.634459 0.772956 0
    outer loop
      vertex -32.2284 46.4284 8
      vertex -31.6223 46.9259 0
      vertex -32.2284 46.4284 0
    endloop
  endfacet
  facet normal 0.99518 0.0980643 3.23114e-19
    outer loop
      vertex -25.4 43.6 8
      vertex -25.4769 44.3804 0
      vertex -25.4769 44.3804 8
    endloop
  endfacet
  facet normal 0.99518 0.0980643 3.23114e-19
    outer loop
      vertex -25.4769 44.3804 0
      vertex -25.4 43.6 8
      vertex -25.4 43.6 0
    endloop
  endfacet
  facet normal 0.0980643 0.99518 -0
    outer loop
      vertex -28.6196 47.5231 0
      vertex -29.4 47.6 8
      vertex -28.6196 47.5231 8
    endloop
  endfacet
  facet normal 0.0980643 0.99518 0
    outer loop
      vertex -29.4 47.6 8
      vertex -28.6196 47.5231 0
      vertex -29.4 47.6 0
    endloop
  endfacet
  facet normal 0.471329 0.881957 -0
    outer loop
      vertex -27.1777 46.9259 0
      vertex -27.8693 47.2955 8
      vertex -27.1777 46.9259 8
    endloop
  endfacet
  facet normal 0.471329 0.881957 0
    outer loop
      vertex -27.8693 47.2955 8
      vertex -27.1777 46.9259 0
      vertex -27.8693 47.2955 0
    endloop
  endfacet
  facet normal -0.0980643 -0.99518 0
    outer loop
      vertex -30.1804 39.6769 0
      vertex -29.4 39.6 8
      vertex -30.1804 39.6769 8
    endloop
  endfacet
  facet normal -0.0980643 -0.99518 -0
    outer loop
      vertex -29.4 39.6 8
      vertex -30.1804 39.6769 0
      vertex -29.4 39.6 0
    endloop
  endfacet
  facet normal 0.99518 -0.0980643 -3.23114e-19
    outer loop
      vertex 33.3231 42.8196 8
      vertex 33.4 43.6 0
      vertex 33.4 43.6 8
    endloop
  endfacet
  facet normal 0.99518 -0.0980643 -3.23114e-19
    outer loop
      vertex 33.4 43.6 0
      vertex 33.3231 42.8196 8
      vertex 33.3231 42.8196 0
    endloop
  endfacet
  facet normal -0.290283 0.956941 0
    outer loop
      vertex 28.6196 47.5231 0
      vertex 27.8693 47.2955 8
      vertex 28.6196 47.5231 8
    endloop
  endfacet
  facet normal -0.290283 0.956941 0
    outer loop
      vertex 27.8693 47.2955 8
      vertex 28.6196 47.5231 0
      vertex 27.8693 47.2955 0
    endloop
  endfacet
  facet normal -0.881957 -0.471329 -9.19615e-19
    outer loop
      vertex 26.0741 41.3777 0
      vertex 25.7045 42.0693 8
      vertex 25.7045 42.0693 0
    endloop
  endfacet
  facet normal -0.881957 -0.471329 -9.19615e-19
    outer loop
      vertex 25.7045 42.0693 8
      vertex 26.0741 41.3777 0
      vertex 26.0741 41.3777 8
    endloop
  endfacet
  facet normal -0.471329 -0.881957 0
    outer loop
      vertex 27.1777 40.2741 0
      vertex 27.8693 39.9045 8
      vertex 27.1777 40.2741 8
    endloop
  endfacet
  facet normal -0.471329 -0.881957 -0
    outer loop
      vertex 27.8693 39.9045 8
      vertex 27.1777 40.2741 0
      vertex 27.8693 39.9045 0
    endloop
  endfacet
  facet normal -0.956941 -0.290283 -1.09503e-18
    outer loop
      vertex 25.7045 42.0693 0
      vertex 25.4769 42.8196 8
      vertex 25.4769 42.8196 0
    endloop
  endfacet
  facet normal -0.956941 -0.290283 -1.09503e-18
    outer loop
      vertex 25.4769 42.8196 8
      vertex 25.7045 42.0693 0
      vertex 25.7045 42.0693 8
    endloop
  endfacet
  facet normal -0.772956 -0.634459 3.93383e-18
    outer loop
      vertex 26.5716 40.7716 0
      vertex 26.0741 41.3777 8
      vertex 26.0741 41.3777 0
    endloop
  endfacet
  facet normal -0.772956 -0.634459 3.93383e-18
    outer loop
      vertex 26.0741 41.3777 8
      vertex 26.5716 40.7716 0
      vertex 26.5716 40.7716 8
    endloop
  endfacet
  facet normal 0.290283 -0.956941 0
    outer loop
      vertex 30.1804 39.6769 0
      vertex 30.9307 39.9045 8
      vertex 30.1804 39.6769 8
    endloop
  endfacet
  facet normal 0.290283 -0.956941 0
    outer loop
      vertex 30.9307 39.9045 8
      vertex 30.1804 39.6769 0
      vertex 30.9307 39.9045 0
    endloop
  endfacet
  facet normal -0.290283 -0.956941 0
    outer loop
      vertex 27.8693 39.9045 0
      vertex 28.6196 39.6769 8
      vertex 27.8693 39.9045 8
    endloop
  endfacet
  facet normal -0.290283 -0.956941 -0
    outer loop
      vertex 28.6196 39.6769 8
      vertex 27.8693 39.9045 0
      vertex 28.6196 39.6769 0
    endloop
  endfacet
  facet normal -0.956941 0.290283 -8.0247e-20
    outer loop
      vertex 25.4769 44.3804 0
      vertex 25.7045 45.1307 8
      vertex 25.7045 45.1307 0
    endloop
  endfacet
  facet normal -0.956941 0.290283 -8.0247e-20
    outer loop
      vertex 25.7045 45.1307 8
      vertex 25.4769 44.3804 0
      vertex 25.4769 44.3804 8
    endloop
  endfacet
  facet normal -0.634459 0.772956 0
    outer loop
      vertex 27.1777 46.9259 0
      vertex 26.5716 46.4284 8
      vertex 27.1777 46.9259 8
    endloop
  endfacet
  facet normal -0.634459 0.772956 0
    outer loop
      vertex 26.5716 46.4284 8
      vertex 27.1777 46.9259 0
      vertex 26.5716 46.4284 0
    endloop
  endfacet
  facet normal 0.471329 0.881957 -0
    outer loop
      vertex 31.6223 46.9259 0
      vertex 30.9307 47.2955 8
      vertex 31.6223 46.9259 8
    endloop
  endfacet
  facet normal 0.471329 0.881957 0
    outer loop
      vertex 30.9307 47.2955 8
      vertex 31.6223 46.9259 0
      vertex 30.9307 47.2955 0
    endloop
  endfacet
  facet normal 0.290283 0.956941 -0
    outer loop
      vertex 30.9307 47.2955 0
      vertex 30.1804 47.5231 8
      vertex 30.9307 47.2955 8
    endloop
  endfacet
  facet normal 0.290283 0.956941 0
    outer loop
      vertex 30.1804 47.5231 8
      vertex 30.9307 47.2955 0
      vertex 30.1804 47.5231 0
    endloop
  endfacet
  facet normal -0.99518 -0.0980643 3.23114e-19
    outer loop
      vertex 25.4769 42.8196 0
      vertex 25.4 43.6 8
      vertex 25.4 43.6 0
    endloop
  endfacet
  facet normal -0.99518 -0.0980643 3.23114e-19
    outer loop
      vertex 25.4 43.6 8
      vertex 25.4769 42.8196 0
      vertex 25.4769 42.8196 8
    endloop
  endfacet
  facet normal 0.634459 -0.772956 0
    outer loop
      vertex 31.6223 40.2741 0
      vertex 32.2284 40.7716 8
      vertex 31.6223 40.2741 8
    endloop
  endfacet
  facet normal 0.634459 -0.772956 0
    outer loop
      vertex 32.2284 40.7716 8
      vertex 31.6223 40.2741 0
      vertex 32.2284 40.7716 0
    endloop
  endfacet
  facet normal -0.99518 0.0980643 -3.23114e-19
    outer loop
      vertex 25.4 43.6 0
      vertex 25.4769 44.3804 8
      vertex 25.4769 44.3804 0
    endloop
  endfacet
  facet normal -0.99518 0.0980643 -3.23114e-19
    outer loop
      vertex 25.4769 44.3804 8
      vertex 25.4 43.6 0
      vertex 25.4 43.6 8
    endloop
  endfacet
  facet normal 0.772956 -0.634459 3.06053e-18
    outer loop
      vertex 32.2284 40.7716 8
      vertex 32.7259 41.3777 0
      vertex 32.7259 41.3777 8
    endloop
  endfacet
  facet normal 0.772956 -0.634459 3.06053e-18
    outer loop
      vertex 32.7259 41.3777 0
      vertex 32.2284 40.7716 8
      vertex 32.2284 40.7716 0
    endloop
  endfacet
  facet normal -0.471329 0.881957 0
    outer loop
      vertex 27.8693 47.2955 0
      vertex 27.1777 46.9259 8
      vertex 27.8693 47.2955 8
    endloop
  endfacet
  facet normal -0.471329 0.881957 0
    outer loop
      vertex 27.1777 46.9259 8
      vertex 27.8693 47.2955 0
      vertex 27.1777 46.9259 0
    endloop
  endfacet
  facet normal -0.634459 -0.772956 0
    outer loop
      vertex 26.5716 40.7716 0
      vertex 27.1777 40.2741 8
      vertex 26.5716 40.7716 8
    endloop
  endfacet
  facet normal -0.634459 -0.772956 -0
    outer loop
      vertex 27.1777 40.2741 8
      vertex 26.5716 40.7716 0
      vertex 27.1777 40.2741 0
    endloop
  endfacet
  facet normal -0.0980643 -0.99518 0
    outer loop
      vertex 28.6196 39.6769 0
      vertex 29.4 39.6 8
      vertex 28.6196 39.6769 8
    endloop
  endfacet
  facet normal -0.0980643 -0.99518 -0
    outer loop
      vertex 29.4 39.6 8
      vertex 28.6196 39.6769 0
      vertex 29.4 39.6 0
    endloop
  endfacet
  facet normal -0.881957 0.471329 9.19615e-19
    outer loop
      vertex 25.7045 45.1307 0
      vertex 26.0741 45.8223 8
      vertex 26.0741 45.8223 0
    endloop
  endfacet
  facet normal -0.881957 0.471329 9.19615e-19
    outer loop
      vertex 26.0741 45.8223 8
      vertex 25.7045 45.1307 0
      vertex 25.7045 45.1307 8
    endloop
  endfacet
  facet normal 0.772956 0.634459 -2.28803e-19
    outer loop
      vertex 32.7259 45.8223 8
      vertex 32.2284 46.4284 0
      vertex 32.2284 46.4284 8
    endloop
  endfacet
  facet normal 0.772956 0.634459 -2.28803e-19
    outer loop
      vertex 32.2284 46.4284 0
      vertex 32.7259 45.8223 8
      vertex 32.7259 45.8223 0
    endloop
  endfacet
  facet normal -0.0980643 0.99518 0
    outer loop
      vertex 29.4 47.6 0
      vertex 28.6196 47.5231 8
      vertex 29.4 47.6 8
    endloop
  endfacet
  facet normal -0.0980643 0.99518 0
    outer loop
      vertex 28.6196 47.5231 8
      vertex 29.4 47.6 0
      vertex 28.6196 47.5231 0
    endloop
  endfacet
  facet normal 0.881957 -0.471329 -1.4023e-18
    outer loop
      vertex 32.7259 41.3777 8
      vertex 33.0955 42.0693 0
      vertex 33.0955 42.0693 8
    endloop
  endfacet
  facet normal 0.881957 -0.471329 -1.4023e-18
    outer loop
      vertex 33.0955 42.0693 0
      vertex 32.7259 41.3777 8
      vertex 32.7259 41.3777 0
    endloop
  endfacet
  facet normal 0.956941 0.290283 2.50166e-19
    outer loop
      vertex 33.3231 44.3804 8
      vertex 33.0955 45.1307 0
      vertex 33.0955 45.1307 8
    endloop
  endfacet
  facet normal 0.956941 0.290283 2.50166e-19
    outer loop
      vertex 33.0955 45.1307 0
      vertex 33.3231 44.3804 8
      vertex 33.3231 44.3804 0
    endloop
  endfacet
  facet normal 0.0980643 0.99518 -0
    outer loop
      vertex 30.1804 47.5231 0
      vertex 29.4 47.6 8
      vertex 30.1804 47.5231 8
    endloop
  endfacet
  facet normal 0.0980643 0.99518 0
    outer loop
      vertex 29.4 47.6 8
      vertex 30.1804 47.5231 0
      vertex 29.4 47.6 0
    endloop
  endfacet
  facet normal -0.772956 0.634459 2.08358e-18
    outer loop
      vertex 26.0741 45.8223 0
      vertex 26.5716 46.4284 8
      vertex 26.5716 46.4284 0
    endloop
  endfacet
  facet normal -0.772956 0.634459 2.08358e-18
    outer loop
      vertex 26.5716 46.4284 8
      vertex 26.0741 45.8223 0
      vertex 26.0741 45.8223 8
    endloop
  endfacet
  facet normal 0.471329 -0.881957 0
    outer loop
      vertex 30.9307 39.9045 0
      vertex 31.6223 40.2741 8
      vertex 30.9307 39.9045 8
    endloop
  endfacet
  facet normal 0.471329 -0.881957 0
    outer loop
      vertex 31.6223 40.2741 8
      vertex 30.9307 39.9045 0
      vertex 31.6223 40.2741 0
    endloop
  endfacet
  facet normal 0.956941 -0.290283 9.25106e-19
    outer loop
      vertex 33.0955 42.0693 8
      vertex 33.3231 42.8196 0
      vertex 33.3231 42.8196 8
    endloop
  endfacet
  facet normal 0.956941 -0.290283 9.25106e-19
    outer loop
      vertex 33.3231 42.8196 0
      vertex 33.0955 42.0693 8
      vertex 33.0955 42.0693 0
    endloop
  endfacet
  facet normal 0.881957 0.471329 1.4023e-18
    outer loop
      vertex 33.0955 45.1307 8
      vertex 32.7259 45.8223 0
      vertex 32.7259 45.8223 8
    endloop
  endfacet
  facet normal 0.881957 0.471329 1.4023e-18
    outer loop
      vertex 32.7259 45.8223 0
      vertex 33.0955 45.1307 8
      vertex 33.0955 45.1307 0
    endloop
  endfacet
  facet normal 0.0980643 -0.99518 0
    outer loop
      vertex 29.4 39.6 0
      vertex 30.1804 39.6769 8
      vertex 29.4 39.6 8
    endloop
  endfacet
  facet normal 0.0980643 -0.99518 0
    outer loop
      vertex 30.1804 39.6769 8
      vertex 29.4 39.6 0
      vertex 30.1804 39.6769 0
    endloop
  endfacet
  facet normal 0.99518 0.0980643 3.23114e-19
    outer loop
      vertex 33.4 43.6 8
      vertex 33.3231 44.3804 0
      vertex 33.3231 44.3804 8
    endloop
  endfacet
  facet normal 0.99518 0.0980643 3.23114e-19
    outer loop
      vertex 33.3231 44.3804 0
      vertex 33.4 43.6 8
      vertex 33.4 43.6 0
    endloop
  endfacet
  facet normal 0.634459 0.772956 -0
    outer loop
      vertex 32.2284 46.4284 0
      vertex 31.6223 46.9259 8
      vertex 32.2284 46.4284 8
    endloop
  endfacet
  facet normal 0.634459 0.772956 0
    outer loop
      vertex 31.6223 46.9259 8
      vertex 32.2284 46.4284 0
      vertex 31.6223 46.9259 0
    endloop
  endfacet
  facet normal 0.995175 -0.0981141 -4.43434e-19
    outer loop
      vertex 33.3231 110.62 8
      vertex 33.4 111.4 0
      vertex 33.4 111.4 8
    endloop
  endfacet
  facet normal 0.995175 -0.0981141 -4.43434e-19
    outer loop
      vertex 33.4 111.4 0
      vertex 33.3231 110.62 8
      vertex 33.3231 110.62 0
    endloop
  endfacet
  facet normal -0.289582 0.957153 0
    outer loop
      vertex 28.6196 115.323 0
      vertex 27.8693 115.096 8
      vertex 28.6196 115.323 8
    endloop
  endfacet
  facet normal -0.289582 0.957153 0
    outer loop
      vertex 27.8693 115.096 8
      vertex 28.6196 115.323 0
      vertex 27.8693 115.096 0
    endloop
  endfacet
  facet normal -0.881787 -0.471648 2.9336e-18
    outer loop
      vertex 26.0741 109.178 0
      vertex 25.7045 109.869 8
      vertex 25.7045 109.869 0
    endloop
  endfacet
  facet normal -0.881787 -0.471648 2.9336e-18
    outer loop
      vertex 25.7045 109.869 8
      vertex 26.0741 109.178 0
      vertex 26.0741 109.178 8
    endloop
  endfacet
  facet normal -0.471726 -0.881745 0
    outer loop
      vertex 27.1777 108.074 0
      vertex 27.8693 107.704 8
      vertex 27.1777 108.074 8
    endloop
  endfacet
  facet normal -0.471726 -0.881745 -0
    outer loop
      vertex 27.8693 107.704 8
      vertex 27.1777 108.074 0
      vertex 27.8693 107.704 0
    endloop
  endfacet
  facet normal -0.957016 -0.290036 -1.39039e-18
    outer loop
      vertex 25.7045 109.869 0
      vertex 25.4769 110.62 8
      vertex 25.4769 110.62 0
    endloop
  endfacet
  facet normal -0.957016 -0.290036 -1.39039e-18
    outer loop
      vertex 25.4769 110.62 8
      vertex 25.7045 109.869 0
      vertex 25.7045 109.869 8
    endloop
  endfacet
  facet normal -0.772905 -0.634522 -6.88177e-19
    outer loop
      vertex 26.5716 108.572 0
      vertex 26.0741 109.178 8
      vertex 26.0741 109.178 0
    endloop
  endfacet
  facet normal -0.772905 -0.634522 -6.88177e-19
    outer loop
      vertex 26.0741 109.178 8
      vertex 26.5716 108.572 0
      vertex 26.5716 108.572 8
    endloop
  endfacet
  facet normal 0.289582 -0.957153 0
    outer loop
      vertex 30.1804 107.477 0
      vertex 30.9307 107.704 8
      vertex 30.1804 107.477 8
    endloop
  endfacet
  facet normal 0.289582 -0.957153 0
    outer loop
      vertex 30.9307 107.704 8
      vertex 30.1804 107.477 0
      vertex 30.9307 107.704 0
    endloop
  endfacet
  facet normal -0.289582 -0.957153 0
    outer loop
      vertex 27.8693 107.704 0
      vertex 28.6196 107.477 8
      vertex 27.8693 107.704 8
    endloop
  endfacet
  facet normal -0.289582 -0.957153 -0
    outer loop
      vertex 28.6196 107.477 8
      vertex 27.8693 107.704 0
      vertex 28.6196 107.477 0
    endloop
  endfacet
  facet normal -0.957016 0.290036 -9.58147e-19
    outer loop
      vertex 25.4769 112.18 0
      vertex 25.7045 112.931 8
      vertex 25.7045 112.931 0
    endloop
  endfacet
  facet normal -0.957016 0.290036 -9.58147e-19
    outer loop
      vertex 25.7045 112.931 8
      vertex 25.4769 112.18 0
      vertex 25.4769 112.18 8
    endloop
  endfacet
  facet normal -0.63484 0.772644 0
    outer loop
      vertex 27.1777 114.726 0
      vertex 26.5716 114.228 8
      vertex 27.1777 114.726 8
    endloop
  endfacet
  facet normal -0.63484 0.772644 0
    outer loop
      vertex 26.5716 114.228 8
      vertex 27.1777 114.726 0
      vertex 26.5716 114.228 0
    endloop
  endfacet
  facet normal 0.471726 0.881745 -0
    outer loop
      vertex 31.6223 114.726 0
      vertex 30.9307 115.096 8
      vertex 31.6223 114.726 8
    endloop
  endfacet
  facet normal 0.471726 0.881745 0
    outer loop
      vertex 30.9307 115.096 8
      vertex 31.6223 114.726 0
      vertex 30.9307 115.096 0
    endloop
  endfacet
  facet normal 0.289582 0.957153 -0
    outer loop
      vertex 30.9307 115.096 0
      vertex 30.1804 115.323 8
      vertex 30.9307 115.096 8
    endloop
  endfacet
  facet normal 0.289582 0.957153 0
    outer loop
      vertex 30.1804 115.323 8
      vertex 30.9307 115.096 0
      vertex 30.1804 115.323 0
    endloop
  endfacet
  facet normal -0.995175 -0.0981141 4.43434e-19
    outer loop
      vertex 25.4769 110.62 0
      vertex 25.4 111.4 8
      vertex 25.4 111.4 0
    endloop
  endfacet
  facet normal -0.995175 -0.0981141 4.43434e-19
    outer loop
      vertex 25.4 111.4 8
      vertex 25.4769 110.62 0
      vertex 25.4769 110.62 8
    endloop
  endfacet
  facet normal 0.63484 -0.772644 0
    outer loop
      vertex 31.6223 108.074 0
      vertex 32.2284 108.572 8
      vertex 31.6223 108.074 8
    endloop
  endfacet
  facet normal 0.63484 -0.772644 0
    outer loop
      vertex 32.2284 108.572 8
      vertex 31.6223 108.074 0
      vertex 32.2284 108.572 0
    endloop
  endfacet
  facet normal -0.995175 0.0981141 -4.43434e-19
    outer loop
      vertex 25.4 111.4 0
      vertex 25.4769 112.18 8
      vertex 25.4769 112.18 0
    endloop
  endfacet
  facet normal -0.995175 0.0981141 -4.43434e-19
    outer loop
      vertex 25.4769 112.18 8
      vertex 25.4 111.4 0
      vertex 25.4 111.4 8
    endloop
  endfacet
  facet normal 0.772905 -0.634522 -1.22343e-18
    outer loop
      vertex 32.2284 108.572 8
      vertex 32.7259 109.178 0
      vertex 32.7259 109.178 8
    endloop
  endfacet
  facet normal 0.772905 -0.634522 -1.22343e-18
    outer loop
      vertex 32.7259 109.178 0
      vertex 32.2284 108.572 8
      vertex 32.2284 108.572 0
    endloop
  endfacet
  facet normal -0.471726 0.881745 0
    outer loop
      vertex 27.8693 115.096 0
      vertex 27.1777 114.726 8
      vertex 27.8693 115.096 8
    endloop
  endfacet
  facet normal -0.471726 0.881745 0
    outer loop
      vertex 27.1777 114.726 8
      vertex 27.8693 115.096 0
      vertex 27.1777 114.726 0
    endloop
  endfacet
  facet normal -0.63484 -0.772644 0
    outer loop
      vertex 26.5716 108.572 0
      vertex 27.1777 108.074 8
      vertex 26.5716 108.572 8
    endloop
  endfacet
  facet normal -0.63484 -0.772644 -0
    outer loop
      vertex 27.1777 108.074 8
      vertex 26.5716 108.572 0
      vertex 27.1777 108.074 0
    endloop
  endfacet
  facet normal -0.0981906 -0.995168 0
    outer loop
      vertex 28.6196 107.477 0
      vertex 29.4 107.4 8
      vertex 28.6196 107.477 8
    endloop
  endfacet
  facet normal -0.0981906 -0.995168 -0
    outer loop
      vertex 29.4 107.4 8
      vertex 28.6196 107.477 0
      vertex 29.4 107.4 0
    endloop
  endfacet
  facet normal -0.881787 0.471648 -2.9336e-18
    outer loop
      vertex 25.7045 112.931 0
      vertex 26.0741 113.622 8
      vertex 26.0741 113.622 0
    endloop
  endfacet
  facet normal -0.881787 0.471648 -2.9336e-18
    outer loop
      vertex 26.0741 113.622 8
      vertex 25.7045 112.931 0
      vertex 25.7045 112.931 8
    endloop
  endfacet
  facet normal 0.772905 0.634522 1.22343e-18
    outer loop
      vertex 32.7259 113.622 8
      vertex 32.2284 114.228 0
      vertex 32.2284 114.228 8
    endloop
  endfacet
  facet normal 0.772905 0.634522 1.22343e-18
    outer loop
      vertex 32.2284 114.228 0
      vertex 32.7259 113.622 8
      vertex 32.7259 113.622 0
    endloop
  endfacet
  facet normal -0.0981906 0.995168 0
    outer loop
      vertex 29.4 115.4 0
      vertex 28.6196 115.323 8
      vertex 29.4 115.4 8
    endloop
  endfacet
  facet normal -0.0981906 0.995168 0
    outer loop
      vertex 28.6196 115.323 8
      vertex 29.4 115.4 0
      vertex 28.6196 115.323 0
    endloop
  endfacet
  facet normal 0.881787 -0.471648 3.93768e-18
    outer loop
      vertex 32.7259 109.178 8
      vertex 33.0955 109.869 0
      vertex 33.0955 109.869 8
    endloop
  endfacet
  facet normal 0.881787 -0.471648 3.93768e-18
    outer loop
      vertex 33.0955 109.869 0
      vertex 32.7259 109.178 8
      vertex 32.7259 109.178 0
    endloop
  endfacet
  facet normal 0.957016 0.290036 1.52406e-18
    outer loop
      vertex 33.3231 112.18 8
      vertex 33.0955 112.931 0
      vertex 33.0955 112.931 8
    endloop
  endfacet
  facet normal 0.957016 0.290036 1.52406e-18
    outer loop
      vertex 33.0955 112.931 0
      vertex 33.3231 112.18 8
      vertex 33.3231 112.18 0
    endloop
  endfacet
  facet normal 0.0981906 0.995168 -0
    outer loop
      vertex 30.1804 115.323 0
      vertex 29.4 115.4 8
      vertex 30.1804 115.323 8
    endloop
  endfacet
  facet normal 0.0981906 0.995168 0
    outer loop
      vertex 29.4 115.4 8
      vertex 30.1804 115.323 0
      vertex 29.4 115.4 0
    endloop
  endfacet
  facet normal -0.772905 0.634522 6.88177e-19
    outer loop
      vertex 26.0741 113.622 0
      vertex 26.5716 114.228 8
      vertex 26.5716 114.228 0
    endloop
  endfacet
  facet normal -0.772905 0.634522 6.88177e-19
    outer loop
      vertex 26.5716 114.228 8
      vertex 26.0741 113.622 0
      vertex 26.0741 113.622 8
    endloop
  endfacet
  facet normal 0.471726 -0.881745 0
    outer loop
      vertex 30.9307 107.704 0
      vertex 31.6223 108.074 8
      vertex 30.9307 107.704 8
    endloop
  endfacet
  facet normal 0.471726 -0.881745 0
    outer loop
      vertex 31.6223 108.074 8
      vertex 30.9307 107.704 0
      vertex 31.6223 108.074 0
    endloop
  endfacet
  facet normal 0.957016 -0.290036 8.24478e-19
    outer loop
      vertex 33.0955 109.869 8
      vertex 33.3231 110.62 0
      vertex 33.3231 110.62 8
    endloop
  endfacet
  facet normal 0.957016 -0.290036 8.24478e-19
    outer loop
      vertex 33.3231 110.62 0
      vertex 33.0955 109.869 8
      vertex 33.0955 109.869 0
    endloop
  endfacet
  facet normal 0.881787 0.471648 -3.93768e-18
    outer loop
      vertex 33.0955 112.931 8
      vertex 32.7259 113.622 0
      vertex 32.7259 113.622 8
    endloop
  endfacet
  facet normal 0.881787 0.471648 -3.93768e-18
    outer loop
      vertex 32.7259 113.622 0
      vertex 33.0955 112.931 8
      vertex 33.0955 112.931 0
    endloop
  endfacet
  facet normal 0.0981906 -0.995168 0
    outer loop
      vertex 29.4 107.4 0
      vertex 30.1804 107.477 8
      vertex 29.4 107.4 8
    endloop
  endfacet
  facet normal 0.0981906 -0.995168 0
    outer loop
      vertex 30.1804 107.477 8
      vertex 29.4 107.4 0
      vertex 30.1804 107.477 0
    endloop
  endfacet
  facet normal 0.995175 0.0981141 4.43434e-19
    outer loop
      vertex 33.4 111.4 8
      vertex 33.3231 112.18 0
      vertex 33.3231 112.18 8
    endloop
  endfacet
  facet normal 0.995175 0.0981141 4.43434e-19
    outer loop
      vertex 33.3231 112.18 0
      vertex 33.4 111.4 8
      vertex 33.4 111.4 0
    endloop
  endfacet
  facet normal 0.63484 0.772644 -0
    outer loop
      vertex 32.2284 114.228 0
      vertex 31.6223 114.726 8
      vertex 32.2284 114.228 8
    endloop
  endfacet
  facet normal 0.63484 0.772644 0
    outer loop
      vertex 31.6223 114.726 8
      vertex 32.2284 114.228 0
      vertex 31.6223 114.726 0
    endloop
  endfacet
  facet normal 0.99518 -0.0980643 -3.23114e-19
    outer loop
      vertex -25.4769 87.2196 8
      vertex -25.4 88 0
      vertex -25.4 88 8
    endloop
  endfacet
  facet normal 0.99518 -0.0980643 -3.23114e-19
    outer loop
      vertex -25.4 88 0
      vertex -25.4769 87.2196 8
      vertex -25.4769 87.2196 0
    endloop
  endfacet
  facet normal -0.956941 -0.290283 2.50166e-19
    outer loop
      vertex -33.0955 86.4693 0
      vertex -33.3231 87.2196 8
      vertex -33.3231 87.2196 0
    endloop
  endfacet
  facet normal -0.956941 -0.290283 2.50166e-19
    outer loop
      vertex -33.3231 87.2196 8
      vertex -33.0955 86.4693 0
      vertex -33.0955 86.4693 8
    endloop
  endfacet
  facet normal 0.290283 0.956941 -0
    outer loop
      vertex -27.8693 91.6955 0
      vertex -28.6196 91.9231 8
      vertex -27.8693 91.6955 8
    endloop
  endfacet
  facet normal 0.290283 0.956941 0
    outer loop
      vertex -28.6196 91.9231 8
      vertex -27.8693 91.6955 0
      vertex -28.6196 91.9231 0
    endloop
  endfacet
  facet normal -0.634459 -0.772956 0
    outer loop
      vertex -32.2284 85.1716 0
      vertex -31.6223 84.6741 8
      vertex -32.2284 85.1716 8
    endloop
  endfacet
  facet normal -0.634459 -0.772956 -0
    outer loop
      vertex -31.6223 84.6741 8
      vertex -32.2284 85.1716 0
      vertex -31.6223 84.6741 0
    endloop
  endfacet
  facet normal -0.471329 -0.881957 0
    outer loop
      vertex -31.6223 84.6741 0
      vertex -30.9307 84.3045 8
      vertex -31.6223 84.6741 8
    endloop
  endfacet
  facet normal -0.471329 -0.881957 -0
    outer loop
      vertex -30.9307 84.3045 8
      vertex -31.6223 84.6741 0
      vertex -30.9307 84.3045 0
    endloop
  endfacet
  facet normal 0.0980643 -0.99518 0
    outer loop
      vertex -29.4 84 0
      vertex -28.6196 84.0769 8
      vertex -29.4 84 8
    endloop
  endfacet
  facet normal 0.0980643 -0.99518 0
    outer loop
      vertex -28.6196 84.0769 8
      vertex -29.4 84 0
      vertex -28.6196 84.0769 0
    endloop
  endfacet
  facet normal -0.99518 -0.0980643 3.23114e-19
    outer loop
      vertex -33.3231 87.2196 0
      vertex -33.4 88 8
      vertex -33.4 88 0
    endloop
  endfacet
  facet normal -0.99518 -0.0980643 3.23114e-19
    outer loop
      vertex -33.4 88 8
      vertex -33.3231 87.2196 0
      vertex -33.3231 87.2196 8
    endloop
  endfacet
  facet normal -0.881957 -0.471329 -1.3302e-18
    outer loop
      vertex -32.7259 85.7777 0
      vertex -33.0955 86.4693 8
      vertex -33.0955 86.4693 0
    endloop
  endfacet
  facet normal -0.881957 -0.471329 -1.3302e-18
    outer loop
      vertex -33.0955 86.4693 8
      vertex -32.7259 85.7777 0
      vertex -32.7259 85.7777 8
    endloop
  endfacet
  facet normal 0.634459 -0.772956 0
    outer loop
      vertex -27.1777 84.6741 0
      vertex -26.5716 85.1716 8
      vertex -27.1777 84.6741 8
    endloop
  endfacet
  facet normal 0.634459 -0.772956 0
    outer loop
      vertex -26.5716 85.1716 8
      vertex -27.1777 84.6741 0
      vertex -26.5716 85.1716 0
    endloop
  endfacet
  facet normal -0.99518 0.0980643 -3.23114e-19
    outer loop
      vertex -33.4 88 0
      vertex -33.3231 88.7804 8
      vertex -33.3231 88.7804 0
    endloop
  endfacet
  facet normal -0.99518 0.0980643 -3.23114e-19
    outer loop
      vertex -33.3231 88.7804 8
      vertex -33.4 88 0
      vertex -33.4 88 8
    endloop
  endfacet
  facet normal 0.881957 0.471329 -3.65211e-18
    outer loop
      vertex -25.7045 89.5307 8
      vertex -26.0741 90.2223 0
      vertex -26.0741 90.2223 8
    endloop
  endfacet
  facet normal 0.881957 0.471329 -3.65211e-18
    outer loop
      vertex -26.0741 90.2223 0
      vertex -25.7045 89.5307 8
      vertex -25.7045 89.5307 0
    endloop
  endfacet
  facet normal -0.881957 0.471329 1.3302e-18
    outer loop
      vertex -33.0955 89.5307 0
      vertex -32.7259 90.2223 8
      vertex -32.7259 90.2223 0
    endloop
  endfacet
  facet normal -0.881957 0.471329 1.3302e-18
    outer loop
      vertex -32.7259 90.2223 8
      vertex -33.0955 89.5307 0
      vertex -33.0955 89.5307 8
    endloop
  endfacet
  facet normal -0.0980643 0.99518 0
    outer loop
      vertex -29.4 92 0
      vertex -30.1804 91.9231 8
      vertex -29.4 92 8
    endloop
  endfacet
  facet normal -0.0980643 0.99518 0
    outer loop
      vertex -30.1804 91.9231 8
      vertex -29.4 92 0
      vertex -30.1804 91.9231 0
    endloop
  endfacet
  facet normal -0.290283 -0.956941 0
    outer loop
      vertex -30.9307 84.3045 0
      vertex -30.1804 84.0769 8
      vertex -30.9307 84.3045 8
    endloop
  endfacet
  facet normal -0.290283 -0.956941 -0
    outer loop
      vertex -30.1804 84.0769 8
      vertex -30.9307 84.3045 0
      vertex -30.1804 84.0769 0
    endloop
  endfacet
  facet normal -0.772956 -0.634459 -3.06053e-18
    outer loop
      vertex -32.2284 85.1716 0
      vertex -32.7259 85.7777 8
      vertex -32.7259 85.7777 0
    endloop
  endfacet
  facet normal -0.772956 -0.634459 -3.06053e-18
    outer loop
      vertex -32.7259 85.7777 8
      vertex -32.2284 85.1716 0
      vertex -32.2284 85.1716 8
    endloop
  endfacet
  facet normal 0.290283 -0.956941 0
    outer loop
      vertex -28.6196 84.0769 0
      vertex -27.8693 84.3045 8
      vertex -28.6196 84.0769 8
    endloop
  endfacet
  facet normal 0.290283 -0.956941 0
    outer loop
      vertex -27.8693 84.3045 8
      vertex -28.6196 84.0769 0
      vertex -27.8693 84.3045 0
    endloop
  endfacet
  facet normal 0.471329 -0.881957 0
    outer loop
      vertex -27.8693 84.3045 0
      vertex -27.1777 84.6741 8
      vertex -27.8693 84.3045 8
    endloop
  endfacet
  facet normal 0.471329 -0.881957 0
    outer loop
      vertex -27.1777 84.6741 8
      vertex -27.8693 84.3045 0
      vertex -27.1777 84.6741 0
    endloop
  endfacet
  facet normal 0.634459 0.772956 -0
    outer loop
      vertex -26.5716 90.8284 0
      vertex -27.1777 91.3259 8
      vertex -26.5716 90.8284 8
    endloop
  endfacet
  facet normal 0.634459 0.772956 0
    outer loop
      vertex -27.1777 91.3259 8
      vertex -26.5716 90.8284 0
      vertex -27.1777 91.3259 0
    endloop
  endfacet
  facet normal 0.772956 -0.634459 -3.93383e-18
    outer loop
      vertex -26.5716 85.1716 8
      vertex -26.0741 85.7777 0
      vertex -26.0741 85.7777 8
    endloop
  endfacet
  facet normal 0.772956 -0.634459 -3.93383e-18
    outer loop
      vertex -26.0741 85.7777 0
      vertex -26.5716 85.1716 8
      vertex -26.5716 85.1716 0
    endloop
  endfacet
  facet normal 0.772956 0.634459 3.93383e-18
    outer loop
      vertex -26.0741 90.2223 8
      vertex -26.5716 90.8284 0
      vertex -26.5716 90.8284 8
    endloop
  endfacet
  facet normal 0.772956 0.634459 3.93383e-18
    outer loop
      vertex -26.5716 90.8284 0
      vertex -26.0741 90.2223 8
      vertex -26.0741 90.2223 0
    endloop
  endfacet
  facet normal 0.99518 0.0980643 3.23114e-19
    outer loop
      vertex -25.4 88 8
      vertex -25.4769 88.7804 0
      vertex -25.4769 88.7804 8
    endloop
  endfacet
  facet normal 0.99518 0.0980643 3.23114e-19
    outer loop
      vertex -25.4769 88.7804 0
      vertex -25.4 88 8
      vertex -25.4 88 0
    endloop
  endfacet
  facet normal -0.0980643 -0.99518 0
    outer loop
      vertex -30.1804 84.0769 0
      vertex -29.4 84 8
      vertex -30.1804 84.0769 8
    endloop
  endfacet
  facet normal -0.0980643 -0.99518 -0
    outer loop
      vertex -29.4 84 8
      vertex -30.1804 84.0769 0
      vertex -29.4 84 0
    endloop
  endfacet
  facet normal 0.881957 -0.471329 3.65211e-18
    outer loop
      vertex -26.0741 85.7777 8
      vertex -25.7045 86.4693 0
      vertex -25.7045 86.4693 8
    endloop
  endfacet
  facet normal 0.881957 -0.471329 3.65211e-18
    outer loop
      vertex -25.7045 86.4693 0
      vertex -26.0741 85.7777 8
      vertex -26.0741 85.7777 0
    endloop
  endfacet
  facet normal -0.471329 0.881957 0
    outer loop
      vertex -30.9307 91.6955 0
      vertex -31.6223 91.3259 8
      vertex -30.9307 91.6955 8
    endloop
  endfacet
  facet normal -0.471329 0.881957 0
    outer loop
      vertex -31.6223 91.3259 8
      vertex -30.9307 91.6955 0
      vertex -31.6223 91.3259 0
    endloop
  endfacet
  facet normal 0.956941 -0.290283 -8.0247e-20
    outer loop
      vertex -25.7045 86.4693 8
      vertex -25.4769 87.2196 0
      vertex -25.4769 87.2196 8
    endloop
  endfacet
  facet normal 0.956941 -0.290283 -8.0247e-20
    outer loop
      vertex -25.4769 87.2196 0
      vertex -25.7045 86.4693 8
      vertex -25.7045 86.4693 0
    endloop
  endfacet
  facet normal -0.772956 0.634459 3.06053e-18
    outer loop
      vertex -32.7259 90.2223 0
      vertex -32.2284 90.8284 8
      vertex -32.2284 90.8284 0
    endloop
  endfacet
  facet normal -0.772956 0.634459 3.06053e-18
    outer loop
      vertex -32.2284 90.8284 8
      vertex -32.7259 90.2223 0
      vertex -32.7259 90.2223 8
    endloop
  endfacet
  facet normal -0.956941 0.290283 -2.50166e-19
    outer loop
      vertex -33.3231 88.7804 0
      vertex -33.0955 89.5307 8
      vertex -33.0955 89.5307 0
    endloop
  endfacet
  facet normal -0.956941 0.290283 -2.50166e-19
    outer loop
      vertex -33.0955 89.5307 8
      vertex -33.3231 88.7804 0
      vertex -33.3231 88.7804 8
    endloop
  endfacet
  facet normal 0.956941 0.290283 8.0247e-20
    outer loop
      vertex -25.4769 88.7804 8
      vertex -25.7045 89.5307 0
      vertex -25.7045 89.5307 8
    endloop
  endfacet
  facet normal 0.956941 0.290283 8.0247e-20
    outer loop
      vertex -25.7045 89.5307 0
      vertex -25.4769 88.7804 8
      vertex -25.4769 88.7804 0
    endloop
  endfacet
  facet normal -0.290283 0.956941 0
    outer loop
      vertex -30.1804 91.9231 0
      vertex -30.9307 91.6955 8
      vertex -30.1804 91.9231 8
    endloop
  endfacet
  facet normal -0.290283 0.956941 0
    outer loop
      vertex -30.9307 91.6955 8
      vertex -30.1804 91.9231 0
      vertex -30.9307 91.6955 0
    endloop
  endfacet
  facet normal 0.471329 0.881957 -0
    outer loop
      vertex -27.1777 91.3259 0
      vertex -27.8693 91.6955 8
      vertex -27.1777 91.3259 8
    endloop
  endfacet
  facet normal 0.471329 0.881957 0
    outer loop
      vertex -27.8693 91.6955 8
      vertex -27.1777 91.3259 0
      vertex -27.8693 91.6955 0
    endloop
  endfacet
  facet normal -0.634459 0.772956 0
    outer loop
      vertex -31.6223 91.3259 0
      vertex -32.2284 90.8284 8
      vertex -31.6223 91.3259 8
    endloop
  endfacet
  facet normal -0.634459 0.772956 0
    outer loop
      vertex -32.2284 90.8284 8
      vertex -31.6223 91.3259 0
      vertex -32.2284 90.8284 0
    endloop
  endfacet
  facet normal 0.0980643 0.99518 -0
    outer loop
      vertex -28.6196 91.9231 0
      vertex -29.4 92 8
      vertex -28.6196 91.9231 8
    endloop
  endfacet
  facet normal 0.0980643 0.99518 0
    outer loop
      vertex -29.4 92 8
      vertex -28.6196 91.9231 0
      vertex -29.4 92 0
    endloop
  endfacet
  facet normal 1 -0 0
    outer loop
      vertex 70 0 0
      vertex 70 260 -6
      vertex 70 260 0
    endloop
  endfacet
  facet normal 1 0 0
    outer loop
      vertex 70 260 -6
      vertex 70 0 0
      vertex 70 0 -6
    endloop
  endfacet
  facet normal -1 0 0
    outer loop
      vertex -70 118 -6
      vertex -70 260 0
      vertex -70 260 -6
    endloop
  endfacet
  facet normal -1 -0 0
    outer loop
      vertex -70 260 0
      vertex -70 118 -6
      vertex -70 118 0
    endloop
  endfacet
  facet normal -1 0 0
    outer loop
      vertex -70 0 -6
      vertex -70 96 0
      vertex -70 96 -6
    endloop
  endfacet
  facet normal -1 -0 0
    outer loop
      vertex -70 96 0
      vertex -70 0 -6
      vertex -70 0 0
    endloop
  endfacet
  facet normal 0 1 -0
    outer loop
      vertex 70 260 -6
      vertex -70 260 0
      vertex 70 260 0
    endloop
  endfacet
  facet normal 0 1 0
    outer loop
      vertex -70 260 0
      vertex 70 260 -6
      vertex -70 260 -6
    endloop
  endfacet
  facet normal 0 -1 0
    outer loop
      vertex -70 0 -6
      vertex -15 0 0
      vertex -70 0 0
    endloop
  endfacet
  facet normal 0 -1 -0
    outer loop
      vertex -15 0 0
      vertex -70 0 -6
      vertex 15 0 0
    endloop
  endfacet
  facet normal 0 -1 0
    outer loop
      vertex 70 0 -6
      vertex 15 0 0
      vertex -70 0 -6
    endloop
  endfacet
  facet normal 0 -1 0
    outer loop
      vertex 15 0 0
      vertex 70 0 -6
      vertex 70 0 0
    endloop
  endfacet
  facet normal 0 -1 0
    outer loop
      vertex -15 0 0
      vertex 15 0 11
      vertex -15 0 11
    endloop
  endfacet
  facet normal 0 -1 -0
    outer loop
      vertex 15 0 11
      vertex -15 0 0
      vertex 15 0 0
    endloop
  endfacet
  facet normal 0.0654128 4.78276e-20 -0.997858
    outer loop
      vertex -33.3263 10 -4.52139
      vertex -33 18 -4.5
      vertex -33 10 -4.5
    endloop
  endfacet
  facet normal 0.0654128 4.78276e-20 -0.997858
    outer loop
      vertex -33 18 -4.5
      vertex -33.3263 10 -4.52139
      vertex -33.3263 18 -4.52139
    endloop
  endfacet
  facet normal -0.659279 -5.13032e-20 -0.751898
    outer loop
      vertex -31.4781 10 -5.01662
      vertex -31.2322 18 -5.23223
      vertex -31.2322 10 -5.23223
    endloop
  endfacet
  facet normal -0.659279 -5.13032e-20 -0.751898
    outer loop
      vertex -31.2322 18 -5.23223
      vertex -31.4781 10 -5.01662
      vertex -31.4781 18 -5.01662
    endloop
  endfacet
  facet normal 0.195116 -5.99477e-19 -0.98078
    outer loop
      vertex -33.647 10 -4.58519
      vertex -33.3263 18 -4.52139
      vertex -33.3263 10 -4.52139
    endloop
  endfacet
  facet normal 0.195116 -5.99477e-19 -0.98078
    outer loop
      vertex -33.3263 18 -4.52139
      vertex -33.647 10 -4.58519
      vertex -33.647 18 -4.58519
    endloop
  endfacet
  facet normal -0.321387 -8.00863e-19 -0.946948
    outer loop
      vertex -32.353 10 -4.58519
      vertex -32.0433 18 -4.6903
      vertex -32.0433 10 -4.6903
    endloop
  endfacet
  facet normal -0.321387 -8.00863e-19 -0.946948
    outer loop
      vertex -32.0433 18 -4.6903
      vertex -32.353 10 -4.58519
      vertex -32.353 18 -4.58519
    endloop
  endfacet
  facet normal -0.0654128 -4.78276e-20 -0.997858
    outer loop
      vertex -33 10 -4.5
      vertex -32.6737 18 -4.52139
      vertex -32.6737 10 -4.52139
    endloop
  endfacet
  facet normal -0.0654128 -4.78276e-20 -0.997858
    outer loop
      vertex -32.6737 18 -4.52139
      vertex -33 10 -4.5
      vertex -33 18 -4.5
    endloop
  endfacet
  facet normal 0.896996 0 -0.442039
    outer loop
      vertex -35.1651 10 -5.75
      vertex -35.2883 18 -6
      vertex -35.1651 18 -5.75
    endloop
  endfacet
  facet normal 0.896996 0 -0.442039
    outer loop
      vertex -35.2883 18 -6
      vertex -35.1651 10 -5.75
      vertex -35.2883 10 -6
    endloop
  endfacet
  facet normal -0.896853 0 -0.442328
    outer loop
      vertex -30.7116 10 -6
      vertex -30.8349 18 -5.75
      vertex -30.7116 18 -6
    endloop
  endfacet
  facet normal -0.896853 -0 -0.442328
    outer loop
      vertex -30.8349 18 -5.75
      vertex -30.7116 10 -6
      vertex -30.8349 10 -5.75
    endloop
  endfacet
  facet normal -0.44229 5.63854e-20 -0.896872
    outer loop
      vertex -32.0433 10 -4.6903
      vertex -31.75 18 -4.83494
      vertex -31.75 10 -4.83494
    endloop
  endfacet
  facet normal -0.44229 5.63854e-20 -0.896872
    outer loop
      vertex -31.75 18 -4.83494
      vertex -32.0433 10 -4.6903
      vertex -32.0433 18 -4.6903
    endloop
  endfacet
  facet normal 0.659279 -9.89195e-19 -0.751898
    outer loop
      vertex -34.7678 10 -5.23223
      vertex -34.5219 18 -5.01662
      vertex -34.5219 10 -5.01662
    endloop
  endfacet
  facet normal 0.659279 -9.89195e-19 -0.751898
    outer loop
      vertex -34.5219 18 -5.01662
      vertex -34.7678 10 -5.23223
      vertex -34.7678 18 -5.23223
    endloop
  endfacet
  facet normal -0.751873 0 -0.659307
    outer loop
      vertex -31.0166 10 -5.4781
      vertex -31.2322 18 -5.23223
      vertex -31.0166 18 -5.4781
    endloop
  endfacet
  facet normal -0.751873 -0 -0.659307
    outer loop
      vertex -31.2322 18 -5.23223
      vertex -31.0166 10 -5.4781
      vertex -31.2322 10 -5.23223
    endloop
  endfacet
  facet normal -0.555575 3.8456e-19 -0.831466
    outer loop
      vertex -31.75 10 -4.83494
      vertex -31.4781 18 -5.01662
      vertex -31.4781 10 -5.01662
    endloop
  endfacet
  facet normal -0.555575 3.8456e-19 -0.831466
    outer loop
      vertex -31.4781 18 -5.01662
      vertex -31.75 10 -4.83494
      vertex -31.75 18 -4.83494
    endloop
  endfacet
  facet normal 0.44229 -5.63854e-20 -0.896872
    outer loop
      vertex -34.25 10 -4.83494
      vertex -33.9567 18 -4.6903
      vertex -33.9567 10 -4.6903
    endloop
  endfacet
  facet normal 0.44229 -5.63854e-20 -0.896872
    outer loop
      vertex -33.9567 18 -4.6903
      vertex -34.25 10 -4.83494
      vertex -34.25 18 -4.83494
    endloop
  endfacet
  facet normal 0.555575 -3.31088e-19 -0.831466
    outer loop
      vertex -34.5219 10 -5.01662
      vertex -34.25 18 -4.83494
      vertex -34.25 10 -4.83494
    endloop
  endfacet
  facet normal 0.555575 -3.31088e-19 -0.831466
    outer loop
      vertex -34.25 18 -4.83494
      vertex -34.5219 10 -5.01662
      vertex -34.5219 18 -5.01662
    endloop
  endfacet
  facet normal 0.751873 0 -0.659307
    outer loop
      vertex -34.7678 10 -5.23223
      vertex -34.9834 18 -5.4781
      vertex -34.7678 18 -5.23223
    endloop
  endfacet
  facet normal 0.751873 0 -0.659307
    outer loop
      vertex -34.9834 18 -5.4781
      vertex -34.7678 10 -5.23223
      vertex -34.9834 10 -5.4781
    endloop
  endfacet
  facet normal 0.831438 0 -0.555617
    outer loop
      vertex -34.9834 10 -5.4781
      vertex -35.1651 18 -5.75
      vertex -34.9834 18 -5.4781
    endloop
  endfacet
  facet normal 0.831438 0 -0.555617
    outer loop
      vertex -35.1651 18 -5.75
      vertex -34.9834 10 -5.4781
      vertex -35.1651 10 -5.75
    endloop
  endfacet
  facet normal -0.831438 0 -0.555617
    outer loop
      vertex -30.8349 10 -5.75
      vertex -31.0166 18 -5.4781
      vertex -30.8349 18 -5.75
    endloop
  endfacet
  facet normal -0.831438 -0 -0.555617
    outer loop
      vertex -31.0166 18 -5.4781
      vertex -30.8349 10 -5.75
      vertex -31.0166 10 -5.4781
    endloop
  endfacet
  facet normal 0.321387 8.00863e-19 -0.946948
    outer loop
      vertex -33.9567 10 -4.6903
      vertex -33.647 18 -4.58519
      vertex -33.647 10 -4.58519
    endloop
  endfacet
  facet normal 0.321387 8.00863e-19 -0.946948
    outer loop
      vertex -33.647 18 -4.58519
      vertex -33.9567 10 -4.6903
      vertex -33.9567 18 -4.6903
    endloop
  endfacet
  facet normal -0.195116 5.99477e-19 -0.98078
    outer loop
      vertex -32.6737 10 -4.52139
      vertex -32.353 18 -4.58519
      vertex -32.353 10 -4.58519
    endloop
  endfacet
  facet normal -0.195116 5.99477e-19 -0.98078
    outer loop
      vertex -32.353 18 -4.58519
      vertex -32.6737 10 -4.52139
      vertex -32.6737 18 -4.52139
    endloop
  endfacet
  facet normal 0 1 0
    outer loop
      vertex -32.6737 10 -4.52139
      vertex -33.3263 10 -4.52139
      vertex -33 10 -4.5
    endloop
  endfacet
  facet normal 0 1 0
    outer loop
      vertex -32.353 10 -4.58519
      vertex -33.3263 10 -4.52139
      vertex -32.6737 10 -4.52139
    endloop
  endfacet
  facet normal 0 1 0
    outer loop
      vertex -32.353 10 -4.58519
      vertex -33.647 10 -4.58519
      vertex -33.3263 10 -4.52139
    endloop
  endfacet
  facet normal 0 1 0
    outer loop
      vertex -32.0433 10 -4.6903
      vertex -33.647 10 -4.58519
      vertex -32.353 10 -4.58519
    endloop
  endfacet
  facet normal 0 1 0
    outer loop
      vertex -32.0433 10 -4.6903
      vertex -33.9567 10 -4.6903
      vertex -33.647 10 -4.58519
    endloop
  endfacet
  facet normal 0 1 0
    outer loop
      vertex -31.75 10 -4.83494
      vertex -33.9567 10 -4.6903
      vertex -32.0433 10 -4.6903
    endloop
  endfacet
  facet normal 0 1 0
    outer loop
      vertex -31.75 10 -4.83494
      vertex -34.25 10 -4.83494
      vertex -33.9567 10 -4.6903
    endloop
  endfacet
  facet normal 0 1 0
    outer loop
      vertex -31.4781 10 -5.01662
      vertex -34.25 10 -4.83494
      vertex -31.75 10 -4.83494
    endloop
  endfacet
  facet normal 0 1 0
    outer loop
      vertex -31.4781 10 -5.01662
      vertex -34.5219 10 -5.01662
      vertex -34.25 10 -4.83494
    endloop
  endfacet
  facet normal 0 1 0
    outer loop
      vertex -31.2322 10 -5.23223
      vertex -34.5219 10 -5.01662
      vertex -31.4781 10 -5.01662
    endloop
  endfacet
  facet normal 0 1 0
    outer loop
      vertex -31.2322 10 -5.23223
      vertex -34.7678 10 -5.23223
      vertex -34.5219 10 -5.01662
    endloop
  endfacet
  facet normal 0 1 0
    outer loop
      vertex -31.0166 10 -5.4781
      vertex -34.7678 10 -5.23223
      vertex -31.2322 10 -5.23223
    endloop
  endfacet
  facet normal 0 1 0
    outer loop
      vertex -31.0166 10 -5.4781
      vertex -34.9834 10 -5.4781
      vertex -34.7678 10 -5.23223
    endloop
  endfacet
  facet normal 0 1 0
    outer loop
      vertex -30.8349 10 -5.75
      vertex -34.9834 10 -5.4781
      vertex -31.0166 10 -5.4781
    endloop
  endfacet
  facet normal 0 1 0
    outer loop
      vertex -30.8349 10 -5.75
      vertex -35.1651 10 -5.75
      vertex -34.9834 10 -5.4781
    endloop
  endfacet
  facet normal 0 1 0
    outer loop
      vertex -30.7116 10 -6
      vertex -35.1651 10 -5.75
      vertex -30.8349 10 -5.75
    endloop
  endfacet
  facet normal 0 1 0
    outer loop
      vertex -35.1651 10 -5.75
      vertex -30.7116 10 -6
      vertex -35.2883 10 -6
    endloop
  endfacet
  facet normal 0 -1 0
    outer loop
      vertex -33.3263 18 -4.52139
      vertex -32.6737 18 -4.52139
      vertex -33 18 -4.5
    endloop
  endfacet
  facet normal 0 -1 0
    outer loop
      vertex -33.647 18 -4.58519
      vertex -32.6737 18 -4.52139
      vertex -33.3263 18 -4.52139
    endloop
  endfacet
  facet normal 0 -1 0
    outer loop
      vertex -33.647 18 -4.58519
      vertex -32.353 18 -4.58519
      vertex -32.6737 18 -4.52139
    endloop
  endfacet
  facet normal 0 -1 0
    outer loop
      vertex -33.9567 18 -4.6903
      vertex -32.353 18 -4.58519
      vertex -33.647 18 -4.58519
    endloop
  endfacet
  facet normal 0 -1 0
    outer loop
      vertex -33.9567 18 -4.6903
      vertex -32.0433 18 -4.6903
      vertex -32.353 18 -4.58519
    endloop
  endfacet
  facet normal 0 -1 0
    outer loop
      vertex -34.25 18 -4.83494
      vertex -32.0433 18 -4.6903
      vertex -33.9567 18 -4.6903
    endloop
  endfacet
  facet normal 0 -1 0
    outer loop
      vertex -34.25 18 -4.83494
      vertex -31.75 18 -4.83494
      vertex -32.0433 18 -4.6903
    endloop
  endfacet
  facet normal 0 -1 0
    outer loop
      vertex -34.5219 18 -5.01662
      vertex -31.75 18 -4.83494
      vertex -34.25 18 -4.83494
    endloop
  endfacet
  facet normal 0 -1 0
    outer loop
      vertex -34.5219 18 -5.01662
      vertex -31.4781 18 -5.01662
      vertex -31.75 18 -4.83494
    endloop
  endfacet
  facet normal 0 -1 0
    outer loop
      vertex -34.7678 18 -5.23223
      vertex -31.4781 18 -5.01662
      vertex -34.5219 18 -5.01662
    endloop
  endfacet
  facet normal 0 -1 0
    outer loop
      vertex -34.7678 18 -5.23223
      vertex -31.2322 18 -5.23223
      vertex -31.4781 18 -5.01662
    endloop
  endfacet
  facet normal 0 -1 0
    outer loop
      vertex -34.9834 18 -5.4781
      vertex -31.2322 18 -5.23223
      vertex -34.7678 18 -5.23223
    endloop
  endfacet
  facet normal 0 -1 0
    outer loop
      vertex -34.9834 18 -5.4781
      vertex -31.0166 18 -5.4781
      vertex -31.2322 18 -5.23223
    endloop
  endfacet
  facet normal 0 -1 0
    outer loop
      vertex -35.1651 18 -5.75
      vertex -31.0166 18 -5.4781
      vertex -34.9834 18 -5.4781
    endloop
  endfacet
  facet normal 0 -1 0
    outer loop
      vertex -35.1651 18 -5.75
      vertex -30.8349 18 -5.75
      vertex -31.0166 18 -5.4781
    endloop
  endfacet
  facet normal 0 -1 0
    outer loop
      vertex -35.2883 18 -6
      vertex -30.8349 18 -5.75
      vertex -35.1651 18 -5.75
    endloop
  endfacet
  facet normal 0 -1 -0
    outer loop
      vertex -30.8349 18 -5.75
      vertex -35.2883 18 -6
      vertex -30.7116 18 -6
    endloop
  endfacet
  facet normal -0.659279 9.89195e-19 -0.751898
    outer loop
      vertex 34.5219 10 -5.01662
      vertex 34.7678 18 -5.23223
      vertex 34.7678 10 -5.23223
    endloop
  endfacet
  facet normal -0.659279 9.89195e-19 -0.751898
    outer loop
      vertex 34.7678 18 -5.23223
      vertex 34.5219 10 -5.01662
      vertex 34.5219 18 -5.01662
    endloop
  endfacet
  facet normal -0.831438 0 -0.555617
    outer loop
      vertex 35.1651 10 -5.75
      vertex 34.9834 18 -5.4781
      vertex 35.1651 18 -5.75
    endloop
  endfacet
  facet normal -0.831438 -0 -0.555617
    outer loop
      vertex 34.9834 18 -5.4781
      vertex 35.1651 10 -5.75
      vertex 34.9834 10 -5.4781
    endloop
  endfacet
  facet normal 0.44229 -5.63854e-20 -0.896872
    outer loop
      vertex 31.75 10 -4.83494
      vertex 32.0433 18 -4.6903
      vertex 32.0433 10 -4.6903
    endloop
  endfacet
  facet normal 0.44229 -5.63854e-20 -0.896872
    outer loop
      vertex 32.0433 18 -4.6903
      vertex 31.75 10 -4.83494
      vertex 31.75 18 -4.83494
    endloop
  endfacet
  facet normal 0.321387 8.00863e-19 -0.946948
    outer loop
      vertex 32.0433 10 -4.6903
      vertex 32.353 18 -4.58519
      vertex 32.353 10 -4.58519
    endloop
  endfacet
  facet normal 0.321387 8.00863e-19 -0.946948
    outer loop
      vertex 32.353 18 -4.58519
      vertex 32.0433 10 -4.6903
      vertex 32.0433 18 -4.6903
    endloop
  endfacet
  facet normal 0.751873 0 -0.659307
    outer loop
      vertex 31.2322 10 -5.23223
      vertex 31.0166 18 -5.4781
      vertex 31.2322 18 -5.23223
    endloop
  endfacet
  facet normal 0.751873 0 -0.659307
    outer loop
      vertex 31.0166 18 -5.4781
      vertex 31.2322 10 -5.23223
      vertex 31.0166 10 -5.4781
    endloop
  endfacet
  facet normal -0.896996 0 -0.442039
    outer loop
      vertex 35.2883 10 -6
      vertex 35.1651 18 -5.75
      vertex 35.2883 18 -6
    endloop
  endfacet
  facet normal -0.896996 -0 -0.442039
    outer loop
      vertex 35.1651 18 -5.75
      vertex 35.2883 10 -6
      vertex 35.1651 10 -5.75
    endloop
  endfacet
  facet normal -0.0654128 -4.78276e-20 -0.997858
    outer loop
      vertex 33 10 -4.5
      vertex 33.3263 18 -4.52139
      vertex 33.3263 10 -4.52139
    endloop
  endfacet
  facet normal -0.0654128 -4.78276e-20 -0.997858
    outer loop
      vertex 33.3263 18 -4.52139
      vertex 33 10 -4.5
      vertex 33 18 -4.5
    endloop
  endfacet
  facet normal -0.321387 -8.00863e-19 -0.946948
    outer loop
      vertex 33.647 10 -4.58519
      vertex 33.9567 18 -4.6903
      vertex 33.9567 10 -4.6903
    endloop
  endfacet
  facet normal -0.321387 -8.00863e-19 -0.946948
    outer loop
      vertex 33.9567 18 -4.6903
      vertex 33.647 10 -4.58519
      vertex 33.647 18 -4.58519
    endloop
  endfacet
  facet normal 0.659279 5.13032e-20 -0.751898
    outer loop
      vertex 31.2322 10 -5.23223
      vertex 31.4781 18 -5.01662
      vertex 31.4781 10 -5.01662
    endloop
  endfacet
  facet normal 0.659279 5.13032e-20 -0.751898
    outer loop
      vertex 31.4781 18 -5.01662
      vertex 31.2322 10 -5.23223
      vertex 31.2322 18 -5.23223
    endloop
  endfacet
  facet normal -0.555575 3.31088e-19 -0.831466
    outer loop
      vertex 34.25 10 -4.83494
      vertex 34.5219 18 -5.01662
      vertex 34.5219 10 -5.01662
    endloop
  endfacet
  facet normal -0.555575 3.31088e-19 -0.831466
    outer loop
      vertex 34.5219 18 -5.01662
      vertex 34.25 10 -4.83494
      vertex 34.25 18 -4.83494
    endloop
  endfacet
  facet normal 0.0654128 4.78276e-20 -0.997858
    outer loop
      vertex 32.6737 10 -4.52139
      vertex 33 18 -4.5
      vertex 33 10 -4.5
    endloop
  endfacet
  facet normal 0.0654128 4.78276e-20 -0.997858
    outer loop
      vertex 33 18 -4.5
      vertex 32.6737 10 -4.52139
      vertex 32.6737 18 -4.52139
    endloop
  endfacet
  facet normal 0.896853 0 -0.442328
    outer loop
      vertex 30.8349 10 -5.75
      vertex 30.7116 18 -6
      vertex 30.8349 18 -5.75
    endloop
  endfacet
  facet normal 0.896853 0 -0.442328
    outer loop
      vertex 30.7116 18 -6
      vertex 30.8349 10 -5.75
      vertex 30.7116 10 -6
    endloop
  endfacet
  facet normal -0.44229 5.63854e-20 -0.896872
    outer loop
      vertex 33.9567 10 -4.6903
      vertex 34.25 18 -4.83494
      vertex 34.25 10 -4.83494
    endloop
  endfacet
  facet normal -0.44229 5.63854e-20 -0.896872
    outer loop
      vertex 34.25 18 -4.83494
      vertex 33.9567 10 -4.6903
      vertex 33.9567 18 -4.6903
    endloop
  endfacet
  facet normal 0.555575 -3.8456e-19 -0.831466
    outer loop
      vertex 31.4781 10 -5.01662
      vertex 31.75 18 -4.83494
      vertex 31.75 10 -4.83494
    endloop
  endfacet
  facet normal 0.555575 -3.8456e-19 -0.831466
    outer loop
      vertex 31.75 18 -4.83494
      vertex 31.4781 10 -5.01662
      vertex 31.4781 18 -5.01662
    endloop
  endfacet
  facet normal -0.751873 0 -0.659307
    outer loop
      vertex 34.9834 10 -5.4781
      vertex 34.7678 18 -5.23223
      vertex 34.9834 18 -5.4781
    endloop
  endfacet
  facet normal -0.751873 -0 -0.659307
    outer loop
      vertex 34.7678 18 -5.23223
      vertex 34.9834 10 -5.4781
      vertex 34.7678 10 -5.23223
    endloop
  endfacet
  facet normal -0.195116 5.99477e-19 -0.98078
    outer loop
      vertex 33.3263 10 -4.52139
      vertex 33.647 18 -4.58519
      vertex 33.647 10 -4.58519
    endloop
  endfacet
  facet normal -0.195116 5.99477e-19 -0.98078
    outer loop
      vertex 33.647 18 -4.58519
      vertex 33.3263 10 -4.52139
      vertex 33.3263 18 -4.52139
    endloop
  endfacet
  facet normal 0 -1 0
    outer loop
      vertex 32.6737 18 -4.52139
      vertex 33.3263 18 -4.52139
      vertex 33 18 -4.5
    endloop
  endfacet
  facet normal 0 -1 0
    outer loop
      vertex 32.353 18 -4.58519
      vertex 33.3263 18 -4.52139
      vertex 32.6737 18 -4.52139
    endloop
  endfacet
  facet normal 0 -1 0
    outer loop
      vertex 32.353 18 -4.58519
      vertex 33.647 18 -4.58519
      vertex 33.3263 18 -4.52139
    endloop
  endfacet
  facet normal 0 -1 0
    outer loop
      vertex 32.0433 18 -4.6903
      vertex 33.647 18 -4.58519
      vertex 32.353 18 -4.58519
    endloop
  endfacet
  facet normal 0 -1 0
    outer loop
      vertex 32.0433 18 -4.6903
      vertex 33.9567 18 -4.6903
      vertex 33.647 18 -4.58519
    endloop
  endfacet
  facet normal 0 -1 0
    outer loop
      vertex 31.75 18 -4.83494
      vertex 33.9567 18 -4.6903
      vertex 32.0433 18 -4.6903
    endloop
  endfacet
  facet normal 0 -1 0
    outer loop
      vertex 31.75 18 -4.83494
      vertex 34.25 18 -4.83494
      vertex 33.9567 18 -4.6903
    endloop
  endfacet
  facet normal 0 -1 0
    outer loop
      vertex 31.4781 18 -5.01662
      vertex 34.25 18 -4.83494
      vertex 31.75 18 -4.83494
    endloop
  endfacet
  facet normal 0 -1 0
    outer loop
      vertex 31.4781 18 -5.01662
      vertex 34.5219 18 -5.01662
      vertex 34.25 18 -4.83494
    endloop
  endfacet
  facet normal 0 -1 0
    outer loop
      vertex 31.2322 18 -5.23223
      vertex 34.5219 18 -5.01662
      vertex 31.4781 18 -5.01662
    endloop
  endfacet
  facet normal 0 -1 0
    outer loop
      vertex 31.2322 18 -5.23223
      vertex 34.7678 18 -5.23223
      vertex 34.5219 18 -5.01662
    endloop
  endfacet
  facet normal 0 -1 0
    outer loop
      vertex 31.0166 18 -5.4781
      vertex 34.7678 18 -5.23223
      vertex 31.2322 18 -5.23223
    endloop
  endfacet
  facet normal 0 -1 0
    outer loop
      vertex 31.0166 18 -5.4781
      vertex 34.9834 18 -5.4781
      vertex 34.7678 18 -5.23223
    endloop
  endfacet
  facet normal 0 -1 0
    outer loop
      vertex 30.8349 18 -5.75
      vertex 34.9834 18 -5.4781
      vertex 31.0166 18 -5.4781
    endloop
  endfacet
  facet normal 0 -1 0
    outer loop
      vertex 30.8349 18 -5.75
      vertex 35.1651 18 -5.75
      vertex 34.9834 18 -5.4781
    endloop
  endfacet
  facet normal 0 -1 0
    outer loop
      vertex 30.7116 18 -6
      vertex 35.1651 18 -5.75
      vertex 30.8349 18 -5.75
    endloop
  endfacet
  facet normal 0 -1 -0
    outer loop
      vertex 35.1651 18 -5.75
      vertex 30.7116 18 -6
      vertex 35.2883 18 -6
    endloop
  endfacet
  facet normal 0.195116 -5.99477e-19 -0.98078
    outer loop
      vertex 32.353 10 -4.58519
      vertex 32.6737 18 -4.52139
      vertex 32.6737 10 -4.52139
    endloop
  endfacet
  facet normal 0.195116 -5.99477e-19 -0.98078
    outer loop
      vertex 32.6737 18 -4.52139
      vertex 32.353 10 -4.58519
      vertex 32.353 18 -4.58519
    endloop
  endfacet
  facet normal 0 1 0
    outer loop
      vertex 33.3263 10 -4.52139
      vertex 32.6737 10 -4.52139
      vertex 33 10 -4.5
    endloop
  endfacet
  facet normal 0 1 0
    outer loop
      vertex 33.647 10 -4.58519
      vertex 32.6737 10 -4.52139
      vertex 33.3263 10 -4.52139
    endloop
  endfacet
  facet normal 0 1 0
    outer loop
      vertex 33.647 10 -4.58519
      vertex 32.353 10 -4.58519
      vertex 32.6737 10 -4.52139
    endloop
  endfacet
  facet normal 0 1 0
    outer loop
      vertex 33.9567 10 -4.6903
      vertex 32.353 10 -4.58519
      vertex 33.647 10 -4.58519
    endloop
  endfacet
  facet normal 0 1 0
    outer loop
      vertex 33.9567 10 -4.6903
      vertex 32.0433 10 -4.6903
      vertex 32.353 10 -4.58519
    endloop
  endfacet
  facet normal 0 1 0
    outer loop
      vertex 34.25 10 -4.83494
      vertex 32.0433 10 -4.6903
      vertex 33.9567 10 -4.6903
    endloop
  endfacet
  facet normal 0 1 0
    outer loop
      vertex 34.25 10 -4.83494
      vertex 31.75 10 -4.83494
      vertex 32.0433 10 -4.6903
    endloop
  endfacet
  facet normal 0 1 0
    outer loop
      vertex 34.5219 10 -5.01662
      vertex 31.75 10 -4.83494
      vertex 34.25 10 -4.83494
    endloop
  endfacet
  facet normal 0 1 0
    outer loop
      vertex 34.5219 10 -5.01662
      vertex 31.4781 10 -5.01662
      vertex 31.75 10 -4.83494
    endloop
  endfacet
  facet normal 0 1 0
    outer loop
      vertex 34.7678 10 -5.23223
      vertex 31.4781 10 -5.01662
      vertex 34.5219 10 -5.01662
    endloop
  endfacet
  facet normal 0 1 0
    outer loop
      vertex 34.7678 10 -5.23223
      vertex 31.2322 10 -5.23223
      vertex 31.4781 10 -5.01662
    endloop
  endfacet
  facet normal 0 1 0
    outer loop
      vertex 34.9834 10 -5.4781
      vertex 31.2322 10 -5.23223
      vertex 34.7678 10 -5.23223
    endloop
  endfacet
  facet normal 0 1 0
    outer loop
      vertex 34.9834 10 -5.4781
      vertex 31.0166 10 -5.4781
      vertex 31.2322 10 -5.23223
    endloop
  endfacet
  facet normal 0 1 0
    outer loop
      vertex 35.1651 10 -5.75
      vertex 31.0166 10 -5.4781
      vertex 34.9834 10 -5.4781
    endloop
  endfacet
  facet normal 0 1 0
    outer loop
      vertex 35.1651 10 -5.75
      vertex 30.8349 10 -5.75
      vertex 31.0166 10 -5.4781
    endloop
  endfacet
  facet normal 0 1 0
    outer loop
      vertex 35.2883 10 -6
      vertex 30.8349 10 -5.75
      vertex 35.1651 10 -5.75
    endloop
  endfacet
  facet normal 0 1 0
    outer loop
      vertex 30.8349 10 -5.75
      vertex 35.2883 10 -6
      vertex 30.7116 10 -6
    endloop
  endfacet
  facet normal 0.831438 0 -0.555617
    outer loop
      vertex 31.0166 10 -5.4781
      vertex 30.8349 18 -5.75
      vertex 31.0166 18 -5.4781
    endloop
  endfacet
  facet normal 0.831438 0 -0.555617
    outer loop
      vertex 30.8349 18 -5.75
      vertex 31.0166 10 -5.4781
      vertex 30.8349 10 -5.75
    endloop
  endfacet
  facet normal -0.195175 -6.00119e-20 -0.980768
    outer loop
      vertex -29.2368 27.6 -5.76069
      vertex -29.0765 43.6 -5.79259
      vertex -29.0765 27.6 -5.79259
    endloop
  endfacet
  facet normal -0.195175 -6.00119e-20 -0.980768
    outer loop
      vertex -29.0765 43.6 -5.79259
      vertex -29.2368 27.6 -5.76069
      vertex -29.2368 43.6 -5.76069
    endloop
  endfacet
  facet normal -0.442411 -1.22883e-19 -0.896812
    outer loop
      vertex -28.9216 27.6 -5.84515
      vertex -28.775 43.6 -5.91747
      vertex -28.775 27.6 -5.91747
    endloop
  endfacet
  facet normal -0.442411 -1.22883e-19 -0.896812
    outer loop
      vertex -28.775 43.6 -5.91747
      vertex -28.9216 27.6 -5.84515
      vertex -28.9216 43.6 -5.84515
    endloop
  endfacet
  facet normal 0.321322 -2.15141e-19 -0.94697
    outer loop
      vertex -29.8784 27.6 -5.84515
      vertex -29.7235 43.6 -5.79259
      vertex -29.7235 27.6 -5.79259
    endloop
  endfacet
  facet normal 0.321322 -2.15141e-19 -0.94697
    outer loop
      vertex -29.7235 43.6 -5.79259
      vertex -29.8784 27.6 -5.84515
      vertex -29.8784 43.6 -5.84515
    endloop
  endfacet
  facet normal 0.0653624 -3.50503e-20 -0.997862
    outer loop
      vertex -29.5632 27.6 -5.76069
      vertex -29.4 43.6 -5.75
      vertex -29.4 27.6 -5.75
    endloop
  endfacet
  facet normal 0.0653624 -3.50503e-20 -0.997862
    outer loop
      vertex -29.4 43.6 -5.75
      vertex -29.5632 27.6 -5.76069
      vertex -29.5632 43.6 -5.76069
    endloop
  endfacet
  facet normal -0.321322 2.15141e-19 -0.94697
    outer loop
      vertex -29.0765 27.6 -5.79259
      vertex -28.9216 43.6 -5.84515
      vertex -28.9216 27.6 -5.84515
    endloop
  endfacet
  facet normal -0.321322 2.15141e-19 -0.94697
    outer loop
      vertex -28.9216 43.6 -5.84515
      vertex -29.0765 27.6 -5.79259
      vertex -29.0765 43.6 -5.79259
    endloop
  endfacet
  facet normal 0.555616 -1.46234e-19 -0.831439
    outer loop
      vertex -30.1485 27.6 -6
      vertex -30.025 43.6 -5.91747
      vertex -30.025 27.6 -5.91747
    endloop
  endfacet
  facet normal 0.555616 -1.46234e-19 -0.831439
    outer loop
      vertex -30.025 43.6 -5.91747
      vertex -30.1485 27.6 -6
      vertex -30.1485 43.6 -6
    endloop
  endfacet
  facet normal -0.0653624 3.50503e-20 -0.997862
    outer loop
      vertex -29.4 27.6 -5.75
      vertex -29.2368 43.6 -5.76069
      vertex -29.2368 27.6 -5.76069
    endloop
  endfacet
  facet normal -0.0653624 3.50503e-20 -0.997862
    outer loop
      vertex -29.2368 43.6 -5.76069
      vertex -29.4 27.6 -5.75
      vertex -29.4 43.6 -5.75
    endloop
  endfacet
  facet normal 0.442411 4.90231e-20 -0.896812
    outer loop
      vertex -30.025 27.6 -5.91747
      vertex -29.8784 43.6 -5.84515
      vertex -29.8784 27.6 -5.84515
    endloop
  endfacet
  facet normal 0.442411 4.90231e-20 -0.896812
    outer loop
      vertex -29.8784 43.6 -5.84515
      vertex -30.025 27.6 -5.91747
      vertex -30.025 43.6 -5.91747
    endloop
  endfacet
  facet normal 0.195175 -5.19617e-20 -0.980768
    outer loop
      vertex -29.7235 27.6 -5.79259
      vertex -29.5632 43.6 -5.76069
      vertex -29.5632 27.6 -5.76069
    endloop
  endfacet
  facet normal 0.195175 -5.19617e-20 -0.980768
    outer loop
      vertex -29.5632 43.6 -5.76069
      vertex -29.7235 27.6 -5.79259
      vertex -29.7235 43.6 -5.79259
    endloop
  endfacet
  facet normal -0.555616 1.46234e-19 -0.831439
    outer loop
      vertex -28.775 27.6 -5.91747
      vertex -28.6515 43.6 -6
      vertex -28.6515 27.6 -6
    endloop
  endfacet
  facet normal -0.555616 1.46234e-19 -0.831439
    outer loop
      vertex -28.6515 43.6 -6
      vertex -28.775 27.6 -5.91747
      vertex -28.775 43.6 -5.91747
    endloop
  endfacet
  facet normal 0 1 0
    outer loop
      vertex -29.2368 27.6 -5.76069
      vertex -29.5632 27.6 -5.76069
      vertex -29.4 27.6 -5.75
    endloop
  endfacet
  facet normal 0 1 0
    outer loop
      vertex -29.0765 27.6 -5.79259
      vertex -29.5632 27.6 -5.76069
      vertex -29.2368 27.6 -5.76069
    endloop
  endfacet
  facet normal 0 1 0
    outer loop
      vertex -29.0765 27.6 -5.79259
      vertex -29.7235 27.6 -5.79259
      vertex -29.5632 27.6 -5.76069
    endloop
  endfacet
  facet normal 0 1 0
    outer loop
      vertex -28.9216 27.6 -5.84515
      vertex -29.7235 27.6 -5.79259
      vertex -29.0765 27.6 -5.79259
    endloop
  endfacet
  facet normal 0 1 0
    outer loop
      vertex -28.9216 27.6 -5.84515
      vertex -29.8784 27.6 -5.84515
      vertex -29.7235 27.6 -5.79259
    endloop
  endfacet
  facet normal 0 1 0
    outer loop
      vertex -28.775 27.6 -5.91747
      vertex -29.8784 27.6 -5.84515
      vertex -28.9216 27.6 -5.84515
    endloop
  endfacet
  facet normal 0 1 0
    outer loop
      vertex -28.775 27.6 -5.91747
      vertex -30.025 27.6 -5.91747
      vertex -29.8784 27.6 -5.84515
    endloop
  endfacet
  facet normal 0 1 0
    outer loop
      vertex -28.6515 27.6 -6
      vertex -30.025 27.6 -5.91747
      vertex -28.775 27.6 -5.91747
    endloop
  endfacet
  facet normal 0 1 0
    outer loop
      vertex -30.025 27.6 -5.91747
      vertex -28.6515 27.6 -6
      vertex -30.1485 27.6 -6
    endloop
  endfacet
  facet normal 0 -1 0
    outer loop
      vertex -29.5632 43.6 -5.76069
      vertex -29.2368 43.6 -5.76069
      vertex -29.4 43.6 -5.75
    endloop
  endfacet
  facet normal 0 -1 0
    outer loop
      vertex -29.7235 43.6 -5.79259
      vertex -29.2368 43.6 -5.76069
      vertex -29.5632 43.6 -5.76069
    endloop
  endfacet
  facet normal 0 -1 0
    outer loop
      vertex -29.7235 43.6 -5.79259
      vertex -29.0765 43.6 -5.79259
      vertex -29.2368 43.6 -5.76069
    endloop
  endfacet
  facet normal 0 -1 0
    outer loop
      vertex -29.8784 43.6 -5.84515
      vertex -29.0765 43.6 -5.79259
      vertex -29.7235 43.6 -5.79259
    endloop
  endfacet
  facet normal 0 -1 0
    outer loop
      vertex -29.8784 43.6 -5.84515
      vertex -28.9216 43.6 -5.84515
      vertex -29.0765 43.6 -5.79259
    endloop
  endfacet
  facet normal 0 -1 0
    outer loop
      vertex -30.025 43.6 -5.91747
      vertex -28.9216 43.6 -5.84515
      vertex -29.8784 43.6 -5.84515
    endloop
  endfacet
  facet normal 0 -1 0
    outer loop
      vertex -30.025 43.6 -5.91747
      vertex -28.775 43.6 -5.91747
      vertex -28.9216 43.6 -5.84515
    endloop
  endfacet
  facet normal 0 -1 0
    outer loop
      vertex -30.1485 43.6 -6
      vertex -28.775 43.6 -5.91747
      vertex -30.025 43.6 -5.91747
    endloop
  endfacet
  facet normal 0 -1 -0
    outer loop
      vertex -28.775 43.6 -5.91747
      vertex -30.1485 43.6 -6
      vertex -28.6515 43.6 -6
    endloop
  endfacet
  facet normal -0.195175 5.19617e-20 -0.980768
    outer loop
      vertex 29.5632 27.6 -5.76069
      vertex 29.7235 43.6 -5.79259
      vertex 29.7235 27.6 -5.79259
    endloop
  endfacet
  facet normal -0.195175 5.19617e-20 -0.980768
    outer loop
      vertex 29.7235 43.6 -5.79259
      vertex 29.5632 27.6 -5.76069
      vertex 29.5632 43.6 -5.76069
    endloop
  endfacet
  facet normal -0.442411 -4.90231e-20 -0.896812
    outer loop
      vertex 29.8784 27.6 -5.84515
      vertex 30.025 43.6 -5.91747
      vertex 30.025 27.6 -5.91747
    endloop
  endfacet
  facet normal -0.442411 -4.90231e-20 -0.896812
    outer loop
      vertex 30.025 43.6 -5.91747
      vertex 29.8784 27.6 -5.84515
      vertex 29.8784 43.6 -5.84515
    endloop
  endfacet
  facet normal 0.321322 -2.15141e-19 -0.94697
    outer loop
      vertex 28.9216 27.6 -5.84515
      vertex 29.0765 43.6 -5.79259
      vertex 29.0765 27.6 -5.79259
    endloop
  endfacet
  facet normal 0.321322 -2.15141e-19 -0.94697
    outer loop
      vertex 29.0765 43.6 -5.79259
      vertex 28.9216 27.6 -5.84515
      vertex 28.9216 43.6 -5.84515
    endloop
  endfacet
  facet normal 0.0653624 -3.50503e-20 -0.997862
    outer loop
      vertex 29.2368 27.6 -5.76069
      vertex 29.4 43.6 -5.75
      vertex 29.4 27.6 -5.75
    endloop
  endfacet
  facet normal 0.0653624 -3.50503e-20 -0.997862
    outer loop
      vertex 29.4 43.6 -5.75
      vertex 29.2368 27.6 -5.76069
      vertex 29.2368 43.6 -5.76069
    endloop
  endfacet
  facet normal -0.321322 2.15141e-19 -0.94697
    outer loop
      vertex 29.7235 27.6 -5.79259
      vertex 29.8784 43.6 -5.84515
      vertex 29.8784 27.6 -5.84515
    endloop
  endfacet
  facet normal -0.321322 2.15141e-19 -0.94697
    outer loop
      vertex 29.8784 43.6 -5.84515
      vertex 29.7235 27.6 -5.79259
      vertex 29.7235 43.6 -5.79259
    endloop
  endfacet
  facet normal 0.555616 -1.46234e-19 -0.831439
    outer loop
      vertex 28.6515 27.6 -6
      vertex 28.775 43.6 -5.91747
      vertex 28.775 27.6 -5.91747
    endloop
  endfacet
  facet normal 0.555616 -1.46234e-19 -0.831439
    outer loop
      vertex 28.775 43.6 -5.91747
      vertex 28.6515 27.6 -6
      vertex 28.6515 43.6 -6
    endloop
  endfacet
  facet normal -0.0653624 3.50503e-20 -0.997862
    outer loop
      vertex 29.4 27.6 -5.75
      vertex 29.5632 43.6 -5.76069
      vertex 29.5632 27.6 -5.76069
    endloop
  endfacet
  facet normal -0.0653624 3.50503e-20 -0.997862
    outer loop
      vertex 29.5632 43.6 -5.76069
      vertex 29.4 27.6 -5.75
      vertex 29.4 43.6 -5.75
    endloop
  endfacet
  facet normal 0.442411 1.22883e-19 -0.896812
    outer loop
      vertex 28.775 27.6 -5.91747
      vertex 28.9216 43.6 -5.84515
      vertex 28.9216 27.6 -5.84515
    endloop
  endfacet
  facet normal 0.442411 1.22883e-19 -0.896812
    outer loop
      vertex 28.9216 43.6 -5.84515
      vertex 28.775 27.6 -5.91747
      vertex 28.775 43.6 -5.91747
    endloop
  endfacet
  facet normal 0.195175 6.00119e-20 -0.980768
    outer loop
      vertex 29.0765 27.6 -5.79259
      vertex 29.2368 43.6 -5.76069
      vertex 29.2368 27.6 -5.76069
    endloop
  endfacet
  facet normal 0.195175 6.00119e-20 -0.980768
    outer loop
      vertex 29.2368 43.6 -5.76069
      vertex 29.0765 27.6 -5.79259
      vertex 29.0765 43.6 -5.79259
    endloop
  endfacet
  facet normal -0.555616 1.46234e-19 -0.831439
    outer loop
      vertex 30.025 27.6 -5.91747
      vertex 30.1485 43.6 -6
      vertex 30.1485 27.6 -6
    endloop
  endfacet
  facet normal -0.555616 1.46234e-19 -0.831439
    outer loop
      vertex 30.1485 43.6 -6
      vertex 30.025 27.6 -5.91747
      vertex 30.025 43.6 -5.91747
    endloop
  endfacet
  facet normal 0 1 0
    outer loop
      vertex 29.5632 27.6 -5.76069
      vertex 29.2368 27.6 -5.76069
      vertex 29.4 27.6 -5.75
    endloop
  endfacet
  facet normal 0 1 0
    outer loop
      vertex 29.7235 27.6 -5.79259
      vertex 29.2368 27.6 -5.76069
      vertex 29.5632 27.6 -5.76069
    endloop
  endfacet
  facet normal 0 1 0
    outer loop
      vertex 29.7235 27.6 -5.79259
      vertex 29.0765 27.6 -5.79259
      vertex 29.2368 27.6 -5.76069
    endloop
  endfacet
  facet normal 0 1 0
    outer loop
      vertex 29.8784 27.6 -5.84515
      vertex 29.0765 27.6 -5.79259
      vertex 29.7235 27.6 -5.79259
    endloop
  endfacet
  facet normal 0 1 0
    outer loop
      vertex 29.8784 27.6 -5.84515
      vertex 28.9216 27.6 -5.84515
      vertex 29.0765 27.6 -5.79259
    endloop
  endfacet
  facet normal 0 1 0
    outer loop
      vertex 30.025 27.6 -5.91747
      vertex 28.9216 27.6 -5.84515
      vertex 29.8784 27.6 -5.84515
    endloop
  endfacet
  facet normal 0 1 0
    outer loop
      vertex 30.025 27.6 -5.91747
      vertex 28.775 27.6 -5.91747
      vertex 28.9216 27.6 -5.84515
    endloop
  endfacet
  facet normal 0 1 0
    outer loop
      vertex 30.1485 27.6 -6
      vertex 28.775 27.6 -5.91747
      vertex 30.025 27.6 -5.91747
    endloop
  endfacet
  facet normal 0 1 0
    outer loop
      vertex 28.775 27.6 -5.91747
      vertex 30.1485 27.6 -6
      vertex 28.6515 27.6 -6
    endloop
  endfacet
  facet normal 0 -1 0
    outer loop
      vertex 29.2368 43.6 -5.76069
      vertex 29.5632 43.6 -5.76069
      vertex 29.4 43.6 -5.75
    endloop
  endfacet
  facet normal 0 -1 0
    outer loop
      vertex 29.0765 43.6 -5.79259
      vertex 29.5632 43.6 -5.76069
      vertex 29.2368 43.6 -5.76069
    endloop
  endfacet
  facet normal 0 -1 0
    outer loop
      vertex 29.0765 43.6 -5.79259
      vertex 29.7235 43.6 -5.79259
      vertex 29.5632 43.6 -5.76069
    endloop
  endfacet
  facet normal 0 -1 0
    outer loop
      vertex 28.9216 43.6 -5.84515
      vertex 29.7235 43.6 -5.79259
      vertex 29.0765 43.6 -5.79259
    endloop
  endfacet
  facet normal 0 -1 0
    outer loop
      vertex 28.9216 43.6 -5.84515
      vertex 29.8784 43.6 -5.84515
      vertex 29.7235 43.6 -5.79259
    endloop
  endfacet
  facet normal 0 -1 0
    outer loop
      vertex 28.775 43.6 -5.91747
      vertex 29.8784 43.6 -5.84515
      vertex 28.9216 43.6 -5.84515
    endloop
  endfacet
  facet normal 0 -1 0
    outer loop
      vertex 28.775 43.6 -5.91747
      vertex 30.025 43.6 -5.91747
      vertex 29.8784 43.6 -5.84515
    endloop
  endfacet
  facet normal 0 -1 0
    outer loop
      vertex 28.6515 43.6 -6
      vertex 30.025 43.6 -5.91747
      vertex 28.775 43.6 -5.91747
    endloop
  endfacet
  facet normal 0 -1 -0
    outer loop
      vertex 30.025 43.6 -5.91747
      vertex 28.6515 43.6 -6
      vertex 30.1485 43.6 -6
    endloop
  endfacet
  facet normal -0.195175 5.19617e-20 -0.980768
    outer loop
      vertex 29.5632 95.4 -5.76069
      vertex 29.7235 111.4 -5.79259
      vertex 29.7235 95.4 -5.79259
    endloop
  endfacet
  facet normal -0.195175 5.19617e-20 -0.980768
    outer loop
      vertex 29.7235 111.4 -5.79259
      vertex 29.5632 95.4 -5.76069
      vertex 29.5632 111.4 -5.76069
    endloop
  endfacet
  facet normal -0.442411 -4.90231e-20 -0.896812
    outer loop
      vertex 29.8784 95.4 -5.84515
      vertex 30.025 111.4 -5.91747
      vertex 30.025 95.4 -5.91747
    endloop
  endfacet
  facet normal -0.442411 -4.90231e-20 -0.896812
    outer loop
      vertex 30.025 111.4 -5.91747
      vertex 29.8784 95.4 -5.84515
      vertex 29.8784 111.4 -5.84515
    endloop
  endfacet
  facet normal 0.321322 -2.15141e-19 -0.94697
    outer loop
      vertex 28.9216 95.4 -5.84515
      vertex 29.0765 111.4 -5.79259
      vertex 29.0765 95.4 -5.79259
    endloop
  endfacet
  facet normal 0.321322 -2.15141e-19 -0.94697
    outer loop
      vertex 29.0765 111.4 -5.79259
      vertex 28.9216 95.4 -5.84515
      vertex 28.9216 111.4 -5.84515
    endloop
  endfacet
  facet normal 0.0653624 -3.50503e-20 -0.997862
    outer loop
      vertex 29.2368 95.4 -5.76069
      vertex 29.4 111.4 -5.75
      vertex 29.4 95.4 -5.75
    endloop
  endfacet
  facet normal 0.0653624 -3.50503e-20 -0.997862
    outer loop
      vertex 29.4 111.4 -5.75
      vertex 29.2368 95.4 -5.76069
      vertex 29.2368 111.4 -5.76069
    endloop
  endfacet
  facet normal -0.321322 2.15141e-19 -0.94697
    outer loop
      vertex 29.7235 95.4 -5.79259
      vertex 29.8784 111.4 -5.84515
      vertex 29.8784 95.4 -5.84515
    endloop
  endfacet
  facet normal -0.321322 2.15141e-19 -0.94697
    outer loop
      vertex 29.8784 111.4 -5.84515
      vertex 29.7235 95.4 -5.79259
      vertex 29.7235 111.4 -5.79259
    endloop
  endfacet
  facet normal 0.555616 -1.46234e-19 -0.831439
    outer loop
      vertex 28.6515 95.4 -6
      vertex 28.775 111.4 -5.91747
      vertex 28.775 95.4 -5.91747
    endloop
  endfacet
  facet normal 0.555616 -1.46234e-19 -0.831439
    outer loop
      vertex 28.775 111.4 -5.91747
      vertex 28.6515 95.4 -6
      vertex 28.6515 111.4 -6
    endloop
  endfacet
  facet normal -0.0653624 3.50503e-20 -0.997862
    outer loop
      vertex 29.4 95.4 -5.75
      vertex 29.5632 111.4 -5.76069
      vertex 29.5632 95.4 -5.76069
    endloop
  endfacet
  facet normal -0.0653624 3.50503e-20 -0.997862
    outer loop
      vertex 29.5632 111.4 -5.76069
      vertex 29.4 95.4 -5.75
      vertex 29.4 111.4 -5.75
    endloop
  endfacet
  facet normal 0.442411 1.22883e-19 -0.896812
    outer loop
      vertex 28.775 95.4 -5.91747
      vertex 28.9216 111.4 -5.84515
      vertex 28.9216 95.4 -5.84515
    endloop
  endfacet
  facet normal 0.442411 1.22883e-19 -0.896812
    outer loop
      vertex 28.9216 111.4 -5.84515
      vertex 28.775 95.4 -5.91747
      vertex 28.775 111.4 -5.91747
    endloop
  endfacet
  facet normal 0.195175 6.00119e-20 -0.980768
    outer loop
      vertex 29.0765 95.4 -5.79259
      vertex 29.2368 111.4 -5.76069
      vertex 29.2368 95.4 -5.76069
    endloop
  endfacet
  facet normal 0.195175 6.00119e-20 -0.980768
    outer loop
      vertex 29.2368 111.4 -5.76069
      vertex 29.0765 95.4 -5.79259
      vertex 29.0765 111.4 -5.79259
    endloop
  endfacet
  facet normal -0.555616 1.46234e-19 -0.831439
    outer loop
      vertex 30.025 95.4 -5.91747
      vertex 30.1485 111.4 -6
      vertex 30.1485 95.4 -6
    endloop
  endfacet
  facet normal -0.555616 1.46234e-19 -0.831439
    outer loop
      vertex 30.1485 111.4 -6
      vertex 30.025 95.4 -5.91747
      vertex 30.025 111.4 -5.91747
    endloop
  endfacet
  facet normal 0 1 0
    outer loop
      vertex 29.5632 95.4 -5.76069
      vertex 29.2368 95.4 -5.76069
      vertex 29.4 95.4 -5.75
    endloop
  endfacet
  facet normal 0 1 0
    outer loop
      vertex 29.7235 95.4 -5.79259
      vertex 29.2368 95.4 -5.76069
      vertex 29.5632 95.4 -5.76069
    endloop
  endfacet
  facet normal 0 1 0
    outer loop
      vertex 29.7235 95.4 -5.79259
      vertex 29.0765 95.4 -5.79259
      vertex 29.2368 95.4 -5.76069
    endloop
  endfacet
  facet normal 0 1 0
    outer loop
      vertex 29.8784 95.4 -5.84515
      vertex 29.0765 95.4 -5.79259
      vertex 29.7235 95.4 -5.79259
    endloop
  endfacet
  facet normal 0 1 0
    outer loop
      vertex 29.8784 95.4 -5.84515
      vertex 28.9216 95.4 -5.84515
      vertex 29.0765 95.4 -5.79259
    endloop
  endfacet
  facet normal 0 1 0
    outer loop
      vertex 30.025 95.4 -5.91747
      vertex 28.9216 95.4 -5.84515
      vertex 29.8784 95.4 -5.84515
    endloop
  endfacet
  facet normal 0 1 0
    outer loop
      vertex 30.025 95.4 -5.91747
      vertex 28.775 95.4 -5.91747
      vertex 28.9216 95.4 -5.84515
    endloop
  endfacet
  facet normal 0 1 0
    outer loop
      vertex 30.1485 95.4 -6
      vertex 28.775 95.4 -5.91747
      vertex 30.025 95.4 -5.91747
    endloop
  endfacet
  facet normal 0 1 0
    outer loop
      vertex 28.775 95.4 -5.91747
      vertex 30.1485 95.4 -6
      vertex 28.6515 95.4 -6
    endloop
  endfacet
  facet normal 0 -1 0
    outer loop
      vertex 29.2368 111.4 -5.76069
      vertex 29.5632 111.4 -5.76069
      vertex 29.4 111.4 -5.75
    endloop
  endfacet
  facet normal 0 -1 0
    outer loop
      vertex 29.0765 111.4 -5.79259
      vertex 29.5632 111.4 -5.76069
      vertex 29.2368 111.4 -5.76069
    endloop
  endfacet
  facet normal 0 -1 0
    outer loop
      vertex 29.0765 111.4 -5.79259
      vertex 29.7235 111.4 -5.79259
      vertex 29.5632 111.4 -5.76069
    endloop
  endfacet
  facet normal 0 -1 0
    outer loop
      vertex 28.9216 111.4 -5.84515
      vertex 29.7235 111.4 -5.79259
      vertex 29.0765 111.4 -5.79259
    endloop
  endfacet
  facet normal 0 -1 0
    outer loop
      vertex 28.9216 111.4 -5.84515
      vertex 29.8784 111.4 -5.84515
      vertex 29.7235 111.4 -5.79259
    endloop
  endfacet
  facet normal 0 -1 0
    outer loop
      vertex 28.775 111.4 -5.91747
      vertex 29.8784 111.4 -5.84515
      vertex 28.9216 111.4 -5.84515
    endloop
  endfacet
  facet normal 0 -1 0
    outer loop
      vertex 28.775 111.4 -5.91747
      vertex 30.025 111.4 -5.91747
      vertex 29.8784 111.4 -5.84515
    endloop
  endfacet
  facet normal 0 -1 0
    outer loop
      vertex 28.6515 111.4 -6
      vertex 30.025 111.4 -5.91747
      vertex 28.775 111.4 -5.91747
    endloop
  endfacet
  facet normal 0 -1 -0
    outer loop
      vertex 30.025 111.4 -5.91747
      vertex 28.6515 111.4 -6
      vertex 30.1485 111.4 -6
    endloop
  endfacet
  facet normal -0.195175 -6.00119e-20 -0.980768
    outer loop
      vertex -29.2368 72 -5.76069
      vertex -29.0765 88 -5.79259
      vertex -29.0765 72 -5.79259
    endloop
  endfacet
  facet normal -0.195175 -6.00119e-20 -0.980768
    outer loop
      vertex -29.0765 88 -5.79259
      vertex -29.2368 72 -5.76069
      vertex -29.2368 88 -5.76069
    endloop
  endfacet
  facet normal -0.442411 -1.22883e-19 -0.896812
    outer loop
      vertex -28.9216 72 -5.84515
      vertex -28.775 88 -5.91747
      vertex -28.775 72 -5.91747
    endloop
  endfacet
  facet normal -0.442411 -1.22883e-19 -0.896812
    outer loop
      vertex -28.775 88 -5.91747
      vertex -28.9216 72 -5.84515
      vertex -28.9216 88 -5.84515
    endloop
  endfacet
  facet normal 0.321322 -2.15141e-19 -0.94697
    outer loop
      vertex -29.8784 72 -5.84515
      vertex -29.7235 88 -5.79259
      vertex -29.7235 72 -5.79259
    endloop
  endfacet
  facet normal 0.321322 -2.15141e-19 -0.94697
    outer loop
      vertex -29.7235 88 -5.79259
      vertex -29.8784 72 -5.84515
      vertex -29.8784 88 -5.84515
    endloop
  endfacet
  facet normal 0.0653624 -3.50503e-20 -0.997862
    outer loop
      vertex -29.5632 72 -5.76069
      vertex -29.4 88 -5.75
      vertex -29.4 72 -5.75
    endloop
  endfacet
  facet normal 0.0653624 -3.50503e-20 -0.997862
    outer loop
      vertex -29.4 88 -5.75
      vertex -29.5632 72 -5.76069
      vertex -29.5632 88 -5.76069
    endloop
  endfacet
  facet normal -0.321322 2.15141e-19 -0.94697
    outer loop
      vertex -29.0765 72 -5.79259
      vertex -28.9216 88 -5.84515
      vertex -28.9216 72 -5.84515
    endloop
  endfacet
  facet normal -0.321322 2.15141e-19 -0.94697
    outer loop
      vertex -28.9216 88 -5.84515
      vertex -29.0765 72 -5.79259
      vertex -29.0765 88 -5.79259
    endloop
  endfacet
  facet normal 0.555616 -1.46234e-19 -0.831439
    outer loop
      vertex -30.1485 72 -6
      vertex -30.025 88 -5.91747
      vertex -30.025 72 -5.91747
    endloop
  endfacet
  facet normal 0.555616 -1.46234e-19 -0.831439
    outer loop
      vertex -30.025 88 -5.91747
      vertex -30.1485 72 -6
      vertex -30.1485 88 -6
    endloop
  endfacet
  facet normal -0.0653624 3.50503e-20 -0.997862
    outer loop
      vertex -29.4 72 -5.75
      vertex -29.2368 88 -5.76069
      vertex -29.2368 72 -5.76069
    endloop
  endfacet
  facet normal -0.0653624 3.50503e-20 -0.997862
    outer loop
      vertex -29.2368 88 -5.76069
      vertex -29.4 72 -5.75
      vertex -29.4 88 -5.75
    endloop
  endfacet
  facet normal 0.442411 4.90231e-20 -0.896812
    outer loop
      vertex -30.025 72 -5.91747
      vertex -29.8784 88 -5.84515
      vertex -29.8784 72 -5.84515
    endloop
  endfacet
  facet normal 0.442411 4.90231e-20 -0.896812
    outer loop
      vertex -29.8784 88 -5.84515
      vertex -30.025 72 -5.91747
      vertex -30.025 88 -5.91747
    endloop
  endfacet
  facet normal 0.195175 -5.19617e-20 -0.980768
    outer loop
      vertex -29.7235 72 -5.79259
      vertex -29.5632 88 -5.76069
      vertex -29.5632 72 -5.76069
    endloop
  endfacet
  facet normal 0.195175 -5.19617e-20 -0.980768
    outer loop
      vertex -29.5632 88 -5.76069
      vertex -29.7235 72 -5.79259
      vertex -29.7235 88 -5.79259
    endloop
  endfacet
  facet normal -0.555616 1.46234e-19 -0.831439
    outer loop
      vertex -28.775 72 -5.91747
      vertex -28.6515 88 -6
      vertex -28.6515 72 -6
    endloop
  endfacet
  facet normal -0.555616 1.46234e-19 -0.831439
    outer loop
      vertex -28.6515 88 -6
      vertex -28.775 72 -5.91747
      vertex -28.775 88 -5.91747
    endloop
  endfacet
  facet normal 0 1 0
    outer loop
      vertex -29.2368 72 -5.76069
      vertex -29.5632 72 -5.76069
      vertex -29.4 72 -5.75
    endloop
  endfacet
  facet normal 0 1 0
    outer loop
      vertex -29.0765 72 -5.79259
      vertex -29.5632 72 -5.76069
      vertex -29.2368 72 -5.76069
    endloop
  endfacet
  facet normal 0 1 0
    outer loop
      vertex -29.0765 72 -5.79259
      vertex -29.7235 72 -5.79259
      vertex -29.5632 72 -5.76069
    endloop
  endfacet
  facet normal 0 1 0
    outer loop
      vertex -28.9216 72 -5.84515
      vertex -29.7235 72 -5.79259
      vertex -29.0765 72 -5.79259
    endloop
  endfacet
  facet normal 0 1 0
    outer loop
      vertex -28.9216 72 -5.84515
      vertex -29.8784 72 -5.84515
      vertex -29.7235 72 -5.79259
    endloop
  endfacet
  facet normal 0 1 0
    outer loop
      vertex -28.775 72 -5.91747
      vertex -29.8784 72 -5.84515
      vertex -28.9216 72 -5.84515
    endloop
  endfacet
  facet normal 0 1 0
    outer loop
      vertex -28.775 72 -5.91747
      vertex -30.025 72 -5.91747
      vertex -29.8784 72 -5.84515
    endloop
  endfacet
  facet normal 0 1 0
    outer loop
      vertex -28.6515 72 -6
      vertex -30.025 72 -5.91747
      vertex -28.775 72 -5.91747
    endloop
  endfacet
  facet normal 0 1 0
    outer loop
      vertex -30.025 72 -5.91747
      vertex -28.6515 72 -6
      vertex -30.1485 72 -6
    endloop
  endfacet
  facet normal 0 -1 0
    outer loop
      vertex -29.5632 88 -5.76069
      vertex -29.2368 88 -5.76069
      vertex -29.4 88 -5.75
    endloop
  endfacet
  facet normal 0 -1 0
    outer loop
      vertex -29.7235 88 -5.79259
      vertex -29.2368 88 -5.76069
      vertex -29.5632 88 -5.76069
    endloop
  endfacet
  facet normal 0 -1 0
    outer loop
      vertex -29.7235 88 -5.79259
      vertex -29.0765 88 -5.79259
      vertex -29.2368 88 -5.76069
    endloop
  endfacet
  facet normal 0 -1 0
    outer loop
      vertex -29.8784 88 -5.84515
      vertex -29.0765 88 -5.79259
      vertex -29.7235 88 -5.79259
    endloop
  endfacet
  facet normal 0 -1 0
    outer loop
      vertex -29.8784 88 -5.84515
      vertex -28.9216 88 -5.84515
      vertex -29.0765 88 -5.79259
    endloop
  endfacet
  facet normal 0 -1 0
    outer loop
      vertex -30.025 88 -5.91747
      vertex -28.9216 88 -5.84515
      vertex -29.8784 88 -5.84515
    endloop
  endfacet
  facet normal 0 -1 0
    outer loop
      vertex -30.025 88 -5.91747
      vertex -28.775 88 -5.91747
      vertex -28.9216 88 -5.84515
    endloop
  endfacet
  facet normal 0 -1 0
    outer loop
      vertex -30.1485 88 -6
      vertex -28.775 88 -5.91747
      vertex -30.025 88 -5.91747
    endloop
  endfacet
  facet normal 0 -1 -0
    outer loop
      vertex -28.775 88 -5.91747
      vertex -30.1485 88 -6
      vertex -28.6515 88 -6
    endloop
  endfacet
  facet normal -1 0 0
    outer loop
      vertex -37 96 -6
      vertex -37 118 0
      vertex -37 118 -6
    endloop
  endfacet
  facet normal -1 -0 0
    outer loop
      vertex -37 118 0
      vertex -37 96 -6
      vertex -37 96 0
    endloop
  endfacet
  facet normal 0 -1 0
    outer loop
      vertex -70 118 -6
      vertex -37 118 0
      vertex -70 118 0
    endloop
  endfacet
  facet normal 0 -1 -0
    outer loop
      vertex -37 118 0
      vertex -70 118 -6
      vertex -37 118 -6
    endloop
  endfacet
  facet normal 0 1 -0
    outer loop
      vertex -37 96 -6
      vertex -70 96 0
      vertex -37 96 0
    endloop
  endfacet
  facet normal 0 1 0
    outer loop
      vertex -70 96 0
      vertex -37 96 -6
      vertex -70 96 -6
    endloop
  endfacet
  facet normal 1 -0 0
    outer loop
      vertex 15 40 11
      vertex 15 90 10
      vertex 15 90 11
    endloop
  endfacet
  facet normal 1 0 0
    outer loop
      vertex 15 90 10
      vertex 15 40 11
      vertex 15 40 10
    endloop
  endfacet
  facet normal 1 0 0
    outer loop
      vertex 15 37.6 11
      vertex 15 0 11
      vertex 15 37.6 8
    endloop
  endfacet
  facet normal 1 -0 0
    outer loop
      vertex 15 37.6 8
      vertex 15 90 0
      vertex 15 90 8
    endloop
  endfacet
  facet normal 1 0 0
    outer loop
      vertex 15 0 0
      vertex 15 37.6 8
      vertex 15 0 11
    endloop
  endfacet
  facet normal 1 0 0
    outer loop
      vertex 15 37.6 8
      vertex 15 0 0
      vertex 15 90 0
    endloop
  endfacet
  facet normal -0 0 1
    outer loop
      vertex -15 90 11
      vertex 15 40 11
      vertex 15 90 11
    endloop
  endfacet
  facet normal 0 0 1
    outer loop
      vertex 15 40 11
      vertex -15 90 11
      vertex -15 40 11
    endloop
  endfacet
  facet normal -0 0 1
    outer loop
      vertex -15 37.6 11
      vertex 15 0 11
      vertex 15 37.6 11
    endloop
  endfacet
  facet normal 0 0 1
    outer loop
      vertex 15 0 11
      vertex -15 37.6 11
      vertex -15 0 11
    endloop
  endfacet
  facet normal -1 0 0
    outer loop
      vertex -15 40 10
      vertex -15 90 11
      vertex -15 90 10
    endloop
  endfacet
  facet normal -1 -0 0
    outer loop
      vertex -15 90 11
      vertex -15 40 10
      vertex -15 40 11
    endloop
  endfacet
  facet normal -1 0 0
    outer loop
      vertex -15 90 0
      vertex -15 37.6 8
      vertex -15 90 8
    endloop
  endfacet
  facet normal -1 0 0
    outer loop
      vertex -15 0 0
      vertex -15 37.6 8
      vertex -15 90 0
    endloop
  endfacet
  facet normal -1 0 0
    outer loop
      vertex -15 0 11
      vertex -15 37.6 8
      vertex -15 0 0
    endloop
  endfacet
  facet normal -1 0 0
    outer loop
      vertex -15 37.6 8
      vertex -15 0 11
      vertex -15 37.6 11
    endloop
  endfacet
  facet normal 0 1 -0
    outer loop
      vertex 15 90 10
      vertex -15 90 11
      vertex 15 90 11
    endloop
  endfacet
  facet normal 0 1 0
    outer loop
      vertex -15 90 11
      vertex 15 90 10
      vertex -15 90 10
    endloop
  endfacet
  facet normal 0 1 -0
    outer loop
      vertex 15 90 0
      vertex -15 90 8
      vertex 15 90 8
    endloop
  endfacet
  facet normal 0 1 0
    outer loop
      vertex -15 90 8
      vertex 15 90 0
      vertex -15 90 0
    endloop
  endfacet
  facet normal 1 -0 0
    outer loop
      vertex -25 18 28
      vertex -25 34 11
      vertex -25 34 28
    endloop
  endfacet
  facet normal 1 0 0
    outer loop
      vertex -25 34 11
      vertex -25 18 28
      vertex -25 18 11
    endloop
  endfacet
  facet normal 0 0 1
    outer loop
      vertex -25 34 28
      vertex -30.7116 18 28
      vertex -25 18 28
    endloop
  endfacet
  facet normal 0 0 1
    outer loop
      vertex -25 34 28
      vertex -35.2883 18 28
      vertex -30.7116 18 28
    endloop
  endfacet
  facet normal -0 0 1
    outer loop
      vertex -41 34 28
      vertex -35.2883 18 28
      vertex -25 34 28
    endloop
  endfacet
  facet normal 0 0 1
    outer loop
      vertex -35.2883 18 28
      vertex -41 34 28
      vertex -41 18 28
    endloop
  endfacet
  facet normal 0 0 -1
    outer loop
      vertex -41 18 11
      vertex -25 34 11
      vertex -25 18 11
    endloop
  endfacet
  facet normal -0 0 -1
    outer loop
      vertex -25 34 11
      vertex -41 18 11
      vertex -41 34 11
    endloop
  endfacet
  facet normal -1 0 0
    outer loop
      vertex -41 18 11
      vertex -41 34 28
      vertex -41 34 11
    endloop
  endfacet
  facet normal -1 -0 0
    outer loop
      vertex -41 34 28
      vertex -41 18 11
      vertex -41 18 28
    endloop
  endfacet
  facet normal 0 1 -0
    outer loop
      vertex -25 34 11
      vertex -41 34 28
      vertex -25 34 28
    endloop
  endfacet
  facet normal 0 1 0
    outer loop
      vertex -41 34 28
      vertex -25 34 11
      vertex -41 34 11
    endloop
  endfacet
  facet normal 0 -1 0
    outer loop
      vertex -41 18 28
      vertex -35.1651 18 27.75
      vertex -35.2883 18 28
    endloop
  endfacet
  facet normal 0 -1 0
    outer loop
      vertex -41 18 28
      vertex -34.9834 18 27.4781
      vertex -35.1651 18 27.75
    endloop
  endfacet
  facet normal 0 -1 0
    outer loop
      vertex -41 18 28
      vertex -34.7678 18 27.2322
      vertex -34.9834 18 27.4781
    endloop
  endfacet
  facet normal 0 -1 0
    outer loop
      vertex -41 18 28
      vertex -34.5219 18 27.0166
      vertex -34.7678 18 27.2322
    endloop
  endfacet
  facet normal 0 -1 0
    outer loop
      vertex -41 18 28
      vertex -34.25 18 26.8349
      vertex -34.5219 18 27.0166
    endloop
  endfacet
  facet normal 0 -1 0
    outer loop
      vertex -41 18 11
      vertex -34.25 18 26.8349
      vertex -41 18 28
    endloop
  endfacet
  facet normal 0 -1 -0
    outer loop
      vertex -34.25 18 26.8349
      vertex -41 18 11
      vertex -33.9567 18 26.6903
    endloop
  endfacet
  facet normal 0 -1 -0
    outer loop
      vertex -33.9567 18 26.6903
      vertex -41 18 11
      vertex -33.647 18 26.5852
    endloop
  endfacet
  facet normal 0 -1 -0
    outer loop
      vertex -33.3263 18 26.5214
      vertex -41 18 11
      vertex -33 18 26.5
    endloop
  endfacet
  facet normal 0 -1 -0
    outer loop
      vertex -33.647 18 26.5852
      vertex -41 18 11
      vertex -33.3263 18 26.5214
    endloop
  endfacet
  facet normal 0 -1 0
    outer loop
      vertex -30.8349 18 27.75
      vertex -25 18 28
      vertex -30.7116 18 28
    endloop
  endfacet
  facet normal 0 -1 0
    outer loop
      vertex -31.0166 18 27.4781
      vertex -25 18 28
      vertex -30.8349 18 27.75
    endloop
  endfacet
  facet normal 0 -1 0
    outer loop
      vertex -31.2322 18 27.2322
      vertex -25 18 28
      vertex -31.0166 18 27.4781
    endloop
  endfacet
  facet normal 0 -1 0
    outer loop
      vertex -31.4781 18 27.0166
      vertex -25 18 28
      vertex -31.2322 18 27.2322
    endloop
  endfacet
  facet normal 0 -1 0
    outer loop
      vertex -31.75 18 26.8349
      vertex -25 18 28
      vertex -31.4781 18 27.0166
    endloop
  endfacet
  facet normal 0 -1 0
    outer loop
      vertex -25 18 11
      vertex -31.75 18 26.8349
      vertex -32.0433 18 26.6903
    endloop
  endfacet
  facet normal 0 -1 0
    outer loop
      vertex -25 18 11
      vertex -32.0433 18 26.6903
      vertex -32.353 18 26.5852
    endloop
  endfacet
  facet normal 0 -1 0
    outer loop
      vertex -25 18 11
      vertex -32.353 18 26.5852
      vertex -32.6737 18 26.5214
    endloop
  endfacet
  facet normal 0 -1 0
    outer loop
      vertex -25 18 11
      vertex -33 18 26.5
      vertex -41 18 11
    endloop
  endfacet
  facet normal 0 -1 0
    outer loop
      vertex -33 18 26.5
      vertex -25 18 11
      vertex -32.6737 18 26.5214
    endloop
  endfacet
  facet normal 0 -1 0
    outer loop
      vertex -31.75 18 26.8349
      vertex -25 18 11
      vertex -25 18 28
    endloop
  endfacet
  facet normal 0 -1 0
    outer loop
      vertex -35.1651 18 27.75
      vertex -30.7116 18 28
      vertex -35.2883 18 28
    endloop
  endfacet
  facet normal 0 -1 0
    outer loop
      vertex -35.1651 18 27.75
      vertex -30.8349 18 27.75
      vertex -30.7116 18 28
    endloop
  endfacet
  facet normal 0 -1 0
    outer loop
      vertex -34.9834 18 27.4781
      vertex -30.8349 18 27.75
      vertex -35.1651 18 27.75
    endloop
  endfacet
  facet normal 0 -1 0
    outer loop
      vertex -34.9834 18 27.4781
      vertex -31.0166 18 27.4781
      vertex -30.8349 18 27.75
    endloop
  endfacet
  facet normal 0 -1 0
    outer loop
      vertex -34.7678 18 27.2322
      vertex -31.0166 18 27.4781
      vertex -34.9834 18 27.4781
    endloop
  endfacet
  facet normal 0 -1 0
    outer loop
      vertex -34.7678 18 27.2322
      vertex -31.2322 18 27.2322
      vertex -31.0166 18 27.4781
    endloop
  endfacet
  facet normal 0 -1 0
    outer loop
      vertex -34.5219 18 27.0166
      vertex -31.2322 18 27.2322
      vertex -34.7678 18 27.2322
    endloop
  endfacet
  facet normal 0 -1 0
    outer loop
      vertex -34.5219 18 27.0166
      vertex -31.4781 18 27.0166
      vertex -31.2322 18 27.2322
    endloop
  endfacet
  facet normal 0 -1 0
    outer loop
      vertex -34.25 18 26.8349
      vertex -31.4781 18 27.0166
      vertex -34.5219 18 27.0166
    endloop
  endfacet
  facet normal 0 -1 0
    outer loop
      vertex -34.25 18 26.8349
      vertex -31.75 18 26.8349
      vertex -31.4781 18 27.0166
    endloop
  endfacet
  facet normal 0 -1 0
    outer loop
      vertex -33.9567 18 26.6903
      vertex -31.75 18 26.8349
      vertex -34.25 18 26.8349
    endloop
  endfacet
  facet normal 0 -1 0
    outer loop
      vertex -33.9567 18 26.6903
      vertex -32.0433 18 26.6903
      vertex -31.75 18 26.8349
    endloop
  endfacet
  facet normal 0 -1 0
    outer loop
      vertex -33.647 18 26.5852
      vertex -32.0433 18 26.6903
      vertex -33.9567 18 26.6903
    endloop
  endfacet
  facet normal 0 -1 0
    outer loop
      vertex -33.647 18 26.5852
      vertex -32.353 18 26.5852
      vertex -32.0433 18 26.6903
    endloop
  endfacet
  facet normal 0 -1 0
    outer loop
      vertex -33.3263 18 26.5214
      vertex -32.353 18 26.5852
      vertex -33.647 18 26.5852
    endloop
  endfacet
  facet normal 0 -1 0
    outer loop
      vertex -33.3263 18 26.5214
      vertex -32.6737 18 26.5214
      vertex -32.353 18 26.5852
    endloop
  endfacet
  facet normal -0 -1 0
    outer loop
      vertex -32.6737 18 26.5214
      vertex -33.3263 18 26.5214
      vertex -33 18 26.5
    endloop
  endfacet
  facet normal 1 -0 0
    outer loop
      vertex 41 18 28
      vertex 41 34 11
      vertex 41 34 28
    endloop
  endfacet
  facet normal 1 0 0
    outer loop
      vertex 41 34 11
      vertex 41 18 28
      vertex 41 18 11
    endloop
  endfacet
  facet normal 0 0 1
    outer loop
      vertex 41 34 28
      vertex 35.2883 18 28
      vertex 41 18 28
    endloop
  endfacet
  facet normal 0 0 1
    outer loop
      vertex 41 34 28
      vertex 30.7116 18 28
      vertex 35.2883 18 28
    endloop
  endfacet
  facet normal -0 0 1
    outer loop
      vertex 25 34 28
      vertex 30.7116 18 28
      vertex 41 34 28
    endloop
  endfacet
  facet normal 0 0 1
    outer loop
      vertex 30.7116 18 28
      vertex 25 34 28
      vertex 25 18 28
    endloop
  endfacet
  facet normal 0 0 -1
    outer loop
      vertex 25 18 11
      vertex 41 34 11
      vertex 41 18 11
    endloop
  endfacet
  facet normal -0 0 -1
    outer loop
      vertex 41 34 11
      vertex 25 18 11
      vertex 25 34 11
    endloop
  endfacet
  facet normal -1 0 0
    outer loop
      vertex 25 18 11
      vertex 25 34 28
      vertex 25 34 11
    endloop
  endfacet
  facet normal -1 -0 0
    outer loop
      vertex 25 34 28
      vertex 25 18 11
      vertex 25 18 28
    endloop
  endfacet
  facet normal 0 1 -0
    outer loop
      vertex 41 34 11
      vertex 25 34 28
      vertex 41 34 28
    endloop
  endfacet
  facet normal 0 1 0
    outer loop
      vertex 25 34 28
      vertex 41 34 11
      vertex 25 34 11
    endloop
  endfacet
  facet normal 0 -1 0
    outer loop
      vertex 25 18 28
      vertex 30.8349 18 27.75
      vertex 30.7116 18 28
    endloop
  endfacet
  facet normal 0 -1 0
    outer loop
      vertex 25 18 28
      vertex 31.0166 18 27.4781
      vertex 30.8349 18 27.75
    endloop
  endfacet
  facet normal 0 -1 0
    outer loop
      vertex 25 18 28
      vertex 31.2322 18 27.2322
      vertex 31.0166 18 27.4781
    endloop
  endfacet
  facet normal 0 -1 0
    outer loop
      vertex 25 18 28
      vertex 31.4781 18 27.0166
      vertex 31.2322 18 27.2322
    endloop
  endfacet
  facet normal 0 -1 0
    outer loop
      vertex 25 18 28
      vertex 31.75 18 26.8349
      vertex 31.4781 18 27.0166
    endloop
  endfacet
  facet normal 0 -1 0
    outer loop
      vertex 25 18 11
      vertex 31.75 18 26.8349
      vertex 25 18 28
    endloop
  endfacet
  facet normal 0 -1 -0
    outer loop
      vertex 31.75 18 26.8349
      vertex 25 18 11
      vertex 32.0433 18 26.6903
    endloop
  endfacet
  facet normal 0 -1 -0
    outer loop
      vertex 32.0433 18 26.6903
      vertex 25 18 11
      vertex 32.353 18 26.5852
    endloop
  endfacet
  facet normal 0 -1 -0
    outer loop
      vertex 32.6737 18 26.5214
      vertex 25 18 11
      vertex 33 18 26.5
    endloop
  endfacet
  facet normal 0 -1 -0
    outer loop
      vertex 32.353 18 26.5852
      vertex 25 18 11
      vertex 32.6737 18 26.5214
    endloop
  endfacet
  facet normal 0 -1 0
    outer loop
      vertex 35.1651 18 27.75
      vertex 41 18 28
      vertex 35.2883 18 28
    endloop
  endfacet
  facet normal 0 -1 0
    outer loop
      vertex 34.9834 18 27.4781
      vertex 41 18 28
      vertex 35.1651 18 27.75
    endloop
  endfacet
  facet normal 0 -1 0
    outer loop
      vertex 34.7678 18 27.2322
      vertex 41 18 28
      vertex 34.9834 18 27.4781
    endloop
  endfacet
  facet normal 0 -1 0
    outer loop
      vertex 34.5219 18 27.0166
      vertex 41 18 28
      vertex 34.7678 18 27.2322
    endloop
  endfacet
  facet normal 0 -1 0
    outer loop
      vertex 34.25 18 26.8349
      vertex 41 18 28
      vertex 34.5219 18 27.0166
    endloop
  endfacet
  facet normal 0 -1 0
    outer loop
      vertex 41 18 11
      vertex 34.25 18 26.8349
      vertex 33.9567 18 26.6903
    endloop
  endfacet
  facet normal 0 -1 0
    outer loop
      vertex 41 18 11
      vertex 33.9567 18 26.6903
      vertex 33.647 18 26.5852
    endloop
  endfacet
  facet normal 0 -1 0
    outer loop
      vertex 41 18 11
      vertex 33.647 18 26.5852
      vertex 33.3263 18 26.5214
    endloop
  endfacet
  facet normal 0 -1 0
    outer loop
      vertex 41 18 11
      vertex 33 18 26.5
      vertex 25 18 11
    endloop
  endfacet
  facet normal 0 -1 0
    outer loop
      vertex 33 18 26.5
      vertex 41 18 11
      vertex 33.3263 18 26.5214
    endloop
  endfacet
  facet normal 0 -1 0
    outer loop
      vertex 34.25 18 26.8349
      vertex 41 18 11
      vertex 41 18 28
    endloop
  endfacet
  facet normal 0 -1 0
    outer loop
      vertex 30.8349 18 27.75
      vertex 35.2883 18 28
      vertex 30.7116 18 28
    endloop
  endfacet
  facet normal 0 -1 0
    outer loop
      vertex 30.8349 18 27.75
      vertex 35.1651 18 27.75
      vertex 35.2883 18 28
    endloop
  endfacet
  facet normal 0 -1 0
    outer loop
      vertex 31.0166 18 27.4781
      vertex 35.1651 18 27.75
      vertex 30.8349 18 27.75
    endloop
  endfacet
  facet normal 0 -1 0
    outer loop
      vertex 31.0166 18 27.4781
      vertex 34.9834 18 27.4781
      vertex 35.1651 18 27.75
    endloop
  endfacet
  facet normal 0 -1 0
    outer loop
      vertex 31.2322 18 27.2322
      vertex 34.9834 18 27.4781
      vertex 31.0166 18 27.4781
    endloop
  endfacet
  facet normal 0 -1 0
    outer loop
      vertex 31.2322 18 27.2322
      vertex 34.7678 18 27.2322
      vertex 34.9834 18 27.4781
    endloop
  endfacet
  facet normal 0 -1 0
    outer loop
      vertex 31.4781 18 27.0166
      vertex 34.7678 18 27.2322
      vertex 31.2322 18 27.2322
    endloop
  endfacet
  facet normal 0 -1 0
    outer loop
      vertex 31.4781 18 27.0166
      vertex 34.5219 18 27.0166
      vertex 34.7678 18 27.2322
    endloop
  endfacet
  facet normal 0 -1 0
    outer loop
      vertex 31.75 18 26.8349
      vertex 34.5219 18 27.0166
      vertex 31.4781 18 27.0166
    endloop
  endfacet
  facet normal 0 -1 0
    outer loop
      vertex 31.75 18 26.8349
      vertex 34.25 18 26.8349
      vertex 34.5219 18 27.0166
    endloop
  endfacet
  facet normal 0 -1 0
    outer loop
      vertex 32.0433 18 26.6903
      vertex 34.25 18 26.8349
      vertex 31.75 18 26.8349
    endloop
  endfacet
  facet normal 0 -1 0
    outer loop
      vertex 32.0433 18 26.6903
      vertex 33.9567 18 26.6903
      vertex 34.25 18 26.8349
    endloop
  endfacet
  facet normal 0 -1 0
    outer loop
      vertex 32.353 18 26.5852
      vertex 33.9567 18 26.6903
      vertex 32.0433 18 26.6903
    endloop
  endfacet
  facet normal 0 -1 0
    outer loop
      vertex 32.353 18 26.5852
      vertex 33.647 18 26.5852
      vertex 33.9567 18 26.6903
    endloop
  endfacet
  facet normal 0 -1 0
    outer loop
      vertex 32.6737 18 26.5214
      vertex 33.647 18 26.5852
      vertex 32.353 18 26.5852
    endloop
  endfacet
  facet normal 0 -1 0
    outer loop
      vertex 32.6737 18 26.5214
      vertex 33.3263 18 26.5214
      vertex 33.647 18 26.5852
    endloop
  endfacet
  facet normal -0 -1 0
    outer loop
      vertex 33.3263 18 26.5214
      vertex 32.6737 18 26.5214
      vertex 33 18 26.5
    endloop
  endfacet
  facet normal 1 -0 0
    outer loop
      vertex 21 0 28
      vertex 21 90 22
      vertex 21 90 28
    endloop
  endfacet
  facet normal 1 0 0
    outer loop
      vertex 21 90 22
      vertex 21 0 28
      vertex 21 0 22
    endloop
  endfacet
  facet normal -0 0 1
    outer loop
      vertex -21 90 28
      vertex 21 0 28
      vertex 21 90 28
    endloop
  endfacet
  facet normal 0 0 1
    outer loop
      vertex 21 0 28
      vertex -21 90 28
      vertex -21 0 28
    endloop
  endfacet
  facet normal 0 0 -1
    outer loop
      vertex 15.5 0 22
      vertex 21 90 22
      vertex 21 0 22
    endloop
  endfacet
  facet normal -0 0 -1
    outer loop
      vertex 21 90 22
      vertex 15.5 0 22
      vertex 15.5 90 22
    endloop
  endfacet
  facet normal 0 0 -1
    outer loop
      vertex -21 0 22
      vertex -15.5 90 22
      vertex -15.5 0 22
    endloop
  endfacet
  facet normal -0 0 -1
    outer loop
      vertex -15.5 90 22
      vertex -21 0 22
      vertex -21 90 22
    endloop
  endfacet
  facet normal 0 0 -1
    outer loop
      vertex -15.5 0 22
      vertex 15.5 90 22
      vertex 15.5 0 22
    endloop
  endfacet
  facet normal -0 0 -1
    outer loop
      vertex 15.5 90 22
      vertex -15.5 0 22
      vertex -15.5 90 22
    endloop
  endfacet
  facet normal -1 0 0
    outer loop
      vertex -21 0 22
      vertex -21 90 28
      vertex -21 90 22
    endloop
  endfacet
  facet normal -1 -0 0
    outer loop
      vertex -21 90 28
      vertex -21 0 22
      vertex -21 0 28
    endloop
  endfacet
  facet normal 0 1 0
    outer loop
      vertex 15.5 90 22
      vertex 21 90 28
      vertex 21 90 22
    endloop
  endfacet
  facet normal 0 1 0
    outer loop
      vertex 21 90 28
      vertex 15.5 90 22
      vertex -21 90 28
    endloop
  endfacet
  facet normal 0 1 -0
    outer loop
      vertex -15.5 90 22
      vertex -21 90 28
      vertex 15.5 90 22
    endloop
  endfacet
  facet normal 0 1 0
    outer loop
      vertex -21 90 28
      vertex -15.5 90 22
      vertex -21 90 22
    endloop
  endfacet
  facet normal 0 -1 0
    outer loop
      vertex -15.5 0 22
      vertex -21 0 28
      vertex -21 0 22
    endloop
  endfacet
  facet normal 0 -1 0
    outer loop
      vertex -21 0 28
      vertex -15.5 0 22
      vertex 21 0 28
    endloop
  endfacet
  facet normal 0 -1 0
    outer loop
      vertex 15.5 0 22
      vertex 21 0 28
      vertex -15.5 0 22
    endloop
  endfacet
  facet normal 0 -1 -0
    outer loop
      vertex 21 0 28
      vertex 15.5 0 22
      vertex 21 0 22
    endloop
  endfacet
  facet normal 0.0980087 0.995186 -0
    outer loop
      vertex -39.0245 4.90393 17
      vertex -40 5 21
      vertex -39.0245 4.90393 21
    endloop
  endfacet
  facet normal 0.0980087 0.995186 0
    outer loop
      vertex -40 5 21
      vertex -39.0245 4.90393 17
      vertex -40 5 17
    endloop
  endfacet
  facet normal 0.956949 0.290257 -2.09612e-18
    outer loop
      vertex -35.0961 0.975451 21
      vertex -35.3806 1.91342 17
      vertex -35.3806 1.91342 21
    endloop
  endfacet
  facet normal 0.956949 0.290257 -2.09612e-18
    outer loop
      vertex -35.3806 1.91342 17
      vertex -35.0961 0.975451 21
      vertex -35.0961 0.975451 17
    endloop
  endfacet
  facet normal 0.995182 0.0980439 -1.18874e-18
    outer loop
      vertex -35 0 21
      vertex -35.0961 0.975451 17
      vertex -35.0961 0.975451 21
    endloop
  endfacet
  facet normal 0.995182 0.0980439 -1.18874e-18
    outer loop
      vertex -35.0961 0.975451 17
      vertex -35 0 21
      vertex -35 0 17
    endloop
  endfacet
  facet normal 0.881899 0.471438 -1.17065e-18
    outer loop
      vertex -35.3806 1.91342 21
      vertex -35.8427 2.77785 17
      vertex -35.8427 2.77785 21
    endloop
  endfacet
  facet normal 0.881899 0.471438 -1.17065e-18
    outer loop
      vertex -35.8427 2.77785 17
      vertex -35.3806 1.91342 21
      vertex -35.3806 1.91342 17
    endloop
  endfacet
  facet normal -0.634438 0.772974 0
    outer loop
      vertex -42.7779 4.15735 17
      vertex -43.5355 3.53553 21
      vertex -42.7779 4.15735 21
    endloop
  endfacet
  facet normal -0.634438 0.772974 0
    outer loop
      vertex -43.5355 3.53553 21
      vertex -42.7779 4.15735 17
      vertex -43.5355 3.53553 17
    endloop
  endfacet
  facet normal 0 0 1
    outer loop
      vertex -38 0 21
      vertex -35 0 21
      vertex -35.0961 0.975451 21
    endloop
  endfacet
  facet normal 0 0 1
    outer loop
      vertex -38.0681 0.517637 21
      vertex -35.0961 0.975451 21
      vertex -35.3806 1.91342 21
    endloop
  endfacet
  facet normal 0 0 1
    outer loop
      vertex -35 0 21
      vertex -38 0 21
      vertex -35.0961 -0.975451 21
    endloop
  endfacet
  facet normal 0 0 1
    outer loop
      vertex -38.268 1 21
      vertex -35.3806 1.91342 21
      vertex -35.8427 2.77785 21
    endloop
  endfacet
  facet normal -0 0 1
    outer loop
      vertex -38.0681 -0.517637 21
      vertex -35.0961 -0.975451 21
      vertex -38 0 21
    endloop
  endfacet
  facet normal 0 0 1
    outer loop
      vertex -38.5858 1.41421 21
      vertex -35.8427 2.77785 21
      vertex -36.4645 3.53553 21
    endloop
  endfacet
  facet normal 0 0 1
    outer loop
      vertex -35.0961 -0.975451 21
      vertex -38.0681 -0.517637 21
      vertex -35.3806 -1.91342 21
    endloop
  endfacet
  facet normal 0 0 1
    outer loop
      vertex -38.5858 1.41421 21
      vertex -36.4645 3.53553 21
      vertex -37.2221 4.15735 21
    endloop
  endfacet
  facet normal -0 0 1
    outer loop
      vertex -38.268 -1 21
      vertex -35.3806 -1.91342 21
      vertex -38.0681 -0.517637 21
    endloop
  endfacet
  facet normal 0 0 1
    outer loop
      vertex -35.3806 -1.91342 21
      vertex -38.268 -1 21
      vertex -35.8427 -2.77785 21
    endloop
  endfacet
  facet normal 0 0 1
    outer loop
      vertex -35.0961 0.975451 21
      vertex -38.0681 0.517637 21
      vertex -38 0 21
    endloop
  endfacet
  facet normal 0 0 1
    outer loop
      vertex -39 1.73205 21
      vertex -37.2221 4.15735 21
      vertex -38.0866 4.6194 21
    endloop
  endfacet
  facet normal 0 0 1
    outer loop
      vertex -35.3806 1.91342 21
      vertex -38.268 1 21
      vertex -38.0681 0.517637 21
    endloop
  endfacet
  facet normal 0 0 1
    outer loop
      vertex -35.8427 2.77785 21
      vertex -38.5858 1.41421 21
      vertex -38.268 1 21
    endloop
  endfacet
  facet normal 0 0 1
    outer loop
      vertex -37.2221 4.15735 21
      vertex -39 1.73205 21
      vertex -38.5858 1.41421 21
    endloop
  endfacet
  facet normal 0 0 1
    outer loop
      vertex -39.4824 1.93185 21
      vertex -38.0866 4.6194 21
      vertex -39.0245 4.90393 21
    endloop
  endfacet
  facet normal 0 0 1
    outer loop
      vertex -38.0866 4.6194 21
      vertex -39.4824 1.93185 21
      vertex -39 1.73205 21
    endloop
  endfacet
  facet normal 0 0 1
    outer loop
      vertex -40 2 21
      vertex -39.0245 4.90393 21
      vertex -40 5 21
    endloop
  endfacet
  facet normal 0 0 1
    outer loop
      vertex -39.0245 4.90393 21
      vertex -40 2 21
      vertex -39.4824 1.93185 21
    endloop
  endfacet
  facet normal -0 0 1
    outer loop
      vertex -40.9755 4.90393 21
      vertex -40 2 21
      vertex -40 5 21
    endloop
  endfacet
  facet normal 0 0 1
    outer loop
      vertex -40 2 21
      vertex -40.9755 4.90393 21
      vertex -40.5176 1.93185 21
    endloop
  endfacet
  facet normal -0 0 1
    outer loop
      vertex -41.9134 4.6194 21
      vertex -40.5176 1.93185 21
      vertex -40.9755 4.90393 21
    endloop
  endfacet
  facet normal 0 0 1
    outer loop
      vertex -40.5176 1.93185 21
      vertex -41.9134 4.6194 21
      vertex -41 1.73205 21
    endloop
  endfacet
  facet normal -0 0 1
    outer loop
      vertex -42.7779 4.15735 21
      vertex -41 1.73205 21
      vertex -41.9134 4.6194 21
    endloop
  endfacet
  facet normal 0 0 1
    outer loop
      vertex -41 1.73205 21
      vertex -42.7779 4.15735 21
      vertex -41.4142 1.41421 21
    endloop
  endfacet
  facet normal -0 0 1
    outer loop
      vertex -43.5355 3.53553 21
      vertex -41.4142 1.41421 21
      vertex -42.7779 4.15735 21
    endloop
  endfacet
  facet normal -0 0 1
    outer loop
      vertex -44.1573 2.77785 21
      vertex -41.4142 1.41421 21
      vertex -43.5355 3.53553 21
    endloop
  endfacet
  facet normal 0 0 1
    outer loop
      vertex -41.4142 1.41421 21
      vertex -44.1573 2.77785 21
      vertex -41.732 1 21
    endloop
  endfacet
  facet normal -0 0 1
    outer loop
      vertex -38.5858 -1.41421 21
      vertex -35.8427 -2.77785 21
      vertex -38.268 -1 21
    endloop
  endfacet
  facet normal 0 0 1
    outer loop
      vertex -35.8427 -2.77785 21
      vertex -38.5858 -1.41421 21
      vertex -36.4645 -3.53553 21
    endloop
  endfacet
  facet normal 0 0 1
    outer loop
      vertex -36.4645 -3.53553 21
      vertex -38.5858 -1.41421 21
      vertex -37.2221 -4.15735 21
    endloop
  endfacet
  facet normal -0 0 1
    outer loop
      vertex -39 -1.73205 21
      vertex -37.2221 -4.15735 21
      vertex -38.5858 -1.41421 21
    endloop
  endfacet
  facet normal 0 0 1
    outer loop
      vertex -37.2221 -4.15735 21
      vertex -39 -1.73205 21
      vertex -38.0866 -4.6194 21
    endloop
  endfacet
  facet normal -0 0 1
    outer loop
      vertex -39.4824 -1.93185 21
      vertex -38.0866 -4.6194 21
      vertex -39 -1.73205 21
    endloop
  endfacet
  facet normal 0 0 1
    outer loop
      vertex -38.0866 -4.6194 21
      vertex -39.4824 -1.93185 21
      vertex -39.0245 -4.90393 21
    endloop
  endfacet
  facet normal -0 0 1
    outer loop
      vertex -40 -2 21
      vertex -39.0245 -4.90393 21
      vertex -39.4824 -1.93185 21
    endloop
  endfacet
  facet normal 0 0 1
    outer loop
      vertex -40 -2 21
      vertex -40 -5 21
      vertex -39.0245 -4.90393 21
    endloop
  endfacet
  facet normal 0 0 1
    outer loop
      vertex -40.9755 -4.90393 21
      vertex -40 -2 21
      vertex -40.5176 -1.93185 21
    endloop
  endfacet
  facet normal 0 0 1
    outer loop
      vertex -40 -2 21
      vertex -40.9755 -4.90393 21
      vertex -40 -5 21
    endloop
  endfacet
  facet normal 0 0 1
    outer loop
      vertex -41.9134 -4.6194 21
      vertex -40.5176 -1.93185 21
      vertex -41 -1.73205 21
    endloop
  endfacet
  facet normal 0 0 1
    outer loop
      vertex -42.7779 -4.15735 21
      vertex -41 -1.73205 21
      vertex -41.4142 -1.41421 21
    endloop
  endfacet
  facet normal 0 0 1
    outer loop
      vertex -44.1573 -2.77785 21
      vertex -41.4142 -1.41421 21
      vertex -41.732 -1 21
    endloop
  endfacet
  facet normal 0 0 1
    outer loop
      vertex -40.5176 -1.93185 21
      vertex -41.9134 -4.6194 21
      vertex -40.9755 -4.90393 21
    endloop
  endfacet
  facet normal 0 0 1
    outer loop
      vertex -44.6194 -1.91342 21
      vertex -41.732 -1 21
      vertex -41.9319 -0.517637 21
    endloop
  endfacet
  facet normal 0 0 1
    outer loop
      vertex -44.9039 -0.975451 21
      vertex -41.9319 -0.517637 21
      vertex -42 0 21
    endloop
  endfacet
  facet normal -0 0 1
    outer loop
      vertex -44.6194 1.91342 21
      vertex -41.732 1 21
      vertex -44.1573 2.77785 21
    endloop
  endfacet
  facet normal 0 0 1
    outer loop
      vertex -41 -1.73205 21
      vertex -42.7779 -4.15735 21
      vertex -41.9134 -4.6194 21
    endloop
  endfacet
  facet normal 0 0 1
    outer loop
      vertex -41.732 1 21
      vertex -44.6194 1.91342 21
      vertex -41.9319 0.517637 21
    endloop
  endfacet
  facet normal 0 0 1
    outer loop
      vertex -41.4142 -1.41421 21
      vertex -43.5355 -3.53553 21
      vertex -42.7779 -4.15735 21
    endloop
  endfacet
  facet normal -0 0 1
    outer loop
      vertex -44.9039 0.975451 21
      vertex -41.9319 0.517637 21
      vertex -44.6194 1.91342 21
    endloop
  endfacet
  facet normal 0 0 1
    outer loop
      vertex -41.4142 -1.41421 21
      vertex -44.1573 -2.77785 21
      vertex -43.5355 -3.53553 21
    endloop
  endfacet
  facet normal 0 0 1
    outer loop
      vertex -41.9319 0.517637 21
      vertex -44.9039 0.975451 21
      vertex -42 0 21
    endloop
  endfacet
  facet normal 0 0 1
    outer loop
      vertex -41.732 -1 21
      vertex -44.6194 -1.91342 21
      vertex -44.1573 -2.77785 21
    endloop
  endfacet
  facet normal 0 0 1
    outer loop
      vertex -45 0 21
      vertex -42 0 21
      vertex -44.9039 0.975451 21
    endloop
  endfacet
  facet normal 0 0 1
    outer loop
      vertex -41.9319 -0.517637 21
      vertex -44.9039 -0.975451 21
      vertex -44.6194 -1.91342 21
    endloop
  endfacet
  facet normal 0 0 1
    outer loop
      vertex -42 0 21
      vertex -45 0 21
      vertex -44.9039 -0.975451 21
    endloop
  endfacet
  facet normal 0.773016 0.634386 -1.69321e-19
    outer loop
      vertex -35.8427 2.77785 21
      vertex -36.4645 3.53553 17
      vertex -36.4645 3.53553 21
    endloop
  endfacet
  facet normal 0.773016 0.634386 -1.69321e-19
    outer loop
      vertex -36.4645 3.53553 17
      vertex -35.8427 2.77785 21
      vertex -35.8427 2.77785 17
    endloop
  endfacet
  facet normal -0.773016 0.634386 1.69321e-19
    outer loop
      vertex -44.1573 2.77785 17
      vertex -43.5355 3.53553 21
      vertex -43.5355 3.53553 17
    endloop
  endfacet
  facet normal -0.773016 0.634386 1.69321e-19
    outer loop
      vertex -43.5355 3.53553 21
      vertex -44.1573 2.77785 17
      vertex -44.1573 2.77785 21
    endloop
  endfacet
  facet normal -0.881899 -0.471438 -1.17065e-18
    outer loop
      vertex -44.1573 -2.77785 17
      vertex -44.6194 -1.91342 21
      vertex -44.6194 -1.91342 17
    endloop
  endfacet
  facet normal -0.881899 -0.471438 -1.17065e-18
    outer loop
      vertex -44.6194 -1.91342 21
      vertex -44.1573 -2.77785 17
      vertex -44.1573 -2.77785 21
    endloop
  endfacet
  facet normal 0.881899 -0.471438 1.17065e-18
    outer loop
      vertex -35.8427 -2.77785 21
      vertex -35.3806 -1.91342 17
      vertex -35.3806 -1.91342 21
    endloop
  endfacet
  facet normal 0.881899 -0.471438 1.17065e-18
    outer loop
      vertex -35.3806 -1.91342 17
      vertex -35.8427 -2.77785 21
      vertex -35.8427 -2.77785 17
    endloop
  endfacet
  facet normal -0.290304 0.956934 0
    outer loop
      vertex -40.9755 4.90393 17
      vertex -41.9134 4.6194 21
      vertex -40.9755 4.90393 21
    endloop
  endfacet
  facet normal -0.290304 0.956934 0
    outer loop
      vertex -41.9134 4.6194 21
      vertex -40.9755 4.90393 17
      vertex -41.9134 4.6194 17
    endloop
  endfacet
  facet normal 0.290304 -0.956934 0
    outer loop
      vertex -39.0245 -4.90393 17
      vertex -38.0866 -4.6194 21
      vertex -39.0245 -4.90393 21
    endloop
  endfacet
  facet normal 0.290304 -0.956934 0
    outer loop
      vertex -38.0866 -4.6194 21
      vertex -39.0245 -4.90393 17
      vertex -38.0866 -4.6194 17
    endloop
  endfacet
  facet normal 0.634438 0.772974 -0
    outer loop
      vertex -36.4645 3.53553 17
      vertex -37.2221 4.15735 21
      vertex -36.4645 3.53553 21
    endloop
  endfacet
  facet normal 0.634438 0.772974 0
    outer loop
      vertex -37.2221 4.15735 21
      vertex -36.4645 3.53553 17
      vertex -37.2221 4.15735 17
    endloop
  endfacet
  facet normal -0.0980087 0.995186 0
    outer loop
      vertex -40 5 17
      vertex -40.9755 4.90393 21
      vertex -40 5 21
    endloop
  endfacet
  facet normal -0.0980087 0.995186 0
    outer loop
      vertex -40.9755 4.90393 21
      vertex -40 5 17
      vertex -40.9755 4.90393 17
    endloop
  endfacet
  facet normal 0.634438 -0.772974 0
    outer loop
      vertex -37.2221 -4.15735 17
      vertex -36.4645 -3.53553 21
      vertex -37.2221 -4.15735 21
    endloop
  endfacet
  facet normal 0.634438 -0.772974 0
    outer loop
      vertex -36.4645 -3.53553 21
      vertex -37.2221 -4.15735 17
      vertex -36.4645 -3.53553 17
    endloop
  endfacet
  facet normal 0.471369 -0.881936 0
    outer loop
      vertex -38.0866 -4.6194 17
      vertex -37.2221 -4.15735 21
      vertex -38.0866 -4.6194 21
    endloop
  endfacet
  facet normal 0.471369 -0.881936 0
    outer loop
      vertex -37.2221 -4.15735 21
      vertex -38.0866 -4.6194 17
      vertex -37.2221 -4.15735 17
    endloop
  endfacet
  facet normal -0.634438 -0.772974 0
    outer loop
      vertex -43.5355 -3.53553 17
      vertex -42.7779 -4.15735 21
      vertex -43.5355 -3.53553 21
    endloop
  endfacet
  facet normal -0.634438 -0.772974 -0
    outer loop
      vertex -42.7779 -4.15735 21
      vertex -43.5355 -3.53553 17
      vertex -42.7779 -4.15735 17
    endloop
  endfacet
  facet normal 0 0 -1
    outer loop
      vertex -38 0 17
      vertex -35 0 17
      vertex -35.0961 -0.975451 17
    endloop
  endfacet
  facet normal 0 0 -1
    outer loop
      vertex -38.0681 -0.517637 17
      vertex -35.0961 -0.975451 17
      vertex -35.3806 -1.91342 17
    endloop
  endfacet
  facet normal 0 0 -1
    outer loop
      vertex -35 0 17
      vertex -38 0 17
      vertex -35.0961 0.975451 17
    endloop
  endfacet
  facet normal 0 0 -1
    outer loop
      vertex -38.268 -1 17
      vertex -35.3806 -1.91342 17
      vertex -35.8427 -2.77785 17
    endloop
  endfacet
  facet normal 0 0 -1
    outer loop
      vertex -38.0681 0.517637 17
      vertex -35.0961 0.975451 17
      vertex -38 0 17
    endloop
  endfacet
  facet normal 0 0 -1
    outer loop
      vertex -38.5858 -1.41421 17
      vertex -35.8427 -2.77785 17
      vertex -36.4645 -3.53553 17
    endloop
  endfacet
  facet normal -0 0 -1
    outer loop
      vertex -35.0961 0.975451 17
      vertex -38.0681 0.517637 17
      vertex -35.3806 1.91342 17
    endloop
  endfacet
  facet normal 0 0 -1
    outer loop
      vertex -38.5858 -1.41421 17
      vertex -36.4645 -3.53553 17
      vertex -37.2221 -4.15735 17
    endloop
  endfacet
  facet normal 0 0 -1
    outer loop
      vertex -38.268 1 17
      vertex -35.3806 1.91342 17
      vertex -38.0681 0.517637 17
    endloop
  endfacet
  facet normal -0 0 -1
    outer loop
      vertex -35.3806 1.91342 17
      vertex -38.268 1 17
      vertex -35.8427 2.77785 17
    endloop
  endfacet
  facet normal 0 0 -1
    outer loop
      vertex -35.0961 -0.975451 17
      vertex -38.0681 -0.517637 17
      vertex -38 0 17
    endloop
  endfacet
  facet normal 0 0 -1
    outer loop
      vertex -39 -1.73205 17
      vertex -37.2221 -4.15735 17
      vertex -38.0866 -4.6194 17
    endloop
  endfacet
  facet normal 0 0 -1
    outer loop
      vertex -35.3806 -1.91342 17
      vertex -38.268 -1 17
      vertex -38.0681 -0.517637 17
    endloop
  endfacet
  facet normal 0 0 -1
    outer loop
      vertex -35.8427 -2.77785 17
      vertex -38.5858 -1.41421 17
      vertex -38.268 -1 17
    endloop
  endfacet
  facet normal 0 0 -1
    outer loop
      vertex -37.2221 -4.15735 17
      vertex -39 -1.73205 17
      vertex -38.5858 -1.41421 17
    endloop
  endfacet
  facet normal 0 0 -1
    outer loop
      vertex -39.4824 -1.93185 17
      vertex -38.0866 -4.6194 17
      vertex -39.0245 -4.90393 17
    endloop
  endfacet
  facet normal 0 0 -1
    outer loop
      vertex -38.0866 -4.6194 17
      vertex -39.4824 -1.93185 17
      vertex -39 -1.73205 17
    endloop
  endfacet
  facet normal 0 0 -1
    outer loop
      vertex -40 -2 17
      vertex -39.0245 -4.90393 17
      vertex -40 -5 17
    endloop
  endfacet
  facet normal 0 0 -1
    outer loop
      vertex -39.0245 -4.90393 17
      vertex -40 -2 17
      vertex -39.4824 -1.93185 17
    endloop
  endfacet
  facet normal 0 0 -1
    outer loop
      vertex -40.9755 -4.90393 17
      vertex -40 -2 17
      vertex -40 -5 17
    endloop
  endfacet
  facet normal -0 0 -1
    outer loop
      vertex -40 -2 17
      vertex -40.9755 -4.90393 17
      vertex -40.5176 -1.93185 17
    endloop
  endfacet
  facet normal 0 0 -1
    outer loop
      vertex -41.9134 -4.6194 17
      vertex -40.5176 -1.93185 17
      vertex -40.9755 -4.90393 17
    endloop
  endfacet
  facet normal -0 0 -1
    outer loop
      vertex -40.5176 -1.93185 17
      vertex -41.9134 -4.6194 17
      vertex -41 -1.73205 17
    endloop
  endfacet
  facet normal 0 0 -1
    outer loop
      vertex -42.7779 -4.15735 17
      vertex -41 -1.73205 17
      vertex -41.9134 -4.6194 17
    endloop
  endfacet
  facet normal -0 0 -1
    outer loop
      vertex -41 -1.73205 17
      vertex -42.7779 -4.15735 17
      vertex -41.4142 -1.41421 17
    endloop
  endfacet
  facet normal 0 0 -1
    outer loop
      vertex -43.5355 -3.53553 17
      vertex -41.4142 -1.41421 17
      vertex -42.7779 -4.15735 17
    endloop
  endfacet
  facet normal 0 0 -1
    outer loop
      vertex -44.1573 -2.77785 17
      vertex -41.4142 -1.41421 17
      vertex -43.5355 -3.53553 17
    endloop
  endfacet
  facet normal -0 0 -1
    outer loop
      vertex -41.4142 -1.41421 17
      vertex -44.1573 -2.77785 17
      vertex -41.732 -1 17
    endloop
  endfacet
  facet normal 0 0 -1
    outer loop
      vertex -38.5858 1.41421 17
      vertex -35.8427 2.77785 17
      vertex -38.268 1 17
    endloop
  endfacet
  facet normal -0 0 -1
    outer loop
      vertex -35.8427 2.77785 17
      vertex -38.5858 1.41421 17
      vertex -36.4645 3.53553 17
    endloop
  endfacet
  facet normal -0 0 -1
    outer loop
      vertex -36.4645 3.53553 17
      vertex -38.5858 1.41421 17
      vertex -37.2221 4.15735 17
    endloop
  endfacet
  facet normal 0 0 -1
    outer loop
      vertex -39 1.73205 17
      vertex -37.2221 4.15735 17
      vertex -38.5858 1.41421 17
    endloop
  endfacet
  facet normal -0 0 -1
    outer loop
      vertex -37.2221 4.15735 17
      vertex -39 1.73205 17
      vertex -38.0866 4.6194 17
    endloop
  endfacet
  facet normal 0 0 -1
    outer loop
      vertex -39.4824 1.93185 17
      vertex -38.0866 4.6194 17
      vertex -39 1.73205 17
    endloop
  endfacet
  facet normal -0 0 -1
    outer loop
      vertex -38.0866 4.6194 17
      vertex -39.4824 1.93185 17
      vertex -39.0245 4.90393 17
    endloop
  endfacet
  facet normal 0 0 -1
    outer loop
      vertex -40 2 17
      vertex -39.0245 4.90393 17
      vertex -39.4824 1.93185 17
    endloop
  endfacet
  facet normal 0 0 -1
    outer loop
      vertex -40 2 17
      vertex -40 5 17
      vertex -39.0245 4.90393 17
    endloop
  endfacet
  facet normal 0 0 -1
    outer loop
      vertex -40.9755 4.90393 17
      vertex -40 2 17
      vertex -40.5176 1.93185 17
    endloop
  endfacet
  facet normal 0 0 -1
    outer loop
      vertex -40 2 17
      vertex -40.9755 4.90393 17
      vertex -40 5 17
    endloop
  endfacet
  facet normal 0 0 -1
    outer loop
      vertex -41.9134 4.6194 17
      vertex -40.5176 1.93185 17
      vertex -41 1.73205 17
    endloop
  endfacet
  facet normal 0 0 -1
    outer loop
      vertex -42.7779 4.15735 17
      vertex -41 1.73205 17
      vertex -41.4142 1.41421 17
    endloop
  endfacet
  facet normal 0 0 -1
    outer loop
      vertex -44.1573 2.77785 17
      vertex -41.4142 1.41421 17
      vertex -41.732 1 17
    endloop
  endfacet
  facet normal 0 0 -1
    outer loop
      vertex -40.5176 1.93185 17
      vertex -41.9134 4.6194 17
      vertex -40.9755 4.90393 17
    endloop
  endfacet
  facet normal 0 0 -1
    outer loop
      vertex -44.6194 1.91342 17
      vertex -41.732 1 17
      vertex -41.9319 0.517637 17
    endloop
  endfacet
  facet normal 0 0 -1
    outer loop
      vertex -44.9039 0.975451 17
      vertex -41.9319 0.517637 17
      vertex -42 0 17
    endloop
  endfacet
  facet normal 0 0 -1
    outer loop
      vertex -44.6194 -1.91342 17
      vertex -41.732 -1 17
      vertex -44.1573 -2.77785 17
    endloop
  endfacet
  facet normal 0 0 -1
    outer loop
      vertex -41 1.73205 17
      vertex -42.7779 4.15735 17
      vertex -41.9134 4.6194 17
    endloop
  endfacet
  facet normal -0 0 -1
    outer loop
      vertex -41.732 -1 17
      vertex -44.6194 -1.91342 17
      vertex -41.9319 -0.517637 17
    endloop
  endfacet
  facet normal 0 0 -1
    outer loop
      vertex -41.4142 1.41421 17
      vertex -43.5355 3.53553 17
      vertex -42.7779 4.15735 17
    endloop
  endfacet
  facet normal 0 0 -1
    outer loop
      vertex -44.9039 -0.975451 17
      vertex -41.9319 -0.517637 17
      vertex -44.6194 -1.91342 17
    endloop
  endfacet
  facet normal 0 0 -1
    outer loop
      vertex -41.4142 1.41421 17
      vertex -44.1573 2.77785 17
      vertex -43.5355 3.53553 17
    endloop
  endfacet
  facet normal -0 0 -1
    outer loop
      vertex -41.9319 -0.517637 17
      vertex -44.9039 -0.975451 17
      vertex -42 0 17
    endloop
  endfacet
  facet normal 0 0 -1
    outer loop
      vertex -41.732 1 17
      vertex -44.6194 1.91342 17
      vertex -44.1573 2.77785 17
    endloop
  endfacet
  facet normal 0 0 -1
    outer loop
      vertex -45 0 17
      vertex -42 0 17
      vertex -44.9039 -0.975451 17
    endloop
  endfacet
  facet normal 0 0 -1
    outer loop
      vertex -41.9319 0.517637 17
      vertex -44.9039 0.975451 17
      vertex -44.6194 1.91342 17
    endloop
  endfacet
  facet normal 0 0 -1
    outer loop
      vertex -42 0 17
      vertex -45 0 17
      vertex -44.9039 0.975451 17
    endloop
  endfacet
  facet normal 0.773016 -0.634386 1.69321e-19
    outer loop
      vertex -36.4645 -3.53553 21
      vertex -35.8427 -2.77785 17
      vertex -35.8427 -2.77785 21
    endloop
  endfacet
  facet normal 0.773016 -0.634386 1.69321e-19
    outer loop
      vertex -35.8427 -2.77785 17
      vertex -36.4645 -3.53553 21
      vertex -36.4645 -3.53553 17
    endloop
  endfacet
  facet normal -0.995182 0.0980439 1.18874e-18
    outer loop
      vertex -45 0 17
      vertex -44.9039 0.975451 21
      vertex -44.9039 0.975451 17
    endloop
  endfacet
  facet normal -0.995182 0.0980439 1.18874e-18
    outer loop
      vertex -44.9039 0.975451 21
      vertex -45 0 17
      vertex -45 0 21
    endloop
  endfacet
  facet normal -0.471369 0.881936 0
    outer loop
      vertex -41.9134 4.6194 17
      vertex -42.7779 4.15735 21
      vertex -41.9134 4.6194 21
    endloop
  endfacet
  facet normal -0.471369 0.881936 0
    outer loop
      vertex -42.7779 4.15735 21
      vertex -41.9134 4.6194 17
      vertex -42.7779 4.15735 17
    endloop
  endfacet
  facet normal 0.471369 0.881936 -0
    outer loop
      vertex -37.2221 4.15735 17
      vertex -38.0866 4.6194 21
      vertex -37.2221 4.15735 21
    endloop
  endfacet
  facet normal 0.471369 0.881936 0
    outer loop
      vertex -38.0866 4.6194 21
      vertex -37.2221 4.15735 17
      vertex -38.0866 4.6194 17
    endloop
  endfacet
  facet normal 0.290304 0.956934 -0
    outer loop
      vertex -38.0866 4.6194 17
      vertex -39.0245 4.90393 21
      vertex -38.0866 4.6194 21
    endloop
  endfacet
  facet normal 0.290304 0.956934 0
    outer loop
      vertex -39.0245 4.90393 21
      vertex -38.0866 4.6194 17
      vertex -39.0245 4.90393 17
    endloop
  endfacet
  facet normal -0.956949 0.290257 2.09612e-18
    outer loop
      vertex -44.9039 0.975451 17
      vertex -44.6194 1.91342 21
      vertex -44.6194 1.91342 17
    endloop
  endfacet
  facet normal -0.956949 0.290257 2.09612e-18
    outer loop
      vertex -44.6194 1.91342 21
      vertex -44.9039 0.975451 17
      vertex -44.9039 0.975451 21
    endloop
  endfacet
  facet normal 0.0980087 -0.995186 0
    outer loop
      vertex -40 -5 17
      vertex -39.0245 -4.90393 21
      vertex -40 -5 21
    endloop
  endfacet
  facet normal 0.0980087 -0.995186 0
    outer loop
      vertex -39.0245 -4.90393 21
      vertex -40 -5 17
      vertex -39.0245 -4.90393 17
    endloop
  endfacet
  facet normal -0.881899 0.471438 1.17065e-18
    outer loop
      vertex -44.6194 1.91342 17
      vertex -44.1573 2.77785 21
      vertex -44.1573 2.77785 17
    endloop
  endfacet
  facet normal -0.881899 0.471438 1.17065e-18
    outer loop
      vertex -44.1573 2.77785 21
      vertex -44.6194 1.91342 17
      vertex -44.6194 1.91342 21
    endloop
  endfacet
  facet normal 0.956949 -0.290257 2.09612e-18
    outer loop
      vertex -35.3806 -1.91342 21
      vertex -35.0961 -0.975451 17
      vertex -35.0961 -0.975451 21
    endloop
  endfacet
  facet normal 0.956949 -0.290257 2.09612e-18
    outer loop
      vertex -35.0961 -0.975451 17
      vertex -35.3806 -1.91342 21
      vertex -35.3806 -1.91342 17
    endloop
  endfacet
  facet normal 0.995182 -0.0980439 1.18874e-18
    outer loop
      vertex -35.0961 -0.975451 21
      vertex -35 0 17
      vertex -35 0 21
    endloop
  endfacet
  facet normal 0.995182 -0.0980439 1.18874e-18
    outer loop
      vertex -35 0 17
      vertex -35.0961 -0.975451 21
      vertex -35.0961 -0.975451 17
    endloop
  endfacet
  facet normal -0.956949 -0.290257 -2.09612e-18
    outer loop
      vertex -44.6194 -1.91342 17
      vertex -44.9039 -0.975451 21
      vertex -44.9039 -0.975451 17
    endloop
  endfacet
  facet normal -0.956949 -0.290257 -2.09612e-18
    outer loop
      vertex -44.9039 -0.975451 21
      vertex -44.6194 -1.91342 17
      vertex -44.6194 -1.91342 21
    endloop
  endfacet
  facet normal -0.995182 -0.0980439 -1.18874e-18
    outer loop
      vertex -44.9039 -0.975451 17
      vertex -45 0 21
      vertex -45 0 17
    endloop
  endfacet
  facet normal -0.995182 -0.0980439 -1.18874e-18
    outer loop
      vertex -45 0 21
      vertex -44.9039 -0.975451 17
      vertex -44.9039 -0.975451 21
    endloop
  endfacet
  facet normal -0.773016 -0.634386 -1.69321e-19
    outer loop
      vertex -43.5355 -3.53553 17
      vertex -44.1573 -2.77785 21
      vertex -44.1573 -2.77785 17
    endloop
  endfacet
  facet normal -0.773016 -0.634386 -1.69321e-19
    outer loop
      vertex -44.1573 -2.77785 21
      vertex -43.5355 -3.53553 17
      vertex -43.5355 -3.53553 21
    endloop
  endfacet
  facet normal -0.471369 -0.881936 0
    outer loop
      vertex -42.7779 -4.15735 17
      vertex -41.9134 -4.6194 21
      vertex -42.7779 -4.15735 21
    endloop
  endfacet
  facet normal -0.471369 -0.881936 -0
    outer loop
      vertex -41.9134 -4.6194 21
      vertex -42.7779 -4.15735 17
      vertex -41.9134 -4.6194 17
    endloop
  endfacet
  facet normal -0.0980087 -0.995186 0
    outer loop
      vertex -40.9755 -4.90393 17
      vertex -40 -5 21
      vertex -40.9755 -4.90393 21
    endloop
  endfacet
  facet normal -0.0980087 -0.995186 -0
    outer loop
      vertex -40 -5 21
      vertex -40.9755 -4.90393 17
      vertex -40 -5 17
    endloop
  endfacet
  facet normal -0.290304 -0.956934 0
    outer loop
      vertex -41.9134 -4.6194 17
      vertex -40.9755 -4.90393 21
      vertex -41.9134 -4.6194 21
    endloop
  endfacet
  facet normal -0.290304 -0.956934 -0
    outer loop
      vertex -40.9755 -4.90393 21
      vertex -41.9134 -4.6194 17
      vertex -40.9755 -4.90393 17
    endloop
  endfacet
  facet normal 0.991457 -0.130435 -1.22724e-18
    outer loop
      vertex -42 0 21
      vertex -41.9319 0.517637 17
      vertex -41.9319 0.517637 21
    endloop
  endfacet
  facet normal 0.991457 -0.130435 -1.22724e-18
    outer loop
      vertex -41.9319 0.517637 17
      vertex -42 0 21
      vertex -42 0 17
    endloop
  endfacet
  facet normal -0.923813 -0.382845 -6.67291e-19
    outer loop
      vertex -38.0681 0.517637 17
      vertex -38.268 1 21
      vertex -38.268 1 17
    endloop
  endfacet
  facet normal -0.923813 -0.382845 -6.67291e-19
    outer loop
      vertex -38.268 1 21
      vertex -38.0681 0.517637 17
      vertex -38.0681 0.517637 21
    endloop
  endfacet
  facet normal -0.991457 -0.130435 1.22724e-18
    outer loop
      vertex -38 0 17
      vertex -38.0681 0.517637 21
      vertex -38.0681 0.517637 17
    endloop
  endfacet
  facet normal -0.991457 -0.130435 1.22724e-18
    outer loop
      vertex -38.0681 0.517637 21
      vertex -38 0 17
      vertex -38 0 21
    endloop
  endfacet
  facet normal -0.793385 -0.60872 -7.94768e-19
    outer loop
      vertex -38.268 1 17
      vertex -38.5858 1.41421 21
      vertex -38.5858 1.41421 17
    endloop
  endfacet
  facet normal -0.793385 -0.60872 -7.94768e-19
    outer loop
      vertex -38.5858 1.41421 21
      vertex -38.268 1 17
      vertex -38.268 1 21
    endloop
  endfacet
  facet normal -0.991457 0.130435 -1.22724e-18
    outer loop
      vertex -38.0681 -0.517637 17
      vertex -38 0 21
      vertex -38 0 17
    endloop
  endfacet
  facet normal -0.991457 0.130435 -1.22724e-18
    outer loop
      vertex -38 0 21
      vertex -38.0681 -0.517637 17
      vertex -38.0681 -0.517637 21
    endloop
  endfacet
  facet normal -0.130539 0.991443 0
    outer loop
      vertex -39.4824 -1.93185 17
      vertex -40 -2 21
      vertex -39.4824 -1.93185 21
    endloop
  endfacet
  facet normal -0.130539 0.991443 0
    outer loop
      vertex -40 -2 21
      vertex -39.4824 -1.93185 17
      vertex -40 -2 17
    endloop
  endfacet
  facet normal 0.923813 -0.382845 6.67291e-19
    outer loop
      vertex -41.9319 0.517637 21
      vertex -41.732 1 17
      vertex -41.732 1 21
    endloop
  endfacet
  facet normal 0.923813 -0.382845 6.67291e-19
    outer loop
      vertex -41.732 1 17
      vertex -41.9319 0.517637 21
      vertex -41.9319 0.517637 17
    endloop
  endfacet
  facet normal -0.608777 0.793341 0
    outer loop
      vertex -38.5858 -1.41421 17
      vertex -39 -1.73205 21
      vertex -38.5858 -1.41421 21
    endloop
  endfacet
  facet normal -0.608777 0.793341 0
    outer loop
      vertex -39 -1.73205 21
      vertex -38.5858 -1.41421 17
      vertex -39 -1.73205 17
    endloop
  endfacet
  facet normal -0.382656 -0.923891 0
    outer loop
      vertex -39.4824 1.93185 17
      vertex -39 1.73205 21
      vertex -39.4824 1.93185 21
    endloop
  endfacet
  facet normal -0.382656 -0.923891 -0
    outer loop
      vertex -39 1.73205 21
      vertex -39.4824 1.93185 17
      vertex -39 1.73205 17
    endloop
  endfacet
  facet normal 0.923813 0.382845 -6.67291e-19
    outer loop
      vertex -41.732 -1 21
      vertex -41.9319 -0.517637 17
      vertex -41.9319 -0.517637 21
    endloop
  endfacet
  facet normal 0.923813 0.382845 -6.67291e-19
    outer loop
      vertex -41.9319 -0.517637 17
      vertex -41.732 -1 21
      vertex -41.732 -1 17
    endloop
  endfacet
  facet normal -0.130539 -0.991443 0
    outer loop
      vertex -40 2 17
      vertex -39.4824 1.93185 21
      vertex -40 2 21
    endloop
  endfacet
  facet normal -0.130539 -0.991443 -0
    outer loop
      vertex -39.4824 1.93185 21
      vertex -40 2 17
      vertex -39.4824 1.93185 17
    endloop
  endfacet
  facet normal 0.382656 -0.923891 0
    outer loop
      vertex -41 1.73205 17
      vertex -40.5176 1.93185 21
      vertex -41 1.73205 21
    endloop
  endfacet
  facet normal 0.382656 -0.923891 0
    outer loop
      vertex -40.5176 1.93185 21
      vertex -41 1.73205 17
      vertex -40.5176 1.93185 17
    endloop
  endfacet
  facet normal 0.130539 -0.991443 0
    outer loop
      vertex -40.5176 1.93185 17
      vertex -40 2 21
      vertex -40.5176 1.93185 21
    endloop
  endfacet
  facet normal 0.130539 -0.991443 0
    outer loop
      vertex -40 2 21
      vertex -40.5176 1.93185 17
      vertex -40 2 17
    endloop
  endfacet
  facet normal 0.608777 0.793341 -0
    outer loop
      vertex -41 -1.73205 17
      vertex -41.4142 -1.41421 21
      vertex -41 -1.73205 21
    endloop
  endfacet
  facet normal 0.608777 0.793341 0
    outer loop
      vertex -41.4142 -1.41421 21
      vertex -41 -1.73205 17
      vertex -41.4142 -1.41421 17
    endloop
  endfacet
  facet normal 0.608777 -0.793341 0
    outer loop
      vertex -41.4142 1.41421 17
      vertex -41 1.73205 21
      vertex -41.4142 1.41421 21
    endloop
  endfacet
  facet normal 0.608777 -0.793341 0
    outer loop
      vertex -41 1.73205 21
      vertex -41.4142 1.41421 17
      vertex -41 1.73205 17
    endloop
  endfacet
  facet normal -0.923813 0.382845 6.67291e-19
    outer loop
      vertex -38.268 -1 17
      vertex -38.0681 -0.517637 21
      vertex -38.0681 -0.517637 17
    endloop
  endfacet
  facet normal -0.923813 0.382845 6.67291e-19
    outer loop
      vertex -38.0681 -0.517637 21
      vertex -38.268 -1 17
      vertex -38.268 -1 21
    endloop
  endfacet
  facet normal -0.793385 0.60872 7.94768e-19
    outer loop
      vertex -38.5858 -1.41421 17
      vertex -38.268 -1 21
      vertex -38.268 -1 17
    endloop
  endfacet
  facet normal -0.793385 0.60872 7.94768e-19
    outer loop
      vertex -38.268 -1 21
      vertex -38.5858 -1.41421 17
      vertex -38.5858 -1.41421 21
    endloop
  endfacet
  facet normal -0.608777 -0.793341 0
    outer loop
      vertex -39 1.73205 17
      vertex -38.5858 1.41421 21
      vertex -39 1.73205 21
    endloop
  endfacet
  facet normal -0.608777 -0.793341 -0
    outer loop
      vertex -38.5858 1.41421 21
      vertex -39 1.73205 17
      vertex -38.5858 1.41421 17
    endloop
  endfacet
  facet normal 0.991457 0.130435 1.22724e-18
    outer loop
      vertex -41.9319 -0.517637 21
      vertex -42 0 17
      vertex -42 0 21
    endloop
  endfacet
  facet normal 0.991457 0.130435 1.22724e-18
    outer loop
      vertex -42 0 17
      vertex -41.9319 -0.517637 21
      vertex -41.9319 -0.517637 17
    endloop
  endfacet
  facet normal -0.382656 0.923891 0
    outer loop
      vertex -39 -1.73205 17
      vertex -39.4824 -1.93185 21
      vertex -39 -1.73205 21
    endloop
  endfacet
  facet normal -0.382656 0.923891 0
    outer loop
      vertex -39.4824 -1.93185 21
      vertex -39 -1.73205 17
      vertex -39.4824 -1.93185 17
    endloop
  endfacet
  facet normal 0.793385 0.60872 -7.94768e-19
    outer loop
      vertex -41.4142 -1.41421 21
      vertex -41.732 -1 17
      vertex -41.732 -1 21
    endloop
  endfacet
  facet normal 0.793385 0.60872 -7.94768e-19
    outer loop
      vertex -41.732 -1 17
      vertex -41.4142 -1.41421 21
      vertex -41.4142 -1.41421 17
    endloop
  endfacet
  facet normal 0.382656 0.923891 -0
    outer loop
      vertex -40.5176 -1.93185 17
      vertex -41 -1.73205 21
      vertex -40.5176 -1.93185 21
    endloop
  endfacet
  facet normal 0.382656 0.923891 0
    outer loop
      vertex -41 -1.73205 21
      vertex -40.5176 -1.93185 17
      vertex -41 -1.73205 17
    endloop
  endfacet
  facet normal 0.130539 0.991443 -0
    outer loop
      vertex -40 -2 17
      vertex -40.5176 -1.93185 21
      vertex -40 -2 21
    endloop
  endfacet
  facet normal 0.130539 0.991443 0
    outer loop
      vertex -40.5176 -1.93185 21
      vertex -40 -2 17
      vertex -40.5176 -1.93185 17
    endloop
  endfacet
  facet normal 0.793385 -0.60872 7.94768e-19
    outer loop
      vertex -41.732 1 21
      vertex -41.4142 1.41421 17
      vertex -41.4142 1.41421 21
    endloop
  endfacet
  facet normal 0.793385 -0.60872 7.94768e-19
    outer loop
      vertex -41.4142 1.41421 17
      vertex -41.732 1 21
      vertex -41.732 1 17
    endloop
  endfacet
  facet normal 0.0980087 0.995186 -0
    outer loop
      vertex 40.9755 4.90393 17
      vertex 40 5 21
      vertex 40.9755 4.90393 21
    endloop
  endfacet
  facet normal 0.0980087 0.995186 0
    outer loop
      vertex 40 5 21
      vertex 40.9755 4.90393 17
      vertex 40 5 17
    endloop
  endfacet
  facet normal 0.956949 0.290257 -2.09612e-18
    outer loop
      vertex 44.9039 0.975451 21
      vertex 44.6194 1.91342 17
      vertex 44.6194 1.91342 21
    endloop
  endfacet
  facet normal 0.956949 0.290257 -2.09612e-18
    outer loop
      vertex 44.6194 1.91342 17
      vertex 44.9039 0.975451 21
      vertex 44.9039 0.975451 17
    endloop
  endfacet
  facet normal 0.995182 0.0980439 -1.18874e-18
    outer loop
      vertex 45 0 21
      vertex 44.9039 0.975451 17
      vertex 44.9039 0.975451 21
    endloop
  endfacet
  facet normal 0.995182 0.0980439 -1.18874e-18
    outer loop
      vertex 44.9039 0.975451 17
      vertex 45 0 21
      vertex 45 0 17
    endloop
  endfacet
  facet normal 0.881899 0.471438 -1.17065e-18
    outer loop
      vertex 44.6194 1.91342 21
      vertex 44.1573 2.77785 17
      vertex 44.1573 2.77785 21
    endloop
  endfacet
  facet normal 0.881899 0.471438 -1.17065e-18
    outer loop
      vertex 44.1573 2.77785 17
      vertex 44.6194 1.91342 21
      vertex 44.6194 1.91342 17
    endloop
  endfacet
  facet normal -0.634438 0.772974 0
    outer loop
      vertex 37.2221 4.15735 17
      vertex 36.4645 3.53553 21
      vertex 37.2221 4.15735 21
    endloop
  endfacet
  facet normal -0.634438 0.772974 0
    outer loop
      vertex 36.4645 3.53553 21
      vertex 37.2221 4.15735 17
      vertex 36.4645 3.53553 17
    endloop
  endfacet
  facet normal 0 0 1
    outer loop
      vertex 42 0 21
      vertex 45 0 21
      vertex 44.9039 0.975451 21
    endloop
  endfacet
  facet normal 0 0 1
    outer loop
      vertex 41.9319 0.517637 21
      vertex 44.9039 0.975451 21
      vertex 44.6194 1.91342 21
    endloop
  endfacet
  facet normal 0 0 1
    outer loop
      vertex 45 0 21
      vertex 42 0 21
      vertex 44.9039 -0.975451 21
    endloop
  endfacet
  facet normal 0 0 1
    outer loop
      vertex 41.732 1 21
      vertex 44.6194 1.91342 21
      vertex 44.1573 2.77785 21
    endloop
  endfacet
  facet normal -0 0 1
    outer loop
      vertex 41.9319 -0.517637 21
      vertex 44.9039 -0.975451 21
      vertex 42 0 21
    endloop
  endfacet
  facet normal 0 0 1
    outer loop
      vertex 41.4142 1.41421 21
      vertex 44.1573 2.77785 21
      vertex 43.5355 3.53553 21
    endloop
  endfacet
  facet normal 0 0 1
    outer loop
      vertex 44.9039 -0.975451 21
      vertex 41.9319 -0.517637 21
      vertex 44.6194 -1.91342 21
    endloop
  endfacet
  facet normal 0 0 1
    outer loop
      vertex 41.4142 1.41421 21
      vertex 43.5355 3.53553 21
      vertex 42.7779 4.15735 21
    endloop
  endfacet
  facet normal -0 0 1
    outer loop
      vertex 41.732 -1 21
      vertex 44.6194 -1.91342 21
      vertex 41.9319 -0.517637 21
    endloop
  endfacet
  facet normal 0 0 1
    outer loop
      vertex 44.6194 -1.91342 21
      vertex 41.732 -1 21
      vertex 44.1573 -2.77785 21
    endloop
  endfacet
  facet normal 0 0 1
    outer loop
      vertex 44.9039 0.975451 21
      vertex 41.9319 0.517637 21
      vertex 42 0 21
    endloop
  endfacet
  facet normal 0 0 1
    outer loop
      vertex 41 1.73205 21
      vertex 42.7779 4.15735 21
      vertex 41.9134 4.6194 21
    endloop
  endfacet
  facet normal 0 0 1
    outer loop
      vertex 44.6194 1.91342 21
      vertex 41.732 1 21
      vertex 41.9319 0.517637 21
    endloop
  endfacet
  facet normal 0 0 1
    outer loop
      vertex 44.1573 2.77785 21
      vertex 41.4142 1.41421 21
      vertex 41.732 1 21
    endloop
  endfacet
  facet normal 0 0 1
    outer loop
      vertex 42.7779 4.15735 21
      vertex 41 1.73205 21
      vertex 41.4142 1.41421 21
    endloop
  endfacet
  facet normal 0 0 1
    outer loop
      vertex 40.5176 1.93185 21
      vertex 41.9134 4.6194 21
      vertex 40.9755 4.90393 21
    endloop
  endfacet
  facet normal 0 0 1
    outer loop
      vertex 41.9134 4.6194 21
      vertex 40.5176 1.93185 21
      vertex 41 1.73205 21
    endloop
  endfacet
  facet normal 0 0 1
    outer loop
      vertex 40 2 21
      vertex 40.9755 4.90393 21
      vertex 40 5 21
    endloop
  endfacet
  facet normal 0 0 1
    outer loop
      vertex 40.9755 4.90393 21
      vertex 40 2 21
      vertex 40.5176 1.93185 21
    endloop
  endfacet
  facet normal -0 0 1
    outer loop
      vertex 39.0245 4.90393 21
      vertex 40 2 21
      vertex 40 5 21
    endloop
  endfacet
  facet normal 0 0 1
    outer loop
      vertex 40 2 21
      vertex 39.0245 4.90393 21
      vertex 39.4824 1.93185 21
    endloop
  endfacet
  facet normal -0 0 1
    outer loop
      vertex 38.0866 4.6194 21
      vertex 39.4824 1.93185 21
      vertex 39.0245 4.90393 21
    endloop
  endfacet
  facet normal 0 0 1
    outer loop
      vertex 39.4824 1.93185 21
      vertex 38.0866 4.6194 21
      vertex 39 1.73205 21
    endloop
  endfacet
  facet normal -0 0 1
    outer loop
      vertex 37.2221 4.15735 21
      vertex 39 1.73205 21
      vertex 38.0866 4.6194 21
    endloop
  endfacet
  facet normal 0 0 1
    outer loop
      vertex 39 1.73205 21
      vertex 37.2221 4.15735 21
      vertex 38.5858 1.41421 21
    endloop
  endfacet
  facet normal -0 0 1
    outer loop
      vertex 36.4645 3.53553 21
      vertex 38.5858 1.41421 21
      vertex 37.2221 4.15735 21
    endloop
  endfacet
  facet normal -0 0 1
    outer loop
      vertex 35.8427 2.77785 21
      vertex 38.5858 1.41421 21
      vertex 36.4645 3.53553 21
    endloop
  endfacet
  facet normal 0 0 1
    outer loop
      vertex 38.5858 1.41421 21
      vertex 35.8427 2.77785 21
      vertex 38.268 1 21
    endloop
  endfacet
  facet normal -0 0 1
    outer loop
      vertex 41.4142 -1.41421 21
      vertex 44.1573 -2.77785 21
      vertex 41.732 -1 21
    endloop
  endfacet
  facet normal 0 0 1
    outer loop
      vertex 44.1573 -2.77785 21
      vertex 41.4142 -1.41421 21
      vertex 43.5355 -3.53553 21
    endloop
  endfacet
  facet normal 0 0 1
    outer loop
      vertex 43.5355 -3.53553 21
      vertex 41.4142 -1.41421 21
      vertex 42.7779 -4.15735 21
    endloop
  endfacet
  facet normal -0 0 1
    outer loop
      vertex 41 -1.73205 21
      vertex 42.7779 -4.15735 21
      vertex 41.4142 -1.41421 21
    endloop
  endfacet
  facet normal 0 0 1
    outer loop
      vertex 42.7779 -4.15735 21
      vertex 41 -1.73205 21
      vertex 41.9134 -4.6194 21
    endloop
  endfacet
  facet normal -0 0 1
    outer loop
      vertex 40.5176 -1.93185 21
      vertex 41.9134 -4.6194 21
      vertex 41 -1.73205 21
    endloop
  endfacet
  facet normal 0 0 1
    outer loop
      vertex 41.9134 -4.6194 21
      vertex 40.5176 -1.93185 21
      vertex 40.9755 -4.90393 21
    endloop
  endfacet
  facet normal -0 0 1
    outer loop
      vertex 40 -2 21
      vertex 40.9755 -4.90393 21
      vertex 40.5176 -1.93185 21
    endloop
  endfacet
  facet normal 0 0 1
    outer loop
      vertex 40 -2 21
      vertex 40 -5 21
      vertex 40.9755 -4.90393 21
    endloop
  endfacet
  facet normal 0 0 1
    outer loop
      vertex 39.0245 -4.90393 21
      vertex 40 -2 21
      vertex 39.4824 -1.93185 21
    endloop
  endfacet
  facet normal 0 0 1
    outer loop
      vertex 40 -2 21
      vertex 39.0245 -4.90393 21
      vertex 40 -5 21
    endloop
  endfacet
  facet normal 0 0 1
    outer loop
      vertex 38.0866 -4.6194 21
      vertex 39.4824 -1.93185 21
      vertex 39 -1.73205 21
    endloop
  endfacet
  facet normal 0 0 1
    outer loop
      vertex 37.2221 -4.15735 21
      vertex 39 -1.73205 21
      vertex 38.5858 -1.41421 21
    endloop
  endfacet
  facet normal 0 0 1
    outer loop
      vertex 35.8427 -2.77785 21
      vertex 38.5858 -1.41421 21
      vertex 38.268 -1 21
    endloop
  endfacet
  facet normal 0 0 1
    outer loop
      vertex 39.4824 -1.93185 21
      vertex 38.0866 -4.6194 21
      vertex 39.0245 -4.90393 21
    endloop
  endfacet
  facet normal 0 0 1
    outer loop
      vertex 35.3806 -1.91342 21
      vertex 38.268 -1 21
      vertex 38.0681 -0.517637 21
    endloop
  endfacet
  facet normal 0 0 1
    outer loop
      vertex 35.0961 -0.975451 21
      vertex 38.0681 -0.517637 21
      vertex 38 0 21
    endloop
  endfacet
  facet normal -0 0 1
    outer loop
      vertex 35.3806 1.91342 21
      vertex 38.268 1 21
      vertex 35.8427 2.77785 21
    endloop
  endfacet
  facet normal 0 0 1
    outer loop
      vertex 39 -1.73205 21
      vertex 37.2221 -4.15735 21
      vertex 38.0866 -4.6194 21
    endloop
  endfacet
  facet normal 0 0 1
    outer loop
      vertex 38.268 1 21
      vertex 35.3806 1.91342 21
      vertex 38.0681 0.517637 21
    endloop
  endfacet
  facet normal 0 0 1
    outer loop
      vertex 38.5858 -1.41421 21
      vertex 36.4645 -3.53553 21
      vertex 37.2221 -4.15735 21
    endloop
  endfacet
  facet normal -0 0 1
    outer loop
      vertex 35.0961 0.975451 21
      vertex 38.0681 0.517637 21
      vertex 35.3806 1.91342 21
    endloop
  endfacet
  facet normal 0 0 1
    outer loop
      vertex 38.5858 -1.41421 21
      vertex 35.8427 -2.77785 21
      vertex 36.4645 -3.53553 21
    endloop
  endfacet
  facet normal 0 0 1
    outer loop
      vertex 38.0681 0.517637 21
      vertex 35.0961 0.975451 21
      vertex 38 0 21
    endloop
  endfacet
  facet normal 0 0 1
    outer loop
      vertex 38.268 -1 21
      vertex 35.3806 -1.91342 21
      vertex 35.8427 -2.77785 21
    endloop
  endfacet
  facet normal 0 0 1
    outer loop
      vertex 35 0 21
      vertex 38 0 21
      vertex 35.0961 0.975451 21
    endloop
  endfacet
  facet normal 0 0 1
    outer loop
      vertex 38.0681 -0.517637 21
      vertex 35.0961 -0.975451 21
      vertex 35.3806 -1.91342 21
    endloop
  endfacet
  facet normal 0 0 1
    outer loop
      vertex 38 0 21
      vertex 35 0 21
      vertex 35.0961 -0.975451 21
    endloop
  endfacet
  facet normal 0.773016 0.634386 -1.69321e-19
    outer loop
      vertex 44.1573 2.77785 21
      vertex 43.5355 3.53553 17
      vertex 43.5355 3.53553 21
    endloop
  endfacet
  facet normal 0.773016 0.634386 -1.69321e-19
    outer loop
      vertex 43.5355 3.53553 17
      vertex 44.1573 2.77785 21
      vertex 44.1573 2.77785 17
    endloop
  endfacet
  facet normal -0.773016 0.634386 1.69321e-19
    outer loop
      vertex 35.8427 2.77785 17
      vertex 36.4645 3.53553 21
      vertex 36.4645 3.53553 17
    endloop
  endfacet
  facet normal -0.773016 0.634386 1.69321e-19
    outer loop
      vertex 36.4645 3.53553 21
      vertex 35.8427 2.77785 17
      vertex 35.8427 2.77785 21
    endloop
  endfacet
  facet normal -0.881899 -0.471438 -1.17065e-18
    outer loop
      vertex 35.8427 -2.77785 17
      vertex 35.3806 -1.91342 21
      vertex 35.3806 -1.91342 17
    endloop
  endfacet
  facet normal -0.881899 -0.471438 -1.17065e-18
    outer loop
      vertex 35.3806 -1.91342 21
      vertex 35.8427 -2.77785 17
      vertex 35.8427 -2.77785 21
    endloop
  endfacet
  facet normal 0.881899 -0.471438 1.17065e-18
    outer loop
      vertex 44.1573 -2.77785 21
      vertex 44.6194 -1.91342 17
      vertex 44.6194 -1.91342 21
    endloop
  endfacet
  facet normal 0.881899 -0.471438 1.17065e-18
    outer loop
      vertex 44.6194 -1.91342 17
      vertex 44.1573 -2.77785 21
      vertex 44.1573 -2.77785 17
    endloop
  endfacet
  facet normal -0.290304 0.956934 0
    outer loop
      vertex 39.0245 4.90393 17
      vertex 38.0866 4.6194 21
      vertex 39.0245 4.90393 21
    endloop
  endfacet
  facet normal -0.290304 0.956934 0
    outer loop
      vertex 38.0866 4.6194 21
      vertex 39.0245 4.90393 17
      vertex 38.0866 4.6194 17
    endloop
  endfacet
  facet normal 0.290304 -0.956934 0
    outer loop
      vertex 40.9755 -4.90393 17
      vertex 41.9134 -4.6194 21
      vertex 40.9755 -4.90393 21
    endloop
  endfacet
  facet normal 0.290304 -0.956934 0
    outer loop
      vertex 41.9134 -4.6194 21
      vertex 40.9755 -4.90393 17
      vertex 41.9134 -4.6194 17
    endloop
  endfacet
  facet normal 0.634438 0.772974 -0
    outer loop
      vertex 43.5355 3.53553 17
      vertex 42.7779 4.15735 21
      vertex 43.5355 3.53553 21
    endloop
  endfacet
  facet normal 0.634438 0.772974 0
    outer loop
      vertex 42.7779 4.15735 21
      vertex 43.5355 3.53553 17
      vertex 42.7779 4.15735 17
    endloop
  endfacet
  facet normal -0.0980087 0.995186 0
    outer loop
      vertex 40 5 17
      vertex 39.0245 4.90393 21
      vertex 40 5 21
    endloop
  endfacet
  facet normal -0.0980087 0.995186 0
    outer loop
      vertex 39.0245 4.90393 21
      vertex 40 5 17
      vertex 39.0245 4.90393 17
    endloop
  endfacet
  facet normal 0.634438 -0.772974 0
    outer loop
      vertex 42.7779 -4.15735 17
      vertex 43.5355 -3.53553 21
      vertex 42.7779 -4.15735 21
    endloop
  endfacet
  facet normal 0.634438 -0.772974 0
    outer loop
      vertex 43.5355 -3.53553 21
      vertex 42.7779 -4.15735 17
      vertex 43.5355 -3.53553 17
    endloop
  endfacet
  facet normal 0.471369 -0.881936 0
    outer loop
      vertex 41.9134 -4.6194 17
      vertex 42.7779 -4.15735 21
      vertex 41.9134 -4.6194 21
    endloop
  endfacet
  facet normal 0.471369 -0.881936 0
    outer loop
      vertex 42.7779 -4.15735 21
      vertex 41.9134 -4.6194 17
      vertex 42.7779 -4.15735 17
    endloop
  endfacet
  facet normal -0.634438 -0.772974 0
    outer loop
      vertex 36.4645 -3.53553 17
      vertex 37.2221 -4.15735 21
      vertex 36.4645 -3.53553 21
    endloop
  endfacet
  facet normal -0.634438 -0.772974 -0
    outer loop
      vertex 37.2221 -4.15735 21
      vertex 36.4645 -3.53553 17
      vertex 37.2221 -4.15735 17
    endloop
  endfacet
  facet normal 0 0 -1
    outer loop
      vertex 42 0 17
      vertex 45 0 17
      vertex 44.9039 -0.975451 17
    endloop
  endfacet
  facet normal 0 0 -1
    outer loop
      vertex 41.9319 -0.517637 17
      vertex 44.9039 -0.975451 17
      vertex 44.6194 -1.91342 17
    endloop
  endfacet
  facet normal 0 0 -1
    outer loop
      vertex 45 0 17
      vertex 42 0 17
      vertex 44.9039 0.975451 17
    endloop
  endfacet
  facet normal 0 0 -1
    outer loop
      vertex 41.732 -1 17
      vertex 44.6194 -1.91342 17
      vertex 44.1573 -2.77785 17
    endloop
  endfacet
  facet normal 0 0 -1
    outer loop
      vertex 41.9319 0.517637 17
      vertex 44.9039 0.975451 17
      vertex 42 0 17
    endloop
  endfacet
  facet normal 0 0 -1
    outer loop
      vertex 41.4142 -1.41421 17
      vertex 44.1573 -2.77785 17
      vertex 43.5355 -3.53553 17
    endloop
  endfacet
  facet normal -0 0 -1
    outer loop
      vertex 44.9039 0.975451 17
      vertex 41.9319 0.517637 17
      vertex 44.6194 1.91342 17
    endloop
  endfacet
  facet normal 0 0 -1
    outer loop
      vertex 41.4142 -1.41421 17
      vertex 43.5355 -3.53553 17
      vertex 42.7779 -4.15735 17
    endloop
  endfacet
  facet normal 0 0 -1
    outer loop
      vertex 41.732 1 17
      vertex 44.6194 1.91342 17
      vertex 41.9319 0.517637 17
    endloop
  endfacet
  facet normal -0 0 -1
    outer loop
      vertex 44.6194 1.91342 17
      vertex 41.732 1 17
      vertex 44.1573 2.77785 17
    endloop
  endfacet
  facet normal 0 0 -1
    outer loop
      vertex 44.9039 -0.975451 17
      vertex 41.9319 -0.517637 17
      vertex 42 0 17
    endloop
  endfacet
  facet normal 0 0 -1
    outer loop
      vertex 41 -1.73205 17
      vertex 42.7779 -4.15735 17
      vertex 41.9134 -4.6194 17
    endloop
  endfacet
  facet normal 0 0 -1
    outer loop
      vertex 44.6194 -1.91342 17
      vertex 41.732 -1 17
      vertex 41.9319 -0.517637 17
    endloop
  endfacet
  facet normal 0 0 -1
    outer loop
      vertex 44.1573 -2.77785 17
      vertex 41.4142 -1.41421 17
      vertex 41.732 -1 17
    endloop
  endfacet
  facet normal 0 0 -1
    outer loop
      vertex 42.7779 -4.15735 17
      vertex 41 -1.73205 17
      vertex 41.4142 -1.41421 17
    endloop
  endfacet
  facet normal 0 0 -1
    outer loop
      vertex 40.5176 -1.93185 17
      vertex 41.9134 -4.6194 17
      vertex 40.9755 -4.90393 17
    endloop
  endfacet
  facet normal 0 0 -1
    outer loop
      vertex 41.9134 -4.6194 17
      vertex 40.5176 -1.93185 17
      vertex 41 -1.73205 17
    endloop
  endfacet
  facet normal 0 0 -1
    outer loop
      vertex 40 -2 17
      vertex 40.9755 -4.90393 17
      vertex 40 -5 17
    endloop
  endfacet
  facet normal 0 0 -1
    outer loop
      vertex 40.9755 -4.90393 17
      vertex 40 -2 17
      vertex 40.5176 -1.93185 17
    endloop
  endfacet
  facet normal 0 0 -1
    outer loop
      vertex 39.0245 -4.90393 17
      vertex 40 -2 17
      vertex 40 -5 17
    endloop
  endfacet
  facet normal -0 0 -1
    outer loop
      vertex 40 -2 17
      vertex 39.0245 -4.90393 17
      vertex 39.4824 -1.93185 17
    endloop
  endfacet
  facet normal 0 0 -1
    outer loop
      vertex 38.0866 -4.6194 17
      vertex 39.4824 -1.93185 17
      vertex 39.0245 -4.90393 17
    endloop
  endfacet
  facet normal -0 0 -1
    outer loop
      vertex 39.4824 -1.93185 17
      vertex 38.0866 -4.6194 17
      vertex 39 -1.73205 17
    endloop
  endfacet
  facet normal 0 0 -1
    outer loop
      vertex 37.2221 -4.15735 17
      vertex 39 -1.73205 17
      vertex 38.0866 -4.6194 17
    endloop
  endfacet
  facet normal -0 0 -1
    outer loop
      vertex 39 -1.73205 17
      vertex 37.2221 -4.15735 17
      vertex 38.5858 -1.41421 17
    endloop
  endfacet
  facet normal 0 0 -1
    outer loop
      vertex 36.4645 -3.53553 17
      vertex 38.5858 -1.41421 17
      vertex 37.2221 -4.15735 17
    endloop
  endfacet
  facet normal 0 0 -1
    outer loop
      vertex 35.8427 -2.77785 17
      vertex 38.5858 -1.41421 17
      vertex 36.4645 -3.53553 17
    endloop
  endfacet
  facet normal -0 0 -1
    outer loop
      vertex 38.5858 -1.41421 17
      vertex 35.8427 -2.77785 17
      vertex 38.268 -1 17
    endloop
  endfacet
  facet normal 0 0 -1
    outer loop
      vertex 41.4142 1.41421 17
      vertex 44.1573 2.77785 17
      vertex 41.732 1 17
    endloop
  endfacet
  facet normal -0 0 -1
    outer loop
      vertex 44.1573 2.77785 17
      vertex 41.4142 1.41421 17
      vertex 43.5355 3.53553 17
    endloop
  endfacet
  facet normal -0 0 -1
    outer loop
      vertex 43.5355 3.53553 17
      vertex 41.4142 1.41421 17
      vertex 42.7779 4.15735 17
    endloop
  endfacet
  facet normal 0 0 -1
    outer loop
      vertex 41 1.73205 17
      vertex 42.7779 4.15735 17
      vertex 41.4142 1.41421 17
    endloop
  endfacet
  facet normal -0 0 -1
    outer loop
      vertex 42.7779 4.15735 17
      vertex 41 1.73205 17
      vertex 41.9134 4.6194 17
    endloop
  endfacet
  facet normal 0 0 -1
    outer loop
      vertex 40.5176 1.93185 17
      vertex 41.9134 4.6194 17
      vertex 41 1.73205 17
    endloop
  endfacet
  facet normal -0 0 -1
    outer loop
      vertex 41.9134 4.6194 17
      vertex 40.5176 1.93185 17
      vertex 40.9755 4.90393 17
    endloop
  endfacet
  facet normal 0 0 -1
    outer loop
      vertex 40 2 17
      vertex 40.9755 4.90393 17
      vertex 40.5176 1.93185 17
    endloop
  endfacet
  facet normal 0 0 -1
    outer loop
      vertex 40 2 17
      vertex 40 5 17
      vertex 40.9755 4.90393 17
    endloop
  endfacet
  facet normal 0 0 -1
    outer loop
      vertex 39.0245 4.90393 17
      vertex 40 2 17
      vertex 39.4824 1.93185 17
    endloop
  endfacet
  facet normal 0 0 -1
    outer loop
      vertex 40 2 17
      vertex 39.0245 4.90393 17
      vertex 40 5 17
    endloop
  endfacet
  facet normal 0 0 -1
    outer loop
      vertex 38.0866 4.6194 17
      vertex 39.4824 1.93185 17
      vertex 39 1.73205 17
    endloop
  endfacet
  facet normal 0 0 -1
    outer loop
      vertex 37.2221 4.15735 17
      vertex 39 1.73205 17
      vertex 38.5858 1.41421 17
    endloop
  endfacet
  facet normal 0 0 -1
    outer loop
      vertex 35.8427 2.77785 17
      vertex 38.5858 1.41421 17
      vertex 38.268 1 17
    endloop
  endfacet
  facet normal 0 0 -1
    outer loop
      vertex 39.4824 1.93185 17
      vertex 38.0866 4.6194 17
      vertex 39.0245 4.90393 17
    endloop
  endfacet
  facet normal 0 0 -1
    outer loop
      vertex 35.3806 1.91342 17
      vertex 38.268 1 17
      vertex 38.0681 0.517637 17
    endloop
  endfacet
  facet normal 0 0 -1
    outer loop
      vertex 35.0961 0.975451 17
      vertex 38.0681 0.517637 17
      vertex 38 0 17
    endloop
  endfacet
  facet normal 0 0 -1
    outer loop
      vertex 35.3806 -1.91342 17
      vertex 38.268 -1 17
      vertex 35.8427 -2.77785 17
    endloop
  endfacet
  facet normal 0 0 -1
    outer loop
      vertex 39 1.73205 17
      vertex 37.2221 4.15735 17
      vertex 38.0866 4.6194 17
    endloop
  endfacet
  facet normal -0 0 -1
    outer loop
      vertex 38.268 -1 17
      vertex 35.3806 -1.91342 17
      vertex 38.0681 -0.517637 17
    endloop
  endfacet
  facet normal 0 0 -1
    outer loop
      vertex 38.5858 1.41421 17
      vertex 36.4645 3.53553 17
      vertex 37.2221 4.15735 17
    endloop
  endfacet
  facet normal 0 0 -1
    outer loop
      vertex 35.0961 -0.975451 17
      vertex 38.0681 -0.517637 17
      vertex 35.3806 -1.91342 17
    endloop
  endfacet
  facet normal 0 0 -1
    outer loop
      vertex 38.5858 1.41421 17
      vertex 35.8427 2.77785 17
      vertex 36.4645 3.53553 17
    endloop
  endfacet
  facet normal -0 0 -1
    outer loop
      vertex 38.0681 -0.517637 17
      vertex 35.0961 -0.975451 17
      vertex 38 0 17
    endloop
  endfacet
  facet normal 0 0 -1
    outer loop
      vertex 38.268 1 17
      vertex 35.3806 1.91342 17
      vertex 35.8427 2.77785 17
    endloop
  endfacet
  facet normal 0 0 -1
    outer loop
      vertex 35 0 17
      vertex 38 0 17
      vertex 35.0961 -0.975451 17
    endloop
  endfacet
  facet normal 0 0 -1
    outer loop
      vertex 38.0681 0.517637 17
      vertex 35.0961 0.975451 17
      vertex 35.3806 1.91342 17
    endloop
  endfacet
  facet normal 0 0 -1
    outer loop
      vertex 38 0 17
      vertex 35 0 17
      vertex 35.0961 0.975451 17
    endloop
  endfacet
  facet normal 0.773016 -0.634386 1.69321e-19
    outer loop
      vertex 43.5355 -3.53553 21
      vertex 44.1573 -2.77785 17
      vertex 44.1573 -2.77785 21
    endloop
  endfacet
  facet normal 0.773016 -0.634386 1.69321e-19
    outer loop
      vertex 44.1573 -2.77785 17
      vertex 43.5355 -3.53553 21
      vertex 43.5355 -3.53553 17
    endloop
  endfacet
  facet normal -0.995182 0.0980439 1.18874e-18
    outer loop
      vertex 35 0 17
      vertex 35.0961 0.975451 21
      vertex 35.0961 0.975451 17
    endloop
  endfacet
  facet normal -0.995182 0.0980439 1.18874e-18
    outer loop
      vertex 35.0961 0.975451 21
      vertex 35 0 17
      vertex 35 0 21
    endloop
  endfacet
  facet normal -0.471369 0.881936 0
    outer loop
      vertex 38.0866 4.6194 17
      vertex 37.2221 4.15735 21
      vertex 38.0866 4.6194 21
    endloop
  endfacet
  facet normal -0.471369 0.881936 0
    outer loop
      vertex 37.2221 4.15735 21
      vertex 38.0866 4.6194 17
      vertex 37.2221 4.15735 17
    endloop
  endfacet
  facet normal 0.471369 0.881936 -0
    outer loop
      vertex 42.7779 4.15735 17
      vertex 41.9134 4.6194 21
      vertex 42.7779 4.15735 21
    endloop
  endfacet
  facet normal 0.471369 0.881936 0
    outer loop
      vertex 41.9134 4.6194 21
      vertex 42.7779 4.15735 17
      vertex 41.9134 4.6194 17
    endloop
  endfacet
  facet normal 0.290304 0.956934 -0
    outer loop
      vertex 41.9134 4.6194 17
      vertex 40.9755 4.90393 21
      vertex 41.9134 4.6194 21
    endloop
  endfacet
  facet normal 0.290304 0.956934 0
    outer loop
      vertex 40.9755 4.90393 21
      vertex 41.9134 4.6194 17
      vertex 40.9755 4.90393 17
    endloop
  endfacet
  facet normal -0.956949 0.290257 2.09612e-18
    outer loop
      vertex 35.0961 0.975451 17
      vertex 35.3806 1.91342 21
      vertex 35.3806 1.91342 17
    endloop
  endfacet
  facet normal -0.956949 0.290257 2.09612e-18
    outer loop
      vertex 35.3806 1.91342 21
      vertex 35.0961 0.975451 17
      vertex 35.0961 0.975451 21
    endloop
  endfacet
  facet normal 0.0980087 -0.995186 0
    outer loop
      vertex 40 -5 17
      vertex 40.9755 -4.90393 21
      vertex 40 -5 21
    endloop
  endfacet
  facet normal 0.0980087 -0.995186 0
    outer loop
      vertex 40.9755 -4.90393 21
      vertex 40 -5 17
      vertex 40.9755 -4.90393 17
    endloop
  endfacet
  facet normal -0.881899 0.471438 1.17065e-18
    outer loop
      vertex 35.3806 1.91342 17
      vertex 35.8427 2.77785 21
      vertex 35.8427 2.77785 17
    endloop
  endfacet
  facet normal -0.881899 0.471438 1.17065e-18
    outer loop
      vertex 35.8427 2.77785 21
      vertex 35.3806 1.91342 17
      vertex 35.3806 1.91342 21
    endloop
  endfacet
  facet normal 0.956949 -0.290257 2.09612e-18
    outer loop
      vertex 44.6194 -1.91342 21
      vertex 44.9039 -0.975451 17
      vertex 44.9039 -0.975451 21
    endloop
  endfacet
  facet normal 0.956949 -0.290257 2.09612e-18
    outer loop
      vertex 44.9039 -0.975451 17
      vertex 44.6194 -1.91342 21
      vertex 44.6194 -1.91342 17
    endloop
  endfacet
  facet normal 0.995182 -0.0980439 1.18874e-18
    outer loop
      vertex 44.9039 -0.975451 21
      vertex 45 0 17
      vertex 45 0 21
    endloop
  endfacet
  facet normal 0.995182 -0.0980439 1.18874e-18
    outer loop
      vertex 45 0 17
      vertex 44.9039 -0.975451 21
      vertex 44.9039 -0.975451 17
    endloop
  endfacet
  facet normal -0.956949 -0.290257 -2.09612e-18
    outer loop
      vertex 35.3806 -1.91342 17
      vertex 35.0961 -0.975451 21
      vertex 35.0961 -0.975451 17
    endloop
  endfacet
  facet normal -0.956949 -0.290257 -2.09612e-18
    outer loop
      vertex 35.0961 -0.975451 21
      vertex 35.3806 -1.91342 17
      vertex 35.3806 -1.91342 21
    endloop
  endfacet
  facet normal -0.995182 -0.0980439 -1.18874e-18
    outer loop
      vertex 35.0961 -0.975451 17
      vertex 35 0 21
      vertex 35 0 17
    endloop
  endfacet
  facet normal -0.995182 -0.0980439 -1.18874e-18
    outer loop
      vertex 35 0 21
      vertex 35.0961 -0.975451 17
      vertex 35.0961 -0.975451 21
    endloop
  endfacet
  facet normal -0.773016 -0.634386 -1.69321e-19
    outer loop
      vertex 36.4645 -3.53553 17
      vertex 35.8427 -2.77785 21
      vertex 35.8427 -2.77785 17
    endloop
  endfacet
  facet normal -0.773016 -0.634386 -1.69321e-19
    outer loop
      vertex 35.8427 -2.77785 21
      vertex 36.4645 -3.53553 17
      vertex 36.4645 -3.53553 21
    endloop
  endfacet
  facet normal -0.471369 -0.881936 0
    outer loop
      vertex 37.2221 -4.15735 17
      vertex 38.0866 -4.6194 21
      vertex 37.2221 -4.15735 21
    endloop
  endfacet
  facet normal -0.471369 -0.881936 -0
    outer loop
      vertex 38.0866 -4.6194 21
      vertex 37.2221 -4.15735 17
      vertex 38.0866 -4.6194 17
    endloop
  endfacet
  facet normal -0.0980087 -0.995186 0
    outer loop
      vertex 39.0245 -4.90393 17
      vertex 40 -5 21
      vertex 39.0245 -4.90393 21
    endloop
  endfacet
  facet normal -0.0980087 -0.995186 -0
    outer loop
      vertex 40 -5 21
      vertex 39.0245 -4.90393 17
      vertex 40 -5 17
    endloop
  endfacet
  facet normal -0.290304 -0.956934 0
    outer loop
      vertex 38.0866 -4.6194 17
      vertex 39.0245 -4.90393 21
      vertex 38.0866 -4.6194 21
    endloop
  endfacet
  facet normal -0.290304 -0.956934 -0
    outer loop
      vertex 39.0245 -4.90393 21
      vertex 38.0866 -4.6194 17
      vertex 39.0245 -4.90393 17
    endloop
  endfacet
  facet normal 0.991457 -0.130435 -1.22724e-18
    outer loop
      vertex 38 0 21
      vertex 38.0681 0.517637 17
      vertex 38.0681 0.517637 21
    endloop
  endfacet
  facet normal 0.991457 -0.130435 -1.22724e-18
    outer loop
      vertex 38.0681 0.517637 17
      vertex 38 0 21
      vertex 38 0 17
    endloop
  endfacet
  facet normal -0.923813 -0.382845 -6.67291e-19
    outer loop
      vertex 41.9319 0.517637 17
      vertex 41.732 1 21
      vertex 41.732 1 17
    endloop
  endfacet
  facet normal -0.923813 -0.382845 -6.67291e-19
    outer loop
      vertex 41.732 1 21
      vertex 41.9319 0.517637 17
      vertex 41.9319 0.517637 21
    endloop
  endfacet
  facet normal -0.991457 -0.130435 1.22724e-18
    outer loop
      vertex 42 0 17
      vertex 41.9319 0.517637 21
      vertex 41.9319 0.517637 17
    endloop
  endfacet
  facet normal -0.991457 -0.130435 1.22724e-18
    outer loop
      vertex 41.9319 0.517637 21
      vertex 42 0 17
      vertex 42 0 21
    endloop
  endfacet
  facet normal -0.793385 -0.60872 -7.94768e-19
    outer loop
      vertex 41.732 1 17
      vertex 41.4142 1.41421 21
      vertex 41.4142 1.41421 17
    endloop
  endfacet
  facet normal -0.793385 -0.60872 -7.94768e-19
    outer loop
      vertex 41.4142 1.41421 21
      vertex 41.732 1 17
      vertex 41.732 1 21
    endloop
  endfacet
  facet normal -0.991457 0.130435 -1.22724e-18
    outer loop
      vertex 41.9319 -0.517637 17
      vertex 42 0 21
      vertex 42 0 17
    endloop
  endfacet
  facet normal -0.991457 0.130435 -1.22724e-18
    outer loop
      vertex 42 0 21
      vertex 41.9319 -0.517637 17
      vertex 41.9319 -0.517637 21
    endloop
  endfacet
  facet normal -0.130539 0.991443 0
    outer loop
      vertex 40.5176 -1.93185 17
      vertex 40 -2 21
      vertex 40.5176 -1.93185 21
    endloop
  endfacet
  facet normal -0.130539 0.991443 0
    outer loop
      vertex 40 -2 21
      vertex 40.5176 -1.93185 17
      vertex 40 -2 17
    endloop
  endfacet
  facet normal 0.923813 -0.382845 6.67291e-19
    outer loop
      vertex 38.0681 0.517637 21
      vertex 38.268 1 17
      vertex 38.268 1 21
    endloop
  endfacet
  facet normal 0.923813 -0.382845 6.67291e-19
    outer loop
      vertex 38.268 1 17
      vertex 38.0681 0.517637 21
      vertex 38.0681 0.517637 17
    endloop
  endfacet
  facet normal -0.608777 0.793341 0
    outer loop
      vertex 41.4142 -1.41421 17
      vertex 41 -1.73205 21
      vertex 41.4142 -1.41421 21
    endloop
  endfacet
  facet normal -0.608777 0.793341 0
    outer loop
      vertex 41 -1.73205 21
      vertex 41.4142 -1.41421 17
      vertex 41 -1.73205 17
    endloop
  endfacet
  facet normal -0.382656 -0.923891 0
    outer loop
      vertex 40.5176 1.93185 17
      vertex 41 1.73205 21
      vertex 40.5176 1.93185 21
    endloop
  endfacet
  facet normal -0.382656 -0.923891 -0
    outer loop
      vertex 41 1.73205 21
      vertex 40.5176 1.93185 17
      vertex 41 1.73205 17
    endloop
  endfacet
  facet normal 0.923813 0.382845 -6.67291e-19
    outer loop
      vertex 38.268 -1 21
      vertex 38.0681 -0.517637 17
      vertex 38.0681 -0.517637 21
    endloop
  endfacet
  facet normal 0.923813 0.382845 -6.67291e-19
    outer loop
      vertex 38.0681 -0.517637 17
      vertex 38.268 -1 21
      vertex 38.268 -1 17
    endloop
  endfacet
  facet normal -0.130539 -0.991443 0
    outer loop
      vertex 40 2 17
      vertex 40.5176 1.93185 21
      vertex 40 2 21
    endloop
  endfacet
  facet normal -0.130539 -0.991443 -0
    outer loop
      vertex 40.5176 1.93185 21
      vertex 40 2 17
      vertex 40.5176 1.93185 17
    endloop
  endfacet
  facet normal 0.382656 -0.923891 0
    outer loop
      vertex 39 1.73205 17
      vertex 39.4824 1.93185 21
      vertex 39 1.73205 21
    endloop
  endfacet
  facet normal 0.382656 -0.923891 0
    outer loop
      vertex 39.4824 1.93185 21
      vertex 39 1.73205 17
      vertex 39.4824 1.93185 17
    endloop
  endfacet
  facet normal 0.130539 -0.991443 0
    outer loop
      vertex 39.4824 1.93185 17
      vertex 40 2 21
      vertex 39.4824 1.93185 21
    endloop
  endfacet
  facet normal 0.130539 -0.991443 0
    outer loop
      vertex 40 2 21
      vertex 39.4824 1.93185 17
      vertex 40 2 17
    endloop
  endfacet
  facet normal 0.608777 0.793341 -0
    outer loop
      vertex 39 -1.73205 17
      vertex 38.5858 -1.41421 21
      vertex 39 -1.73205 21
    endloop
  endfacet
  facet normal 0.608777 0.793341 0
    outer loop
      vertex 38.5858 -1.41421 21
      vertex 39 -1.73205 17
      vertex 38.5858 -1.41421 17
    endloop
  endfacet
  facet normal 0.608777 -0.793341 0
    outer loop
      vertex 38.5858 1.41421 17
      vertex 39 1.73205 21
      vertex 38.5858 1.41421 21
    endloop
  endfacet
  facet normal 0.608777 -0.793341 0
    outer loop
      vertex 39 1.73205 21
      vertex 38.5858 1.41421 17
      vertex 39 1.73205 17
    endloop
  endfacet
  facet normal -0.923813 0.382845 6.67291e-19
    outer loop
      vertex 41.732 -1 17
      vertex 41.9319 -0.517637 21
      vertex 41.9319 -0.517637 17
    endloop
  endfacet
  facet normal -0.923813 0.382845 6.67291e-19
    outer loop
      vertex 41.9319 -0.517637 21
      vertex 41.732 -1 17
      vertex 41.732 -1 21
    endloop
  endfacet
  facet normal -0.793385 0.60872 7.94768e-19
    outer loop
      vertex 41.4142 -1.41421 17
      vertex 41.732 -1 21
      vertex 41.732 -1 17
    endloop
  endfacet
  facet normal -0.793385 0.60872 7.94768e-19
    outer loop
      vertex 41.732 -1 21
      vertex 41.4142 -1.41421 17
      vertex 41.4142 -1.41421 21
    endloop
  endfacet
  facet normal -0.608777 -0.793341 0
    outer loop
      vertex 41 1.73205 17
      vertex 41.4142 1.41421 21
      vertex 41 1.73205 21
    endloop
  endfacet
  facet normal -0.608777 -0.793341 -0
    outer loop
      vertex 41.4142 1.41421 21
      vertex 41 1.73205 17
      vertex 41.4142 1.41421 17
    endloop
  endfacet
  facet normal 0.991457 0.130435 1.22724e-18
    outer loop
      vertex 38.0681 -0.517637 21
      vertex 38 0 17
      vertex 38 0 21
    endloop
  endfacet
  facet normal 0.991457 0.130435 1.22724e-18
    outer loop
      vertex 38 0 17
      vertex 38.0681 -0.517637 21
      vertex 38.0681 -0.517637 17
    endloop
  endfacet
  facet normal -0.382656 0.923891 0
    outer loop
      vertex 41 -1.73205 17
      vertex 40.5176 -1.93185 21
      vertex 41 -1.73205 21
    endloop
  endfacet
  facet normal -0.382656 0.923891 0
    outer loop
      vertex 40.5176 -1.93185 21
      vertex 41 -1.73205 17
      vertex 40.5176 -1.93185 17
    endloop
  endfacet
  facet normal 0.793385 0.60872 -7.94768e-19
    outer loop
      vertex 38.5858 -1.41421 21
      vertex 38.268 -1 17
      vertex 38.268 -1 21
    endloop
  endfacet
  facet normal 0.793385 0.60872 -7.94768e-19
    outer loop
      vertex 38.268 -1 17
      vertex 38.5858 -1.41421 21
      vertex 38.5858 -1.41421 17
    endloop
  endfacet
  facet normal 0.382656 0.923891 -0
    outer loop
      vertex 39.4824 -1.93185 17
      vertex 39 -1.73205 21
      vertex 39.4824 -1.93185 21
    endloop
  endfacet
  facet normal 0.382656 0.923891 0
    outer loop
      vertex 39 -1.73205 21
      vertex 39.4824 -1.93185 17
      vertex 39 -1.73205 17
    endloop
  endfacet
  facet normal 0.130539 0.991443 -0
    outer loop
      vertex 40 -2 17
      vertex 39.4824 -1.93185 21
      vertex 40 -2 21
    endloop
  endfacet
  facet normal 0.130539 0.991443 0
    outer loop
      vertex 39.4824 -1.93185 21
      vertex 40 -2 17
      vertex 39.4824 -1.93185 17
    endloop
  endfacet
  facet normal 0.793385 -0.60872 7.94768e-19
    outer loop
      vertex 38.268 1 21
      vertex 38.5858 1.41421 17
      vertex 38.5858 1.41421 21
    endloop
  endfacet
  facet normal 0.793385 -0.60872 7.94768e-19
    outer loop
      vertex 38.5858 1.41421 17
      vertex 38.268 1 21
      vertex 38.268 1 17
    endloop
  endfacet
  facet normal 0.995178 0.0980877 -3.76356e-18
    outer loop
      vertex 107.27 -102.969 29
      vertex 106.58 -95.9684 21
      vertex 106.58 -95.9684 29
    endloop
  endfacet
  facet normal 0.995178 0.0980877 -3.76356e-18
    outer loop
      vertex 106.58 -95.9684 21
      vertex 107.27 -102.969 29
      vertex 107.27 -102.969 21
    endloop
  endfacet
  facet normal 0.999465 0.0326948 -1.24488e-18
    outer loop
      vertex 107.5 -110 29
      vertex 107.27 -102.969 21
      vertex 107.27 -102.969 29
    endloop
  endfacet
  facet normal 0.999465 0.0326948 -1.24488e-18
    outer loop
      vertex 107.27 -102.969 21
      vertex 107.5 -110 29
      vertex 107.5 -110 21
    endloop
  endfacet
  facet normal 0.227025 -0.973889 0
    outer loop
      vertex 20.9722 -215.434 21
      vertex 27.823 -213.837 29
      vertex 20.9722 -215.434 29
    endloop
  endfacet
  facet normal 0.227025 -0.973889 0
    outer loop
      vertex 27.823 -213.837 29
      vertex 20.9722 -215.434 21
      vertex 27.823 -213.837 21
    endloop
  endfacet
  facet normal -0.634394 0.77301 0
    outer loop
      vertex -65.4419 -24.7145 21
      vertex -70.8797 -29.1772 29
      vertex -65.4419 -24.7145 29
    endloop
  endfacet
  facet normal -0.634394 0.77301 0
    outer loop
      vertex -70.8797 -29.1772 29
      vertex -65.4419 -24.7145 21
      vertex -70.8797 -29.1772 21
    endloop
  endfacet
  facet normal 0.528094 -0.849186 0
    outer loop
      vertex 53.75 -203.098 21
      vertex 59.7238 -199.383 29
      vertex 53.75 -203.098 29
    endloop
  endfacet
  facet normal 0.528094 -0.849186 0
    outer loop
      vertex 59.7238 -199.383 29
      vertex 53.75 -203.098 21
      vertex 59.7238 -199.383 21
    endloop
  endfacet
  facet normal 0.93589 -0.352292 -2.81674e-17
    outer loop
      vertex 99.317 -151.138 29
      vertex 101.795 -144.555 21
      vertex 101.795 -144.555 29
    endloop
  endfacet
  facet normal 0.93589 -0.352292 -2.81674e-17
    outer loop
      vertex 101.795 -144.555 21
      vertex 99.317 -151.138 29
      vertex 99.317 -151.138 21
    endloop
  endfacet
  facet normal 0.0327197 0.999465 -0
    outer loop
      vertex 7.03084 -2.73017 21
      vertex 0 -2.5 29
      vertex 7.03084 -2.73017 29
    endloop
  endfacet
  facet normal 0.0327197 0.999465 0
    outer loop
      vertex 0 -2.5 29
      vertex 7.03084 -2.73017 21
      vertex 0 -2.5 21
    endloop
  endfacet
  facet normal -0.812849 0.582475 -1.85836e-17
    outer loop
      vertex -89.383 -50.2762 21
      vertex -85.2855 -44.5581 29
      vertex -85.2855 -44.5581 21
    endloop
  endfacet
  facet normal -0.812849 0.582475 -1.85836e-17
    outer loop
      vertex -85.2855 -44.5581 29
      vertex -89.383 -50.2762 21
      vertex -89.383 -50.2762 29
    endloop
  endfacet
  facet normal -0.910876 -0.41268 1.1544e-17
    outer loop
      vertex -96.4138 -157.546 21
      vertex -99.317 -151.138 29
      vertex -99.317 -151.138 21
    endloop
  endfacet
  facet normal -0.910876 -0.41268 1.1544e-17
    outer loop
      vertex -99.317 -151.138 29
      vertex -96.4138 -157.546 21
      vertex -96.4138 -157.546 29
    endloop
  endfacet
  facet normal 0.634394 0.77301 -0
    outer loop
      vertex 70.8797 -29.1772 21
      vertex 65.4419 -24.7145 29
      vertex 70.8797 -29.1772 29
    endloop
  endfacet
  facet normal 0.634394 0.77301 0
    outer loop
      vertex 65.4419 -24.7145 29
      vertex 70.8797 -29.1772 21
      vertex 65.4419 -24.7145 21
    endloop
  endfacet
  facet normal 0.16291 -0.986641 0
    outer loop
      vertex 14.0316 -216.58 21
      vertex 20.9722 -215.434 29
      vertex 14.0316 -216.58 29
    endloop
  endfacet
  facet normal 0.16291 -0.986641 0
    outer loop
      vertex 20.9722 -215.434 29
      vertex 14.0316 -216.58 21
      vertex 20.9722 -215.434 21
    endloop
  endfacet
  facet normal 0.973889 0.227025 -1.51194e-17
    outer loop
      vertex 105.434 -89.0278 29
      vertex 103.837 -82.177 21
      vertex 103.837 -82.177 29
    endloop
  endfacet
  facet normal 0.973889 0.227025 -1.51194e-17
    outer loop
      vertex 103.837 -82.177 21
      vertex 105.434 -89.0278 29
      vertex 105.434 -89.0278 21
    endloop
  endfacet
  facet normal 0.935904 0.352254 -2.90266e-17
    outer loop
      vertex 101.795 -75.4453 29
      vertex 99.317 -68.8615 21
      vertex 99.317 -68.8615 29
    endloop
  endfacet
  facet normal 0.935904 0.352254 -2.90266e-17
    outer loop
      vertex 99.317 -68.8615 21
      vertex 101.795 -75.4453 29
      vertex 101.795 -75.4453 21
    endloop
  endfacet
  facet normal 0.634335 -0.773058 0
    outer loop
      vertex 65.4419 -195.285 21
      vertex 70.8797 -190.823 29
      vertex 65.4419 -195.285 29
    endloop
  endfacet
  facet normal 0.634335 -0.773058 0
    outer loop
      vertex 70.8797 -190.823 29
      vertex 65.4419 -195.285 21
      vertex 70.8797 -190.823 21
    endloop
  endfacet
  facet normal -0.352253 0.935905 0
    outer loop
      vertex -34.5547 -8.20501 21
      vertex -41.1385 -10.683 29
      vertex -34.5547 -8.20501 29
    endloop
  endfacet
  facet normal -0.352253 0.935905 0
    outer loop
      vertex -41.1385 -10.683 29
      vertex -34.5547 -8.20501 21
      vertex -41.1385 -10.683 21
    endloop
  endfacet
  facet normal 0.812844 -0.582481 1.70905e-17
    outer loop
      vertex 85.2855 -175.442 29
      vertex 89.383 -169.724 21
      vertex 89.383 -169.724 29
    endloop
  endfacet
  facet normal 0.812844 -0.582481 1.70905e-17
    outer loop
      vertex 89.383 -169.724 21
      vertex 85.2855 -175.442 29
      vertex 85.2855 -175.442 21
    endloop
  endfacet
  facet normal -0.773021 -0.63438 -1.38967e-17
    outer loop
      vertex -80.8228 -180.88 21
      vertex -85.2855 -175.442 29
      vertex -85.2855 -175.442 21
    endloop
  endfacet
  facet normal -0.773021 -0.63438 -1.38967e-17
    outer loop
      vertex -85.2855 -175.442 29
      vertex -80.8228 -180.88 21
      vertex -80.8228 -180.88 29
    endloop
  endfacet
  facet normal 0.582475 0.812849 -0
    outer loop
      vertex 65.4419 -24.7145 21
      vertex 59.7238 -20.617 29
      vertex 65.4419 -24.7145 29
    endloop
  endfacet
  facet normal 0.582475 0.812849 0
    outer loop
      vertex 59.7238 -20.617 29
      vertex 65.4419 -24.7145 21
      vertex 59.7238 -20.617 21
    endloop
  endfacet
  facet normal -0.849213 -0.52805 -5.55041e-18
    outer loop
      vertex -89.383 -169.724 21
      vertex -93.0977 -163.75 29
      vertex -93.0977 -163.75 21
    endloop
  endfacet
  facet normal -0.849213 -0.52805 -5.55041e-18
    outer loop
      vertex -93.0977 -163.75 29
      vertex -89.383 -169.724 21
      vertex -89.383 -169.724 29
    endloop
  endfacet
  facet normal -0.0980855 -0.995178 0
    outer loop
      vertex -14.0316 -216.58 21
      vertex -7.03084 -217.27 29
      vertex -14.0316 -216.58 29
    endloop
  endfacet
  facet normal -0.0980855 -0.995178 -0
    outer loop
      vertex -7.03084 -217.27 29
      vertex -14.0316 -216.58 21
      vertex -7.03084 -217.27 21
    endloop
  endfacet
  facet normal -0.93589 -0.352292 2.81674e-17
    outer loop
      vertex -99.317 -151.138 21
      vertex -101.795 -144.555 29
      vertex -101.795 -144.555 21
    endloop
  endfacet
  facet normal -0.93589 -0.352292 2.81674e-17
    outer loop
      vertex -101.795 -144.555 29
      vertex -99.317 -151.138 21
      vertex -99.317 -151.138 29
    endloop
  endfacet
  facet normal -0.956945 -0.290268 -1.43889e-17
    outer loop
      vertex -101.795 -144.555 21
      vertex -103.837 -137.823 29
      vertex -103.837 -137.823 21
    endloop
  endfacet
  facet normal -0.956945 -0.290268 -1.43889e-17
    outer loop
      vertex -103.837 -137.823 29
      vertex -101.795 -144.555 21
      vertex -101.795 -144.555 29
    endloop
  endfacet
  facet normal -0.16291 -0.986641 0
    outer loop
      vertex -20.9722 -215.434 21
      vertex -14.0316 -216.58 29
      vertex -20.9722 -215.434 29
    endloop
  endfacet
  facet normal -0.16291 -0.986641 -0
    outer loop
      vertex -14.0316 -216.58 29
      vertex -20.9722 -215.434 21
      vertex -14.0316 -216.58 21
    endloop
  endfacet
  facet normal 0.986641 0.16291 7.27919e-18
    outer loop
      vertex 106.58 -95.9684 29
      vertex 105.434 -89.0278 21
      vertex 105.434 -89.0278 29
    endloop
  endfacet
  facet normal 0.986641 0.16291 7.27919e-18
    outer loop
      vertex 105.434 -89.0278 21
      vertex 106.58 -95.9684 29
      vertex 106.58 -95.9684 21
    endloop
  endfacet
  facet normal 0.412707 0.910864 -0
    outer loop
      vertex 47.546 -13.5862 21
      vertex 41.1385 -10.683 29
      vertex 47.546 -13.5862 29
    endloop
  endfacet
  facet normal 0.412707 0.910864 0
    outer loop
      vertex 41.1385 -10.683 29
      vertex 47.546 -13.5862 21
      vertex 41.1385 -10.683 21
    endloop
  endfacet
  facet normal 0.412683 -0.910875 0
    outer loop
      vertex 41.1385 -209.317 21
      vertex 47.546 -206.414 29
      vertex 41.1385 -209.317 29
    endloop
  endfacet
  facet normal 0.412683 -0.910875 0
    outer loop
      vertex 47.546 -206.414 29
      vertex 41.1385 -209.317 21
      vertex 47.546 -206.414 21
    endloop
  endfacet
  facet normal -0.290285 0.95694 0
    outer loop
      vertex -27.823 -6.16297 21
      vertex -34.5547 -8.20501 29
      vertex -27.823 -6.16297 29
    endloop
  endfacet
  facet normal -0.290285 0.95694 0
    outer loop
      vertex -34.5547 -8.20501 29
      vertex -27.823 -6.16297 21
      vertex -34.5547 -8.20501 21
    endloop
  endfacet
  facet normal 0.729864 0.683593 3.02217e-17
    outer loop
      vertex 80.8228 -39.1203 29
      vertex 76.014 -33.986 21
      vertex 76.014 -33.986 29
    endloop
  endfacet
  facet normal 0.729864 0.683593 3.02217e-17
    outer loop
      vertex 76.014 -33.986 21
      vertex 80.8228 -39.1203 29
      vertex 80.8228 -39.1203 21
    endloop
  endfacet
  facet normal 0.528063 0.849205 -0
    outer loop
      vertex 59.7238 -20.617 21
      vertex 53.75 -16.9023 29
      vertex 59.7238 -20.617 29
    endloop
  endfacet
  facet normal 0.528063 0.849205 0
    outer loop
      vertex 53.75 -16.9023 29
      vertex 59.7238 -20.617 21
      vertex 53.75 -16.9023 21
    endloop
  endfacet
  facet normal -0.910864 0.412707 6.14734e-18
    outer loop
      vertex -99.317 -68.8615 21
      vertex -96.4138 -62.454 29
      vertex -96.4138 -62.454 21
    endloop
  endfacet
  facet normal -0.910864 0.412707 6.14734e-18
    outer loop
      vertex -96.4138 -62.454 29
      vertex -99.317 -68.8615 21
      vertex -99.317 -68.8615 29
    endloop
  endfacet
  facet normal 0.956945 -0.290268 1.43889e-17
    outer loop
      vertex 101.795 -144.555 29
      vertex 103.837 -137.823 21
      vertex 103.837 -137.823 29
    endloop
  endfacet
  facet normal 0.956945 -0.290268 1.43889e-17
    outer loop
      vertex 103.837 -137.823 21
      vertex 101.795 -144.555 29
      vertex 101.795 -144.555 21
    endloop
  endfacet
  facet normal -0.881922 -0.471396 1.06162e-17
    outer loop
      vertex -93.0977 -163.75 21
      vertex -96.4138 -157.546 29
      vertex -96.4138 -157.546 21
    endloop
  endfacet
  facet normal -0.881922 -0.471396 1.06162e-17
    outer loop
      vertex -96.4138 -157.546 29
      vertex -93.0977 -163.75 21
      vertex -93.0977 -163.75 29
    endloop
  endfacet
  facet normal -0.582522 -0.812815 0
    outer loop
      vertex -65.4419 -195.285 21
      vertex -59.7238 -199.383 29
      vertex -65.4419 -195.285 29
    endloop
  endfacet
  facet normal -0.582522 -0.812815 -0
    outer loop
      vertex -59.7238 -199.383 29
      vertex -65.4419 -195.285 21
      vertex -59.7238 -199.383 21
    endloop
  endfacet
  facet normal -0.999465 -0.0326948 -1.24488e-18
    outer loop
      vertex -107.27 -117.031 21
      vertex -107.5 -110 29
      vertex -107.5 -110 21
    endloop
  endfacet
  facet normal -0.999465 -0.0326948 -1.24488e-18
    outer loop
      vertex -107.5 -110 29
      vertex -107.27 -117.031 21
      vertex -107.27 -117.031 29
    endloop
  endfacet
  facet normal 0.910876 -0.41268 -1.1544e-17
    outer loop
      vertex 96.4138 -157.546 29
      vertex 99.317 -151.138 21
      vertex 99.317 -151.138 29
    endloop
  endfacet
  facet normal 0.910876 -0.41268 -1.1544e-17
    outer loop
      vertex 99.317 -151.138 21
      vertex 96.4138 -157.546 29
      vertex 96.4138 -157.546 21
    endloop
  endfacet
  facet normal -0.634335 -0.773058 0
    outer loop
      vertex -70.8797 -190.823 21
      vertex -65.4419 -195.285 29
      vertex -70.8797 -190.823 29
    endloop
  endfacet
  facet normal -0.634335 -0.773058 -0
    outer loop
      vertex -65.4419 -195.285 29
      vertex -70.8797 -190.823 21
      vertex -65.4419 -195.285 21
    endloop
  endfacet
  facet normal -0.995178 0.0980877 3.76356e-18
    outer loop
      vertex -107.27 -102.969 21
      vertex -106.58 -95.9684 29
      vertex -106.58 -95.9684 21
    endloop
  endfacet
  facet normal -0.995178 0.0980877 3.76356e-18
    outer loop
      vertex -106.58 -95.9684 29
      vertex -107.27 -102.969 21
      vertex -107.27 -102.969 29
    endloop
  endfacet
  facet normal 0.0326955 -0.999465 0
    outer loop
      vertex 0 -217.5 21
      vertex 7.03084 -217.27 29
      vertex 0 -217.5 29
    endloop
  endfacet
  facet normal 0.0326955 -0.999465 0
    outer loop
      vertex 7.03084 -217.27 29
      vertex 0 -217.5 21
      vertex 7.03084 -217.27 21
    endloop
  endfacet
  facet normal -0.0980165 0.995185 0
    outer loop
      vertex -7.03084 -2.73017 21
      vertex -14.0316 -3.41968 29
      vertex -7.03084 -2.73017 29
    endloop
  endfacet
  facet normal -0.0980165 0.995185 0
    outer loop
      vertex -14.0316 -3.41968 29
      vertex -7.03084 -2.73017 21
      vertex -14.0316 -3.41968 21
    endloop
  endfacet
  facet normal -0.97389 -0.227018 -6.76537e-18
    outer loop
      vertex -103.837 -137.823 21
      vertex -105.434 -130.972 29
      vertex -105.434 -130.972 21
    endloop
  endfacet
  facet normal -0.97389 -0.227018 -6.76537e-18
    outer loop
      vertex -105.434 -130.972 29
      vertex -103.837 -137.823 21
      vertex -103.837 -137.823 29
    endloop
  endfacet
  facet normal 0.849205 0.528063 2.59152e-17
    outer loop
      vertex 93.0977 -56.25 29
      vertex 89.383 -50.2762 21
      vertex 89.383 -50.2762 29
    endloop
  endfacet
  facet normal 0.849205 0.528063 2.59152e-17
    outer loop
      vertex 89.383 -50.2762 21
      vertex 93.0977 -56.25 29
      vertex 93.0977 -56.25 21
    endloop
  endfacet
  facet normal -0.986641 0.16291 -7.27919e-18
    outer loop
      vertex -106.58 -95.9684 21
      vertex -105.434 -89.0278 29
      vertex -105.434 -89.0278 21
    endloop
  endfacet
  facet normal -0.986641 0.16291 -7.27919e-18
    outer loop
      vertex -105.434 -89.0278 29
      vertex -106.58 -95.9684 21
      vertex -106.58 -95.9684 29
    endloop
  endfacet
  facet normal -0.162896 0.986643 0
    outer loop
      vertex -14.0316 -3.41968 21
      vertex -20.9722 -4.56558 29
      vertex -14.0316 -3.41968 29
    endloop
  endfacet
  facet normal -0.162896 0.986643 0
    outer loop
      vertex -20.9722 -4.56558 29
      vertex -14.0316 -3.41968 21
      vertex -20.9722 -4.56558 21
    endloop
  endfacet
  facet normal 0.881922 -0.471396 -1.06162e-17
    outer loop
      vertex 93.0977 -163.75 29
      vertex 96.4138 -157.546 21
      vertex 96.4138 -157.546 29
    endloop
  endfacet
  facet normal 0.881922 -0.471396 -1.06162e-17
    outer loop
      vertex 96.4138 -157.546 21
      vertex 93.0977 -163.75 29
      vertex 93.0977 -163.75 21
    endloop
  endfacet
  facet normal 0.999465 -0.0326948 1.24488e-18
    outer loop
      vertex 107.27 -117.031 29
      vertex 107.5 -110 21
      vertex 107.5 -110 29
    endloop
  endfacet
  facet normal 0.999465 -0.0326948 1.24488e-18
    outer loop
      vertex 107.5 -110 21
      vertex 107.27 -117.031 29
      vertex 107.27 -117.031 21
    endloop
  endfacet
  facet normal 0.956942 0.29028 -1.41284e-17
    outer loop
      vertex 103.837 -82.177 29
      vertex 101.795 -75.4453 21
      vertex 101.795 -75.4453 29
    endloop
  endfacet
  facet normal 0.956942 0.29028 -1.41284e-17
    outer loop
      vertex 101.795 -75.4453 21
      vertex 103.837 -82.177 29
      vertex 103.837 -82.177 21
    endloop
  endfacet
  facet normal 0.910864 0.412707 -6.14734e-18
    outer loop
      vertex 99.317 -68.8615 29
      vertex 96.4138 -62.454 21
      vertex 96.4138 -62.454 29
    endloop
  endfacet
  facet normal 0.910864 0.412707 -6.14734e-18
    outer loop
      vertex 96.4138 -62.454 21
      vertex 99.317 -68.8615 29
      vertex 99.317 -68.8615 21
    endloop
  endfacet
  facet normal 0.0980165 0.995185 -0
    outer loop
      vertex 14.0316 -3.41968 21
      vertex 7.03084 -2.73017 29
      vertex 14.0316 -3.41968 29
    endloop
  endfacet
  facet normal 0.0980165 0.995185 0
    outer loop
      vertex 7.03084 -2.73017 29
      vertex 14.0316 -3.41968 21
      vertex 7.03084 -2.73017 21
    endloop
  endfacet
  facet normal 0.683593 0.729864 -0
    outer loop
      vertex 76.014 -33.986 21
      vertex 70.8797 -29.1772 29
      vertex 76.014 -33.986 29
    endloop
  endfacet
  facet normal 0.683593 0.729864 0
    outer loop
      vertex 70.8797 -29.1772 29
      vertex 76.014 -33.986 21
      vertex 70.8797 -29.1772 21
    endloop
  endfacet
  facet normal 0.471396 0.881922 -0
    outer loop
      vertex 53.75 -16.9023 21
      vertex 47.546 -13.5862 29
      vertex 53.75 -16.9023 29
    endloop
  endfacet
  facet normal 0.471396 0.881922 0
    outer loop
      vertex 47.546 -13.5862 29
      vertex 53.75 -16.9023 21
      vertex 47.546 -13.5862 21
    endloop
  endfacet
  facet normal -0.582475 0.812849 0
    outer loop
      vertex -59.7238 -20.617 21
      vertex -65.4419 -24.7145 29
      vertex -59.7238 -20.617 29
    endloop
  endfacet
  facet normal -0.582475 0.812849 0
    outer loop
      vertex -65.4419 -24.7145 29
      vertex -59.7238 -20.617 21
      vertex -65.4419 -24.7145 21
    endloop
  endfacet
  facet normal 0.729844 -0.683614 2.07353e-18
    outer loop
      vertex 76.014 -186.014 29
      vertex 80.8228 -180.88 21
      vertex 80.8228 -180.88 29
    endloop
  endfacet
  facet normal 0.729844 -0.683614 2.07353e-18
    outer loop
      vertex 80.8228 -180.88 21
      vertex 76.014 -186.014 29
      vertex 76.014 -186.014 21
    endloop
  endfacet
  facet normal 0.683608 -0.72985 0
    outer loop
      vertex 70.8797 -190.823 21
      vertex 76.014 -186.014 29
      vertex 70.8797 -190.823 29
    endloop
  endfacet
  facet normal 0.683608 -0.72985 0
    outer loop
      vertex 76.014 -186.014 29
      vertex 70.8797 -190.823 21
      vertex 76.014 -186.014 21
    endloop
  endfacet
  facet normal -0.528063 0.849205 0
    outer loop
      vertex -53.75 -16.9023 21
      vertex -59.7238 -20.617 29
      vertex -53.75 -16.9023 29
    endloop
  endfacet
  facet normal -0.528063 0.849205 0
    outer loop
      vertex -59.7238 -20.617 29
      vertex -53.75 -16.9023 21
      vertex -59.7238 -20.617 21
    endloop
  endfacet
  facet normal -0.986639 -0.162923 7.54082e-18
    outer loop
      vertex -105.434 -130.972 21
      vertex -106.58 -124.032 29
      vertex -106.58 -124.032 21
    endloop
  endfacet
  facet normal -0.986639 -0.162923 7.54082e-18
    outer loop
      vertex -106.58 -124.032 29
      vertex -105.434 -130.972 21
      vertex -105.434 -130.972 29
    endloop
  endfacet
  facet normal 0.881922 0.471396 -1.26027e-17
    outer loop
      vertex 96.4138 -62.454 29
      vertex 93.0977 -56.25 21
      vertex 93.0977 -56.25 29
    endloop
  endfacet
  facet normal 0.881922 0.471396 -1.26027e-17
    outer loop
      vertex 93.0977 -56.25 21
      vertex 96.4138 -62.454 29
      vertex 96.4138 -62.454 21
    endloop
  endfacet
  facet normal -0.935904 0.352254 2.90266e-17
    outer loop
      vertex -101.795 -75.4453 21
      vertex -99.317 -68.8615 29
      vertex -99.317 -68.8615 21
    endloop
  endfacet
  facet normal -0.935904 0.352254 2.90266e-17
    outer loop
      vertex -99.317 -68.8615 29
      vertex -101.795 -75.4453 21
      vertex -101.795 -75.4453 29
    endloop
  endfacet
  facet normal 0.162896 0.986643 -0
    outer loop
      vertex 20.9722 -4.56558 21
      vertex 14.0316 -3.41968 29
      vertex 20.9722 -4.56558 29
    endloop
  endfacet
  facet normal 0.162896 0.986643 0
    outer loop
      vertex 14.0316 -3.41968 29
      vertex 20.9722 -4.56558 21
      vertex 14.0316 -3.41968 21
    endloop
  endfacet
  facet normal -0.29028 -0.956942 0
    outer loop
      vertex -34.5547 -211.795 21
      vertex -27.823 -213.837 29
      vertex -34.5547 -211.795 29
    endloop
  endfacet
  facet normal -0.29028 -0.956942 -0
    outer loop
      vertex -27.823 -213.837 29
      vertex -34.5547 -211.795 21
      vertex -27.823 -213.837 21
    endloop
  endfacet
  facet normal -0.227025 -0.973889 0
    outer loop
      vertex -27.823 -213.837 21
      vertex -20.9722 -215.434 29
      vertex -27.823 -213.837 29
    endloop
  endfacet
  facet normal -0.227025 -0.973889 -0
    outer loop
      vertex -20.9722 -215.434 29
      vertex -27.823 -213.837 21
      vertex -20.9722 -215.434 21
    endloop
  endfacet
  facet normal 0.352254 -0.935904 0
    outer loop
      vertex 34.5547 -211.795 21
      vertex 41.1385 -209.317 29
      vertex 34.5547 -211.795 29
    endloop
  endfacet
  facet normal 0.352254 -0.935904 0
    outer loop
      vertex 41.1385 -209.317 29
      vertex 34.5547 -211.795 21
      vertex 41.1385 -209.317 21
    endloop
  endfacet
  facet normal 0.29028 -0.956942 0
    outer loop
      vertex 27.823 -213.837 21
      vertex 34.5547 -211.795 29
      vertex 27.823 -213.837 29
    endloop
  endfacet
  facet normal 0.29028 -0.956942 0
    outer loop
      vertex 34.5547 -211.795 29
      vertex 27.823 -213.837 21
      vertex 34.5547 -211.795 21
    endloop
  endfacet
  facet normal 0.773021 -0.63438 1.38967e-17
    outer loop
      vertex 80.8228 -180.88 29
      vertex 85.2855 -175.442 21
      vertex 85.2855 -175.442 29
    endloop
  endfacet
  facet normal 0.773021 -0.63438 1.38967e-17
    outer loop
      vertex 85.2855 -175.442 21
      vertex 80.8228 -180.88 29
      vertex 80.8228 -180.88 21
    endloop
  endfacet
  facet normal 0.352253 0.935905 -0
    outer loop
      vertex 41.1385 -10.683 21
      vertex 34.5547 -8.20501 29
      vertex 41.1385 -10.683 29
    endloop
  endfacet
  facet normal 0.352253 0.935905 0
    outer loop
      vertex 34.5547 -8.20501 29
      vertex 41.1385 -10.683 21
      vertex 34.5547 -8.20501 21
    endloop
  endfacet
  facet normal 0.471385 -0.881928 0
    outer loop
      vertex 47.546 -206.414 21
      vertex 53.75 -203.098 29
      vertex 47.546 -206.414 29
    endloop
  endfacet
  facet normal 0.471385 -0.881928 0
    outer loop
      vertex 53.75 -203.098 29
      vertex 47.546 -206.414 21
      vertex 53.75 -203.098 21
    endloop
  endfacet
  facet normal -0.812844 -0.582481 -1.70905e-17
    outer loop
      vertex -85.2855 -175.442 21
      vertex -89.383 -169.724 29
      vertex -89.383 -169.724 21
    endloop
  endfacet
  facet normal -0.812844 -0.582481 -1.70905e-17
    outer loop
      vertex -89.383 -169.724 29
      vertex -85.2855 -175.442 21
      vertex -85.2855 -175.442 29
    endloop
  endfacet
  facet normal 0.0980855 -0.995178 0
    outer loop
      vertex 7.03084 -217.27 21
      vertex 14.0316 -216.58 29
      vertex 7.03084 -217.27 29
    endloop
  endfacet
  facet normal 0.0980855 -0.995178 0
    outer loop
      vertex 14.0316 -216.58 29
      vertex 7.03084 -217.27 21
      vertex 14.0316 -216.58 21
    endloop
  endfacet
  facet normal 0.97389 -0.227018 6.76537e-18
    outer loop
      vertex 103.837 -137.823 29
      vertex 105.434 -130.972 21
      vertex 105.434 -130.972 29
    endloop
  endfacet
  facet normal 0.97389 -0.227018 6.76537e-18
    outer loop
      vertex 105.434 -130.972 21
      vertex 103.837 -137.823 29
      vertex 103.837 -137.823 21
    endloop
  endfacet
  facet normal 0.995178 -0.0980821 1.22213e-18
    outer loop
      vertex 106.58 -124.032 29
      vertex 107.27 -117.031 21
      vertex 107.27 -117.031 29
    endloop
  endfacet
  facet normal 0.995178 -0.0980821 1.22213e-18
    outer loop
      vertex 107.27 -117.031 21
      vertex 106.58 -124.032 29
      vertex 106.58 -124.032 21
    endloop
  endfacet
  facet normal -0.881922 0.471396 1.26027e-17
    outer loop
      vertex -96.4138 -62.454 21
      vertex -93.0977 -56.25 29
      vertex -93.0977 -56.25 21
    endloop
  endfacet
  facet normal -0.881922 0.471396 1.26027e-17
    outer loop
      vertex -93.0977 -56.25 29
      vertex -96.4138 -62.454 21
      vertex -96.4138 -62.454 29
    endloop
  endfacet
  facet normal 0 0 -1
    outer loop
      vertex 107.27 -117.031 21
      vertex 107.27 -102.969 21
      vertex 107.5 -110 21
    endloop
  endfacet
  facet normal 0 0 -1
    outer loop
      vertex 106.58 -124.032 21
      vertex 107.27 -102.969 21
      vertex 107.27 -117.031 21
    endloop
  endfacet
  facet normal 0 0 -1
    outer loop
      vertex 106.58 -124.032 21
      vertex 106.58 -95.9684 21
      vertex 107.27 -102.969 21
    endloop
  endfacet
  facet normal 0 0 -1
    outer loop
      vertex 105.434 -130.972 21
      vertex 106.58 -95.9684 21
      vertex 106.58 -124.032 21
    endloop
  endfacet
  facet normal 0 0 -1
    outer loop
      vertex 105.434 -130.972 21
      vertex 105.434 -89.0278 21
      vertex 106.58 -95.9684 21
    endloop
  endfacet
  facet normal 0 0 -1
    outer loop
      vertex 103.837 -137.823 21
      vertex 105.434 -89.0278 21
      vertex 105.434 -130.972 21
    endloop
  endfacet
  facet normal 0 0 -1
    outer loop
      vertex 103.837 -137.823 21
      vertex 103.837 -82.177 21
      vertex 105.434 -89.0278 21
    endloop
  endfacet
  facet normal 0 0 -1
    outer loop
      vertex 101.795 -144.555 21
      vertex 103.837 -82.177 21
      vertex 103.837 -137.823 21
    endloop
  endfacet
  facet normal 0 0 -1
    outer loop
      vertex 101.795 -144.555 21
      vertex 101.795 -75.4453 21
      vertex 103.837 -82.177 21
    endloop
  endfacet
  facet normal 0 0 -1
    outer loop
      vertex 99.317 -151.138 21
      vertex 101.795 -75.4453 21
      vertex 101.795 -144.555 21
    endloop
  endfacet
  facet normal 0 0 -1
    outer loop
      vertex 99.317 -151.138 21
      vertex 99.317 -68.8615 21
      vertex 101.795 -75.4453 21
    endloop
  endfacet
  facet normal 0 0 -1
    outer loop
      vertex 96.4138 -157.546 21
      vertex 99.317 -68.8615 21
      vertex 99.317 -151.138 21
    endloop
  endfacet
  facet normal 0 0 -1
    outer loop
      vertex 96.4138 -157.546 21
      vertex 96.4138 -62.454 21
      vertex 99.317 -68.8615 21
    endloop
  endfacet
  facet normal 0 0 -1
    outer loop
      vertex 93.0977 -163.75 21
      vertex 96.4138 -62.454 21
      vertex 96.4138 -157.546 21
    endloop
  endfacet
  facet normal 0 0 -1
    outer loop
      vertex 93.0977 -163.75 21
      vertex 93.0977 -56.25 21
      vertex 96.4138 -62.454 21
    endloop
  endfacet
  facet normal 0 0 -1
    outer loop
      vertex 89.383 -169.724 21
      vertex 93.0977 -56.25 21
      vertex 93.0977 -163.75 21
    endloop
  endfacet
  facet normal 0 0 -1
    outer loop
      vertex 89.383 -169.724 21
      vertex 89.383 -50.2762 21
      vertex 93.0977 -56.25 21
    endloop
  endfacet
  facet normal 0 0 -1
    outer loop
      vertex 85.2855 -175.442 21
      vertex 89.383 -50.2762 21
      vertex 89.383 -169.724 21
    endloop
  endfacet
  facet normal 0 0 -1
    outer loop
      vertex 85.2855 -175.442 21
      vertex 85.2855 -44.5581 21
      vertex 89.383 -50.2762 21
    endloop
  endfacet
  facet normal 0 0 -1
    outer loop
      vertex 80.8228 -180.88 21
      vertex 85.2855 -44.5581 21
      vertex 85.2855 -175.442 21
    endloop
  endfacet
  facet normal 0 0 -1
    outer loop
      vertex 80.8228 -180.88 21
      vertex 80.8228 -39.1203 21
      vertex 85.2855 -44.5581 21
    endloop
  endfacet
  facet normal 0 0 -1
    outer loop
      vertex 76.014 -186.014 21
      vertex 80.8228 -39.1203 21
      vertex 80.8228 -180.88 21
    endloop
  endfacet
  facet normal 0 0 -1
    outer loop
      vertex 76.014 -186.014 21
      vertex 76.014 -33.986 21
      vertex 80.8228 -39.1203 21
    endloop
  endfacet
  facet normal 0 0 -1
    outer loop
      vertex 70.8797 -190.823 21
      vertex 76.014 -33.986 21
      vertex 76.014 -186.014 21
    endloop
  endfacet
  facet normal 0 0 -1
    outer loop
      vertex 70.8797 -190.823 21
      vertex 70.8797 -29.1772 21
      vertex 76.014 -33.986 21
    endloop
  endfacet
  facet normal 0 0 -1
    outer loop
      vertex 65.4419 -195.285 21
      vertex 70.8797 -29.1772 21
      vertex 70.8797 -190.823 21
    endloop
  endfacet
  facet normal 0 0 -1
    outer loop
      vertex 65.4419 -195.285 21
      vertex 65.4419 -24.7145 21
      vertex 70.8797 -29.1772 21
    endloop
  endfacet
  facet normal 0 0 -1
    outer loop
      vertex 59.7238 -199.383 21
      vertex 65.4419 -24.7145 21
      vertex 65.4419 -195.285 21
    endloop
  endfacet
  facet normal 0 0 -1
    outer loop
      vertex 59.7238 -199.383 21
      vertex 59.7238 -20.617 21
      vertex 65.4419 -24.7145 21
    endloop
  endfacet
  facet normal 0 0 -1
    outer loop
      vertex 53.75 -203.098 21
      vertex 59.7238 -20.617 21
      vertex 59.7238 -199.383 21
    endloop
  endfacet
  facet normal 0 0 -1
    outer loop
      vertex 53.75 -203.098 21
      vertex 53.75 -16.9023 21
      vertex 59.7238 -20.617 21
    endloop
  endfacet
  facet normal 0 0 -1
    outer loop
      vertex 47.546 -206.414 21
      vertex 53.75 -16.9023 21
      vertex 53.75 -203.098 21
    endloop
  endfacet
  facet normal 0 0 -1
    outer loop
      vertex 47.546 -206.414 21
      vertex 47.546 -13.5862 21
      vertex 53.75 -16.9023 21
    endloop
  endfacet
  facet normal 0 0 -1
    outer loop
      vertex 41.1385 -209.317 21
      vertex 47.546 -13.5862 21
      vertex 47.546 -206.414 21
    endloop
  endfacet
  facet normal 0 0 -1
    outer loop
      vertex 41.1385 -209.317 21
      vertex 41.1385 -10.683 21
      vertex 47.546 -13.5862 21
    endloop
  endfacet
  facet normal 0 0 -1
    outer loop
      vertex 34.5547 -211.795 21
      vertex 41.1385 -10.683 21
      vertex 41.1385 -209.317 21
    endloop
  endfacet
  facet normal 0 0 -1
    outer loop
      vertex 34.5547 -211.795 21
      vertex 34.5547 -8.20501 21
      vertex 41.1385 -10.683 21
    endloop
  endfacet
  facet normal 0 0 -1
    outer loop
      vertex 27.823 -213.837 21
      vertex 34.5547 -8.20501 21
      vertex 34.5547 -211.795 21
    endloop
  endfacet
  facet normal 0 0 -1
    outer loop
      vertex 27.823 -213.837 21
      vertex 27.823 -6.16297 21
      vertex 34.5547 -8.20501 21
    endloop
  endfacet
  facet normal 0 0 -1
    outer loop
      vertex 20.9722 -215.434 21
      vertex 27.823 -6.16297 21
      vertex 27.823 -213.837 21
    endloop
  endfacet
  facet normal 0 0 -1
    outer loop
      vertex 20.9722 -215.434 21
      vertex 20.9722 -4.56558 21
      vertex 27.823 -6.16297 21
    endloop
  endfacet
  facet normal 0 0 -1
    outer loop
      vertex 14.0316 -216.58 21
      vertex 20.9722 -4.56558 21
      vertex 20.9722 -215.434 21
    endloop
  endfacet
  facet normal 0 0 -1
    outer loop
      vertex 14.0316 -216.58 21
      vertex 14.0316 -3.41968 21
      vertex 20.9722 -4.56558 21
    endloop
  endfacet
  facet normal 0 0 -1
    outer loop
      vertex 7.03084 -217.27 21
      vertex 14.0316 -3.41968 21
      vertex 14.0316 -216.58 21
    endloop
  endfacet
  facet normal 0 0 -1
    outer loop
      vertex 7.03084 -217.27 21
      vertex 7.03084 -2.73017 21
      vertex 14.0316 -3.41968 21
    endloop
  endfacet
  facet normal 0 0 -1
    outer loop
      vertex 0 -217.5 21
      vertex 7.03084 -2.73017 21
      vertex 7.03084 -217.27 21
    endloop
  endfacet
  facet normal 0 0 -1
    outer loop
      vertex 0 -217.5 21
      vertex 0 -2.5 21
      vertex 7.03084 -2.73017 21
    endloop
  endfacet
  facet normal 0 0 -1
    outer loop
      vertex -7.03084 -217.27 21
      vertex 0 -2.5 21
      vertex 0 -217.5 21
    endloop
  endfacet
  facet normal 0 0 -1
    outer loop
      vertex -7.03084 -217.27 21
      vertex -7.03084 -2.73017 21
      vertex 0 -2.5 21
    endloop
  endfacet
  facet normal 0 0 -1
    outer loop
      vertex -14.0316 -216.58 21
      vertex -7.03084 -2.73017 21
      vertex -7.03084 -217.27 21
    endloop
  endfacet
  facet normal 0 0 -1
    outer loop
      vertex -14.0316 -216.58 21
      vertex -14.0316 -3.41968 21
      vertex -7.03084 -2.73017 21
    endloop
  endfacet
  facet normal 0 0 -1
    outer loop
      vertex -20.9722 -215.434 21
      vertex -14.0316 -3.41968 21
      vertex -14.0316 -216.58 21
    endloop
  endfacet
  facet normal 0 0 -1
    outer loop
      vertex -20.9722 -215.434 21
      vertex -20.9722 -4.56558 21
      vertex -14.0316 -3.41968 21
    endloop
  endfacet
  facet normal 0 0 -1
    outer loop
      vertex -27.823 -213.837 21
      vertex -20.9722 -4.56558 21
      vertex -20.9722 -215.434 21
    endloop
  endfacet
  facet normal 0 0 -1
    outer loop
      vertex -27.823 -213.837 21
      vertex -27.823 -6.16297 21
      vertex -20.9722 -4.56558 21
    endloop
  endfacet
  facet normal 0 0 -1
    outer loop
      vertex -34.5547 -211.795 21
      vertex -27.823 -6.16297 21
      vertex -27.823 -213.837 21
    endloop
  endfacet
  facet normal 0 0 -1
    outer loop
      vertex -34.5547 -211.795 21
      vertex -34.5547 -8.20501 21
      vertex -27.823 -6.16297 21
    endloop
  endfacet
  facet normal 0 0 -1
    outer loop
      vertex -41.1385 -209.317 21
      vertex -34.5547 -8.20501 21
      vertex -34.5547 -211.795 21
    endloop
  endfacet
  facet normal 0 0 -1
    outer loop
      vertex -41.1385 -209.317 21
      vertex -41.1385 -10.683 21
      vertex -34.5547 -8.20501 21
    endloop
  endfacet
  facet normal 0 0 -1
    outer loop
      vertex -47.546 -206.414 21
      vertex -41.1385 -10.683 21
      vertex -41.1385 -209.317 21
    endloop
  endfacet
  facet normal 0 0 -1
    outer loop
      vertex -47.546 -206.414 21
      vertex -47.546 -13.5862 21
      vertex -41.1385 -10.683 21
    endloop
  endfacet
  facet normal 0 0 -1
    outer loop
      vertex -53.75 -203.098 21
      vertex -47.546 -13.5862 21
      vertex -47.546 -206.414 21
    endloop
  endfacet
  facet normal 0 0 -1
    outer loop
      vertex -53.75 -203.098 21
      vertex -53.75 -16.9023 21
      vertex -47.546 -13.5862 21
    endloop
  endfacet
  facet normal 0 0 -1
    outer loop
      vertex -59.7238 -199.383 21
      vertex -53.75 -16.9023 21
      vertex -53.75 -203.098 21
    endloop
  endfacet
  facet normal 0 0 -1
    outer loop
      vertex -59.7238 -199.383 21
      vertex -59.7238 -20.617 21
      vertex -53.75 -16.9023 21
    endloop
  endfacet
  facet normal 0 0 -1
    outer loop
      vertex -65.4419 -195.285 21
      vertex -59.7238 -20.617 21
      vertex -59.7238 -199.383 21
    endloop
  endfacet
  facet normal 0 0 -1
    outer loop
      vertex -65.4419 -195.285 21
      vertex -65.4419 -24.7145 21
      vertex -59.7238 -20.617 21
    endloop
  endfacet
  facet normal 0 0 -1
    outer loop
      vertex -70.8797 -190.823 21
      vertex -65.4419 -24.7145 21
      vertex -65.4419 -195.285 21
    endloop
  endfacet
  facet normal 0 0 -1
    outer loop
      vertex -70.8797 -190.823 21
      vertex -70.8797 -29.1772 21
      vertex -65.4419 -24.7145 21
    endloop
  endfacet
  facet normal 0 0 -1
    outer loop
      vertex -76.014 -186.014 21
      vertex -70.8797 -29.1772 21
      vertex -70.8797 -190.823 21
    endloop
  endfacet
  facet normal 0 0 -1
    outer loop
      vertex -76.014 -186.014 21
      vertex -76.014 -33.986 21
      vertex -70.8797 -29.1772 21
    endloop
  endfacet
  facet normal 0 0 -1
    outer loop
      vertex -80.8228 -180.88 21
      vertex -76.014 -33.986 21
      vertex -76.014 -186.014 21
    endloop
  endfacet
  facet normal 0 0 -1
    outer loop
      vertex -80.8228 -180.88 21
      vertex -80.8228 -39.1203 21
      vertex -76.014 -33.986 21
    endloop
  endfacet
  facet normal 0 0 -1
    outer loop
      vertex -85.2855 -175.442 21
      vertex -80.8228 -39.1203 21
      vertex -80.8228 -180.88 21
    endloop
  endfacet
  facet normal 0 0 -1
    outer loop
      vertex -85.2855 -175.442 21
      vertex -85.2855 -44.5581 21
      vertex -80.8228 -39.1203 21
    endloop
  endfacet
  facet normal 0 0 -1
    outer loop
      vertex -89.383 -169.724 21
      vertex -85.2855 -44.5581 21
      vertex -85.2855 -175.442 21
    endloop
  endfacet
  facet normal 0 0 -1
    outer loop
      vertex -89.383 -169.724 21
      vertex -89.383 -50.2762 21
      vertex -85.2855 -44.5581 21
    endloop
  endfacet
  facet normal 0 0 -1
    outer loop
      vertex -93.0977 -163.75 21
      vertex -89.383 -50.2762 21
      vertex -89.383 -169.724 21
    endloop
  endfacet
  facet normal 0 0 -1
    outer loop
      vertex -93.0977 -163.75 21
      vertex -93.0977 -56.25 21
      vertex -89.383 -50.2762 21
    endloop
  endfacet
  facet normal 0 0 -1
    outer loop
      vertex -96.4138 -157.546 21
      vertex -93.0977 -56.25 21
      vertex -93.0977 -163.75 21
    endloop
  endfacet
  facet normal 0 0 -1
    outer loop
      vertex -96.4138 -157.546 21
      vertex -96.4138 -62.454 21
      vertex -93.0977 -56.25 21
    endloop
  endfacet
  facet normal 0 0 -1
    outer loop
      vertex -99.317 -151.138 21
      vertex -96.4138 -62.454 21
      vertex -96.4138 -157.546 21
    endloop
  endfacet
  facet normal 0 0 -1
    outer loop
      vertex -99.317 -151.138 21
      vertex -99.317 -68.8615 21
      vertex -96.4138 -62.454 21
    endloop
  endfacet
  facet normal 0 0 -1
    outer loop
      vertex -101.795 -144.555 21
      vertex -99.317 -68.8615 21
      vertex -99.317 -151.138 21
    endloop
  endfacet
  facet normal 0 0 -1
    outer loop
      vertex -101.795 -144.555 21
      vertex -101.795 -75.4453 21
      vertex -99.317 -68.8615 21
    endloop
  endfacet
  facet normal 0 0 -1
    outer loop
      vertex -103.837 -137.823 21
      vertex -101.795 -75.4453 21
      vertex -101.795 -144.555 21
    endloop
  endfacet
  facet normal 0 0 -1
    outer loop
      vertex -103.837 -137.823 21
      vertex -103.837 -82.177 21
      vertex -101.795 -75.4453 21
    endloop
  endfacet
  facet normal 0 0 -1
    outer loop
      vertex -105.434 -130.972 21
      vertex -103.837 -82.177 21
      vertex -103.837 -137.823 21
    endloop
  endfacet
  facet normal 0 0 -1
    outer loop
      vertex -105.434 -130.972 21
      vertex -105.434 -89.0278 21
      vertex -103.837 -82.177 21
    endloop
  endfacet
  facet normal 0 0 -1
    outer loop
      vertex -106.58 -124.032 21
      vertex -105.434 -89.0278 21
      vertex -105.434 -130.972 21
    endloop
  endfacet
  facet normal 0 0 -1
    outer loop
      vertex -106.58 -124.032 21
      vertex -106.58 -95.9684 21
      vertex -105.434 -89.0278 21
    endloop
  endfacet
  facet normal 0 0 -1
    outer loop
      vertex -107.27 -117.031 21
      vertex -106.58 -95.9684 21
      vertex -106.58 -124.032 21
    endloop
  endfacet
  facet normal 0 0 -1
    outer loop
      vertex -107.27 -117.031 21
      vertex -107.27 -102.969 21
      vertex -106.58 -95.9684 21
    endloop
  endfacet
  facet normal 0 -0 -1
    outer loop
      vertex -107.27 -102.969 21
      vertex -107.27 -117.031 21
      vertex -107.5 -110 21
    endloop
  endfacet
  facet normal -0.412683 -0.910875 0
    outer loop
      vertex -47.546 -206.414 21
      vertex -41.1385 -209.317 29
      vertex -47.546 -206.414 29
    endloop
  endfacet
  facet normal -0.412683 -0.910875 -0
    outer loop
      vertex -41.1385 -209.317 29
      vertex -47.546 -206.414 21
      vertex -41.1385 -209.317 21
    endloop
  endfacet
  facet normal 0.812849 0.582475 1.85836e-17
    outer loop
      vertex 89.383 -50.2762 29
      vertex 85.2855 -44.5581 21
      vertex 85.2855 -44.5581 29
    endloop
  endfacet
  facet normal 0.812849 0.582475 1.85836e-17
    outer loop
      vertex 85.2855 -44.5581 21
      vertex 89.383 -50.2762 29
      vertex 89.383 -50.2762 21
    endloop
  endfacet
  facet normal -0.352254 -0.935904 0
    outer loop
      vertex -41.1385 -209.317 21
      vertex -34.5547 -211.795 29
      vertex -41.1385 -209.317 29
    endloop
  endfacet
  facet normal -0.352254 -0.935904 -0
    outer loop
      vertex -34.5547 -211.795 29
      vertex -41.1385 -209.317 21
      vertex -34.5547 -211.795 21
    endloop
  endfacet
  facet normal -0.995178 -0.0980821 -1.22213e-18
    outer loop
      vertex -106.58 -124.032 21
      vertex -107.27 -117.031 29
      vertex -107.27 -117.031 21
    endloop
  endfacet
  facet normal -0.995178 -0.0980821 -1.22213e-18
    outer loop
      vertex -107.27 -117.031 29
      vertex -106.58 -124.032 21
      vertex -106.58 -124.032 29
    endloop
  endfacet
  facet normal -0.729864 0.683593 -3.02217e-17
    outer loop
      vertex -80.8228 -39.1203 21
      vertex -76.014 -33.986 29
      vertex -76.014 -33.986 21
    endloop
  endfacet
  facet normal -0.729864 0.683593 -3.02217e-17
    outer loop
      vertex -76.014 -33.986 29
      vertex -80.8228 -39.1203 21
      vertex -80.8228 -39.1203 29
    endloop
  endfacet
  facet normal 0 0 -1
    outer loop
      vertex 34.4315 -115.176 29
      vertex 60 -110 29
      vertex 59.8715 -113.924 29
    endloop
  endfacet
  facet normal 0 0 -1
    outer loop
      vertex 37.8829 -122.175 29
      vertex 59.8715 -113.924 29
      vertex 59.4867 -117.832 29
    endloop
  endfacet
  facet normal 0 0 -1
    outer loop
      vertex 60 -110 29
      vertex 34.4315 -115.176 29
      vertex 33.9211 -112.611 29
    endloop
  endfacet
  facet normal 0 0 -1
    outer loop
      vertex 43.75 -127.321 29
      vertex 59.4867 -117.832 29
      vertex 58.8471 -121.705 29
    endloop
  endfacet
  facet normal -0 0 -1
    outer loop
      vertex 60 -110 29
      vertex 33.9211 -112.611 29
      vertex 33.75 -110 29
    endloop
  endfacet
  facet normal 0 0 -1
    outer loop
      vertex 48.5736 -129.319 29
      vertex 58.8471 -121.705 29
      vertex 57.9556 -125.529 29
    endloop
  endfacet
  facet normal 0 0 -1
    outer loop
      vertex 59.8715 -113.924 29
      vertex 35.2724 -117.654 29
      vertex 34.4315 -115.176 29
    endloop
  endfacet
  facet normal 0 0 -1
    outer loop
      vertex 53.75 -130 29
      vertex 57.9556 -125.529 29
      vertex 56.8158 -129.286 29
    endloop
  endfacet
  facet normal 0 0 -1
    outer loop
      vertex 59.4867 -117.832 29
      vertex 41.5748 -125.867 29
      vertex 39.6079 -124.142 29
    endloop
  endfacet
  facet normal 0 0 -1
    outer loop
      vertex 56.3605 -129.829 29
      vertex 56.8158 -129.286 29
      vertex 56.6319 -129.775 29
    endloop
  endfacet
  facet normal 0 0 -1
    outer loop
      vertex 57.9556 -125.529 29
      vertex 53.75 -130 29
      vertex 51.1395 -129.829 29
    endloop
  endfacet
  facet normal 0 0 -1
    outer loop
      vertex 56.8158 -129.286 29
      vertex 56.3605 -129.829 29
      vertex 53.75 -130 29
    endloop
  endfacet
  facet normal 0 0 -1
    outer loop
      vertex 57.9556 -125.529 29
      vertex 51.1395 -129.829 29
      vertex 48.5736 -129.319 29
    endloop
  endfacet
  facet normal -0 -0 -1
    outer loop
      vertex 56.3605 -90.1711 29
      vertex 56.8158 -90.7136 29
      vertex 53.75 -90 29
    endloop
  endfacet
  facet normal 0 0 -1
    outer loop
      vertex 56.8158 -90.7136 29
      vertex 56.3605 -90.1711 29
      vertex 56.6319 -90.2251 29
    endloop
  endfacet
  facet normal 0 0 -1
    outer loop
      vertex 58.8471 -121.705 29
      vertex 48.5736 -129.319 29
      vertex 46.0963 -128.478 29
    endloop
  endfacet
  facet normal 0 0 -1
    outer loop
      vertex 57.9556 -94.4709 29
      vertex 53.75 -90 29
      vertex 56.8158 -90.7136 29
    endloop
  endfacet
  facet normal 0 0 -1
    outer loop
      vertex 58.8471 -121.705 29
      vertex 46.0963 -128.478 29
      vertex 43.75 -127.321 29
    endloop
  endfacet
  facet normal 0 -0 -1
    outer loop
      vertex 53.75 -90 29
      vertex 57.9556 -94.4709 29
      vertex 51.1395 -90.1711 29
    endloop
  endfacet
  facet normal 0 0 -1
    outer loop
      vertex 59.4867 -117.832 29
      vertex 43.75 -127.321 29
      vertex 41.5748 -125.867 29
    endloop
  endfacet
  facet normal 0 -0 -1
    outer loop
      vertex 51.1395 -90.1711 29
      vertex 57.9556 -94.4709 29
      vertex 48.5736 -90.6815 29
    endloop
  endfacet
  facet normal 0 0 -1
    outer loop
      vertex 59.4867 -117.832 29
      vertex 39.6079 -124.142 29
      vertex 37.8829 -122.175 29
    endloop
  endfacet
  facet normal 0 0 -1
    outer loop
      vertex 58.8471 -98.2946 29
      vertex 48.5736 -90.6815 29
      vertex 57.9556 -94.4709 29
    endloop
  endfacet
  facet normal 0 0 -1
    outer loop
      vertex 59.8715 -113.924 29
      vertex 37.8829 -122.175 29
      vertex 36.4295 -120 29
    endloop
  endfacet
  facet normal 0 -0 -1
    outer loop
      vertex 48.5736 -90.6815 29
      vertex 58.8471 -98.2946 29
      vertex 46.0963 -91.5224 29
    endloop
  endfacet
  facet normal 0 0 -1
    outer loop
      vertex 59.8715 -113.924 29
      vertex 36.4295 -120 29
      vertex 35.2724 -117.654 29
    endloop
  endfacet
  facet normal 0 -0 -1
    outer loop
      vertex 46.0963 -91.5224 29
      vertex 58.8471 -98.2946 29
      vertex 43.75 -92.6795 29
    endloop
  endfacet
  facet normal 0 -0 -1
    outer loop
      vertex 33.9211 -107.389 29
      vertex 60 -110 29
      vertex 33.75 -110 29
    endloop
  endfacet
  facet normal 0 0 -1
    outer loop
      vertex 59.4867 -102.168 29
      vertex 43.75 -92.6795 29
      vertex 58.8471 -98.2946 29
    endloop
  endfacet
  facet normal 0 -0 -1
    outer loop
      vertex 34.4315 -104.824 29
      vertex 60 -110 29
      vertex 33.9211 -107.389 29
    endloop
  endfacet
  facet normal 0 -0 -1
    outer loop
      vertex 43.75 -92.6795 29
      vertex 59.4867 -102.168 29
      vertex 41.5748 -94.1329 29
    endloop
  endfacet
  facet normal 0 -0 -1
    outer loop
      vertex 39.6079 -95.8579 29
      vertex 59.4867 -102.168 29
      vertex 37.8829 -97.8248 29
    endloop
  endfacet
  facet normal 0 -0 -1
    outer loop
      vertex 41.5748 -94.1329 29
      vertex 59.4867 -102.168 29
      vertex 39.6079 -95.8579 29
    endloop
  endfacet
  facet normal 0 0 -1
    outer loop
      vertex 60 -110 29
      vertex 34.4315 -104.824 29
      vertex 59.8715 -106.076 29
    endloop
  endfacet
  facet normal 0 0 -1
    outer loop
      vertex 59.8715 -106.076 29
      vertex 37.8829 -97.8248 29
      vertex 59.4867 -102.168 29
    endloop
  endfacet
  facet normal 0 -0 -1
    outer loop
      vertex 35.2724 -102.346 29
      vertex 59.8715 -106.076 29
      vertex 34.4315 -104.824 29
    endloop
  endfacet
  facet normal 0 -0 -1
    outer loop
      vertex 37.8829 -97.8248 29
      vertex 59.8715 -106.076 29
      vertex 36.4295 -100 29
    endloop
  endfacet
  facet normal 0 -0 -1
    outer loop
      vertex 36.4295 -100 29
      vertex 59.8715 -106.076 29
      vertex 35.2724 -102.346 29
    endloop
  endfacet
  facet normal 0 0 -1
    outer loop
      vertex 19.2864 -166.816 29
      vertex 20 -163.75 29
      vertex 19.8289 -166.361 29
    endloop
  endfacet
  facet normal 0 0 -1
    outer loop
      vertex 19.2864 -166.816 29
      vertex 19.8289 -166.361 29
      vertex 19.7749 -166.632 29
    endloop
  endfacet
  facet normal 0 0 -1
    outer loop
      vertex 15.5291 -167.956 29
      vertex 20 -163.75 29
      vertex 19.2864 -166.816 29
    endloop
  endfacet
  facet normal -0 0 -1
    outer loop
      vertex 20 -163.75 29
      vertex 15.5291 -167.956 29
      vertex 19.8289 -161.139 29
    endloop
  endfacet
  facet normal -0 0 -1
    outer loop
      vertex 19.8289 -161.139 29
      vertex 15.5291 -167.956 29
      vertex 19.3185 -158.574 29
    endloop
  endfacet
  facet normal 0 0 -1
    outer loop
      vertex 11.7054 -168.847 29
      vertex 19.3185 -158.574 29
      vertex 15.5291 -167.956 29
    endloop
  endfacet
  facet normal -0 0 -1
    outer loop
      vertex 19.3185 -158.574 29
      vertex 11.7054 -168.847 29
      vertex 18.4776 -156.096 29
    endloop
  endfacet
  facet normal -0 0 -1
    outer loop
      vertex 18.4776 -156.096 29
      vertex 11.7054 -168.847 29
      vertex 17.3205 -153.75 29
    endloop
  endfacet
  facet normal 0 0 -1
    outer loop
      vertex 7.83157 -169.487 29
      vertex 17.3205 -153.75 29
      vertex 11.7054 -168.847 29
    endloop
  endfacet
  facet normal -0 0 -1
    outer loop
      vertex 17.3205 -153.75 29
      vertex 7.83157 -169.487 29
      vertex 15.8671 -151.575 29
    endloop
  endfacet
  facet normal -0 0 -1
    outer loop
      vertex 15.8671 -151.575 29
      vertex 7.83157 -169.487 29
      vertex 14.1421 -149.608 29
    endloop
  endfacet
  facet normal -0 0 -1
    outer loop
      vertex 14.1421 -149.608 29
      vertex 7.83157 -169.487 29
      vertex 12.1752 -147.883 29
    endloop
  endfacet
  facet normal 0 0 -1
    outer loop
      vertex 3.92419 -169.872 29
      vertex 12.1752 -147.883 29
      vertex 7.83157 -169.487 29
    endloop
  endfacet
  facet normal -0 0 -1
    outer loop
      vertex 12.1752 -147.883 29
      vertex 3.92419 -169.872 29
      vertex 10 -146.429 29
    endloop
  endfacet
  facet normal -0 0 -1
    outer loop
      vertex 10 -146.429 29
      vertex 3.92419 -169.872 29
      vertex 7.65367 -145.272 29
    endloop
  endfacet
  facet normal -0 0 -1
    outer loop
      vertex 7.65367 -145.272 29
      vertex 3.92419 -169.872 29
      vertex 5.17638 -144.431 29
    endloop
  endfacet
  facet normal 0 0 -1
    outer loop
      vertex 0 -170 29
      vertex 5.17638 -144.431 29
      vertex 3.92419 -169.872 29
    endloop
  endfacet
  facet normal -0 0 -1
    outer loop
      vertex 5.17638 -144.431 29
      vertex 0 -170 29
      vertex 2.61052 -143.921 29
    endloop
  endfacet
  facet normal 0 0 -1
    outer loop
      vertex 0 -170 29
      vertex 0 -143.75 29
      vertex 2.61052 -143.921 29
    endloop
  endfacet
  facet normal 0 0 -1
    outer loop
      vertex 0 -170 29
      vertex -2.61052 -143.921 29
      vertex 0 -143.75 29
    endloop
  endfacet
  facet normal 0 0 -1
    outer loop
      vertex -5.17638 -144.431 29
      vertex 0 -170 29
      vertex -3.92419 -169.872 29
    endloop
  endfacet
  facet normal 0 0 -1
    outer loop
      vertex 0 -170 29
      vertex -5.17638 -144.431 29
      vertex -2.61052 -143.921 29
    endloop
  endfacet
  facet normal 0 0 -1
    outer loop
      vertex -3.92419 -169.872 29
      vertex -7.65367 -145.272 29
      vertex -5.17638 -144.431 29
    endloop
  endfacet
  facet normal 0 0 -1
    outer loop
      vertex -12.1752 -147.883 29
      vertex -3.92419 -169.872 29
      vertex -7.83157 -169.487 29
    endloop
  endfacet
  facet normal 0 0 -1
    outer loop
      vertex -3.92419 -169.872 29
      vertex -10 -146.429 29
      vertex -7.65367 -145.272 29
    endloop
  endfacet
  facet normal 0 0 -1
    outer loop
      vertex -17.3205 -153.75 29
      vertex -7.83157 -169.487 29
      vertex -11.7054 -168.847 29
    endloop
  endfacet
  facet normal 0 0 -1
    outer loop
      vertex -3.92419 -169.872 29
      vertex -12.1752 -147.883 29
      vertex -10 -146.429 29
    endloop
  endfacet
  facet normal 0 0 -1
    outer loop
      vertex -7.83157 -169.487 29
      vertex -14.1421 -149.608 29
      vertex -12.1752 -147.883 29
    endloop
  endfacet
  facet normal 0 0 -1
    outer loop
      vertex -19.3185 -158.574 29
      vertex -11.7054 -168.847 29
      vertex -15.5291 -167.956 29
    endloop
  endfacet
  facet normal 0 0 -1
    outer loop
      vertex -7.83157 -169.487 29
      vertex -15.8671 -151.575 29
      vertex -14.1421 -149.608 29
    endloop
  endfacet
  facet normal 0 0 -1
    outer loop
      vertex -7.83157 -169.487 29
      vertex -17.3205 -153.75 29
      vertex -15.8671 -151.575 29
    endloop
  endfacet
  facet normal 0 0 -1
    outer loop
      vertex -11.7054 -168.847 29
      vertex -18.4776 -156.096 29
      vertex -17.3205 -153.75 29
    endloop
  endfacet
  facet normal 0 0 -1
    outer loop
      vertex -20 -163.75 29
      vertex -15.5291 -167.956 29
      vertex -19.2864 -166.816 29
    endloop
  endfacet
  facet normal 0 0 -1
    outer loop
      vertex -11.7054 -168.847 29
      vertex -19.3185 -158.574 29
      vertex -18.4776 -156.096 29
    endloop
  endfacet
  facet normal 0 0 -1
    outer loop
      vertex -19.8289 -166.361 29
      vertex -19.2864 -166.816 29
      vertex -19.7749 -166.632 29
    endloop
  endfacet
  facet normal 0 0 -1
    outer loop
      vertex -19.2864 -166.816 29
      vertex -19.8289 -166.361 29
      vertex -20 -163.75 29
    endloop
  endfacet
  facet normal 0 0 -1
    outer loop
      vertex -15.5291 -167.956 29
      vertex -19.8289 -161.139 29
      vertex -19.3185 -158.574 29
    endloop
  endfacet
  facet normal 0 0 -1
    outer loop
      vertex -15.5291 -167.956 29
      vertex -20 -163.75 29
      vertex -19.8289 -161.139 29
    endloop
  endfacet
  facet normal 0 0 -1
    outer loop
      vertex 15.5291 -52.0444 29
      vertex 20 -56.25 29
      vertex 19.8289 -58.8605 29
    endloop
  endfacet
  facet normal 0 0 -1
    outer loop
      vertex 20 -56.25 29
      vertex 19.2864 -53.1842 29
      vertex 19.8289 -53.6395 29
    endloop
  endfacet
  facet normal 0 0 -1
    outer loop
      vertex 15.5291 -52.0444 29
      vertex 19.8289 -58.8605 29
      vertex 19.3185 -61.4264 29
    endloop
  endfacet
  facet normal 0 0 -1
    outer loop
      vertex 19.8289 -53.6395 29
      vertex 19.2864 -53.1842 29
      vertex 19.7749 -53.3681 29
    endloop
  endfacet
  facet normal 0 0 -1
    outer loop
      vertex 11.7054 -51.1529 29
      vertex 19.3185 -61.4264 29
      vertex 18.4776 -63.9037 29
    endloop
  endfacet
  facet normal 0 0 -1
    outer loop
      vertex 11.7054 -51.1529 29
      vertex 18.4776 -63.9037 29
      vertex 17.3205 -66.25 29
    endloop
  endfacet
  facet normal 0 0 -1
    outer loop
      vertex 7.83157 -50.5133 29
      vertex 17.3205 -66.25 29
      vertex 15.8671 -68.4252 29
    endloop
  endfacet
  facet normal 0 0 -1
    outer loop
      vertex 20 -56.25 29
      vertex 15.5291 -52.0444 29
      vertex 19.2864 -53.1842 29
    endloop
  endfacet
  facet normal 0 0 -1
    outer loop
      vertex 7.83157 -50.5133 29
      vertex 15.8671 -68.4252 29
      vertex 14.1421 -70.3921 29
    endloop
  endfacet
  facet normal 0 0 -1
    outer loop
      vertex 7.83157 -50.5133 29
      vertex 14.1421 -70.3921 29
      vertex 12.1752 -72.1171 29
    endloop
  endfacet
  facet normal 0 0 -1
    outer loop
      vertex 19.3185 -61.4264 29
      vertex 11.7054 -51.1529 29
      vertex 15.5291 -52.0444 29
    endloop
  endfacet
  facet normal 0 0 -1
    outer loop
      vertex 3.92419 -50.1285 29
      vertex 12.1752 -72.1171 29
      vertex 10 -73.5705 29
    endloop
  endfacet
  facet normal 0 0 -1
    outer loop
      vertex 17.3205 -66.25 29
      vertex 7.83157 -50.5133 29
      vertex 11.7054 -51.1529 29
    endloop
  endfacet
  facet normal 0 0 -1
    outer loop
      vertex 3.92419 -50.1285 29
      vertex 10 -73.5705 29
      vertex 7.65367 -74.7276 29
    endloop
  endfacet
  facet normal 0 0 -1
    outer loop
      vertex 3.92419 -50.1285 29
      vertex 7.65367 -74.7276 29
      vertex 5.17638 -75.5685 29
    endloop
  endfacet
  facet normal 0 0 -1
    outer loop
      vertex 12.1752 -72.1171 29
      vertex 3.92419 -50.1285 29
      vertex 7.83157 -50.5133 29
    endloop
  endfacet
  facet normal 0 0 -1
    outer loop
      vertex 0 -50 29
      vertex 5.17638 -75.5685 29
      vertex 2.61052 -76.0789 29
    endloop
  endfacet
  facet normal 0 0 -1
    outer loop
      vertex 0 -50 29
      vertex 2.61052 -76.0789 29
      vertex 0 -76.25 29
    endloop
  endfacet
  facet normal 0 0 -1
    outer loop
      vertex 5.17638 -75.5685 29
      vertex 0 -50 29
      vertex 3.92419 -50.1285 29
    endloop
  endfacet
  facet normal 0 0 -1
    outer loop
      vertex -2.61052 -76.0789 29
      vertex 0 -50 29
      vertex 0 -76.25 29
    endloop
  endfacet
  facet normal 0 0 -1
    outer loop
      vertex -5.17638 -75.5685 29
      vertex 0 -50 29
      vertex -2.61052 -76.0789 29
    endloop
  endfacet
  facet normal 0 0 -1
    outer loop
      vertex 0 -50 29
      vertex -5.17638 -75.5685 29
      vertex -3.92419 -50.1285 29
    endloop
  endfacet
  facet normal 0 0 -1
    outer loop
      vertex -7.65367 -74.7276 29
      vertex -3.92419 -50.1285 29
      vertex -5.17638 -75.5685 29
    endloop
  endfacet
  facet normal 0 0 -1
    outer loop
      vertex -10 -73.5705 29
      vertex -3.92419 -50.1285 29
      vertex -7.65367 -74.7276 29
    endloop
  endfacet
  facet normal 0 0 -1
    outer loop
      vertex -12.1752 -72.1171 29
      vertex -3.92419 -50.1285 29
      vertex -10 -73.5705 29
    endloop
  endfacet
  facet normal 0 0 -1
    outer loop
      vertex -3.92419 -50.1285 29
      vertex -12.1752 -72.1171 29
      vertex -7.83157 -50.5133 29
    endloop
  endfacet
  facet normal 0 0 -1
    outer loop
      vertex -14.1421 -70.3921 29
      vertex -7.83157 -50.5133 29
      vertex -12.1752 -72.1171 29
    endloop
  endfacet
  facet normal 0 0 -1
    outer loop
      vertex -15.8671 -68.4252 29
      vertex -7.83157 -50.5133 29
      vertex -14.1421 -70.3921 29
    endloop
  endfacet
  facet normal 0 0 -1
    outer loop
      vertex -17.3205 -66.25 29
      vertex -7.83157 -50.5133 29
      vertex -15.8671 -68.4252 29
    endloop
  endfacet
  facet normal 0 0 -1
    outer loop
      vertex -7.83157 -50.5133 29
      vertex -17.3205 -66.25 29
      vertex -11.7054 -51.1529 29
    endloop
  endfacet
  facet normal 0 0 -1
    outer loop
      vertex -18.4776 -63.9037 29
      vertex -11.7054 -51.1529 29
      vertex -17.3205 -66.25 29
    endloop
  endfacet
  facet normal 0 0 -1
    outer loop
      vertex -19.3185 -61.4264 29
      vertex -11.7054 -51.1529 29
      vertex -18.4776 -63.9037 29
    endloop
  endfacet
  facet normal 0 0 -1
    outer loop
      vertex -11.7054 -51.1529 29
      vertex -19.3185 -61.4264 29
      vertex -15.5291 -52.0444 29
    endloop
  endfacet
  facet normal 0 0 -1
    outer loop
      vertex -19.8289 -58.8605 29
      vertex -15.5291 -52.0444 29
      vertex -19.3185 -61.4264 29
    endloop
  endfacet
  facet normal 0 0 -1
    outer loop
      vertex -20 -56.25 29
      vertex -15.5291 -52.0444 29
      vertex -19.8289 -58.8605 29
    endloop
  endfacet
  facet normal 0 0 -1
    outer loop
      vertex -15.5291 -52.0444 29
      vertex -20 -56.25 29
      vertex -19.2864 -53.1842 29
    endloop
  endfacet
  facet normal 0 -0 -1
    outer loop
      vertex -19.8289 -53.6395 29
      vertex -19.2864 -53.1842 29
      vertex -20 -56.25 29
    endloop
  endfacet
  facet normal 0 0 -1
    outer loop
      vertex -19.2864 -53.1842 29
      vertex -19.8289 -53.6395 29
      vertex -19.7749 -53.3681 29
    endloop
  endfacet
  facet normal 0 0 -1
    outer loop
      vertex -60 -110 29
      vertex -33.75 -110 29
      vertex -33.9211 -112.611 29
    endloop
  endfacet
  facet normal 0 0 -1
    outer loop
      vertex -60 -110 29
      vertex -33.9211 -112.611 29
      vertex -34.4315 -115.176 29
    endloop
  endfacet
  facet normal 0 0 -1
    outer loop
      vertex -33.75 -110 29
      vertex -60 -110 29
      vertex -33.9211 -107.389 29
    endloop
  endfacet
  facet normal 0 0 -1
    outer loop
      vertex -59.8715 -113.924 29
      vertex -34.4315 -115.176 29
      vertex -35.2724 -117.654 29
    endloop
  endfacet
  facet normal -0 0 -1
    outer loop
      vertex -33.9211 -107.389 29
      vertex -60 -110 29
      vertex -34.4315 -104.824 29
    endloop
  endfacet
  facet normal 0 0 -1
    outer loop
      vertex -59.8715 -113.924 29
      vertex -35.2724 -117.654 29
      vertex -36.4295 -120 29
    endloop
  endfacet
  facet normal 0 -0 -1
    outer loop
      vertex -59.8715 -106.076 29
      vertex -34.4315 -104.824 29
      vertex -60 -110 29
    endloop
  endfacet
  facet normal 0 0 -1
    outer loop
      vertex -59.8715 -113.924 29
      vertex -36.4295 -120 29
      vertex -37.8829 -122.175 29
    endloop
  endfacet
  facet normal -0 0 -1
    outer loop
      vertex -34.4315 -104.824 29
      vertex -59.8715 -106.076 29
      vertex -35.2724 -102.346 29
    endloop
  endfacet
  facet normal 0 0 -1
    outer loop
      vertex -59.4867 -117.832 29
      vertex -37.8829 -122.175 29
      vertex -39.6079 -124.142 29
    endloop
  endfacet
  facet normal -0 0 -1
    outer loop
      vertex -35.2724 -102.346 29
      vertex -59.8715 -106.076 29
      vertex -36.4295 -100 29
    endloop
  endfacet
  facet normal 0 0 -1
    outer loop
      vertex -59.4867 -117.832 29
      vertex -39.6079 -124.142 29
      vertex -41.5748 -125.867 29
    endloop
  endfacet
  facet normal -0 0 -1
    outer loop
      vertex -36.4295 -100 29
      vertex -59.8715 -106.076 29
      vertex -37.8829 -97.8248 29
    endloop
  endfacet
  facet normal 0 0 -1
    outer loop
      vertex -59.4867 -117.832 29
      vertex -41.5748 -125.867 29
      vertex -43.75 -127.321 29
    endloop
  endfacet
  facet normal 0 -0 -1
    outer loop
      vertex -59.4867 -102.168 29
      vertex -37.8829 -97.8248 29
      vertex -59.8715 -106.076 29
    endloop
  endfacet
  facet normal 0 0 -1
    outer loop
      vertex -58.8471 -121.705 29
      vertex -43.75 -127.321 29
      vertex -46.0963 -128.478 29
    endloop
  endfacet
  facet normal -0 0 -1
    outer loop
      vertex -37.8829 -97.8248 29
      vertex -59.4867 -102.168 29
      vertex -39.6079 -95.8579 29
    endloop
  endfacet
  facet normal 0 0 -1
    outer loop
      vertex -58.8471 -121.705 29
      vertex -46.0963 -128.478 29
      vertex -48.5736 -129.319 29
    endloop
  endfacet
  facet normal -0 0 -1
    outer loop
      vertex -39.6079 -95.8579 29
      vertex -59.4867 -102.168 29
      vertex -41.5748 -94.1329 29
    endloop
  endfacet
  facet normal 0 0 -1
    outer loop
      vertex -57.9556 -125.529 29
      vertex -48.5736 -129.319 29
      vertex -51.1395 -129.829 29
    endloop
  endfacet
  facet normal -0 0 -1
    outer loop
      vertex -41.5748 -94.1329 29
      vertex -59.4867 -102.168 29
      vertex -43.75 -92.6795 29
    endloop
  endfacet
  facet normal 0 0 -1
    outer loop
      vertex -57.9556 -125.529 29
      vertex -51.1395 -129.829 29
      vertex -53.75 -130 29
    endloop
  endfacet
  facet normal 0 0 -1
    outer loop
      vertex -34.4315 -115.176 29
      vertex -59.8715 -113.924 29
      vertex -60 -110 29
    endloop
  endfacet
  facet normal 0 0 -1
    outer loop
      vertex -56.8158 -129.286 29
      vertex -53.75 -130 29
      vertex -56.3605 -129.829 29
    endloop
  endfacet
  facet normal 0 0 -1
    outer loop
      vertex -37.8829 -122.175 29
      vertex -59.4867 -117.832 29
      vertex -59.8715 -113.924 29
    endloop
  endfacet
  facet normal 0 0 -1
    outer loop
      vertex -56.8158 -129.286 29
      vertex -56.3605 -129.829 29
      vertex -56.6319 -129.775 29
    endloop
  endfacet
  facet normal 0 0 -1
    outer loop
      vertex -48.5736 -129.319 29
      vertex -57.9556 -125.529 29
      vertex -58.8471 -121.705 29
    endloop
  endfacet
  facet normal 0 0 -1
    outer loop
      vertex -53.75 -130 29
      vertex -56.8158 -129.286 29
      vertex -57.9556 -125.529 29
    endloop
  endfacet
  facet normal 0 0 -1
    outer loop
      vertex -43.75 -127.321 29
      vertex -58.8471 -121.705 29
      vertex -59.4867 -117.832 29
    endloop
  endfacet
  facet normal 0 0 -1
    outer loop
      vertex -53.75 -90 29
      vertex -56.8158 -90.7136 29
      vertex -56.3605 -90.1711 29
    endloop
  endfacet
  facet normal 0 0 -1
    outer loop
      vertex -56.3605 -90.1711 29
      vertex -56.8158 -90.7136 29
      vertex -56.6319 -90.2251 29
    endloop
  endfacet
  facet normal 0 -0 -1
    outer loop
      vertex -58.8471 -98.2946 29
      vertex -43.75 -92.6795 29
      vertex -59.4867 -102.168 29
    endloop
  endfacet
  facet normal 0 -0 -1
    outer loop
      vertex -56.8158 -90.7136 29
      vertex -53.75 -90 29
      vertex -57.9556 -94.4709 29
    endloop
  endfacet
  facet normal -0 0 -1
    outer loop
      vertex -43.75 -92.6795 29
      vertex -58.8471 -98.2946 29
      vertex -46.0963 -91.5224 29
    endloop
  endfacet
  facet normal -0 0 -1
    outer loop
      vertex -51.1395 -90.1711 29
      vertex -57.9556 -94.4709 29
      vertex -53.75 -90 29
    endloop
  endfacet
  facet normal -0 0 -1
    outer loop
      vertex -48.5736 -90.6815 29
      vertex -57.9556 -94.4709 29
      vertex -51.1395 -90.1711 29
    endloop
  endfacet
  facet normal 0 -0 -1
    outer loop
      vertex -57.9556 -94.4709 29
      vertex -48.5736 -90.6815 29
      vertex -58.8471 -98.2946 29
    endloop
  endfacet
  facet normal -0 0 -1
    outer loop
      vertex -46.0963 -91.5224 29
      vertex -58.8471 -98.2946 29
      vertex -48.5736 -90.6815 29
    endloop
  endfacet
  facet normal -0 0 1
    outer loop
      vertex 73.5789 -107.389 29
      vertex 107.5 -110 29
      vertex 107.27 -102.969 29
    endloop
  endfacet
  facet normal 0 0 1
    outer loop
      vertex 73.0685 -104.824 29
      vertex 107.27 -102.969 29
      vertex 106.58 -95.9684 29
    endloop
  endfacet
  facet normal 0 0 1
    outer loop
      vertex 107.5 -110 29
      vertex 73.5789 -107.389 29
      vertex 73.75 -110 29
    endloop
  endfacet
  facet normal 0 0 1
    outer loop
      vertex 72.2276 -102.346 29
      vertex 106.58 -95.9684 29
      vertex 105.434 -89.0278 29
    endloop
  endfacet
  facet normal 0 0 1
    outer loop
      vertex 73.5789 -112.611 29
      vertex 107.5 -110 29
      vertex 73.75 -110 29
    endloop
  endfacet
  facet normal 0 0 1
    outer loop
      vertex 71.0705 -100 29
      vertex 105.434 -89.0278 29
      vertex 103.837 -82.177 29
    endloop
  endfacet
  facet normal 0 0 1
    outer loop
      vertex 107.5 -110 29
      vertex 73.5789 -112.611 29
      vertex 107.27 -117.031 29
    endloop
  endfacet
  facet normal 0 0 1
    outer loop
      vertex 69.6171 -97.8248 29
      vertex 103.837 -82.177 29
      vertex 101.795 -75.4453 29
    endloop
  endfacet
  facet normal 0 0 1
    outer loop
      vertex 107.27 -117.031 29
      vertex 73.0685 -115.176 29
      vertex 106.58 -124.032 29
    endloop
  endfacet
  facet normal 0 0 1
    outer loop
      vertex 67.8921 -95.8579 29
      vertex 101.795 -75.4453 29
      vertex 99.317 -68.8615 29
    endloop
  endfacet
  facet normal -0 0 1
    outer loop
      vertex 72.2276 -117.654 29
      vertex 106.58 -124.032 29
      vertex 73.0685 -115.176 29
    endloop
  endfacet
  facet normal 0 0 1
    outer loop
      vertex 65.9252 -94.1329 29
      vertex 99.317 -68.8615 29
      vertex 96.4138 -62.454 29
    endloop
  endfacet
  facet normal 0 0 1
    outer loop
      vertex 106.58 -124.032 29
      vertex 72.2276 -117.654 29
      vertex 105.434 -130.972 29
    endloop
  endfacet
  facet normal 0 0 1
    outer loop
      vertex 53.8124 -83.4627 29
      vertex 96.4138 -62.454 29
      vertex 93.0977 -56.25 29
    endloop
  endfacet
  facet normal -0 0 1
    outer loop
      vertex 71.0705 -120 29
      vertex 105.434 -130.972 29
      vertex 72.2276 -117.654 29
    endloop
  endfacet
  facet normal 0 0 1
    outer loop
      vertex 51.9615 -80 29
      vertex 93.0977 -56.25 29
      vertex 89.383 -50.2762 29
    endloop
  endfacet
  facet normal 0 0 1
    outer loop
      vertex 105.434 -130.972 29
      vertex 71.0705 -120 29
      vertex 103.837 -137.823 29
    endloop
  endfacet
  facet normal 0 0 1
    outer loop
      vertex 49.8882 -76.6658 29
      vertex 89.383 -50.2762 29
      vertex 85.2855 -44.5581 29
    endloop
  endfacet
  facet normal -0 0 1
    outer loop
      vertex 69.6171 -122.175 29
      vertex 103.837 -137.823 29
      vertex 71.0705 -120 29
    endloop
  endfacet
  facet normal 0 0 1
    outer loop
      vertex 47.6012 -73.4743 29
      vertex 85.2855 -44.5581 29
      vertex 80.8228 -39.1203 29
    endloop
  endfacet
  facet normal 0 0 1
    outer loop
      vertex 103.837 -137.823 29
      vertex 69.6171 -122.175 29
      vertex 101.795 -144.555 29
    endloop
  endfacet
  facet normal 0 0 1
    outer loop
      vertex 45.1104 -70.4393 29
      vertex 80.8228 -39.1203 29
      vertex 76.014 -33.986 29
    endloop
  endfacet
  facet normal -0 0 1
    outer loop
      vertex 67.8921 -124.142 29
      vertex 101.795 -144.555 29
      vertex 69.6171 -122.175 29
    endloop
  endfacet
  facet normal 0 0 1
    outer loop
      vertex 101.795 -144.555 29
      vertex 67.8921 -124.142 29
      vertex 99.317 -151.138 29
    endloop
  endfacet
  facet normal -0 0 1
    outer loop
      vertex 73.0685 -115.176 29
      vertex 107.27 -117.031 29
      vertex 73.5789 -112.611 29
    endloop
  endfacet
  facet normal 0 0 1
    outer loop
      vertex 107.27 -102.969 29
      vertex 73.0685 -104.824 29
      vertex 73.5789 -107.389 29
    endloop
  endfacet
  facet normal 0 0 1
    outer loop
      vertex 106.58 -95.9684 29
      vertex 72.2276 -102.346 29
      vertex 73.0685 -104.824 29
    endloop
  endfacet
  facet normal 0 0 1
    outer loop
      vertex 105.434 -89.0278 29
      vertex 71.0705 -100 29
      vertex 72.2276 -102.346 29
    endloop
  endfacet
  facet normal 0 0 1
    outer loop
      vertex 42.4264 -67.5736 29
      vertex 76.014 -33.986 29
      vertex 70.8797 -29.1772 29
    endloop
  endfacet
  facet normal 0 0 1
    outer loop
      vertex 103.837 -82.177 29
      vertex 69.6171 -97.8248 29
      vertex 71.0705 -100 29
    endloop
  endfacet
  facet normal 0 0 1
    outer loop
      vertex 101.795 -75.4453 29
      vertex 67.8921 -95.8579 29
      vertex 69.6171 -97.8248 29
    endloop
  endfacet
  facet normal 0 0 1
    outer loop
      vertex 99.317 -68.8615 29
      vertex 65.9252 -94.1329 29
      vertex 67.8921 -95.8579 29
    endloop
  endfacet
  facet normal 0 0 1
    outer loop
      vertex 39.5607 -64.8896 29
      vertex 70.8797 -29.1772 29
      vertex 65.4419 -24.7145 29
    endloop
  endfacet
  facet normal 0 0 1
    outer loop
      vertex 96.4138 -62.454 29
      vertex 63.75 -92.6795 29
      vertex 65.9252 -94.1329 29
    endloop
  endfacet
  facet normal 0 0 1
    outer loop
      vertex 93.0977 -56.25 29
      vertex 51.9615 -80 29
      vertex 53.8124 -83.4627 29
    endloop
  endfacet
  facet normal 0 0 1
    outer loop
      vertex 36.5257 -62.3988 29
      vertex 65.4419 -24.7145 29
      vertex 59.7238 -20.617 29
    endloop
  endfacet
  facet normal 0 0 1
    outer loop
      vertex 96.4138 -62.454 29
      vertex 53.8124 -83.4627 29
      vertex 63.75 -92.6795 29
    endloop
  endfacet
  facet normal -0 -0 1
    outer loop
      vertex 55.4328 -87.039 29
      vertex 61.4037 -91.5224 29
      vertex 53.8124 -83.4627 29
    endloop
  endfacet
  facet normal 0 0 1
    outer loop
      vertex 58.9264 -90.6815 29
      vertex 55.4328 -87.039 29
      vertex 56.6319 -90.2251 29
    endloop
  endfacet
  facet normal 0 0 1
    outer loop
      vertex 61.4037 -91.5224 29
      vertex 55.4328 -87.039 29
      vertex 58.9264 -90.6815 29
    endloop
  endfacet
  facet normal 0 0 1
    outer loop
      vertex 33.3342 -60.1118 29
      vertex 59.7238 -20.617 29
      vertex 53.75 -16.9023 29
    endloop
  endfacet
  facet normal 0 0 1
    outer loop
      vertex 63.75 -92.6795 29
      vertex 53.8124 -83.4627 29
      vertex 61.4037 -91.5224 29
    endloop
  endfacet
  facet normal 0 0 1
    outer loop
      vertex 89.383 -50.2762 29
      vertex 49.8882 -76.6658 29
      vertex 51.9615 -80 29
    endloop
  endfacet
  facet normal 0 0 1
    outer loop
      vertex 85.2855 -44.5581 29
      vertex 47.6012 -73.4743 29
      vertex 49.8882 -76.6658 29
    endloop
  endfacet
  facet normal 0 0 1
    outer loop
      vertex 30 -58.0385 29
      vertex 53.75 -16.9023 29
      vertex 47.546 -13.5862 29
    endloop
  endfacet
  facet normal 0 0 1
    outer loop
      vertex 80.8228 -39.1203 29
      vertex 45.1104 -70.4393 29
      vertex 47.6012 -73.4743 29
    endloop
  endfacet
  facet normal 0 0 1
    outer loop
      vertex 76.014 -33.986 29
      vertex 42.4264 -67.5736 29
      vertex 45.1104 -70.4393 29
    endloop
  endfacet
  facet normal 0 0 1
    outer loop
      vertex 15.8671 -44.0748 29
      vertex 47.546 -13.5862 29
      vertex 41.1385 -10.683 29
    endloop
  endfacet
  facet normal 0 0 1
    outer loop
      vertex 70.8797 -29.1772 29
      vertex 39.5607 -64.8896 29
      vertex 42.4264 -67.5736 29
    endloop
  endfacet
  facet normal 0 0 1
    outer loop
      vertex 65.4419 -24.7145 29
      vertex 36.5257 -62.3988 29
      vertex 39.5607 -64.8896 29
    endloop
  endfacet
  facet normal 0 0 1
    outer loop
      vertex 14.1421 -42.1079 29
      vertex 41.1385 -10.683 29
      vertex 34.5547 -8.20501 29
    endloop
  endfacet
  facet normal 0 0 1
    outer loop
      vertex 59.7238 -20.617 29
      vertex 33.3342 -60.1118 29
      vertex 36.5257 -62.3988 29
    endloop
  endfacet
  facet normal 0 0 1
    outer loop
      vertex 53.75 -16.9023 29
      vertex 30 -58.0385 29
      vertex 33.3342 -60.1118 29
    endloop
  endfacet
  facet normal 0 0 1
    outer loop
      vertex 12.1752 -40.3829 29
      vertex 34.5547 -8.20501 29
      vertex 27.823 -6.16297 29
    endloop
  endfacet
  facet normal 0 0 1
    outer loop
      vertex 47.546 -13.5862 29
      vertex 17.3205 -46.25 29
      vertex 26.5373 -56.1876 29
    endloop
  endfacet
  facet normal 0 0 1
    outer loop
      vertex 47.546 -13.5862 29
      vertex 26.5373 -56.1876 29
      vertex 30 -58.0385 29
    endloop
  endfacet
  facet normal 0 0 1
    outer loop
      vertex 10 -38.9295 29
      vertex 27.823 -6.16297 29
      vertex 20.9722 -4.56558 29
    endloop
  endfacet
  facet normal -0 -0 1
    outer loop
      vertex 18.4776 -48.5963 29
      vertex 26.5373 -56.1876 29
      vertex 17.3205 -46.25 29
    endloop
  endfacet
  facet normal 0 0 1
    outer loop
      vertex 22.961 -54.5672 29
      vertex 19.3185 -51.0736 29
      vertex 19.7749 -53.3681 29
    endloop
  endfacet
  facet normal 0 0 1
    outer loop
      vertex 22.961 -54.5672 29
      vertex 18.4776 -48.5963 29
      vertex 19.3185 -51.0736 29
    endloop
  endfacet
  facet normal 0 0 1
    outer loop
      vertex 26.5373 -56.1876 29
      vertex 18.4776 -48.5963 29
      vertex 22.961 -54.5672 29
    endloop
  endfacet
  facet normal 0 0 1
    outer loop
      vertex 47.546 -13.5862 29
      vertex 15.8671 -44.0748 29
      vertex 17.3205 -46.25 29
    endloop
  endfacet
  facet normal 0 0 1
    outer loop
      vertex 41.1385 -10.683 29
      vertex 14.1421 -42.1079 29
      vertex 15.8671 -44.0748 29
    endloop
  endfacet
  facet normal 0 0 1
    outer loop
      vertex 7.65367 -37.7724 29
      vertex 20.9722 -4.56558 29
      vertex 14.0316 -3.41968 29
    endloop
  endfacet
  facet normal 0 0 1
    outer loop
      vertex 34.5547 -8.20501 29
      vertex 12.1752 -40.3829 29
      vertex 14.1421 -42.1079 29
    endloop
  endfacet
  facet normal 0 0 1
    outer loop
      vertex 27.823 -6.16297 29
      vertex 10 -38.9295 29
      vertex 12.1752 -40.3829 29
    endloop
  endfacet
  facet normal 0 0 1
    outer loop
      vertex 20.9722 -4.56558 29
      vertex 7.65367 -37.7724 29
      vertex 10 -38.9295 29
    endloop
  endfacet
  facet normal 0 0 1
    outer loop
      vertex 5.17638 -36.9315 29
      vertex 14.0316 -3.41968 29
      vertex 7.03084 -2.73017 29
    endloop
  endfacet
  facet normal 0 0 1
    outer loop
      vertex 14.0316 -3.41968 29
      vertex 5.17638 -36.9315 29
      vertex 7.65367 -37.7724 29
    endloop
  endfacet
  facet normal 0 0 1
    outer loop
      vertex 7.03084 -2.73017 29
      vertex 2.61052 -36.4211 29
      vertex 5.17638 -36.9315 29
    endloop
  endfacet
  facet normal 0 0 1
    outer loop
      vertex 0 -2.5 29
      vertex 2.61052 -36.4211 29
      vertex 7.03084 -2.73017 29
    endloop
  endfacet
  facet normal 0 0 1
    outer loop
      vertex 0 -2.5 29
      vertex 0 -36.25 29
      vertex 2.61052 -36.4211 29
    endloop
  endfacet
  facet normal 0 0 1
    outer loop
      vertex 0 -2.5 29
      vertex -2.61052 -36.4211 29
      vertex 0 -36.25 29
    endloop
  endfacet
  facet normal -0 0 1
    outer loop
      vertex -7.03084 -2.73017 29
      vertex -2.61052 -36.4211 29
      vertex 0 -2.5 29
    endloop
  endfacet
  facet normal 0 0 1
    outer loop
      vertex -2.61052 -36.4211 29
      vertex -7.03084 -2.73017 29
      vertex -5.17638 -36.9315 29
    endloop
  endfacet
  facet normal -0 0 1
    outer loop
      vertex -14.0316 -3.41968 29
      vertex -5.17638 -36.9315 29
      vertex -7.03084 -2.73017 29
    endloop
  endfacet
  facet normal 0 0 1
    outer loop
      vertex -5.17638 -36.9315 29
      vertex -14.0316 -3.41968 29
      vertex -7.65367 -37.7724 29
    endloop
  endfacet
  facet normal -0 0 1
    outer loop
      vertex -20.9722 -4.56558 29
      vertex -7.65367 -37.7724 29
      vertex -14.0316 -3.41968 29
    endloop
  endfacet
  facet normal 0 0 1
    outer loop
      vertex -7.65367 -37.7724 29
      vertex -20.9722 -4.56558 29
      vertex -10 -38.9295 29
    endloop
  endfacet
  facet normal -0 0 1
    outer loop
      vertex -27.823 -6.16297 29
      vertex -10 -38.9295 29
      vertex -20.9722 -4.56558 29
    endloop
  endfacet
  facet normal 0 0 1
    outer loop
      vertex -10 -38.9295 29
      vertex -27.823 -6.16297 29
      vertex -12.1752 -40.3829 29
    endloop
  endfacet
  facet normal -0 0 1
    outer loop
      vertex -34.5547 -8.20501 29
      vertex -12.1752 -40.3829 29
      vertex -27.823 -6.16297 29
    endloop
  endfacet
  facet normal 0 0 1
    outer loop
      vertex -12.1752 -40.3829 29
      vertex -34.5547 -8.20501 29
      vertex -14.1421 -42.1079 29
    endloop
  endfacet
  facet normal -0 0 1
    outer loop
      vertex -41.1385 -10.683 29
      vertex -14.1421 -42.1079 29
      vertex -34.5547 -8.20501 29
    endloop
  endfacet
  facet normal 0 0 1
    outer loop
      vertex -14.1421 -42.1079 29
      vertex -41.1385 -10.683 29
      vertex -15.8671 -44.0748 29
    endloop
  endfacet
  facet normal -0 0 1
    outer loop
      vertex -47.546 -13.5862 29
      vertex -15.8671 -44.0748 29
      vertex -41.1385 -10.683 29
    endloop
  endfacet
  facet normal 0 0 1
    outer loop
      vertex -15.8671 -44.0748 29
      vertex -47.546 -13.5862 29
      vertex -17.3205 -46.25 29
    endloop
  endfacet
  facet normal 0 -0 1
    outer loop
      vertex -26.5373 -56.1876 29
      vertex -17.3205 -46.25 29
      vertex -47.546 -13.5862 29
    endloop
  endfacet
  facet normal 0 0 1
    outer loop
      vertex -17.3205 -46.25 29
      vertex -26.5373 -56.1876 29
      vertex -18.4776 -48.5963 29
    endloop
  endfacet
  facet normal 0 0 1
    outer loop
      vertex -19.3185 -51.0736 29
      vertex -22.961 -54.5672 29
      vertex -19.7749 -53.3681 29
    endloop
  endfacet
  facet normal 0 0 1
    outer loop
      vertex -18.4776 -48.5963 29
      vertex -22.961 -54.5672 29
      vertex -19.3185 -51.0736 29
    endloop
  endfacet
  facet normal 0 -0 1
    outer loop
      vertex -22.961 -54.5672 29
      vertex -18.4776 -48.5963 29
      vertex -26.5373 -56.1876 29
    endloop
  endfacet
  facet normal 0 0 1
    outer loop
      vertex -26.5373 -56.1876 29
      vertex -47.546 -13.5862 29
      vertex -30 -58.0385 29
    endloop
  endfacet
  facet normal -0 0 1
    outer loop
      vertex -53.75 -16.9023 29
      vertex -30 -58.0385 29
      vertex -47.546 -13.5862 29
    endloop
  endfacet
  facet normal 0 0 1
    outer loop
      vertex -30 -58.0385 29
      vertex -53.75 -16.9023 29
      vertex -33.3342 -60.1118 29
    endloop
  endfacet
  facet normal -0 0 1
    outer loop
      vertex -59.7238 -20.617 29
      vertex -33.3342 -60.1118 29
      vertex -53.75 -16.9023 29
    endloop
  endfacet
  facet normal 0 0 1
    outer loop
      vertex -33.3342 -60.1118 29
      vertex -59.7238 -20.617 29
      vertex -36.5257 -62.3988 29
    endloop
  endfacet
  facet normal -0 0 1
    outer loop
      vertex -65.4419 -24.7145 29
      vertex -36.5257 -62.3988 29
      vertex -59.7238 -20.617 29
    endloop
  endfacet
  facet normal 0 0 1
    outer loop
      vertex -36.5257 -62.3988 29
      vertex -65.4419 -24.7145 29
      vertex -39.5607 -64.8896 29
    endloop
  endfacet
  facet normal -0 0 1
    outer loop
      vertex -70.8797 -29.1772 29
      vertex -39.5607 -64.8896 29
      vertex -65.4419 -24.7145 29
    endloop
  endfacet
  facet normal 0 0 1
    outer loop
      vertex -39.5607 -64.8896 29
      vertex -70.8797 -29.1772 29
      vertex -42.4264 -67.5736 29
    endloop
  endfacet
  facet normal -0 0 1
    outer loop
      vertex -76.014 -33.986 29
      vertex -42.4264 -67.5736 29
      vertex -70.8797 -29.1772 29
    endloop
  endfacet
  facet normal 0 0 1
    outer loop
      vertex -42.4264 -67.5736 29
      vertex -76.014 -33.986 29
      vertex -45.1104 -70.4393 29
    endloop
  endfacet
  facet normal -0 0 1
    outer loop
      vertex -80.8228 -39.1203 29
      vertex -45.1104 -70.4393 29
      vertex -76.014 -33.986 29
    endloop
  endfacet
  facet normal 0 0 1
    outer loop
      vertex -45.1104 -70.4393 29
      vertex -80.8228 -39.1203 29
      vertex -47.6012 -73.4743 29
    endloop
  endfacet
  facet normal -0 0 1
    outer loop
      vertex -85.2855 -44.5581 29
      vertex -47.6012 -73.4743 29
      vertex -80.8228 -39.1203 29
    endloop
  endfacet
  facet normal 0 0 1
    outer loop
      vertex -47.6012 -73.4743 29
      vertex -85.2855 -44.5581 29
      vertex -49.8882 -76.6658 29
    endloop
  endfacet
  facet normal -0 0 1
    outer loop
      vertex -89.383 -50.2762 29
      vertex -49.8882 -76.6658 29
      vertex -85.2855 -44.5581 29
    endloop
  endfacet
  facet normal 0 0 1
    outer loop
      vertex -49.8882 -76.6658 29
      vertex -89.383 -50.2762 29
      vertex -51.9615 -80 29
    endloop
  endfacet
  facet normal -0 0 1
    outer loop
      vertex -93.0977 -56.25 29
      vertex -51.9615 -80 29
      vertex -89.383 -50.2762 29
    endloop
  endfacet
  facet normal 0 0 1
    outer loop
      vertex -51.9615 -80 29
      vertex -93.0977 -56.25 29
      vertex -53.8124 -83.4627 29
    endloop
  endfacet
  facet normal 0 0 1
    outer loop
      vertex -55.4328 -87.039 29
      vertex -58.9264 -90.6815 29
      vertex -56.6319 -90.2251 29
    endloop
  endfacet
  facet normal -0 0 1
    outer loop
      vertex -96.4138 -62.454 29
      vertex -53.8124 -83.4627 29
      vertex -93.0977 -56.25 29
    endloop
  endfacet
  facet normal 0 0 1
    outer loop
      vertex -55.4328 -87.039 29
      vertex -61.4037 -91.5224 29
      vertex -58.9264 -90.6815 29
    endloop
  endfacet
  facet normal 0 0 1
    outer loop
      vertex -53.8124 -83.4627 29
      vertex -61.4037 -91.5224 29
      vertex -55.4328 -87.039 29
    endloop
  endfacet
  facet normal 0 0 1
    outer loop
      vertex -53.8124 -83.4627 29
      vertex -63.75 -92.6795 29
      vertex -61.4037 -91.5224 29
    endloop
  endfacet
  facet normal 0 0 1
    outer loop
      vertex -53.8124 -83.4627 29
      vertex -96.4138 -62.454 29
      vertex -63.75 -92.6795 29
    endloop
  endfacet
  facet normal 0 0 1
    outer loop
      vertex -63.75 -92.6795 29
      vertex -96.4138 -62.454 29
      vertex -65.9252 -94.1329 29
    endloop
  endfacet
  facet normal -0 0 1
    outer loop
      vertex -99.317 -68.8615 29
      vertex -65.9252 -94.1329 29
      vertex -96.4138 -62.454 29
    endloop
  endfacet
  facet normal 0 0 1
    outer loop
      vertex -65.9252 -94.1329 29
      vertex -99.317 -68.8615 29
      vertex -67.8921 -95.8579 29
    endloop
  endfacet
  facet normal -0 0 1
    outer loop
      vertex 65.9252 -125.867 29
      vertex 99.317 -151.138 29
      vertex 67.8921 -124.142 29
    endloop
  endfacet
  facet normal 0 0 1
    outer loop
      vertex 99.317 -151.138 29
      vertex 65.9252 -125.867 29
      vertex 96.4138 -157.546 29
    endloop
  endfacet
  facet normal -0 0 1
    outer loop
      vertex 63.75 -127.321 29
      vertex 96.4138 -157.546 29
      vertex 65.9252 -125.867 29
    endloop
  endfacet
  facet normal -0 0 1
    outer loop
      vertex 53.8124 -136.537 29
      vertex 96.4138 -157.546 29
      vertex 63.75 -127.321 29
    endloop
  endfacet
  facet normal 0 0 1
    outer loop
      vertex 96.4138 -157.546 29
      vertex 53.8124 -136.537 29
      vertex 93.0977 -163.75 29
    endloop
  endfacet
  facet normal -0 0 1
    outer loop
      vertex 51.9615 -140 29
      vertex 93.0977 -163.75 29
      vertex 53.8124 -136.537 29
    endloop
  endfacet
  facet normal -0 0 1
    outer loop
      vertex 49.8882 -143.334 29
      vertex 89.383 -169.724 29
      vertex 51.9615 -140 29
    endloop
  endfacet
  facet normal 0 0 1
    outer loop
      vertex 89.383 -169.724 29
      vertex 49.8882 -143.334 29
      vertex 85.2855 -175.442 29
    endloop
  endfacet
  facet normal -0 0 1
    outer loop
      vertex 47.6012 -146.526 29
      vertex 85.2855 -175.442 29
      vertex 49.8882 -143.334 29
    endloop
  endfacet
  facet normal 0 0 1
    outer loop
      vertex 85.2855 -175.442 29
      vertex 47.6012 -146.526 29
      vertex 80.8228 -180.88 29
    endloop
  endfacet
  facet normal 0 0 1
    outer loop
      vertex 53.8124 -136.537 29
      vertex 63.75 -127.321 29
      vertex 61.4037 -128.478 29
    endloop
  endfacet
  facet normal -0 0 1
    outer loop
      vertex 45.1104 -149.561 29
      vertex 80.8228 -180.88 29
      vertex 47.6012 -146.526 29
    endloop
  endfacet
  facet normal 0 0 1
    outer loop
      vertex 55.4328 -132.961 29
      vertex 61.4037 -128.478 29
      vertex 58.9264 -129.319 29
    endloop
  endfacet
  facet normal 0 0 1
    outer loop
      vertex 55.4328 -132.961 29
      vertex 58.9264 -129.319 29
      vertex 56.6319 -129.775 29
    endloop
  endfacet
  facet normal 0 0 1
    outer loop
      vertex 61.4037 -128.478 29
      vertex 55.4328 -132.961 29
      vertex 53.8124 -136.537 29
    endloop
  endfacet
  facet normal 0 0 1
    outer loop
      vertex 93.0977 -163.75 29
      vertex 51.9615 -140 29
      vertex 89.383 -169.724 29
    endloop
  endfacet
  facet normal 0 0 1
    outer loop
      vertex 80.8228 -180.88 29
      vertex 45.1104 -149.561 29
      vertex 76.014 -186.014 29
    endloop
  endfacet
  facet normal -0 0 1
    outer loop
      vertex 42.4264 -152.426 29
      vertex 76.014 -186.014 29
      vertex 45.1104 -149.561 29
    endloop
  endfacet
  facet normal 0 0 1
    outer loop
      vertex 76.014 -186.014 29
      vertex 42.4264 -152.426 29
      vertex 70.8797 -190.823 29
    endloop
  endfacet
  facet normal -0 0 1
    outer loop
      vertex 39.5607 -155.11 29
      vertex 70.8797 -190.823 29
      vertex 42.4264 -152.426 29
    endloop
  endfacet
  facet normal 0 0 1
    outer loop
      vertex 70.8797 -190.823 29
      vertex 39.5607 -155.11 29
      vertex 65.4419 -195.285 29
    endloop
  endfacet
  facet normal -0 0 1
    outer loop
      vertex 36.5257 -157.601 29
      vertex 65.4419 -195.285 29
      vertex 39.5607 -155.11 29
    endloop
  endfacet
  facet normal 0 0 1
    outer loop
      vertex 65.4419 -195.285 29
      vertex 36.5257 -157.601 29
      vertex 59.7238 -199.383 29
    endloop
  endfacet
  facet normal -0 0 1
    outer loop
      vertex 33.3342 -159.888 29
      vertex 59.7238 -199.383 29
      vertex 36.5257 -157.601 29
    endloop
  endfacet
  facet normal 0 0 1
    outer loop
      vertex 59.7238 -199.383 29
      vertex 33.3342 -159.888 29
      vertex 53.75 -203.098 29
    endloop
  endfacet
  facet normal -0 0 1
    outer loop
      vertex 30 -161.962 29
      vertex 53.75 -203.098 29
      vertex 33.3342 -159.888 29
    endloop
  endfacet
  facet normal 0 0 1
    outer loop
      vertex 53.75 -203.098 29
      vertex 30 -161.962 29
      vertex 47.546 -206.414 29
    endloop
  endfacet
  facet normal -0 0 1
    outer loop
      vertex 26.5373 -163.812 29
      vertex 47.546 -206.414 29
      vertex 30 -161.962 29
    endloop
  endfacet
  facet normal -0 0 1
    outer loop
      vertex 17.3205 -173.75 29
      vertex 47.546 -206.414 29
      vertex 26.5373 -163.812 29
    endloop
  endfacet
  facet normal 0 0 1
    outer loop
      vertex 47.546 -206.414 29
      vertex 15.8671 -175.925 29
      vertex 41.1385 -209.317 29
    endloop
  endfacet
  facet normal -0 0 1
    outer loop
      vertex 15.8671 -175.925 29
      vertex 47.546 -206.414 29
      vertex 17.3205 -173.75 29
    endloop
  endfacet
  facet normal 0 0 1
    outer loop
      vertex 18.4776 -171.404 29
      vertex 26.5373 -163.812 29
      vertex 22.961 -165.433 29
    endloop
  endfacet
  facet normal -0 0 1
    outer loop
      vertex 14.1421 -177.892 29
      vertex 41.1385 -209.317 29
      vertex 15.8671 -175.925 29
    endloop
  endfacet
  facet normal 0 0 1
    outer loop
      vertex 19.3185 -168.926 29
      vertex 22.961 -165.433 29
      vertex 19.7749 -166.632 29
    endloop
  endfacet
  facet normal 0 0 1
    outer loop
      vertex 18.4776 -171.404 29
      vertex 22.961 -165.433 29
      vertex 19.3185 -168.926 29
    endloop
  endfacet
  facet normal 0 0 1
    outer loop
      vertex 26.5373 -163.812 29
      vertex 18.4776 -171.404 29
      vertex 17.3205 -173.75 29
    endloop
  endfacet
  facet normal 0 0 1
    outer loop
      vertex 41.1385 -209.317 29
      vertex 14.1421 -177.892 29
      vertex 34.5547 -211.795 29
    endloop
  endfacet
  facet normal -0 0 1
    outer loop
      vertex 12.1752 -179.617 29
      vertex 34.5547 -211.795 29
      vertex 14.1421 -177.892 29
    endloop
  endfacet
  facet normal 0 0 1
    outer loop
      vertex 34.5547 -211.795 29
      vertex 12.1752 -179.617 29
      vertex 27.823 -213.837 29
    endloop
  endfacet
  facet normal -0 0 1
    outer loop
      vertex 10 -181.071 29
      vertex 27.823 -213.837 29
      vertex 12.1752 -179.617 29
    endloop
  endfacet
  facet normal 0 0 1
    outer loop
      vertex 27.823 -213.837 29
      vertex 10 -181.071 29
      vertex 20.9722 -215.434 29
    endloop
  endfacet
  facet normal -0 0 1
    outer loop
      vertex 7.65367 -182.228 29
      vertex 20.9722 -215.434 29
      vertex 10 -181.071 29
    endloop
  endfacet
  facet normal 0 0 1
    outer loop
      vertex 20.9722 -215.434 29
      vertex 7.65367 -182.228 29
      vertex 14.0316 -216.58 29
    endloop
  endfacet
  facet normal -0 0 1
    outer loop
      vertex 5.17638 -183.069 29
      vertex 14.0316 -216.58 29
      vertex 7.65367 -182.228 29
    endloop
  endfacet
  facet normal 0 0 1
    outer loop
      vertex 14.0316 -216.58 29
      vertex 5.17638 -183.069 29
      vertex 7.03084 -217.27 29
    endloop
  endfacet
  facet normal -0 0 1
    outer loop
      vertex 2.61052 -183.579 29
      vertex 7.03084 -217.27 29
      vertex 5.17638 -183.069 29
    endloop
  endfacet
  facet normal 0 0 1
    outer loop
      vertex 0 -217.5 29
      vertex 2.61052 -183.579 29
      vertex 0 -183.75 29
    endloop
  endfacet
  facet normal 0 0 1
    outer loop
      vertex 2.61052 -183.579 29
      vertex 0 -217.5 29
      vertex 7.03084 -217.27 29
    endloop
  endfacet
  facet normal 0 0 1
    outer loop
      vertex -2.61052 -183.579 29
      vertex 0 -217.5 29
      vertex 0 -183.75 29
    endloop
  endfacet
  facet normal 0 0 1
    outer loop
      vertex -7.03084 -217.27 29
      vertex -2.61052 -183.579 29
      vertex -5.17638 -183.069 29
    endloop
  endfacet
  facet normal 0 0 1
    outer loop
      vertex -2.61052 -183.579 29
      vertex -7.03084 -217.27 29
      vertex 0 -217.5 29
    endloop
  endfacet
  facet normal 0 0 1
    outer loop
      vertex -14.0316 -216.58 29
      vertex -5.17638 -183.069 29
      vertex -7.65367 -182.228 29
    endloop
  endfacet
  facet normal 0 0 1
    outer loop
      vertex -20.9722 -215.434 29
      vertex -7.65367 -182.228 29
      vertex -10 -181.071 29
    endloop
  endfacet
  facet normal 0 0 1
    outer loop
      vertex -27.823 -213.837 29
      vertex -10 -181.071 29
      vertex -12.1752 -179.617 29
    endloop
  endfacet
  facet normal 0 0 1
    outer loop
      vertex -5.17638 -183.069 29
      vertex -14.0316 -216.58 29
      vertex -7.03084 -217.27 29
    endloop
  endfacet
  facet normal 0 0 1
    outer loop
      vertex -34.5547 -211.795 29
      vertex -12.1752 -179.617 29
      vertex -14.1421 -177.892 29
    endloop
  endfacet
  facet normal 0 0 1
    outer loop
      vertex -41.1385 -209.317 29
      vertex -14.1421 -177.892 29
      vertex -15.8671 -175.925 29
    endloop
  endfacet
  facet normal 0 0 1
    outer loop
      vertex -47.546 -206.414 29
      vertex -15.8671 -175.925 29
      vertex -17.3205 -173.75 29
    endloop
  endfacet
  facet normal 0 0 1
    outer loop
      vertex -26.5373 -163.812 29
      vertex -17.3205 -173.75 29
      vertex -18.4776 -171.404 29
    endloop
  endfacet
  facet normal 0 0 1
    outer loop
      vertex -22.961 -165.433 29
      vertex -18.4776 -171.404 29
      vertex -19.3185 -168.926 29
    endloop
  endfacet
  facet normal 0 0 1
    outer loop
      vertex -22.961 -165.433 29
      vertex -19.3185 -168.926 29
      vertex -19.7749 -166.632 29
    endloop
  endfacet
  facet normal 0 0 1
    outer loop
      vertex -7.65367 -182.228 29
      vertex -20.9722 -215.434 29
      vertex -14.0316 -216.58 29
    endloop
  endfacet
  facet normal 0 0 1
    outer loop
      vertex -18.4776 -171.404 29
      vertex -22.961 -165.433 29
      vertex -26.5373 -163.812 29
    endloop
  endfacet
  facet normal 0 0 1
    outer loop
      vertex -17.3205 -173.75 29
      vertex -26.5373 -163.812 29
      vertex -47.546 -206.414 29
    endloop
  endfacet
  facet normal 0 0 1
    outer loop
      vertex -10 -181.071 29
      vertex -27.823 -213.837 29
      vertex -20.9722 -215.434 29
    endloop
  endfacet
  facet normal 0 0 1
    outer loop
      vertex -47.546 -206.414 29
      vertex -26.5373 -163.812 29
      vertex -30 -161.962 29
    endloop
  endfacet
  facet normal 0 0 1
    outer loop
      vertex -53.75 -203.098 29
      vertex -30 -161.962 29
      vertex -33.3342 -159.888 29
    endloop
  endfacet
  facet normal 0 0 1
    outer loop
      vertex -12.1752 -179.617 29
      vertex -34.5547 -211.795 29
      vertex -27.823 -213.837 29
    endloop
  endfacet
  facet normal 0 0 1
    outer loop
      vertex -59.7238 -199.383 29
      vertex -33.3342 -159.888 29
      vertex -36.5257 -157.601 29
    endloop
  endfacet
  facet normal 0 0 1
    outer loop
      vertex -65.4419 -195.285 29
      vertex -36.5257 -157.601 29
      vertex -39.5607 -155.11 29
    endloop
  endfacet
  facet normal 0 0 1
    outer loop
      vertex -14.1421 -177.892 29
      vertex -41.1385 -209.317 29
      vertex -34.5547 -211.795 29
    endloop
  endfacet
  facet normal 0 0 1
    outer loop
      vertex -70.8797 -190.823 29
      vertex -39.5607 -155.11 29
      vertex -42.4264 -152.426 29
    endloop
  endfacet
  facet normal 0 0 1
    outer loop
      vertex -76.014 -186.014 29
      vertex -42.4264 -152.426 29
      vertex -45.1104 -149.561 29
    endloop
  endfacet
  facet normal 0 0 1
    outer loop
      vertex -15.8671 -175.925 29
      vertex -47.546 -206.414 29
      vertex -41.1385 -209.317 29
    endloop
  endfacet
  facet normal 0 0 1
    outer loop
      vertex -80.8228 -180.88 29
      vertex -45.1104 -149.561 29
      vertex -47.6012 -146.526 29
    endloop
  endfacet
  facet normal 0 0 1
    outer loop
      vertex -85.2855 -175.442 29
      vertex -47.6012 -146.526 29
      vertex -49.8882 -143.334 29
    endloop
  endfacet
  facet normal 0 0 1
    outer loop
      vertex -89.383 -169.724 29
      vertex -49.8882 -143.334 29
      vertex -51.9615 -140 29
    endloop
  endfacet
  facet normal 0 0 1
    outer loop
      vertex -30 -161.962 29
      vertex -53.75 -203.098 29
      vertex -47.546 -206.414 29
    endloop
  endfacet
  facet normal 0 0 1
    outer loop
      vertex -93.0977 -163.75 29
      vertex -51.9615 -140 29
      vertex -53.8124 -136.537 29
    endloop
  endfacet
  facet normal 0 0 1
    outer loop
      vertex -61.4037 -128.478 29
      vertex -53.8124 -136.537 29
      vertex -55.4328 -132.961 29
    endloop
  endfacet
  facet normal 0 0 1
    outer loop
      vertex -58.9264 -129.319 29
      vertex -55.4328 -132.961 29
      vertex -56.6319 -129.775 29
    endloop
  endfacet
  facet normal 0 0 1
    outer loop
      vertex -61.4037 -128.478 29
      vertex -55.4328 -132.961 29
      vertex -58.9264 -129.319 29
    endloop
  endfacet
  facet normal 0 0 1
    outer loop
      vertex -33.3342 -159.888 29
      vertex -59.7238 -199.383 29
      vertex -53.75 -203.098 29
    endloop
  endfacet
  facet normal 0 0 1
    outer loop
      vertex -63.75 -127.321 29
      vertex -53.8124 -136.537 29
      vertex -61.4037 -128.478 29
    endloop
  endfacet
  facet normal 0 0 1
    outer loop
      vertex -96.4138 -157.546 29
      vertex -53.8124 -136.537 29
      vertex -63.75 -127.321 29
    endloop
  endfacet
  facet normal 0 0 1
    outer loop
      vertex -36.5257 -157.601 29
      vertex -65.4419 -195.285 29
      vertex -59.7238 -199.383 29
    endloop
  endfacet
  facet normal 0 0 1
    outer loop
      vertex -96.4138 -157.546 29
      vertex -63.75 -127.321 29
      vertex -65.9252 -125.867 29
    endloop
  endfacet
  facet normal 0 0 1
    outer loop
      vertex -99.317 -151.138 29
      vertex -65.9252 -125.867 29
      vertex -67.8921 -124.142 29
    endloop
  endfacet
  facet normal 0 0 1
    outer loop
      vertex -101.795 -144.555 29
      vertex -67.8921 -124.142 29
      vertex -69.6171 -122.175 29
    endloop
  endfacet
  facet normal 0 0 1
    outer loop
      vertex -39.5607 -155.11 29
      vertex -70.8797 -190.823 29
      vertex -65.4419 -195.285 29
    endloop
  endfacet
  facet normal 0 0 1
    outer loop
      vertex -103.837 -137.823 29
      vertex -69.6171 -122.175 29
      vertex -71.0705 -120 29
    endloop
  endfacet
  facet normal 0 0 1
    outer loop
      vertex -105.434 -130.972 29
      vertex -71.0705 -120 29
      vertex -72.2276 -117.654 29
    endloop
  endfacet
  facet normal 0 0 1
    outer loop
      vertex -106.58 -124.032 29
      vertex -72.2276 -117.654 29
      vertex -73.0685 -115.176 29
    endloop
  endfacet
  facet normal 0 0 1
    outer loop
      vertex -107.27 -117.031 29
      vertex -73.0685 -115.176 29
      vertex -73.5789 -112.611 29
    endloop
  endfacet
  facet normal -0 0 1
    outer loop
      vertex -107.5 -110 29
      vertex -73.5789 -112.611 29
      vertex -73.75 -110 29
    endloop
  endfacet
  facet normal 0 0 1
    outer loop
      vertex -42.4264 -152.426 29
      vertex -76.014 -186.014 29
      vertex -70.8797 -190.823 29
    endloop
  endfacet
  facet normal -0 0 1
    outer loop
      vertex -101.795 -75.4453 29
      vertex -67.8921 -95.8579 29
      vertex -99.317 -68.8615 29
    endloop
  endfacet
  facet normal 0 0 1
    outer loop
      vertex -67.8921 -95.8579 29
      vertex -101.795 -75.4453 29
      vertex -69.6171 -97.8248 29
    endloop
  endfacet
  facet normal 0 0 1
    outer loop
      vertex -45.1104 -149.561 29
      vertex -80.8228 -180.88 29
      vertex -76.014 -186.014 29
    endloop
  endfacet
  facet normal -0 0 1
    outer loop
      vertex -103.837 -82.177 29
      vertex -69.6171 -97.8248 29
      vertex -101.795 -75.4453 29
    endloop
  endfacet
  facet normal 0 0 1
    outer loop
      vertex -47.6012 -146.526 29
      vertex -85.2855 -175.442 29
      vertex -80.8228 -180.88 29
    endloop
  endfacet
  facet normal 0 0 1
    outer loop
      vertex -69.6171 -97.8248 29
      vertex -103.837 -82.177 29
      vertex -71.0705 -100 29
    endloop
  endfacet
  facet normal 0 0 1
    outer loop
      vertex -49.8882 -143.334 29
      vertex -89.383 -169.724 29
      vertex -85.2855 -175.442 29
    endloop
  endfacet
  facet normal -0 0 1
    outer loop
      vertex -105.434 -89.0278 29
      vertex -71.0705 -100 29
      vertex -103.837 -82.177 29
    endloop
  endfacet
  facet normal 0 0 1
    outer loop
      vertex -51.9615 -140 29
      vertex -93.0977 -163.75 29
      vertex -89.383 -169.724 29
    endloop
  endfacet
  facet normal 0 0 1
    outer loop
      vertex -71.0705 -100 29
      vertex -105.434 -89.0278 29
      vertex -72.2276 -102.346 29
    endloop
  endfacet
  facet normal 0 0 1
    outer loop
      vertex -53.8124 -136.537 29
      vertex -96.4138 -157.546 29
      vertex -93.0977 -163.75 29
    endloop
  endfacet
  facet normal -0 0 1
    outer loop
      vertex -106.58 -95.9684 29
      vertex -72.2276 -102.346 29
      vertex -105.434 -89.0278 29
    endloop
  endfacet
  facet normal 0 0 1
    outer loop
      vertex -65.9252 -125.867 29
      vertex -99.317 -151.138 29
      vertex -96.4138 -157.546 29
    endloop
  endfacet
  facet normal 0 0 1
    outer loop
      vertex -72.2276 -102.346 29
      vertex -106.58 -95.9684 29
      vertex -73.0685 -104.824 29
    endloop
  endfacet
  facet normal 0 0 1
    outer loop
      vertex -67.8921 -124.142 29
      vertex -101.795 -144.555 29
      vertex -99.317 -151.138 29
    endloop
  endfacet
  facet normal -0 0 1
    outer loop
      vertex -107.27 -102.969 29
      vertex -73.0685 -104.824 29
      vertex -106.58 -95.9684 29
    endloop
  endfacet
  facet normal 0 0 1
    outer loop
      vertex -69.6171 -122.175 29
      vertex -103.837 -137.823 29
      vertex -101.795 -144.555 29
    endloop
  endfacet
  facet normal 0 0 1
    outer loop
      vertex -73.0685 -104.824 29
      vertex -107.27 -102.969 29
      vertex -73.5789 -107.389 29
    endloop
  endfacet
  facet normal 0 0 1
    outer loop
      vertex -71.0705 -120 29
      vertex -105.434 -130.972 29
      vertex -103.837 -137.823 29
    endloop
  endfacet
  facet normal 0 0 1
    outer loop
      vertex -107.5 -110 29
      vertex -73.5789 -107.389 29
      vertex -107.27 -102.969 29
    endloop
  endfacet
  facet normal 0 0 1
    outer loop
      vertex -72.2276 -117.654 29
      vertex -106.58 -124.032 29
      vertex -105.434 -130.972 29
    endloop
  endfacet
  facet normal 0 0 1
    outer loop
      vertex -73.5789 -107.389 29
      vertex -107.5 -110 29
      vertex -73.75 -110 29
    endloop
  endfacet
  facet normal 0 0 1
    outer loop
      vertex -73.0685 -115.176 29
      vertex -107.27 -117.031 29
      vertex -106.58 -124.032 29
    endloop
  endfacet
  facet normal 0 0 1
    outer loop
      vertex -73.5789 -112.611 29
      vertex -107.5 -110 29
      vertex -107.27 -117.031 29
    endloop
  endfacet
  facet normal -0.683593 0.729864 0
    outer loop
      vertex -70.8797 -29.1772 21
      vertex -76.014 -33.986 29
      vertex -70.8797 -29.1772 29
    endloop
  endfacet
  facet normal -0.683593 0.729864 0
    outer loop
      vertex -76.014 -33.986 29
      vertex -70.8797 -29.1772 21
      vertex -76.014 -33.986 21
    endloop
  endfacet
  facet normal -0.0327197 0.999465 0
    outer loop
      vertex 0 -2.5 21
      vertex -7.03084 -2.73017 29
      vertex 0 -2.5 29
    endloop
  endfacet
  facet normal -0.0327197 0.999465 0
    outer loop
      vertex -7.03084 -2.73017 29
      vertex 0 -2.5 21
      vertex -7.03084 -2.73017 21
    endloop
  endfacet
  facet normal -0.849205 0.528063 -2.59152e-17
    outer loop
      vertex -93.0977 -56.25 21
      vertex -89.383 -50.2762 29
      vertex -89.383 -50.2762 21
    endloop
  endfacet
  facet normal -0.849205 0.528063 -2.59152e-17
    outer loop
      vertex -89.383 -50.2762 29
      vertex -93.0977 -56.25 21
      vertex -93.0977 -56.25 29
    endloop
  endfacet
  facet normal 0.849213 -0.52805 5.55041e-18
    outer loop
      vertex 89.383 -169.724 29
      vertex 93.0977 -163.75 21
      vertex 93.0977 -163.75 29
    endloop
  endfacet
  facet normal 0.849213 -0.52805 5.55041e-18
    outer loop
      vertex 93.0977 -163.75 21
      vertex 89.383 -169.724 29
      vertex 89.383 -169.724 21
    endloop
  endfacet
  facet normal -0.729844 -0.683614 -2.07353e-18
    outer loop
      vertex -76.014 -186.014 21
      vertex -80.8228 -180.88 29
      vertex -80.8228 -180.88 21
    endloop
  endfacet
  facet normal -0.729844 -0.683614 -2.07353e-18
    outer loop
      vertex -80.8228 -180.88 29
      vertex -76.014 -186.014 21
      vertex -76.014 -186.014 29
    endloop
  endfacet
  facet normal -0.412707 0.910864 0
    outer loop
      vertex -41.1385 -10.683 21
      vertex -47.546 -13.5862 29
      vertex -41.1385 -10.683 29
    endloop
  endfacet
  facet normal -0.412707 0.910864 0
    outer loop
      vertex -47.546 -13.5862 29
      vertex -41.1385 -10.683 21
      vertex -47.546 -13.5862 21
    endloop
  endfacet
  facet normal 0.582522 -0.812815 0
    outer loop
      vertex 59.7238 -199.383 21
      vertex 65.4419 -195.285 29
      vertex 59.7238 -199.383 29
    endloop
  endfacet
  facet normal 0.582522 -0.812815 0
    outer loop
      vertex 65.4419 -195.285 29
      vertex 59.7238 -199.383 21
      vertex 65.4419 -195.285 21
    endloop
  endfacet
  facet normal -0.227077 0.973877 0
    outer loop
      vertex -20.9722 -4.56558 21
      vertex -27.823 -6.16297 29
      vertex -20.9722 -4.56558 29
    endloop
  endfacet
  facet normal -0.227077 0.973877 0
    outer loop
      vertex -27.823 -6.16297 29
      vertex -20.9722 -4.56558 21
      vertex -27.823 -6.16297 21
    endloop
  endfacet
  facet normal -0.683608 -0.72985 0
    outer loop
      vertex -76.014 -186.014 21
      vertex -70.8797 -190.823 29
      vertex -76.014 -186.014 29
    endloop
  endfacet
  facet normal -0.683608 -0.72985 -0
    outer loop
      vertex -70.8797 -190.823 29
      vertex -76.014 -186.014 21
      vertex -70.8797 -190.823 21
    endloop
  endfacet
  facet normal -0.77301 0.634394 2.06838e-17
    outer loop
      vertex -85.2855 -44.5581 21
      vertex -80.8228 -39.1203 29
      vertex -80.8228 -39.1203 21
    endloop
  endfacet
  facet normal -0.77301 0.634394 2.06838e-17
    outer loop
      vertex -80.8228 -39.1203 29
      vertex -85.2855 -44.5581 21
      vertex -85.2855 -44.5581 29
    endloop
  endfacet
  facet normal 0.986639 -0.162923 -7.54082e-18
    outer loop
      vertex 105.434 -130.972 29
      vertex 106.58 -124.032 21
      vertex 106.58 -124.032 29
    endloop
  endfacet
  facet normal 0.986639 -0.162923 -7.54082e-18
    outer loop
      vertex 106.58 -124.032 21
      vertex 105.434 -130.972 29
      vertex 105.434 -130.972 21
    endloop
  endfacet
  facet normal 0.77301 0.634394 -2.06838e-17
    outer loop
      vertex 85.2855 -44.5581 29
      vertex 80.8228 -39.1203 21
      vertex 80.8228 -39.1203 29
    endloop
  endfacet
  facet normal 0.77301 0.634394 -2.06838e-17
    outer loop
      vertex 80.8228 -39.1203 21
      vertex 85.2855 -44.5581 29
      vertex 85.2855 -44.5581 21
    endloop
  endfacet
  facet normal -0.0326955 -0.999465 0
    outer loop
      vertex -7.03084 -217.27 21
      vertex 0 -217.5 29
      vertex -7.03084 -217.27 29
    endloop
  endfacet
  facet normal -0.0326955 -0.999465 -0
    outer loop
      vertex 0 -217.5 29
      vertex -7.03084 -217.27 21
      vertex 0 -217.5 21
    endloop
  endfacet
  facet normal -0.973889 0.227025 1.51194e-17
    outer loop
      vertex -105.434 -89.0278 21
      vertex -103.837 -82.177 29
      vertex -103.837 -82.177 21
    endloop
  endfacet
  facet normal -0.973889 0.227025 1.51194e-17
    outer loop
      vertex -103.837 -82.177 29
      vertex -105.434 -89.0278 21
      vertex -105.434 -89.0278 29
    endloop
  endfacet
  facet normal -0.956942 0.29028 1.41284e-17
    outer loop
      vertex -103.837 -82.177 21
      vertex -101.795 -75.4453 29
      vertex -101.795 -75.4453 21
    endloop
  endfacet
  facet normal -0.956942 0.29028 1.41284e-17
    outer loop
      vertex -101.795 -75.4453 29
      vertex -103.837 -82.177 21
      vertex -103.837 -82.177 29
    endloop
  endfacet
  facet normal -0.528094 -0.849186 0
    outer loop
      vertex -59.7238 -199.383 21
      vertex -53.75 -203.098 29
      vertex -59.7238 -199.383 29
    endloop
  endfacet
  facet normal -0.528094 -0.849186 -0
    outer loop
      vertex -53.75 -203.098 29
      vertex -59.7238 -199.383 21
      vertex -53.75 -203.098 21
    endloop
  endfacet
  facet normal -0.999465 0.0326948 1.24488e-18
    outer loop
      vertex -107.5 -110 21
      vertex -107.27 -102.969 29
      vertex -107.27 -102.969 21
    endloop
  endfacet
  facet normal -0.999465 0.0326948 1.24488e-18
    outer loop
      vertex -107.27 -102.969 29
      vertex -107.5 -110 21
      vertex -107.5 -110 29
    endloop
  endfacet
  facet normal 0.227077 0.973877 -0
    outer loop
      vertex 27.823 -6.16297 21
      vertex 20.9722 -4.56558 29
      vertex 27.823 -6.16297 29
    endloop
  endfacet
  facet normal 0.227077 0.973877 0
    outer loop
      vertex 20.9722 -4.56558 29
      vertex 27.823 -6.16297 21
      vertex 20.9722 -4.56558 21
    endloop
  endfacet
  facet normal 0.290285 0.95694 -0
    outer loop
      vertex 34.5547 -8.20501 21
      vertex 27.823 -6.16297 29
      vertex 34.5547 -8.20501 29
    endloop
  endfacet
  facet normal 0.290285 0.95694 0
    outer loop
      vertex 27.823 -6.16297 29
      vertex 34.5547 -8.20501 21
      vertex 27.823 -6.16297 21
    endloop
  endfacet
  facet normal -0.471396 0.881922 0
    outer loop
      vertex -47.546 -13.5862 21
      vertex -53.75 -16.9023 29
      vertex -47.546 -13.5862 29
    endloop
  endfacet
  facet normal -0.471396 0.881922 0
    outer loop
      vertex -53.75 -16.9023 29
      vertex -47.546 -13.5862 21
      vertex -53.75 -16.9023 21
    endloop
  endfacet
  facet normal -0.471385 -0.881928 0
    outer loop
      vertex -53.75 -203.098 21
      vertex -47.546 -206.414 29
      vertex -53.75 -203.098 29
    endloop
  endfacet
  facet normal -0.471385 -0.881928 -0
    outer loop
      vertex -47.546 -206.414 29
      vertex -53.75 -203.098 21
      vertex -47.546 -206.414 21
    endloop
  endfacet
  facet normal -0.998795 0.0490688 9.38788e-19
    outer loop
      vertex -27.5 -110 32
      vertex -27.3676 -107.305 41
      vertex -27.3676 -107.305 32
    endloop
  endfacet
  facet normal -0.998795 0.0490688 9.38788e-19
    outer loop
      vertex -27.3676 -107.305 41
      vertex -27.5 -110 32
      vertex -27.5 -110 41
    endloop
  endfacet
  facet normal 0.98918 0.14671 -4.03344e-18
    outer loop
      vertex 27.3676 -107.305 41
      vertex 26.9716 -104.635 32
      vertex 26.9716 -104.635 41
    endloop
  endfacet
  facet normal 0.98918 0.14671 -4.03344e-18
    outer loop
      vertex 26.9716 -104.635 32
      vertex 27.3676 -107.305 41
      vertex 27.3676 -107.305 32
    endloop
  endfacet
  facet normal 0.998795 -0.0490688 9.38788e-19
    outer loop
      vertex 27.3676 -112.695 41
      vertex 27.5 -110 32
      vertex 27.5 -110 41
    endloop
  endfacet
  facet normal 0.998795 -0.0490688 9.38788e-19
    outer loop
      vertex 27.5 -110 32
      vertex 27.3676 -112.695 41
      vertex 27.3676 -112.695 32
    endloop
  endfacet
  facet normal -0.242967 0.970035 0
    outer loop
      vertex -5.36498 -83.0284 32
      vertex -7.98283 -83.6841 41
      vertex -5.36498 -83.0284 41
    endloop
  endfacet
  facet normal -0.242967 0.970035 0
    outer loop
      vertex -7.98283 -83.6841 41
      vertex -5.36498 -83.0284 32
      vertex -7.98283 -83.6841 32
    endloop
  endfacet
  facet normal 0.740939 0.671573 8.28275e-18
    outer loop
      vertex 21.2578 -92.5542 41
      vertex 19.4454 -90.5546 32
      vertex 19.4454 -90.5546 41
    endloop
  endfacet
  facet normal 0.740939 0.671573 8.28275e-18
    outer loop
      vertex 19.4454 -90.5546 32
      vertex 21.2578 -92.5542 41
      vertex 21.2578 -92.5542 32
    endloop
  endfacet
  facet normal -0.595555 -0.803314 0
    outer loop
      vertex -17.4458 -131.258 32
      vertex -15.2782 -132.865 41
      vertex -17.4458 -131.258 41
    endloop
  endfacet
  facet normal -0.595555 -0.803314 -0
    outer loop
      vertex -15.2782 -132.865 41
      vertex -17.4458 -131.258 32
      vertex -15.2782 -132.865 32
    endloop
  endfacet
  facet normal -0.514092 0.857735 0
    outer loop
      vertex -12.9634 -85.7472 32
      vertex -15.2782 -87.1346 41
      vertex -12.9634 -85.7472 41
    endloop
  endfacet
  facet normal -0.514092 0.857735 0
    outer loop
      vertex -15.2782 -87.1346 41
      vertex -12.9634 -85.7472 32
      vertex -15.2782 -87.1346 32
    endloop
  endfacet
  facet normal 0.998795 0.0490688 -9.38788e-19
    outer loop
      vertex 27.5 -110 41
      vertex 27.3676 -107.305 32
      vertex 27.3676 -107.305 41
    endloop
  endfacet
  facet normal 0.998795 0.0490688 -9.38788e-19
    outer loop
      vertex 27.3676 -107.305 32
      vertex 27.5 -110 41
      vertex 27.5 -110 32
    endloop
  endfacet
  facet normal -0.740838 -0.671683 -6.74921e-18
    outer loop
      vertex -19.4454 -129.445 32
      vertex -21.2578 -127.446 41
      vertex -21.2578 -127.446 32
    endloop
  endfacet
  facet normal -0.740838 -0.671683 -6.74921e-18
    outer loop
      vertex -21.2578 -127.446 41
      vertex -19.4454 -129.445 32
      vertex -19.4454 -129.445 41
    endloop
  endfacet
  facet normal 0.80326 -0.595628 2.69393e-18
    outer loop
      vertex 21.2578 -127.446 41
      vertex 22.8654 -125.278 32
      vertex 22.8654 -125.278 41
    endloop
  endfacet
  facet normal 0.80326 -0.595628 2.69393e-18
    outer loop
      vertex 22.8654 -125.278 32
      vertex 21.2578 -127.446 41
      vertex 21.2578 -127.446 32
    endloop
  endfacet
  facet normal -0.903941 -0.427658 3.7069e-18
    outer loop
      vertex -24.2528 -122.963 32
      vertex -25.4067 -120.524 41
      vertex -25.4067 -120.524 32
    endloop
  endfacet
  facet normal -0.903941 -0.427658 3.7069e-18
    outer loop
      vertex -25.4067 -120.524 41
      vertex -24.2528 -122.963 32
      vertex -24.2528 -122.963 41
    endloop
  endfacet
  facet normal 0.427602 -0.903967 0
    outer loop
      vertex 10.5238 -135.407 32
      vertex 12.9634 -134.253 41
      vertex 10.5238 -135.407 41
    endloop
  endfacet
  facet normal 0.427602 -0.903967 0
    outer loop
      vertex 12.9634 -134.253 41
      vertex 10.5238 -135.407 32
      vertex 12.9634 -134.253 32
    endloop
  endfacet
  facet normal -0.903981 0.427572 8.61352e-18
    outer loop
      vertex -25.4067 -99.4762 32
      vertex -24.2528 -97.0366 41
      vertex -24.2528 -97.0366 32
    endloop
  endfacet
  facet normal -0.903981 0.427572 8.61352e-18
    outer loop
      vertex -24.2528 -97.0366 41
      vertex -25.4067 -99.4762 32
      vertex -25.4067 -99.4762 41
    endloop
  endfacet
  facet normal -0.243072 -0.970008 0
    outer loop
      vertex -7.98283 -136.316 32
      vertex -5.36498 -136.972 41
      vertex -7.98283 -136.316 41
    endloop
  endfacet
  facet normal -0.243072 -0.970008 -0
    outer loop
      vertex -5.36498 -136.972 41
      vertex -7.98283 -136.316 32
      vertex -5.36498 -136.972 32
    endloop
  endfacet
  facet normal -0.98918 -0.14671 -4.03344e-18
    outer loop
      vertex -26.9716 -115.365 32
      vertex -27.3676 -112.695 41
      vertex -27.3676 -112.695 32
    endloop
  endfacet
  facet normal -0.98918 -0.14671 -4.03344e-18
    outer loop
      vertex -27.3676 -112.695 41
      vertex -26.9716 -115.365 32
      vertex -26.9716 -115.365 41
    endloop
  endfacet
  facet normal 0.970038 0.242954 -3.37495e-18
    outer loop
      vertex 26.9716 -104.635 41
      vertex 26.3159 -102.017 32
      vertex 26.3159 -102.017 41
    endloop
  endfacet
  facet normal 0.970038 0.242954 -3.37495e-18
    outer loop
      vertex 26.3159 -102.017 32
      vertex 26.9716 -104.635 41
      vertex 26.9716 -104.635 32
    endloop
  endfacet
  facet normal -0.336899 0.941541 0
    outer loop
      vertex -7.98283 -83.6841 32
      vertex -10.5238 -84.5933 41
      vertex -7.98283 -83.6841 41
    endloop
  endfacet
  facet normal -0.336899 0.941541 0
    outer loop
      vertex -10.5238 -84.5933 41
      vertex -7.98283 -83.6841 32
      vertex -10.5238 -84.5933 32
    endloop
  endfacet
  facet normal 0.146736 -0.989176 0
    outer loop
      vertex 2.69547 -137.368 32
      vertex 5.36498 -136.972 41
      vertex 2.69547 -137.368 41
    endloop
  endfacet
  facet normal 0.146736 -0.989176 0
    outer loop
      vertex 5.36498 -136.972 41
      vertex 2.69547 -137.368 32
      vertex 5.36498 -136.972 32
    endloop
  endfacet
  facet normal 0.336899 0.941541 -0
    outer loop
      vertex 10.5238 -84.5933 32
      vertex 7.98283 -83.6841 41
      vertex 10.5238 -84.5933 41
    endloop
  endfacet
  facet normal 0.336899 0.941541 0
    outer loop
      vertex 7.98283 -83.6841 41
      vertex 10.5238 -84.5933 32
      vertex 7.98283 -83.6841 32
    endloop
  endfacet
  facet normal -0.941534 0.336919 -9.29775e-19
    outer loop
      vertex -26.3159 -102.017 32
      vertex -25.4067 -99.4762 41
      vertex -25.4067 -99.4762 32
    endloop
  endfacet
  facet normal -0.941534 0.336919 -9.29775e-19
    outer loop
      vertex -25.4067 -99.4762 41
      vertex -26.3159 -102.017 32
      vertex -26.3159 -102.017 41
    endloop
  endfacet
  facet normal -0.427602 -0.903967 0
    outer loop
      vertex -12.9634 -134.253 32
      vertex -10.5238 -135.407 41
      vertex -12.9634 -134.253 41
    endloop
  endfacet
  facet normal -0.427602 -0.903967 -0
    outer loop
      vertex -10.5238 -135.407 41
      vertex -12.9634 -134.253 32
      vertex -10.5238 -135.407 32
    endloop
  endfacet
  facet normal 0.595555 -0.803314 0
    outer loop
      vertex 15.2782 -132.865 32
      vertex 17.4458 -131.258 41
      vertex 15.2782 -132.865 41
    endloop
  endfacet
  facet normal 0.595555 -0.803314 0
    outer loop
      vertex 17.4458 -131.258 41
      vertex 15.2782 -132.865 32
      vertex 17.4458 -131.258 32
    endloop
  endfacet
  facet normal 0.671573 0.740939 -0
    outer loop
      vertex 19.4454 -90.5546 32
      vertex 17.4458 -88.7422 41
      vertex 19.4454 -90.5546 41
    endloop
  endfacet
  facet normal 0.671573 0.740939 0
    outer loop
      vertex 17.4458 -88.7422 41
      vertex 19.4454 -90.5546 32
      vertex 17.4458 -88.7422 32
    endloop
  endfacet
  facet normal -0.0489124 -0.998803 0
    outer loop
      vertex -2.69547 -137.368 32
      vertex 0 -137.5 41
      vertex -2.69547 -137.368 41
    endloop
  endfacet
  facet normal -0.0489124 -0.998803 -0
    outer loop
      vertex 0 -137.5 41
      vertex -2.69547 -137.368 32
      vertex 0 -137.5 32
    endloop
  endfacet
  facet normal 0.740838 -0.671683 6.74921e-18
    outer loop
      vertex 19.4454 -129.445 41
      vertex 21.2578 -127.446 32
      vertex 21.2578 -127.446 41
    endloop
  endfacet
  facet normal 0.740838 -0.671683 6.74921e-18
    outer loop
      vertex 21.2578 -127.446 32
      vertex 19.4454 -129.445 41
      vertex 19.4454 -129.445 32
    endloop
  endfacet
  facet normal -0.0490603 0.998796 0
    outer loop
      vertex 0 -82.5 32
      vertex -2.69547 -82.6324 41
      vertex 0 -82.5 41
    endloop
  endfacet
  facet normal -0.0490603 0.998796 0
    outer loop
      vertex -2.69547 -82.6324 41
      vertex 0 -82.5 32
      vertex -2.69547 -82.6324 32
    endloop
  endfacet
  facet normal 0.941542 -0.336895 1.22234e-18
    outer loop
      vertex 25.4067 -120.524 41
      vertex 26.3159 -117.983 32
      vertex 26.3159 -117.983 41
    endloop
  endfacet
  facet normal 0.941542 -0.336895 1.22234e-18
    outer loop
      vertex 26.3159 -117.983 32
      vertex 25.4067 -120.524 41
      vertex 25.4067 -120.524 32
    endloop
  endfacet
  facet normal -0.80326 -0.595628 -2.69393e-18
    outer loop
      vertex -21.2578 -127.446 32
      vertex -22.8654 -125.278 41
      vertex -22.8654 -125.278 32
    endloop
  endfacet
  facet normal -0.80326 -0.595628 -2.69393e-18
    outer loop
      vertex -22.8654 -125.278 41
      vertex -21.2578 -127.446 32
      vertex -21.2578 -127.446 41
    endloop
  endfacet
  facet normal 0.427572 0.903981 -0
    outer loop
      vertex 12.9634 -85.7472 32
      vertex 10.5238 -84.5933 41
      vertex 12.9634 -85.7472 41
    endloop
  endfacet
  facet normal 0.427572 0.903981 0
    outer loop
      vertex 10.5238 -84.5933 41
      vertex 12.9634 -85.7472 32
      vertex 10.5238 -84.5933 32
    endloop
  endfacet
  facet normal -0.427572 0.903981 0
    outer loop
      vertex -10.5238 -84.5933 32
      vertex -12.9634 -85.7472 41
      vertex -10.5238 -84.5933 41
    endloop
  endfacet
  facet normal -0.427572 0.903981 0
    outer loop
      vertex -12.9634 -85.7472 41
      vertex -10.5238 -84.5933 32
      vertex -12.9634 -85.7472 32
    endloop
  endfacet
  facet normal 0.970038 -0.242954 3.37495e-18
    outer loop
      vertex 26.3159 -117.983 41
      vertex 26.9716 -115.365 32
      vertex 26.9716 -115.365 41
    endloop
  endfacet
  facet normal 0.970038 -0.242954 3.37495e-18
    outer loop
      vertex 26.9716 -115.365 32
      vertex 26.3159 -117.983 41
      vertex 26.3159 -117.983 32
    endloop
  endfacet
  facet normal 0.595699 0.803208 -0
    outer loop
      vertex 17.4458 -88.7422 32
      vertex 15.2782 -87.1346 41
      vertex 17.4458 -88.7422 41
    endloop
  endfacet
  facet normal 0.595699 0.803208 0
    outer loop
      vertex 15.2782 -87.1346 41
      vertex 17.4458 -88.7422 32
      vertex 15.2782 -87.1346 32
    endloop
  endfacet
  facet normal 0.903981 0.427572 -8.61352e-18
    outer loop
      vertex 25.4067 -99.4762 41
      vertex 24.2528 -97.0366 32
      vertex 24.2528 -97.0366 41
    endloop
  endfacet
  facet normal 0.903981 0.427572 -8.61352e-18
    outer loop
      vertex 24.2528 -97.0366 32
      vertex 25.4067 -99.4762 41
      vertex 25.4067 -99.4762 32
    endloop
  endfacet
  facet normal -0.941542 -0.336895 -1.22234e-18
    outer loop
      vertex -25.4067 -120.524 32
      vertex -26.3159 -117.983 41
      vertex -26.3159 -117.983 32
    endloop
  endfacet
  facet normal -0.941542 -0.336895 -1.22234e-18
    outer loop
      vertex -26.3159 -117.983 41
      vertex -25.4067 -120.524 32
      vertex -25.4067 -120.524 41
    endloop
  endfacet
  facet normal 0.243072 -0.970008 0
    outer loop
      vertex 5.36498 -136.972 32
      vertex 7.98283 -136.316 41
      vertex 5.36498 -136.972 41
    endloop
  endfacet
  facet normal 0.243072 -0.970008 0
    outer loop
      vertex 7.98283 -136.316 41
      vertex 5.36498 -136.972 32
      vertex 7.98283 -136.316 32
    endloop
  endfacet
  facet normal -0.146736 0.989176 0
    outer loop
      vertex -2.69547 -82.6324 32
      vertex -5.36498 -83.0284 41
      vertex -2.69547 -82.6324 41
    endloop
  endfacet
  facet normal -0.146736 0.989176 0
    outer loop
      vertex -5.36498 -83.0284 41
      vertex -2.69547 -82.6324 32
      vertex -5.36498 -83.0284 32
    endloop
  endfacet
  facet normal 0.0489124 -0.998803 0
    outer loop
      vertex 0 -137.5 32
      vertex 2.69547 -137.368 41
      vertex 0 -137.5 41
    endloop
  endfacet
  facet normal 0.0489124 -0.998803 0
    outer loop
      vertex 2.69547 -137.368 41
      vertex 0 -137.5 32
      vertex 2.69547 -137.368 32
    endloop
  endfacet
  facet normal 0.242967 0.970035 -0
    outer loop
      vertex 7.98283 -83.6841 32
      vertex 5.36498 -83.0284 41
      vertex 7.98283 -83.6841 41
    endloop
  endfacet
  facet normal 0.242967 0.970035 0
    outer loop
      vertex 5.36498 -83.0284 41
      vertex 7.98283 -83.6841 32
      vertex 5.36498 -83.0284 32
    endloop
  endfacet
  facet normal 0.514092 0.857735 -0
    outer loop
      vertex 15.2782 -87.1346 32
      vertex 12.9634 -85.7472 41
      vertex 15.2782 -87.1346 41
    endloop
  endfacet
  facet normal 0.514092 0.857735 0
    outer loop
      vertex 12.9634 -85.7472 41
      vertex 15.2782 -87.1346 32
      vertex 12.9634 -85.7472 32
    endloop
  endfacet
  facet normal -0.514256 -0.857637 0
    outer loop
      vertex -15.2782 -132.865 32
      vertex -12.9634 -134.253 41
      vertex -15.2782 -132.865 41
    endloop
  endfacet
  facet normal -0.514256 -0.857637 -0
    outer loop
      vertex -12.9634 -134.253 41
      vertex -15.2782 -132.865 32
      vertex -12.9634 -134.253 32
    endloop
  endfacet
  facet normal -0.336833 -0.941564 0
    outer loop
      vertex -10.5238 -135.407 32
      vertex -7.98283 -136.316 41
      vertex -10.5238 -135.407 41
    endloop
  endfacet
  facet normal -0.336833 -0.941564 -0
    outer loop
      vertex -7.98283 -136.316 41
      vertex -10.5238 -135.407 32
      vertex -7.98283 -136.316 32
    endloop
  endfacet
  facet normal -0.998795 -0.0490688 -9.38788e-19
    outer loop
      vertex -27.3676 -112.695 32
      vertex -27.5 -110 41
      vertex -27.5 -110 32
    endloop
  endfacet
  facet normal -0.998795 -0.0490688 -9.38788e-19
    outer loop
      vertex -27.5 -110 41
      vertex -27.3676 -112.695 32
      vertex -27.3676 -112.695 41
    endloop
  endfacet
  facet normal 0.857754 -0.51406 -7.801e-18
    outer loop
      vertex 22.8654 -125.278 41
      vertex 24.2528 -122.963 32
      vertex 24.2528 -122.963 41
    endloop
  endfacet
  facet normal 0.857754 -0.51406 -7.801e-18
    outer loop
      vertex 24.2528 -122.963 32
      vertex 22.8654 -125.278 41
      vertex 22.8654 -125.278 32
    endloop
  endfacet
  facet normal 0.803208 0.595699 3.61977e-18
    outer loop
      vertex 22.8654 -94.7218 41
      vertex 21.2578 -92.5542 32
      vertex 21.2578 -92.5542 41
    endloop
  endfacet
  facet normal 0.803208 0.595699 3.61977e-18
    outer loop
      vertex 21.2578 -92.5542 32
      vertex 22.8654 -94.7218 41
      vertex 22.8654 -94.7218 32
    endloop
  endfacet
  facet normal 0.941534 0.336919 9.29775e-19
    outer loop
      vertex 26.3159 -102.017 41
      vertex 25.4067 -99.4762 32
      vertex 25.4067 -99.4762 41
    endloop
  endfacet
  facet normal 0.941534 0.336919 9.29775e-19
    outer loop
      vertex 25.4067 -99.4762 32
      vertex 26.3159 -102.017 41
      vertex 26.3159 -102.017 32
    endloop
  endfacet
  facet normal 0.857735 0.514092 -8.20445e-18
    outer loop
      vertex 24.2528 -97.0366 41
      vertex 22.8654 -94.7218 32
      vertex 22.8654 -94.7218 41
    endloop
  endfacet
  facet normal 0.857735 0.514092 -8.20445e-18
    outer loop
      vertex 22.8654 -94.7218 32
      vertex 24.2528 -97.0366 41
      vertex 24.2528 -97.0366 32
    endloop
  endfacet
  facet normal 0.146736 0.989176 -0
    outer loop
      vertex 5.36498 -83.0284 32
      vertex 2.69547 -82.6324 41
      vertex 5.36498 -83.0284 41
    endloop
  endfacet
  facet normal 0.146736 0.989176 0
    outer loop
      vertex 2.69547 -82.6324 41
      vertex 5.36498 -83.0284 32
      vertex 2.69547 -82.6324 32
    endloop
  endfacet
  facet normal 0.0490603 0.998796 -0
    outer loop
      vertex 2.69547 -82.6324 32
      vertex 0 -82.5 41
      vertex 2.69547 -82.6324 41
    endloop
  endfacet
  facet normal 0.0490603 0.998796 0
    outer loop
      vertex 0 -82.5 41
      vertex 2.69547 -82.6324 32
      vertex 0 -82.5 32
    endloop
  endfacet
  facet normal -0.803208 0.595699 -3.61977e-18
    outer loop
      vertex -22.8654 -94.7218 32
      vertex -21.2578 -92.5542 41
      vertex -21.2578 -92.5542 32
    endloop
  endfacet
  facet normal -0.803208 0.595699 -3.61977e-18
    outer loop
      vertex -21.2578 -92.5542 41
      vertex -22.8654 -94.7218 32
      vertex -22.8654 -94.7218 41
    endloop
  endfacet
  facet normal -0.740939 0.671573 -8.28275e-18
    outer loop
      vertex -21.2578 -92.5542 32
      vertex -19.4454 -90.5546 41
      vertex -19.4454 -90.5546 32
    endloop
  endfacet
  facet normal -0.740939 0.671573 -8.28275e-18
    outer loop
      vertex -19.4454 -90.5546 41
      vertex -21.2578 -92.5542 32
      vertex -21.2578 -92.5542 41
    endloop
  endfacet
  facet normal -0.671573 0.740939 0
    outer loop
      vertex -17.4458 -88.7422 32
      vertex -19.4454 -90.5546 41
      vertex -17.4458 -88.7422 41
    endloop
  endfacet
  facet normal -0.671573 0.740939 0
    outer loop
      vertex -19.4454 -90.5546 41
      vertex -17.4458 -88.7422 32
      vertex -19.4454 -90.5546 32
    endloop
  endfacet
  facet normal -0.595699 0.803208 0
    outer loop
      vertex -15.2782 -87.1346 32
      vertex -17.4458 -88.7422 41
      vertex -15.2782 -87.1346 41
    endloop
  endfacet
  facet normal -0.595699 0.803208 0
    outer loop
      vertex -17.4458 -88.7422 41
      vertex -15.2782 -87.1346 32
      vertex -17.4458 -88.7422 32
    endloop
  endfacet
  facet normal 0.98918 -0.14671 4.03344e-18
    outer loop
      vertex 26.9716 -115.365 41
      vertex 27.3676 -112.695 32
      vertex 27.3676 -112.695 41
    endloop
  endfacet
  facet normal 0.98918 -0.14671 4.03344e-18
    outer loop
      vertex 27.3676 -112.695 32
      vertex 26.9716 -115.365 41
      vertex 26.9716 -115.365 32
    endloop
  endfacet
  facet normal -0.970038 -0.242954 -3.37495e-18
    outer loop
      vertex -26.3159 -117.983 32
      vertex -26.9716 -115.365 41
      vertex -26.9716 -115.365 32
    endloop
  endfacet
  facet normal -0.970038 -0.242954 -3.37495e-18
    outer loop
      vertex -26.9716 -115.365 41
      vertex -26.3159 -117.983 32
      vertex -26.3159 -117.983 41
    endloop
  endfacet
  facet normal -0.98918 0.14671 4.03344e-18
    outer loop
      vertex -27.3676 -107.305 32
      vertex -26.9716 -104.635 41
      vertex -26.9716 -104.635 32
    endloop
  endfacet
  facet normal -0.98918 0.14671 4.03344e-18
    outer loop
      vertex -26.9716 -104.635 41
      vertex -27.3676 -107.305 32
      vertex -27.3676 -107.305 41
    endloop
  endfacet
  facet normal -0.970038 0.242954 3.37495e-18
    outer loop
      vertex -26.9716 -104.635 32
      vertex -26.3159 -102.017 41
      vertex -26.3159 -102.017 32
    endloop
  endfacet
  facet normal -0.970038 0.242954 3.37495e-18
    outer loop
      vertex -26.3159 -102.017 41
      vertex -26.9716 -104.635 32
      vertex -26.9716 -104.635 41
    endloop
  endfacet
  facet normal 0.903941 -0.427658 -3.7069e-18
    outer loop
      vertex 24.2528 -122.963 41
      vertex 25.4067 -120.524 32
      vertex 25.4067 -120.524 41
    endloop
  endfacet
  facet normal 0.903941 -0.427658 -3.7069e-18
    outer loop
      vertex 25.4067 -120.524 32
      vertex 24.2528 -122.963 41
      vertex 24.2528 -122.963 32
    endloop
  endfacet
  facet normal 0.336833 -0.941564 0
    outer loop
      vertex 7.98283 -136.316 32
      vertex 10.5238 -135.407 41
      vertex 7.98283 -136.316 41
    endloop
  endfacet
  facet normal 0.336833 -0.941564 0
    outer loop
      vertex 10.5238 -135.407 41
      vertex 7.98283 -136.316 32
      vertex 10.5238 -135.407 32
    endloop
  endfacet
  facet normal 0.514256 -0.857637 0
    outer loop
      vertex 12.9634 -134.253 32
      vertex 15.2782 -132.865 41
      vertex 12.9634 -134.253 41
    endloop
  endfacet
  facet normal 0.514256 -0.857637 0
    outer loop
      vertex 15.2782 -132.865 41
      vertex 12.9634 -134.253 32
      vertex 15.2782 -132.865 32
    endloop
  endfacet
  facet normal 0 0 1
    outer loop
      vertex 27.3676 -107.305 41
      vertex 27.3676 -112.695 41
      vertex 27.5 -110 41
    endloop
  endfacet
  facet normal 0 0 1
    outer loop
      vertex 26.9716 -104.635 41
      vertex 27.3676 -112.695 41
      vertex 27.3676 -107.305 41
    endloop
  endfacet
  facet normal 0 0 1
    outer loop
      vertex 26.9716 -104.635 41
      vertex 26.9716 -115.365 41
      vertex 27.3676 -112.695 41
    endloop
  endfacet
  facet normal 0 0 1
    outer loop
      vertex 26.3159 -102.017 41
      vertex 26.9716 -115.365 41
      vertex 26.9716 -104.635 41
    endloop
  endfacet
  facet normal 0 0 1
    outer loop
      vertex 26.3159 -102.017 41
      vertex 26.3159 -117.983 41
      vertex 26.9716 -115.365 41
    endloop
  endfacet
  facet normal 0 0 1
    outer loop
      vertex 25.4067 -99.4762 41
      vertex 26.3159 -117.983 41
      vertex 26.3159 -102.017 41
    endloop
  endfacet
  facet normal 0 0 1
    outer loop
      vertex 25.4067 -99.4762 41
      vertex 25.4067 -120.524 41
      vertex 26.3159 -117.983 41
    endloop
  endfacet
  facet normal 0 0 1
    outer loop
      vertex 24.2528 -97.0366 41
      vertex 25.4067 -120.524 41
      vertex 25.4067 -99.4762 41
    endloop
  endfacet
  facet normal 0 0 1
    outer loop
      vertex 24.2528 -97.0366 41
      vertex 24.2528 -122.963 41
      vertex 25.4067 -120.524 41
    endloop
  endfacet
  facet normal 0 0 1
    outer loop
      vertex 22.8654 -94.7218 41
      vertex 24.2528 -122.963 41
      vertex 24.2528 -97.0366 41
    endloop
  endfacet
  facet normal 0 0 1
    outer loop
      vertex 22.8654 -94.7218 41
      vertex 22.8654 -125.278 41
      vertex 24.2528 -122.963 41
    endloop
  endfacet
  facet normal 0 0 1
    outer loop
      vertex 21.2578 -92.5542 41
      vertex 22.8654 -125.278 41
      vertex 22.8654 -94.7218 41
    endloop
  endfacet
  facet normal 0 0 1
    outer loop
      vertex 21.2578 -92.5542 41
      vertex 21.2578 -127.446 41
      vertex 22.8654 -125.278 41
    endloop
  endfacet
  facet normal 0 0 1
    outer loop
      vertex 19.4454 -90.5546 41
      vertex 21.2578 -127.446 41
      vertex 21.2578 -92.5542 41
    endloop
  endfacet
  facet normal 0 0 1
    outer loop
      vertex 19.4454 -90.5546 41
      vertex 19.4454 -129.445 41
      vertex 21.2578 -127.446 41
    endloop
  endfacet
  facet normal 0 0 1
    outer loop
      vertex 17.4458 -88.7422 41
      vertex 19.4454 -129.445 41
      vertex 19.4454 -90.5546 41
    endloop
  endfacet
  facet normal 0 0 1
    outer loop
      vertex 17.4458 -88.7422 41
      vertex 17.4458 -131.258 41
      vertex 19.4454 -129.445 41
    endloop
  endfacet
  facet normal 0 0 1
    outer loop
      vertex 15.2782 -87.1346 41
      vertex 17.4458 -131.258 41
      vertex 17.4458 -88.7422 41
    endloop
  endfacet
  facet normal 0 0 1
    outer loop
      vertex 15.2782 -87.1346 41
      vertex 15.2782 -132.865 41
      vertex 17.4458 -131.258 41
    endloop
  endfacet
  facet normal 0 0 1
    outer loop
      vertex 12.9634 -85.7472 41
      vertex 15.2782 -132.865 41
      vertex 15.2782 -87.1346 41
    endloop
  endfacet
  facet normal 0 0 1
    outer loop
      vertex 12.9634 -85.7472 41
      vertex 12.9634 -134.253 41
      vertex 15.2782 -132.865 41
    endloop
  endfacet
  facet normal 0 0 1
    outer loop
      vertex 10.5238 -84.5933 41
      vertex 12.9634 -134.253 41
      vertex 12.9634 -85.7472 41
    endloop
  endfacet
  facet normal 0 0 1
    outer loop
      vertex 10.5238 -84.5933 41
      vertex 10.5238 -135.407 41
      vertex 12.9634 -134.253 41
    endloop
  endfacet
  facet normal 0 0 1
    outer loop
      vertex 7.98283 -83.6841 41
      vertex 10.5238 -135.407 41
      vertex 10.5238 -84.5933 41
    endloop
  endfacet
  facet normal 0 0 1
    outer loop
      vertex 7.98283 -83.6841 41
      vertex 7.98283 -136.316 41
      vertex 10.5238 -135.407 41
    endloop
  endfacet
  facet normal 0 0 1
    outer loop
      vertex 5.36498 -83.0284 41
      vertex 7.98283 -136.316 41
      vertex 7.98283 -83.6841 41
    endloop
  endfacet
  facet normal 0 0 1
    outer loop
      vertex 5.36498 -83.0284 41
      vertex 5.36498 -136.972 41
      vertex 7.98283 -136.316 41
    endloop
  endfacet
  facet normal 0 0 1
    outer loop
      vertex 2.69547 -82.6324 41
      vertex 5.36498 -136.972 41
      vertex 5.36498 -83.0284 41
    endloop
  endfacet
  facet normal 0 0 1
    outer loop
      vertex 2.69547 -82.6324 41
      vertex 2.69547 -137.368 41
      vertex 5.36498 -136.972 41
    endloop
  endfacet
  facet normal 0 0 1
    outer loop
      vertex 0 -82.5 41
      vertex 2.69547 -137.368 41
      vertex 2.69547 -82.6324 41
    endloop
  endfacet
  facet normal 0 0 1
    outer loop
      vertex 0 -82.5 41
      vertex 0 -137.5 41
      vertex 2.69547 -137.368 41
    endloop
  endfacet
  facet normal -0 0 1
    outer loop
      vertex -2.69547 -82.6324 41
      vertex 0 -137.5 41
      vertex 0 -82.5 41
    endloop
  endfacet
  facet normal 0 0 1
    outer loop
      vertex -2.69547 -82.6324 41
      vertex -2.69547 -137.368 41
      vertex 0 -137.5 41
    endloop
  endfacet
  facet normal -0 0 1
    outer loop
      vertex -5.36498 -83.0284 41
      vertex -2.69547 -137.368 41
      vertex -2.69547 -82.6324 41
    endloop
  endfacet
  facet normal 0 0 1
    outer loop
      vertex -5.36498 -83.0284 41
      vertex -5.36498 -136.972 41
      vertex -2.69547 -137.368 41
    endloop
  endfacet
  facet normal -0 0 1
    outer loop
      vertex -7.98283 -83.6841 41
      vertex -5.36498 -136.972 41
      vertex -5.36498 -83.0284 41
    endloop
  endfacet
  facet normal 0 0 1
    outer loop
      vertex -7.98283 -83.6841 41
      vertex -7.98283 -136.316 41
      vertex -5.36498 -136.972 41
    endloop
  endfacet
  facet normal -0 0 1
    outer loop
      vertex -10.5238 -84.5933 41
      vertex -7.98283 -136.316 41
      vertex -7.98283 -83.6841 41
    endloop
  endfacet
  facet normal 0 0 1
    outer loop
      vertex -10.5238 -84.5933 41
      vertex -10.5238 -135.407 41
      vertex -7.98283 -136.316 41
    endloop
  endfacet
  facet normal -0 0 1
    outer loop
      vertex -12.9634 -85.7472 41
      vertex -10.5238 -135.407 41
      vertex -10.5238 -84.5933 41
    endloop
  endfacet
  facet normal 0 0 1
    outer loop
      vertex -12.9634 -85.7472 41
      vertex -12.9634 -134.253 41
      vertex -10.5238 -135.407 41
    endloop
  endfacet
  facet normal -0 0 1
    outer loop
      vertex -15.2782 -87.1346 41
      vertex -12.9634 -134.253 41
      vertex -12.9634 -85.7472 41
    endloop
  endfacet
  facet normal 0 0 1
    outer loop
      vertex -15.2782 -87.1346 41
      vertex -15.2782 -132.865 41
      vertex -12.9634 -134.253 41
    endloop
  endfacet
  facet normal -0 0 1
    outer loop
      vertex -17.4458 -88.7422 41
      vertex -15.2782 -132.865 41
      vertex -15.2782 -87.1346 41
    endloop
  endfacet
  facet normal 0 0 1
    outer loop
      vertex -17.4458 -88.7422 41
      vertex -17.4458 -131.258 41
      vertex -15.2782 -132.865 41
    endloop
  endfacet
  facet normal -0 0 1
    outer loop
      vertex -19.4454 -90.5546 41
      vertex -17.4458 -131.258 41
      vertex -17.4458 -88.7422 41
    endloop
  endfacet
  facet normal 0 0 1
    outer loop
      vertex -19.4454 -90.5546 41
      vertex -19.4454 -129.445 41
      vertex -17.4458 -131.258 41
    endloop
  endfacet
  facet normal -0 0 1
    outer loop
      vertex -21.2578 -92.5542 41
      vertex -19.4454 -129.445 41
      vertex -19.4454 -90.5546 41
    endloop
  endfacet
  facet normal 0 0 1
    outer loop
      vertex -21.2578 -92.5542 41
      vertex -21.2578 -127.446 41
      vertex -19.4454 -129.445 41
    endloop
  endfacet
  facet normal -0 0 1
    outer loop
      vertex -22.8654 -94.7218 41
      vertex -21.2578 -127.446 41
      vertex -21.2578 -92.5542 41
    endloop
  endfacet
  facet normal 0 0 1
    outer loop
      vertex -22.8654 -94.7218 41
      vertex -22.8654 -125.278 41
      vertex -21.2578 -127.446 41
    endloop
  endfacet
  facet normal -0 0 1
    outer loop
      vertex -24.2528 -97.0366 41
      vertex -22.8654 -125.278 41
      vertex -22.8654 -94.7218 41
    endloop
  endfacet
  facet normal 0 0 1
    outer loop
      vertex -24.2528 -97.0366 41
      vertex -24.2528 -122.963 41
      vertex -22.8654 -125.278 41
    endloop
  endfacet
  facet normal -0 0 1
    outer loop
      vertex -25.4067 -99.4762 41
      vertex -24.2528 -122.963 41
      vertex -24.2528 -97.0366 41
    endloop
  endfacet
  facet normal 0 0 1
    outer loop
      vertex -25.4067 -99.4762 41
      vertex -25.4067 -120.524 41
      vertex -24.2528 -122.963 41
    endloop
  endfacet
  facet normal -0 0 1
    outer loop
      vertex -26.3159 -102.017 41
      vertex -25.4067 -120.524 41
      vertex -25.4067 -99.4762 41
    endloop
  endfacet
  facet normal 0 0 1
    outer loop
      vertex -26.3159 -102.017 41
      vertex -26.3159 -117.983 41
      vertex -25.4067 -120.524 41
    endloop
  endfacet
  facet normal -0 0 1
    outer loop
      vertex -26.9716 -104.635 41
      vertex -26.3159 -117.983 41
      vertex -26.3159 -102.017 41
    endloop
  endfacet
  facet normal 0 0 1
    outer loop
      vertex -26.9716 -104.635 41
      vertex -26.9716 -115.365 41
      vertex -26.3159 -117.983 41
    endloop
  endfacet
  facet normal -0 0 1
    outer loop
      vertex -27.3676 -107.305 41
      vertex -26.9716 -115.365 41
      vertex -26.9716 -104.635 41
    endloop
  endfacet
  facet normal 0 0 1
    outer loop
      vertex -27.3676 -107.305 41
      vertex -27.3676 -112.695 41
      vertex -26.9716 -115.365 41
    endloop
  endfacet
  facet normal 0 -0 1
    outer loop
      vertex -27.3676 -112.695 41
      vertex -27.3676 -107.305 41
      vertex -27.5 -110 41
    endloop
  endfacet
  facet normal -0.671695 -0.740828 0
    outer loop
      vertex -19.4454 -129.445 32
      vertex -17.4458 -131.258 41
      vertex -19.4454 -129.445 41
    endloop
  endfacet
  facet normal -0.671695 -0.740828 -0
    outer loop
      vertex -17.4458 -131.258 41
      vertex -19.4454 -129.445 32
      vertex -17.4458 -131.258 32
    endloop
  endfacet
  facet normal -0.857754 -0.51406 7.801e-18
    outer loop
      vertex -22.8654 -125.278 32
      vertex -24.2528 -122.963 41
      vertex -24.2528 -122.963 32
    endloop
  endfacet
  facet normal -0.857754 -0.51406 7.801e-18
    outer loop
      vertex -24.2528 -122.963 41
      vertex -22.8654 -125.278 32
      vertex -22.8654 -125.278 41
    endloop
  endfacet
  facet normal -0.146736 -0.989176 0
    outer loop
      vertex -5.36498 -136.972 32
      vertex -2.69547 -137.368 41
      vertex -5.36498 -136.972 41
    endloop
  endfacet
  facet normal -0.146736 -0.989176 -0
    outer loop
      vertex -2.69547 -137.368 41
      vertex -5.36498 -136.972 32
      vertex -2.69547 -137.368 32
    endloop
  endfacet
  facet normal 0.671695 -0.740828 0
    outer loop
      vertex 17.4458 -131.258 32
      vertex 19.4454 -129.445 41
      vertex 17.4458 -131.258 41
    endloop
  endfacet
  facet normal 0.671695 -0.740828 0
    outer loop
      vertex 19.4454 -129.445 41
      vertex 17.4458 -131.258 32
      vertex 19.4454 -129.445 32
    endloop
  endfacet
  facet normal -0.857735 0.514092 8.20445e-18
    outer loop
      vertex -24.2528 -97.0366 32
      vertex -22.8654 -94.7218 41
      vertex -22.8654 -94.7218 32
    endloop
  endfacet
  facet normal -0.857735 0.514092 8.20445e-18
    outer loop
      vertex -22.8654 -94.7218 41
      vertex -24.2528 -97.0366 32
      vertex -24.2528 -97.0366 41
    endloop
  endfacet
  facet normal 0.986639 0.16292 -1.6206e-17
    outer loop
      vertex 59.4867 -102.168 32
      vertex 58.8471 -98.2946 29
      vertex 58.8471 -98.2946 32
    endloop
  endfacet
  facet normal 0.986639 0.16292 -1.6206e-17
    outer loop
      vertex 58.8471 -98.2946 29
      vertex 59.4867 -102.168 32
      vertex 59.4867 -102.168 29
    endloop
  endfacet
  facet normal 0.999464 -0.0327297 3.69378e-18
    outer loop
      vertex 59.8715 -113.924 32
      vertex 60 -110 29
      vertex 60 -110 32
    endloop
  endfacet
  facet normal 0.999464 -0.0327297 3.69378e-18
    outer loop
      vertex 60 -110 29
      vertex 59.8715 -113.924 32
      vertex 59.8715 -113.924 29
    endloop
  endfacet
  facet normal -0.729783 -0.683678 3.04549e-17
    outer loop
      vertex -42.4264 -152.426 29
      vertex -45.1104 -149.561 32
      vertex -45.1104 -149.561 29
    endloop
  endfacet
  facet normal -0.729783 -0.683678 3.04549e-17
    outer loop
      vertex -45.1104 -149.561 32
      vertex -42.4264 -152.426 29
      vertex -42.4264 -152.426 32
    endloop
  endfacet
  facet normal -0.729867 0.683589 -1.97415e-17
    outer loop
      vertex -45.1104 -70.4393 29
      vertex -42.4264 -67.5736 32
      vertex -42.4264 -67.5736 29
    endloop
  endfacet
  facet normal -0.729867 0.683589 -1.97415e-17
    outer loop
      vertex -42.4264 -67.5736 32
      vertex -45.1104 -70.4393 29
      vertex -45.1104 -70.4393 32
    endloop
  endfacet
  facet normal 0.995187 0.0979908 3.39279e-18
    outer loop
      vertex 59.8715 -106.076 32
      vertex 59.4867 -102.168 29
      vertex 59.4867 -102.168 32
    endloop
  endfacet
  facet normal 0.995187 0.0979908 3.39279e-18
    outer loop
      vertex 59.4867 -102.168 29
      vertex 59.8715 -106.076 32
      vertex 59.8715 -106.076 29
    endloop
  endfacet
  facet normal -0.0980567 -0.995181 0
    outer loop
      vertex -7.83157 -169.487 29
      vertex -3.92419 -169.872 32
      vertex -7.83157 -169.487 32
    endloop
  endfacet
  facet normal -0.0980567 -0.995181 -0
    outer loop
      vertex -3.92419 -169.872 32
      vertex -7.83157 -169.487 29
      vertex -3.92419 -169.872 29
    endloop
  endfacet
  facet normal -0.471228 -0.882011 0
    outer loop
      vertex -30 -161.962 29
      vertex -26.5373 -163.812 32
      vertex -30 -161.962 32
    endloop
  endfacet
  facet normal -0.471228 -0.882011 -0
    outer loop
      vertex -26.5373 -163.812 32
      vertex -30 -161.962 29
      vertex -26.5373 -163.812 29
    endloop
  endfacet
  facet normal 0.528061 0.849207 -0
    outer loop
      vertex 33.3342 -60.1118 29
      vertex 30 -58.0385 32
      vertex 33.3342 -60.1118 32
    endloop
  endfacet
  facet normal 0.528061 0.849207 0
    outer loop
      vertex 30 -58.0385 32
      vertex 33.3342 -60.1118 29
      vertex 30 -58.0385 29
    endloop
  endfacet
  facet normal -0.226941 -0.973909 0
    outer loop
      vertex -15.5291 -167.956 29
      vertex -11.7054 -168.847 32
      vertex -15.5291 -167.956 32
    endloop
  endfacet
  facet normal -0.226941 -0.973909 -0
    outer loop
      vertex -11.7054 -168.847 32
      vertex -15.5291 -167.956 29
      vertex -11.7054 -168.847 29
    endloop
  endfacet
  facet normal 0.729867 0.683589 1.97415e-17
    outer loop
      vertex 45.1104 -70.4393 32
      vertex 42.4264 -67.5736 29
      vertex 42.4264 -67.5736 32
    endloop
  endfacet
  facet normal 0.729867 0.683589 1.97415e-17
    outer loop
      vertex 42.4264 -67.5736 29
      vertex 45.1104 -70.4393 32
      vertex 45.1104 -70.4393 29
    endloop
  endfacet
  facet normal 0.634399 0.773005 -0
    outer loop
      vertex 39.5607 -64.8896 29
      vertex 36.5257 -62.3988 32
      vertex 39.5607 -64.8896 32
    endloop
  endfacet
  facet normal 0.634399 0.773005 0
    outer loop
      vertex 36.5257 -62.3988 32
      vertex 39.5607 -64.8896 29
      vertex 36.5257 -62.3988 29
    endloop
  endfacet
  facet normal -0.881933 -0.471375 6.74219e-18
    outer loop
      vertex -51.9615 -140 29
      vertex -53.8124 -136.537 32
      vertex -53.8124 -136.537 29
    endloop
  endfacet
  facet normal -0.881933 -0.471375 6.74219e-18
    outer loop
      vertex -53.8124 -136.537 32
      vertex -51.9615 -140 29
      vertex -51.9615 -140 32
    endloop
  endfacet
  facet normal 0.0326009 -0.999468 0
    outer loop
      vertex 0 -170 29
      vertex 3.92419 -169.872 32
      vertex 0 -170 32
    endloop
  endfacet
  facet normal 0.0326009 -0.999468 0
    outer loop
      vertex 3.92419 -169.872 32
      vertex 0 -170 29
      vertex 3.92419 -169.872 29
    endloop
  endfacet
  facet normal -0.935998 -0.352004 1.70596e-18
    outer loop
      vertex -56.6319 -129.775 29
      vertex -56.8158 -129.286 32
      vertex -56.8158 -129.286 29
    endloop
  endfacet
  facet normal -0.935908 -0.352243 -0
    outer loop
      vertex -55.4328 -132.961 32
      vertex -56.6319 -129.775 29
      vertex -55.4328 -132.961 29
    endloop
  endfacet
  facet normal -0.93592 -0.352212 3.85828e-05
    outer loop
      vertex -56.6319 -129.775 29
      vertex -55.4328 -132.961 32
      vertex -56.8158 -129.286 32
    endloop
  endfacet
  facet normal -0.290293 0.956938 0
    outer loop
      vertex -15.5291 -52.0444 29
      vertex -19.2864 -53.1842 32
      vertex -15.5291 -52.0444 32
    endloop
  endfacet
  facet normal -0.290293 0.956938 0
    outer loop
      vertex -19.2864 -53.1842 32
      vertex -15.5291 -52.0444 29
      vertex -19.2864 -53.1842 29
    endloop
  endfacet
  facet normal -0.956931 -0.290314 5.1765e-18
    outer loop
      vertex -56.8158 -129.286 29
      vertex -57.9556 -125.529 32
      vertex -57.9556 -125.529 29
    endloop
  endfacet
  facet normal -0.956931 -0.290314 5.1765e-18
    outer loop
      vertex -57.9556 -125.529 32
      vertex -56.8158 -129.286 29
      vertex -56.8158 -129.286 32
    endloop
  endfacet
  facet normal 0.162902 0.986642 -0
    outer loop
      vertex 11.7054 -51.1529 29
      vertex 7.83157 -50.5133 32
      vertex 11.7054 -51.1529 32
    endloop
  endfacet
  facet normal 0.162902 0.986642 0
    outer loop
      vertex 7.83157 -50.5133 32
      vertex 11.7054 -51.1529 29
      vertex 7.83157 -50.5133 29
    endloop
  endfacet
  facet normal 0.881933 -0.471375 -6.74219e-18
    outer loop
      vertex 51.9615 -140 32
      vertex 53.8124 -136.537 29
      vertex 53.8124 -136.537 32
    endloop
  endfacet
  facet normal 0.881933 -0.471375 -6.74219e-18
    outer loop
      vertex 53.8124 -136.537 29
      vertex 51.9615 -140 32
      vertex 51.9615 -140 29
    endloop
  endfacet
  facet normal 0 0 1
    outer loop
      vertex 27.5 -110 32
      vertex 60 -110 32
      vertex 59.8715 -106.076 32
    endloop
  endfacet
  facet normal 0 0 1
    outer loop
      vertex 27.3676 -107.305 32
      vertex 59.8715 -106.076 32
      vertex 59.4867 -102.168 32
    endloop
  endfacet
  facet normal 0 0 1
    outer loop
      vertex 60 -110 32
      vertex 27.5 -110 32
      vertex 59.8715 -113.924 32
    endloop
  endfacet
  facet normal 0 0 1
    outer loop
      vertex 26.9716 -104.635 32
      vertex 59.4867 -102.168 32
      vertex 58.8471 -98.2946 32
    endloop
  endfacet
  facet normal -0 0 1
    outer loop
      vertex 27.3676 -112.695 32
      vertex 59.8715 -113.924 32
      vertex 27.5 -110 32
    endloop
  endfacet
  facet normal 0 0 1
    outer loop
      vertex 26.9716 -104.635 32
      vertex 58.8471 -98.2946 32
      vertex 57.9556 -94.4709 32
    endloop
  endfacet
  facet normal 0 0 1
    outer loop
      vertex 59.8715 -113.924 32
      vertex 27.3676 -112.695 32
      vertex 59.4867 -117.832 32
    endloop
  endfacet
  facet normal 0 0 1
    outer loop
      vertex 26.3159 -102.017 32
      vertex 57.9556 -94.4709 32
      vertex 56.8158 -90.7136 32
    endloop
  endfacet
  facet normal -0 0 1
    outer loop
      vertex 26.9716 -115.365 32
      vertex 59.4867 -117.832 32
      vertex 27.3676 -112.695 32
    endloop
  endfacet
  facet normal 0 0 1
    outer loop
      vertex 25.4067 -99.4762 32
      vertex 56.8158 -90.7136 32
      vertex 55.4328 -87.039 32
    endloop
  endfacet
  facet normal 0 0 1
    outer loop
      vertex 59.4867 -117.832 32
      vertex 26.9716 -115.365 32
      vertex 58.8471 -121.705 32
    endloop
  endfacet
  facet normal 0 0 1
    outer loop
      vertex 25.4067 -99.4762 32
      vertex 55.4328 -87.039 32
      vertex 53.8124 -83.4627 32
    endloop
  endfacet
  facet normal 0 0 1
    outer loop
      vertex 58.8471 -121.705 32
      vertex 26.9716 -115.365 32
      vertex 57.9556 -125.529 32
    endloop
  endfacet
  facet normal 0 0 1
    outer loop
      vertex 24.2528 -97.0366 32
      vertex 53.8124 -83.4627 32
      vertex 51.9615 -80 32
    endloop
  endfacet
  facet normal -0 0 1
    outer loop
      vertex 26.3159 -117.983 32
      vertex 57.9556 -125.529 32
      vertex 26.9716 -115.365 32
    endloop
  endfacet
  facet normal 0 0 1
    outer loop
      vertex 22.8654 -94.7218 32
      vertex 51.9615 -80 32
      vertex 49.8882 -76.6658 32
    endloop
  endfacet
  facet normal 0 0 1
    outer loop
      vertex 57.9556 -125.529 32
      vertex 26.3159 -117.983 32
      vertex 56.8158 -129.286 32
    endloop
  endfacet
  facet normal 0 0 1
    outer loop
      vertex 22.8654 -94.7218 32
      vertex 49.8882 -76.6658 32
      vertex 47.6012 -73.4743 32
    endloop
  endfacet
  facet normal -0 0 1
    outer loop
      vertex 25.4067 -120.524 32
      vertex 56.8158 -129.286 32
      vertex 26.3159 -117.983 32
    endloop
  endfacet
  facet normal 0 0 1
    outer loop
      vertex 21.2578 -92.5542 32
      vertex 47.6012 -73.4743 32
      vertex 45.1104 -70.4393 32
    endloop
  endfacet
  facet normal 0 0 1
    outer loop
      vertex 56.8158 -129.286 32
      vertex 25.4067 -120.524 32
      vertex 55.4328 -132.961 32
    endloop
  endfacet
  facet normal 0 0 1
    outer loop
      vertex 19.4454 -90.5546 32
      vertex 45.1104 -70.4393 32
      vertex 42.4264 -67.5736 32
    endloop
  endfacet
  facet normal 0 0 1
    outer loop
      vertex 55.4328 -132.961 32
      vertex 25.4067 -120.524 32
      vertex 53.8124 -136.537 32
    endloop
  endfacet
  facet normal 0 0 1
    outer loop
      vertex 19.4454 -90.5546 32
      vertex 42.4264 -67.5736 32
      vertex 39.5607 -64.8896 32
    endloop
  endfacet
  facet normal -0 0 1
    outer loop
      vertex 24.2528 -122.963 32
      vertex 53.8124 -136.537 32
      vertex 25.4067 -120.524 32
    endloop
  endfacet
  facet normal 0 0 1
    outer loop
      vertex 17.4458 -88.7422 32
      vertex 39.5607 -64.8896 32
      vertex 36.5257 -62.3988 32
    endloop
  endfacet
  facet normal 0 0 1
    outer loop
      vertex 53.8124 -136.537 32
      vertex 24.2528 -122.963 32
      vertex 51.9615 -140 32
    endloop
  endfacet
  facet normal 0 0 1
    outer loop
      vertex 15.2782 -87.1346 32
      vertex 36.5257 -62.3988 32
      vertex 33.3342 -60.1118 32
    endloop
  endfacet
  facet normal -0 0 1
    outer loop
      vertex 22.8654 -125.278 32
      vertex 51.9615 -140 32
      vertex 24.2528 -122.963 32
    endloop
  endfacet
  facet normal 0 0 1
    outer loop
      vertex 15.2782 -87.1346 32
      vertex 33.3342 -60.1118 32
      vertex 30 -58.0385 32
    endloop
  endfacet
  facet normal 0 0 1
    outer loop
      vertex 51.9615 -140 32
      vertex 22.8654 -125.278 32
      vertex 49.8882 -143.334 32
    endloop
  endfacet
  facet normal 0 0 1
    outer loop
      vertex 49.8882 -143.334 32
      vertex 22.8654 -125.278 32
      vertex 47.6012 -146.526 32
    endloop
  endfacet
  facet normal 0 0 1
    outer loop
      vertex 59.8715 -106.076 32
      vertex 27.3676 -107.305 32
      vertex 27.5 -110 32
    endloop
  endfacet
  facet normal 0 0 1
    outer loop
      vertex 59.4867 -102.168 32
      vertex 26.9716 -104.635 32
      vertex 27.3676 -107.305 32
    endloop
  endfacet
  facet normal 0 0 1
    outer loop
      vertex 12.9634 -85.7472 32
      vertex 30 -58.0385 32
      vertex 26.5373 -56.1876 32
    endloop
  endfacet
  facet normal 0 0 1
    outer loop
      vertex 57.9556 -94.4709 32
      vertex 26.3159 -102.017 32
      vertex 26.9716 -104.635 32
    endloop
  endfacet
  facet normal 0 0 1
    outer loop
      vertex 56.8158 -90.7136 32
      vertex 25.4067 -99.4762 32
      vertex 26.3159 -102.017 32
    endloop
  endfacet
  facet normal 0 0 1
    outer loop
      vertex 53.8124 -83.4627 32
      vertex 24.2528 -97.0366 32
      vertex 25.4067 -99.4762 32
    endloop
  endfacet
  facet normal 0 0 1
    outer loop
      vertex 10.5238 -84.5933 32
      vertex 26.5373 -56.1876 32
      vertex 22.961 -54.5672 32
    endloop
  endfacet
  facet normal 0 0 1
    outer loop
      vertex 51.9615 -80 32
      vertex 22.8654 -94.7218 32
      vertex 24.2528 -97.0366 32
    endloop
  endfacet
  facet normal 0 0 1
    outer loop
      vertex 47.6012 -73.4743 32
      vertex 21.2578 -92.5542 32
      vertex 22.8654 -94.7218 32
    endloop
  endfacet
  facet normal 0 0 1
    outer loop
      vertex 45.1104 -70.4393 32
      vertex 19.4454 -90.5546 32
      vertex 21.2578 -92.5542 32
    endloop
  endfacet
  facet normal 0 0 1
    outer loop
      vertex 10.5238 -84.5933 32
      vertex 22.961 -54.5672 32
      vertex 19.2864 -53.1842 32
    endloop
  endfacet
  facet normal 0 0 1
    outer loop
      vertex 39.5607 -64.8896 32
      vertex 17.4458 -88.7422 32
      vertex 19.4454 -90.5546 32
    endloop
  endfacet
  facet normal 0 0 1
    outer loop
      vertex 7.98283 -83.6841 32
      vertex 19.2864 -53.1842 32
      vertex 15.5291 -52.0444 32
    endloop
  endfacet
  facet normal 0 0 1
    outer loop
      vertex 36.5257 -62.3988 32
      vertex 15.2782 -87.1346 32
      vertex 17.4458 -88.7422 32
    endloop
  endfacet
  facet normal 0 0 1
    outer loop
      vertex 30 -58.0385 32
      vertex 12.9634 -85.7472 32
      vertex 15.2782 -87.1346 32
    endloop
  endfacet
  facet normal 0 0 1
    outer loop
      vertex 5.36498 -83.0284 32
      vertex 15.5291 -52.0444 32
      vertex 11.7054 -51.1529 32
    endloop
  endfacet
  facet normal 0 0 1
    outer loop
      vertex 26.5373 -56.1876 32
      vertex 10.5238 -84.5933 32
      vertex 12.9634 -85.7472 32
    endloop
  endfacet
  facet normal 0 0 1
    outer loop
      vertex 19.2864 -53.1842 32
      vertex 7.98283 -83.6841 32
      vertex 10.5238 -84.5933 32
    endloop
  endfacet
  facet normal 0 0 1
    outer loop
      vertex 5.36498 -83.0284 32
      vertex 11.7054 -51.1529 32
      vertex 7.83157 -50.5133 32
    endloop
  endfacet
  facet normal 0 0 1
    outer loop
      vertex 15.5291 -52.0444 32
      vertex 5.36498 -83.0284 32
      vertex 7.98283 -83.6841 32
    endloop
  endfacet
  facet normal 0 0 1
    outer loop
      vertex 2.69547 -82.6324 32
      vertex 7.83157 -50.5133 32
      vertex 3.92419 -50.1285 32
    endloop
  endfacet
  facet normal 0 0 1
    outer loop
      vertex 7.83157 -50.5133 32
      vertex 2.69547 -82.6324 32
      vertex 5.36498 -83.0284 32
    endloop
  endfacet
  facet normal 0 0 1
    outer loop
      vertex 0 -82.5 32
      vertex 3.92419 -50.1285 32
      vertex 0 -50 32
    endloop
  endfacet
  facet normal 0 0 1
    outer loop
      vertex 3.92419 -50.1285 32
      vertex 0 -82.5 32
      vertex 2.69547 -82.6324 32
    endloop
  endfacet
  facet normal -0 0 1
    outer loop
      vertex -3.92419 -50.1285 32
      vertex 0 -82.5 32
      vertex 0 -50 32
    endloop
  endfacet
  facet normal 0 0 1
    outer loop
      vertex 0 -82.5 32
      vertex -3.92419 -50.1285 32
      vertex -2.69547 -82.6324 32
    endloop
  endfacet
  facet normal -0 0 1
    outer loop
      vertex -7.83157 -50.5133 32
      vertex -2.69547 -82.6324 32
      vertex -3.92419 -50.1285 32
    endloop
  endfacet
  facet normal 0 0 1
    outer loop
      vertex -2.69547 -82.6324 32
      vertex -7.83157 -50.5133 32
      vertex -5.36498 -83.0284 32
    endloop
  endfacet
  facet normal -0 0 1
    outer loop
      vertex -11.7054 -51.1529 32
      vertex -5.36498 -83.0284 32
      vertex -7.83157 -50.5133 32
    endloop
  endfacet
  facet normal -0 0 1
    outer loop
      vertex -15.5291 -52.0444 32
      vertex -5.36498 -83.0284 32
      vertex -11.7054 -51.1529 32
    endloop
  endfacet
  facet normal 0 0 1
    outer loop
      vertex -5.36498 -83.0284 32
      vertex -15.5291 -52.0444 32
      vertex -7.98283 -83.6841 32
    endloop
  endfacet
  facet normal -0 0 1
    outer loop
      vertex -19.2864 -53.1842 32
      vertex -7.98283 -83.6841 32
      vertex -15.5291 -52.0444 32
    endloop
  endfacet
  facet normal 0 0 1
    outer loop
      vertex -7.98283 -83.6841 32
      vertex -19.2864 -53.1842 32
      vertex -10.5238 -84.5933 32
    endloop
  endfacet
  facet normal -0 0 1
    outer loop
      vertex -22.961 -54.5672 32
      vertex -10.5238 -84.5933 32
      vertex -19.2864 -53.1842 32
    endloop
  endfacet
  facet normal -0 0 1
    outer loop
      vertex -26.5373 -56.1876 32
      vertex -10.5238 -84.5933 32
      vertex -22.961 -54.5672 32
    endloop
  endfacet
  facet normal 0 0 1
    outer loop
      vertex -10.5238 -84.5933 32
      vertex -26.5373 -56.1876 32
      vertex -12.9634 -85.7472 32
    endloop
  endfacet
  facet normal -0 0 1
    outer loop
      vertex -30 -58.0385 32
      vertex -12.9634 -85.7472 32
      vertex -26.5373 -56.1876 32
    endloop
  endfacet
  facet normal 0 0 1
    outer loop
      vertex -12.9634 -85.7472 32
      vertex -30 -58.0385 32
      vertex -15.2782 -87.1346 32
    endloop
  endfacet
  facet normal -0 0 1
    outer loop
      vertex -33.3342 -60.1118 32
      vertex -15.2782 -87.1346 32
      vertex -30 -58.0385 32
    endloop
  endfacet
  facet normal -0 0 1
    outer loop
      vertex -36.5257 -62.3988 32
      vertex -15.2782 -87.1346 32
      vertex -33.3342 -60.1118 32
    endloop
  endfacet
  facet normal 0 0 1
    outer loop
      vertex -15.2782 -87.1346 32
      vertex -36.5257 -62.3988 32
      vertex -17.4458 -88.7422 32
    endloop
  endfacet
  facet normal -0 0 1
    outer loop
      vertex -39.5607 -64.8896 32
      vertex -17.4458 -88.7422 32
      vertex -36.5257 -62.3988 32
    endloop
  endfacet
  facet normal 0 0 1
    outer loop
      vertex -17.4458 -88.7422 32
      vertex -39.5607 -64.8896 32
      vertex -19.4454 -90.5546 32
    endloop
  endfacet
  facet normal -0 0 1
    outer loop
      vertex -42.4264 -67.5736 32
      vertex -19.4454 -90.5546 32
      vertex -39.5607 -64.8896 32
    endloop
  endfacet
  facet normal -0 0 1
    outer loop
      vertex -45.1104 -70.4393 32
      vertex -19.4454 -90.5546 32
      vertex -42.4264 -67.5736 32
    endloop
  endfacet
  facet normal 0 0 1
    outer loop
      vertex -19.4454 -90.5546 32
      vertex -45.1104 -70.4393 32
      vertex -21.2578 -92.5542 32
    endloop
  endfacet
  facet normal -0 0 1
    outer loop
      vertex -47.6012 -73.4743 32
      vertex -21.2578 -92.5542 32
      vertex -45.1104 -70.4393 32
    endloop
  endfacet
  facet normal 0 0 1
    outer loop
      vertex -21.2578 -92.5542 32
      vertex -47.6012 -73.4743 32
      vertex -22.8654 -94.7218 32
    endloop
  endfacet
  facet normal -0 0 1
    outer loop
      vertex 21.2578 -127.446 32
      vertex 47.6012 -146.526 32
      vertex 22.8654 -125.278 32
    endloop
  endfacet
  facet normal 0 0 1
    outer loop
      vertex 47.6012 -146.526 32
      vertex 21.2578 -127.446 32
      vertex 45.1104 -149.561 32
    endloop
  endfacet
  facet normal -0 0 1
    outer loop
      vertex 19.4454 -129.445 32
      vertex 45.1104 -149.561 32
      vertex 21.2578 -127.446 32
    endloop
  endfacet
  facet normal 0 0 1
    outer loop
      vertex 45.1104 -149.561 32
      vertex 19.4454 -129.445 32
      vertex 42.4264 -152.426 32
    endloop
  endfacet
  facet normal 0 0 1
    outer loop
      vertex 42.4264 -152.426 32
      vertex 19.4454 -129.445 32
      vertex 39.5607 -155.11 32
    endloop
  endfacet
  facet normal -0 0 1
    outer loop
      vertex 17.4458 -131.258 32
      vertex 39.5607 -155.11 32
      vertex 19.4454 -129.445 32
    endloop
  endfacet
  facet normal 0 0 1
    outer loop
      vertex 39.5607 -155.11 32
      vertex 17.4458 -131.258 32
      vertex 36.5257 -157.601 32
    endloop
  endfacet
  facet normal -0 0 1
    outer loop
      vertex 15.2782 -132.865 32
      vertex 36.5257 -157.601 32
      vertex 17.4458 -131.258 32
    endloop
  endfacet
  facet normal 0 0 1
    outer loop
      vertex 36.5257 -157.601 32
      vertex 15.2782 -132.865 32
      vertex 33.3342 -159.888 32
    endloop
  endfacet
  facet normal 0 0 1
    outer loop
      vertex 33.3342 -159.888 32
      vertex 15.2782 -132.865 32
      vertex 30 -161.962 32
    endloop
  endfacet
  facet normal -0 0 1
    outer loop
      vertex 12.9634 -134.253 32
      vertex 30 -161.962 32
      vertex 15.2782 -132.865 32
    endloop
  endfacet
  facet normal 0 0 1
    outer loop
      vertex 30 -161.962 32
      vertex 12.9634 -134.253 32
      vertex 26.5373 -163.812 32
    endloop
  endfacet
  facet normal -0 0 1
    outer loop
      vertex 10.5238 -135.407 32
      vertex 26.5373 -163.812 32
      vertex 12.9634 -134.253 32
    endloop
  endfacet
  facet normal 0 0 1
    outer loop
      vertex 26.5373 -163.812 32
      vertex 10.5238 -135.407 32
      vertex 22.961 -165.433 32
    endloop
  endfacet
  facet normal 0 0 1
    outer loop
      vertex 22.961 -165.433 32
      vertex 10.5238 -135.407 32
      vertex 19.2864 -166.816 32
    endloop
  endfacet
  facet normal -0 0 1
    outer loop
      vertex 7.98283 -136.316 32
      vertex 19.2864 -166.816 32
      vertex 10.5238 -135.407 32
    endloop
  endfacet
  facet normal 0 0 1
    outer loop
      vertex 19.2864 -166.816 32
      vertex 7.98283 -136.316 32
      vertex 15.5291 -167.956 32
    endloop
  endfacet
  facet normal -0 0 1
    outer loop
      vertex 5.36498 -136.972 32
      vertex 15.5291 -167.956 32
      vertex 7.98283 -136.316 32
    endloop
  endfacet
  facet normal 0 0 1
    outer loop
      vertex 15.5291 -167.956 32
      vertex 5.36498 -136.972 32
      vertex 11.7054 -168.847 32
    endloop
  endfacet
  facet normal 0 0 1
    outer loop
      vertex 11.7054 -168.847 32
      vertex 5.36498 -136.972 32
      vertex 7.83157 -169.487 32
    endloop
  endfacet
  facet normal -0 0 1
    outer loop
      vertex 2.69547 -137.368 32
      vertex 7.83157 -169.487 32
      vertex 5.36498 -136.972 32
    endloop
  endfacet
  facet normal 0 0 1
    outer loop
      vertex 7.83157 -169.487 32
      vertex 2.69547 -137.368 32
      vertex 3.92419 -169.872 32
    endloop
  endfacet
  facet normal -0 0 1
    outer loop
      vertex 0 -137.5 32
      vertex 3.92419 -169.872 32
      vertex 2.69547 -137.368 32
    endloop
  endfacet
  facet normal 0 0 1
    outer loop
      vertex 0 -137.5 32
      vertex 0 -170 32
      vertex 3.92419 -169.872 32
    endloop
  endfacet
  facet normal 0 0 1
    outer loop
      vertex -3.92419 -169.872 32
      vertex 0 -137.5 32
      vertex -2.69547 -137.368 32
    endloop
  endfacet
  facet normal 0 0 1
    outer loop
      vertex 0 -137.5 32
      vertex -3.92419 -169.872 32
      vertex 0 -170 32
    endloop
  endfacet
  facet normal 0 0 1
    outer loop
      vertex -7.83157 -169.487 32
      vertex -2.69547 -137.368 32
      vertex -5.36498 -136.972 32
    endloop
  endfacet
  facet normal 0 0 1
    outer loop
      vertex -2.69547 -137.368 32
      vertex -7.83157 -169.487 32
      vertex -3.92419 -169.872 32
    endloop
  endfacet
  facet normal 0 0 1
    outer loop
      vertex -15.5291 -167.956 32
      vertex -5.36498 -136.972 32
      vertex -7.98283 -136.316 32
    endloop
  endfacet
  facet normal 0 0 1
    outer loop
      vertex -19.2864 -166.816 32
      vertex -7.98283 -136.316 32
      vertex -10.5238 -135.407 32
    endloop
  endfacet
  facet normal 0 0 1
    outer loop
      vertex -5.36498 -136.972 32
      vertex -11.7054 -168.847 32
      vertex -7.83157 -169.487 32
    endloop
  endfacet
  facet normal 0 0 1
    outer loop
      vertex -26.5373 -163.812 32
      vertex -10.5238 -135.407 32
      vertex -12.9634 -134.253 32
    endloop
  endfacet
  facet normal 0 0 1
    outer loop
      vertex -30 -161.962 32
      vertex -12.9634 -134.253 32
      vertex -15.2782 -132.865 32
    endloop
  endfacet
  facet normal 0 0 1
    outer loop
      vertex -5.36498 -136.972 32
      vertex -15.5291 -167.956 32
      vertex -11.7054 -168.847 32
    endloop
  endfacet
  facet normal 0 0 1
    outer loop
      vertex -36.5257 -157.601 32
      vertex -15.2782 -132.865 32
      vertex -17.4458 -131.258 32
    endloop
  endfacet
  facet normal 0 0 1
    outer loop
      vertex -7.98283 -136.316 32
      vertex -19.2864 -166.816 32
      vertex -15.5291 -167.956 32
    endloop
  endfacet
  facet normal 0 0 1
    outer loop
      vertex -39.5607 -155.11 32
      vertex -17.4458 -131.258 32
      vertex -19.4454 -129.445 32
    endloop
  endfacet
  facet normal 0 0 1
    outer loop
      vertex -45.1104 -149.561 32
      vertex -19.4454 -129.445 32
      vertex -21.2578 -127.446 32
    endloop
  endfacet
  facet normal 0 0 1
    outer loop
      vertex -47.6012 -146.526 32
      vertex -21.2578 -127.446 32
      vertex -22.8654 -125.278 32
    endloop
  endfacet
  facet normal 0 0 1
    outer loop
      vertex -10.5238 -135.407 32
      vertex -22.961 -165.433 32
      vertex -19.2864 -166.816 32
    endloop
  endfacet
  facet normal 0 0 1
    outer loop
      vertex -51.9615 -140 32
      vertex -22.8654 -125.278 32
      vertex -24.2528 -122.963 32
    endloop
  endfacet
  facet normal 0 0 1
    outer loop
      vertex -53.8124 -136.537 32
      vertex -24.2528 -122.963 32
      vertex -25.4067 -120.524 32
    endloop
  endfacet
  facet normal 0 0 1
    outer loop
      vertex -56.8158 -129.286 32
      vertex -25.4067 -120.524 32
      vertex -26.3159 -117.983 32
    endloop
  endfacet
  facet normal 0 0 1
    outer loop
      vertex -10.5238 -135.407 32
      vertex -26.5373 -163.812 32
      vertex -22.961 -165.433 32
    endloop
  endfacet
  facet normal 0 0 1
    outer loop
      vertex -57.9556 -125.529 32
      vertex -26.3159 -117.983 32
      vertex -26.9716 -115.365 32
    endloop
  endfacet
  facet normal 0 0 1
    outer loop
      vertex -59.4867 -117.832 32
      vertex -26.9716 -115.365 32
      vertex -27.3676 -112.695 32
    endloop
  endfacet
  facet normal 0 0 1
    outer loop
      vertex -59.8715 -113.924 32
      vertex -27.3676 -112.695 32
      vertex -27.5 -110 32
    endloop
  endfacet
  facet normal -0 0 1
    outer loop
      vertex -49.8882 -76.6658 32
      vertex -22.8654 -94.7218 32
      vertex -47.6012 -73.4743 32
    endloop
  endfacet
  facet normal 0 0 1
    outer loop
      vertex -12.9634 -134.253 32
      vertex -30 -161.962 32
      vertex -26.5373 -163.812 32
    endloop
  endfacet
  facet normal -0 0 1
    outer loop
      vertex -51.9615 -80 32
      vertex -22.8654 -94.7218 32
      vertex -49.8882 -76.6658 32
    endloop
  endfacet
  facet normal 0 0 1
    outer loop
      vertex -15.2782 -132.865 32
      vertex -33.3342 -159.888 32
      vertex -30 -161.962 32
    endloop
  endfacet
  facet normal 0 0 1
    outer loop
      vertex -22.8654 -94.7218 32
      vertex -51.9615 -80 32
      vertex -24.2528 -97.0366 32
    endloop
  endfacet
  facet normal 0 0 1
    outer loop
      vertex -15.2782 -132.865 32
      vertex -36.5257 -157.601 32
      vertex -33.3342 -159.888 32
    endloop
  endfacet
  facet normal -0 0 1
    outer loop
      vertex -53.8124 -83.4627 32
      vertex -24.2528 -97.0366 32
      vertex -51.9615 -80 32
    endloop
  endfacet
  facet normal 0 0 1
    outer loop
      vertex -17.4458 -131.258 32
      vertex -39.5607 -155.11 32
      vertex -36.5257 -157.601 32
    endloop
  endfacet
  facet normal 0 0 1
    outer loop
      vertex -24.2528 -97.0366 32
      vertex -53.8124 -83.4627 32
      vertex -25.4067 -99.4762 32
    endloop
  endfacet
  facet normal 0 0 1
    outer loop
      vertex -19.4454 -129.445 32
      vertex -42.4264 -152.426 32
      vertex -39.5607 -155.11 32
    endloop
  endfacet
  facet normal -0 0 1
    outer loop
      vertex -55.4328 -87.039 32
      vertex -25.4067 -99.4762 32
      vertex -53.8124 -83.4627 32
    endloop
  endfacet
  facet normal 0 0 1
    outer loop
      vertex -19.4454 -129.445 32
      vertex -45.1104 -149.561 32
      vertex -42.4264 -152.426 32
    endloop
  endfacet
  facet normal -0 0 1
    outer loop
      vertex -56.8158 -90.7136 32
      vertex -25.4067 -99.4762 32
      vertex -55.4328 -87.039 32
    endloop
  endfacet
  facet normal 0 0 1
    outer loop
      vertex -21.2578 -127.446 32
      vertex -47.6012 -146.526 32
      vertex -45.1104 -149.561 32
    endloop
  endfacet
  facet normal 0 0 1
    outer loop
      vertex -25.4067 -99.4762 32
      vertex -56.8158 -90.7136 32
      vertex -26.3159 -102.017 32
    endloop
  endfacet
  facet normal 0 0 1
    outer loop
      vertex -22.8654 -125.278 32
      vertex -49.8882 -143.334 32
      vertex -47.6012 -146.526 32
    endloop
  endfacet
  facet normal -0 0 1
    outer loop
      vertex -57.9556 -94.4709 32
      vertex -26.3159 -102.017 32
      vertex -56.8158 -90.7136 32
    endloop
  endfacet
  facet normal 0 0 1
    outer loop
      vertex -22.8654 -125.278 32
      vertex -51.9615 -140 32
      vertex -49.8882 -143.334 32
    endloop
  endfacet
  facet normal 0 0 1
    outer loop
      vertex -26.3159 -102.017 32
      vertex -57.9556 -94.4709 32
      vertex -26.9716 -104.635 32
    endloop
  endfacet
  facet normal 0 0 1
    outer loop
      vertex -24.2528 -122.963 32
      vertex -53.8124 -136.537 32
      vertex -51.9615 -140 32
    endloop
  endfacet
  facet normal -0 0 1
    outer loop
      vertex -58.8471 -98.2946 32
      vertex -26.9716 -104.635 32
      vertex -57.9556 -94.4709 32
    endloop
  endfacet
  facet normal 0 0 1
    outer loop
      vertex -25.4067 -120.524 32
      vertex -55.4328 -132.961 32
      vertex -53.8124 -136.537 32
    endloop
  endfacet
  facet normal -0 0 1
    outer loop
      vertex -59.4867 -102.168 32
      vertex -26.9716 -104.635 32
      vertex -58.8471 -98.2946 32
    endloop
  endfacet
  facet normal 0 0 1
    outer loop
      vertex -25.4067 -120.524 32
      vertex -56.8158 -129.286 32
      vertex -55.4328 -132.961 32
    endloop
  endfacet
  facet normal 0 0 1
    outer loop
      vertex -26.9716 -104.635 32
      vertex -59.4867 -102.168 32
      vertex -27.3676 -107.305 32
    endloop
  endfacet
  facet normal 0 0 1
    outer loop
      vertex -26.3159 -117.983 32
      vertex -57.9556 -125.529 32
      vertex -56.8158 -129.286 32
    endloop
  endfacet
  facet normal -0 0 1
    outer loop
      vertex -59.8715 -106.076 32
      vertex -27.3676 -107.305 32
      vertex -59.4867 -102.168 32
    endloop
  endfacet
  facet normal 0 0 1
    outer loop
      vertex -26.9716 -115.365 32
      vertex -58.8471 -121.705 32
      vertex -57.9556 -125.529 32
    endloop
  endfacet
  facet normal 0 0 1
    outer loop
      vertex -27.3676 -107.305 32
      vertex -59.8715 -106.076 32
      vertex -27.5 -110 32
    endloop
  endfacet
  facet normal 0 0 1
    outer loop
      vertex -26.9716 -115.365 32
      vertex -59.4867 -117.832 32
      vertex -58.8471 -121.705 32
    endloop
  endfacet
  facet normal 0 0 1
    outer loop
      vertex -60 -110 32
      vertex -27.5 -110 32
      vertex -59.8715 -106.076 32
    endloop
  endfacet
  facet normal 0 0 1
    outer loop
      vertex -27.3676 -112.695 32
      vertex -59.8715 -113.924 32
      vertex -59.4867 -117.832 32
    endloop
  endfacet
  facet normal 0 0 1
    outer loop
      vertex -27.5 -110 32
      vertex -60 -110 32
      vertex -59.8715 -113.924 32
    endloop
  endfacet
  facet normal 0.999464 0.0327297 -3.69378e-18
    outer loop
      vertex 60 -110 32
      vertex 59.8715 -106.076 29
      vertex 59.8715 -106.076 32
    endloop
  endfacet
  facet normal 0.999464 0.0327297 -3.69378e-18
    outer loop
      vertex 59.8715 -106.076 29
      vertex 60 -110 32
      vertex 60 -110 29
    endloop
  endfacet
  facet normal -0.999464 0.0327297 3.69378e-18
    outer loop
      vertex -60 -110 29
      vertex -59.8715 -106.076 32
      vertex -59.8715 -106.076 29
    endloop
  endfacet
  facet normal -0.999464 0.0327297 3.69378e-18
    outer loop
      vertex -59.8715 -106.076 32
      vertex -60 -110 29
      vertex -60 -110 32
    endloop
  endfacet
  facet normal 0.582478 -0.812846 0
    outer loop
      vertex 33.3342 -159.888 29
      vertex 36.5257 -157.601 32
      vertex 33.3342 -159.888 32
    endloop
  endfacet
  facet normal 0.582478 -0.812846 0
    outer loop
      vertex 36.5257 -157.601 32
      vertex 33.3342 -159.888 29
      vertex 36.5257 -157.601 29
    endloop
  endfacet
  facet normal -0.995187 -0.0979908 3.39279e-18
    outer loop
      vertex -59.4867 -117.832 29
      vertex -59.8715 -113.924 32
      vertex -59.8715 -113.924 29
    endloop
  endfacet
  facet normal -0.995187 -0.0979908 3.39279e-18
    outer loop
      vertex -59.8715 -113.924 32
      vertex -59.4867 -117.832 29
      vertex -59.4867 -117.832 32
    endloop
  endfacet
  facet normal -0.849192 -0.528084 1.90729e-18
    outer loop
      vertex -49.8882 -143.334 29
      vertex -51.9615 -140 32
      vertex -51.9615 -140 29
    endloop
  endfacet
  facet normal -0.849192 -0.528084 1.90729e-18
    outer loop
      vertex -51.9615 -140 32
      vertex -49.8882 -143.334 29
      vertex -49.8882 -143.334 32
    endloop
  endfacet
  facet normal -0.986639 0.16292 1.6206e-17
    outer loop
      vertex -59.4867 -102.168 29
      vertex -58.8471 -98.2946 32
      vertex -58.8471 -98.2946 29
    endloop
  endfacet
  facet normal -0.986639 0.16292 1.6206e-17
    outer loop
      vertex -58.8471 -98.2946 32
      vertex -59.4867 -102.168 29
      vertex -59.4867 -102.168 32
    endloop
  endfacet
  facet normal 0.683589 -0.729867 0
    outer loop
      vertex 39.5607 -155.11 29
      vertex 42.4264 -152.426 32
      vertex 39.5607 -155.11 32
    endloop
  endfacet
  facet normal 0.683589 -0.729867 0
    outer loop
      vertex 42.4264 -152.426 32
      vertex 39.5607 -155.11 29
      vertex 42.4264 -152.426 29
    endloop
  endfacet
  facet normal 0.290293 0.956938 -0
    outer loop
      vertex 19.2864 -53.1842 29
      vertex 15.5291 -52.0444 32
      vertex 19.2864 -53.1842 32
    endloop
  endfacet
  facet normal 0.290293 0.956938 0
    outer loop
      vertex 15.5291 -52.0444 32
      vertex 19.2864 -53.1842 29
      vertex 15.5291 -52.0444 29
    endloop
  endfacet
  facet normal -0.973884 -0.227044 1.05487e-17
    outer loop
      vertex -57.9556 -125.529 29
      vertex -58.8471 -121.705 32
      vertex -58.8471 -121.705 29
    endloop
  endfacet
  facet normal -0.973884 -0.227044 1.05487e-17
    outer loop
      vertex -58.8471 -121.705 32
      vertex -57.9556 -125.529 29
      vertex -57.9556 -125.529 32
    endloop
  endfacet
  facet normal -0.227061 0.97388 0
    outer loop
      vertex -11.7054 -51.1529 29
      vertex -15.5291 -52.0444 32
      vertex -11.7054 -51.1529 32
    endloop
  endfacet
  facet normal -0.227061 0.97388 0
    outer loop
      vertex -15.5291 -52.0444 32
      vertex -11.7054 -51.1529 29
      vertex -15.5291 -52.0444 29
    endloop
  endfacet
  facet normal 0.986637 -0.162936 -1.74507e-17
    outer loop
      vertex 58.8471 -121.705 32
      vertex 59.4867 -117.832 29
      vertex 59.4867 -117.832 32
    endloop
  endfacet
  facet normal 0.986637 -0.162936 -1.74507e-17
    outer loop
      vertex 59.4867 -117.832 29
      vertex 58.8471 -121.705 32
      vertex 58.8471 -121.705 29
    endloop
  endfacet
  facet normal 0.528189 -0.849127 0
    outer loop
      vertex 30 -161.962 29
      vertex 33.3342 -159.888 32
      vertex 30 -161.962 32
    endloop
  endfacet
  facet normal 0.528189 -0.849127 0
    outer loop
      vertex 33.3342 -159.888 32
      vertex 30 -161.962 29
      vertex 33.3342 -159.888 29
    endloop
  endfacet
  facet normal -0.910851 -0.412736 -1.22278e-17
    outer loop
      vertex -53.8124 -136.537 29
      vertex -55.4328 -132.961 32
      vertex -55.4328 -132.961 29
    endloop
  endfacet
  facet normal -0.910851 -0.412736 -1.22278e-17
    outer loop
      vertex -55.4328 -132.961 32
      vertex -53.8124 -136.537 29
      vertex -53.8124 -136.537 32
    endloop
  endfacet
  facet normal -0.0327281 0.999464 0
    outer loop
      vertex 0 -50 29
      vertex -3.92419 -50.1285 32
      vertex 0 -50 32
    endloop
  endfacet
  facet normal -0.0327281 0.999464 0
    outer loop
      vertex -3.92419 -50.1285 32
      vertex 0 -50 29
      vertex -3.92419 -50.1285 29
    endloop
  endfacet
  facet normal -0.528189 -0.849127 0
    outer loop
      vertex -33.3342 -159.888 29
      vertex -30 -161.962 32
      vertex -33.3342 -159.888 32
    endloop
  endfacet
  facet normal -0.528189 -0.849127 -0
    outer loop
      vertex -30 -161.962 32
      vertex -33.3342 -159.888 29
      vertex -30 -161.962 29
    endloop
  endfacet
  facet normal -0.849207 0.528061 -2.53784e-17
    outer loop
      vertex -51.9615 -80 29
      vertex -49.8882 -76.6658 32
      vertex -49.8882 -76.6658 29
    endloop
  endfacet
  facet normal -0.849207 0.528061 -2.53784e-17
    outer loop
      vertex -49.8882 -76.6658 32
      vertex -51.9615 -80 29
      vertex -51.9615 -80 32
    endloop
  endfacet
  facet normal 0.973884 -0.227044 -1.05487e-17
    outer loop
      vertex 57.9556 -125.529 32
      vertex 58.8471 -121.705 29
      vertex 58.8471 -121.705 32
    endloop
  endfacet
  facet normal 0.973884 -0.227044 -1.05487e-17
    outer loop
      vertex 58.8471 -121.705 29
      vertex 57.9556 -125.529 32
      vertex 57.9556 -125.529 29
    endloop
  endfacet
  facet normal -0.773005 0.634399 -2.14658e-17
    outer loop
      vertex -47.6012 -73.4743 29
      vertex -45.1104 -70.4393 32
      vertex -45.1104 -70.4393 29
    endloop
  endfacet
  facet normal -0.773005 0.634399 -2.14658e-17
    outer loop
      vertex -45.1104 -70.4393 32
      vertex -47.6012 -73.4743 29
      vertex -47.6012 -73.4743 32
    endloop
  endfacet
  facet normal 0.956938 0.290293 -1.80743e-17
    outer loop
      vertex 57.9556 -94.4709 32
      vertex 56.8158 -90.7136 29
      vertex 56.8158 -90.7136 32
    endloop
  endfacet
  facet normal 0.956938 0.290293 -1.80743e-17
    outer loop
      vertex 56.8158 -90.7136 29
      vertex 57.9556 -94.4709 32
      vertex 57.9556 -94.4709 29
    endloop
  endfacet
  facet normal 0.0327281 0.999464 -0
    outer loop
      vertex 3.92419 -50.1285 29
      vertex 0 -50 32
      vertex 3.92419 -50.1285 32
    endloop
  endfacet
  facet normal 0.0327281 0.999464 0
    outer loop
      vertex 0 -50 32
      vertex 3.92419 -50.1285 29
      vertex 0 -50 29
    endloop
  endfacet
  facet normal 0.163002 -0.986626 0
    outer loop
      vertex 7.83157 -169.487 29
      vertex 11.7054 -168.847 32
      vertex 7.83157 -169.487 32
    endloop
  endfacet
  facet normal 0.163002 -0.986626 0
    outer loop
      vertex 11.7054 -168.847 32
      vertex 7.83157 -169.487 29
      vertex 11.7054 -168.847 29
    endloop
  endfacet
  facet normal 0.910864 0.412707 2.49611e-17
    outer loop
      vertex 55.4328 -87.039 32
      vertex 53.8124 -83.4627 29
      vertex 53.8124 -83.4627 32
    endloop
  endfacet
  facet normal 0.910864 0.412707 2.49611e-17
    outer loop
      vertex 53.8124 -83.4627 29
      vertex 55.4328 -87.039 32
      vertex 55.4328 -87.039 29
    endloop
  endfacet
  facet normal 0.352488 -0.935816 7.14054e-19
    outer loop
      vertex 19.7749 -166.632 29
      vertex 19.2864 -166.816 32
      vertex 19.2864 -166.816 29
    endloop
  endfacet
  facet normal 0.352245 -0.935908 -4.50728e-05
    outer loop
      vertex 19.2864 -166.816 32
      vertex 19.7749 -166.632 29
      vertex 22.961 -165.433 32
    endloop
  endfacet
  facet normal 0.352208 -0.935922 0
    outer loop
      vertex 22.961 -165.433 32
      vertex 19.7749 -166.632 29
      vertex 22.961 -165.433 29
    endloop
  endfacet
  facet normal 0.729783 -0.683678 -3.04549e-17
    outer loop
      vertex 42.4264 -152.426 32
      vertex 45.1104 -149.561 29
      vertex 45.1104 -149.561 32
    endloop
  endfacet
  facet normal 0.729783 -0.683678 -3.04549e-17
    outer loop
      vertex 45.1104 -149.561 29
      vertex 42.4264 -152.426 32
      vertex 42.4264 -152.426 29
    endloop
  endfacet
  facet normal 0.812889 -0.582418 7.17045e-18
    outer loop
      vertex 47.6012 -146.526 32
      vertex 49.8882 -143.334 29
      vertex 49.8882 -143.334 32
    endloop
  endfacet
  facet normal 0.812889 -0.582418 7.17045e-18
    outer loop
      vertex 49.8882 -143.334 29
      vertex 47.6012 -146.526 32
      vertex 47.6012 -146.526 29
    endloop
  endfacet
  facet normal 0.935912 0.352234 0
    outer loop
      vertex 55.4328 -87.039 32
      vertex 56.6319 -90.2251 29
      vertex 55.4328 -87.039 29
    endloop
  endfacet
  facet normal 0.935908 0.352245 -1.38759e-05
    outer loop
      vertex 56.8158 -90.7136 32
      vertex 56.6319 -90.2251 29
      vertex 55.4328 -87.039 32
    endloop
  endfacet
  facet normal 0.93588 0.35232 3.0961e-18
    outer loop
      vertex 56.6319 -90.2251 29
      vertex 56.8158 -90.7136 32
      vertex 56.8158 -90.7136 29
    endloop
  endfacet
  facet normal -0.0326009 -0.999468 0
    outer loop
      vertex -3.92419 -169.872 29
      vertex 0 -170 32
      vertex -3.92419 -169.872 32
    endloop
  endfacet
  facet normal -0.0326009 -0.999468 -0
    outer loop
      vertex 0 -170 32
      vertex -3.92419 -169.872 29
      vertex 0 -170 29
    endloop
  endfacet
  facet normal 0.849207 0.528061 2.53784e-17
    outer loop
      vertex 51.9615 -80 32
      vertex 49.8882 -76.6658 29
      vertex 49.8882 -76.6658 32
    endloop
  endfacet
  facet normal 0.849207 0.528061 2.53784e-17
    outer loop
      vertex 49.8882 -76.6658 29
      vertex 51.9615 -80 32
      vertex 51.9615 -80 29
    endloop
  endfacet
  facet normal 0.881916 0.471406 -2.0269e-17
    outer loop
      vertex 53.8124 -83.4627 32
      vertex 51.9615 -80 29
      vertex 51.9615 -80 32
    endloop
  endfacet
  facet normal 0.881916 0.471406 -2.0269e-17
    outer loop
      vertex 51.9615 -80 29
      vertex 53.8124 -83.4627 32
      vertex 53.8124 -83.4627 29
    endloop
  endfacet
  facet normal 0.910851 -0.412736 1.22278e-17
    outer loop
      vertex 53.8124 -136.537 32
      vertex 55.4328 -132.961 29
      vertex 55.4328 -132.961 32
    endloop
  endfacet
  facet normal 0.910851 -0.412736 1.22278e-17
    outer loop
      vertex 55.4328 -132.961 29
      vertex 53.8124 -136.537 32
      vertex 53.8124 -136.537 29
    endloop
  endfacet
  facet normal 0.412707 0.910864 -0
    outer loop
      vertex 26.5373 -56.1876 29
      vertex 22.961 -54.5672 32
      vertex 26.5373 -56.1876 32
    endloop
  endfacet
  facet normal 0.412707 0.910864 0
    outer loop
      vertex 22.961 -54.5672 32
      vertex 26.5373 -56.1876 29
      vertex 22.961 -54.5672 29
    endloop
  endfacet
  facet normal 0.812846 0.582478 -3.07382e-17
    outer loop
      vertex 49.8882 -76.6658 32
      vertex 47.6012 -73.4743 29
      vertex 47.6012 -73.4743 32
    endloop
  endfacet
  facet normal 0.812846 0.582478 -3.07382e-17
    outer loop
      vertex 47.6012 -73.4743 29
      vertex 49.8882 -76.6658 32
      vertex 49.8882 -76.6658 29
    endloop
  endfacet
  facet normal -0.910864 0.412707 -2.49611e-17
    outer loop
      vertex -55.4328 -87.039 29
      vertex -53.8124 -83.4627 32
      vertex -53.8124 -83.4627 29
    endloop
  endfacet
  facet normal -0.910864 0.412707 -2.49611e-17
    outer loop
      vertex -53.8124 -83.4627 32
      vertex -55.4328 -87.039 29
      vertex -55.4328 -87.039 32
    endloop
  endfacet
  facet normal -0.0980062 0.995186 0
    outer loop
      vertex -3.92419 -50.1285 29
      vertex -7.83157 -50.5133 32
      vertex -3.92419 -50.1285 32
    endloop
  endfacet
  facet normal -0.0980062 0.995186 0
    outer loop
      vertex -7.83157 -50.5133 32
      vertex -3.92419 -50.1285 29
      vertex -7.83157 -50.5133 29
    endloop
  endfacet
  facet normal 0.352234 0.935912 -1.04198e-17
    outer loop
      vertex 19.7749 -53.3681 29
      vertex 22.961 -54.5672 32
      vertex 22.961 -54.5672 29
    endloop
  endfacet
  facet normal 0.352245 0.935908 -1.38759e-05
    outer loop
      vertex 22.961 -54.5672 32
      vertex 19.7749 -53.3681 29
      vertex 19.2864 -53.1842 32
    endloop
  endfacet
  facet normal 0.35232 0.93588 0
    outer loop
      vertex 19.2864 -53.1842 32
      vertex 19.7749 -53.3681 29
      vertex 19.2864 -53.1842 29
    endloop
  endfacet
  facet normal -0.582478 0.812846 0
    outer loop
      vertex -33.3342 -60.1118 29
      vertex -36.5257 -62.3988 32
      vertex -33.3342 -60.1118 32
    endloop
  endfacet
  facet normal -0.582478 0.812846 0
    outer loop
      vertex -36.5257 -62.3988 32
      vertex -33.3342 -60.1118 29
      vertex -36.5257 -62.3988 29
    endloop
  endfacet
  facet normal 0.582478 0.812846 -0
    outer loop
      vertex 36.5257 -62.3988 29
      vertex 33.3342 -60.1118 32
      vertex 36.5257 -62.3988 32
    endloop
  endfacet
  facet normal 0.582478 0.812846 0
    outer loop
      vertex 33.3342 -60.1118 32
      vertex 36.5257 -62.3988 29
      vertex 33.3342 -60.1118 29
    endloop
  endfacet
  facet normal 0.97388 0.227061 -5.11886e-18
    outer loop
      vertex 58.8471 -98.2946 32
      vertex 57.9556 -94.4709 29
      vertex 57.9556 -94.4709 32
    endloop
  endfacet
  facet normal 0.97388 0.227061 -5.11886e-18
    outer loop
      vertex 57.9556 -94.4709 29
      vertex 58.8471 -98.2946 32
      vertex 58.8471 -98.2946 29
    endloop
  endfacet
  facet normal 0.471406 0.881916 -0
    outer loop
      vertex 30 -58.0385 29
      vertex 26.5373 -56.1876 32
      vertex 30 -58.0385 32
    endloop
  endfacet
  facet normal 0.471406 0.881916 0
    outer loop
      vertex 26.5373 -56.1876 32
      vertex 30 -58.0385 29
      vertex 26.5373 -56.1876 29
    endloop
  endfacet
  facet normal -0.35232 0.93588 -3.79092e-18
    outer loop
      vertex -19.7749 -53.3681 29
      vertex -19.2864 -53.1842 32
      vertex -19.2864 -53.1842 29
    endloop
  endfacet
  facet normal -0.352245 0.935908 -1.38759e-05
    outer loop
      vertex -19.2864 -53.1842 32
      vertex -19.7749 -53.3681 29
      vertex -22.961 -54.5672 32
    endloop
  endfacet
  facet normal -0.352234 0.935912 0
    outer loop
      vertex -22.961 -54.5672 32
      vertex -19.7749 -53.3681 29
      vertex -22.961 -54.5672 29
    endloop
  endfacet
  facet normal -0.812889 -0.582418 -7.17045e-18
    outer loop
      vertex -47.6012 -146.526 29
      vertex -49.8882 -143.334 32
      vertex -49.8882 -143.334 29
    endloop
  endfacet
  facet normal -0.812889 -0.582418 -7.17045e-18
    outer loop
      vertex -49.8882 -143.334 32
      vertex -47.6012 -146.526 29
      vertex -47.6012 -146.526 32
    endloop
  endfacet
  facet normal 0.956931 -0.290314 -5.1765e-18
    outer loop
      vertex 56.8158 -129.286 32
      vertex 57.9556 -125.529 29
      vertex 57.9556 -125.529 32
    endloop
  endfacet
  facet normal 0.956931 -0.290314 -5.1765e-18
    outer loop
      vertex 57.9556 -125.529 29
      vertex 56.8158 -129.286 32
      vertex 56.8158 -129.286 29
    endloop
  endfacet
  facet normal 0.227061 0.97388 -0
    outer loop
      vertex 15.5291 -52.0444 29
      vertex 11.7054 -51.1529 32
      vertex 15.5291 -52.0444 32
    endloop
  endfacet
  facet normal 0.227061 0.97388 0
    outer loop
      vertex 11.7054 -51.1529 32
      vertex 15.5291 -52.0444 29
      vertex 11.7054 -51.1529 29
    endloop
  endfacet
  facet normal 0.471228 -0.882011 0
    outer loop
      vertex 26.5373 -163.812 29
      vertex 30 -161.962 32
      vertex 26.5373 -163.812 32
    endloop
  endfacet
  facet normal 0.471228 -0.882011 0
    outer loop
      vertex 30 -161.962 32
      vertex 26.5373 -163.812 29
      vertex 30 -161.962 29
    endloop
  endfacet
  facet normal -0.935912 0.352234 -1.53572e-17
    outer loop
      vertex -56.6319 -90.2251 29
      vertex -55.4328 -87.039 32
      vertex -55.4328 -87.039 29
    endloop
  endfacet
  facet normal -0.93588 0.35232 0
    outer loop
      vertex -56.8158 -90.7136 32
      vertex -56.6319 -90.2251 29
      vertex -56.8158 -90.7136 29
    endloop
  endfacet
  facet normal -0.935908 0.352245 -1.38759e-05
    outer loop
      vertex -56.6319 -90.2251 29
      vertex -56.8158 -90.7136 32
      vertex -55.4328 -87.039 32
    endloop
  endfacet
  facet normal -0.881916 0.471406 2.0269e-17
    outer loop
      vertex -53.8124 -83.4627 29
      vertex -51.9615 -80 32
      vertex -51.9615 -80 29
    endloop
  endfacet
  facet normal -0.881916 0.471406 2.0269e-17
    outer loop
      vertex -51.9615 -80 32
      vertex -53.8124 -83.4627 29
      vertex -53.8124 -83.4627 32
    endloop
  endfacet
  facet normal 0.226941 -0.973909 0
    outer loop
      vertex 11.7054 -168.847 29
      vertex 15.5291 -167.956 32
      vertex 11.7054 -168.847 32
    endloop
  endfacet
  facet normal 0.226941 -0.973909 0
    outer loop
      vertex 15.5291 -167.956 32
      vertex 11.7054 -168.847 29
      vertex 15.5291 -167.956 29
    endloop
  endfacet
  facet normal -0.683589 0.729867 0
    outer loop
      vertex -39.5607 -64.8896 29
      vertex -42.4264 -67.5736 32
      vertex -39.5607 -64.8896 32
    endloop
  endfacet
  facet normal -0.683589 0.729867 0
    outer loop
      vertex -42.4264 -67.5736 32
      vertex -39.5607 -64.8896 29
      vertex -42.4264 -67.5736 29
    endloop
  endfacet
  facet normal -0.999464 -0.0327297 -3.69378e-18
    outer loop
      vertex -59.8715 -113.924 29
      vertex -60 -110 32
      vertex -60 -110 29
    endloop
  endfacet
  facet normal -0.999464 -0.0327297 -3.69378e-18
    outer loop
      vertex -60 -110 32
      vertex -59.8715 -113.924 29
      vertex -59.8715 -113.924 32
    endloop
  endfacet
  facet normal -0.29034 -0.956924 0
    outer loop
      vertex -19.2864 -166.816 29
      vertex -15.5291 -167.956 32
      vertex -19.2864 -166.816 32
    endloop
  endfacet
  facet normal -0.29034 -0.956924 -0
    outer loop
      vertex -15.5291 -167.956 32
      vertex -19.2864 -166.816 29
      vertex -15.5291 -167.956 29
    endloop
  endfacet
  facet normal -0.812846 0.582478 3.07382e-17
    outer loop
      vertex -49.8882 -76.6658 29
      vertex -47.6012 -73.4743 32
      vertex -47.6012 -73.4743 29
    endloop
  endfacet
  facet normal -0.812846 0.582478 3.07382e-17
    outer loop
      vertex -47.6012 -73.4743 32
      vertex -49.8882 -76.6658 29
      vertex -49.8882 -76.6658 32
    endloop
  endfacet
  facet normal -0.97388 0.227061 5.11886e-18
    outer loop
      vertex -58.8471 -98.2946 29
      vertex -57.9556 -94.4709 32
      vertex -57.9556 -94.4709 29
    endloop
  endfacet
  facet normal -0.97388 0.227061 5.11886e-18
    outer loop
      vertex -57.9556 -94.4709 32
      vertex -58.8471 -98.2946 29
      vertex -58.8471 -98.2946 32
    endloop
  endfacet
  facet normal 0.849192 -0.528084 -1.90729e-18
    outer loop
      vertex 49.8882 -143.334 32
      vertex 51.9615 -140 29
      vertex 51.9615 -140 32
    endloop
  endfacet
  facet normal 0.849192 -0.528084 -1.90729e-18
    outer loop
      vertex 51.9615 -140 29
      vertex 49.8882 -143.334 32
      vertex 49.8882 -143.334 29
    endloop
  endfacet
  facet normal -0.683589 -0.729867 0
    outer loop
      vertex -42.4264 -152.426 29
      vertex -39.5607 -155.11 32
      vertex -42.4264 -152.426 32
    endloop
  endfacet
  facet normal -0.683589 -0.729867 -0
    outer loop
      vertex -39.5607 -155.11 32
      vertex -42.4264 -152.426 29
      vertex -39.5607 -155.11 29
    endloop
  endfacet
  facet normal -0.162902 0.986642 0
    outer loop
      vertex -7.83157 -50.5133 29
      vertex -11.7054 -51.1529 32
      vertex -7.83157 -50.5133 32
    endloop
  endfacet
  facet normal -0.162902 0.986642 0
    outer loop
      vertex -11.7054 -51.1529 32
      vertex -7.83157 -50.5133 29
      vertex -11.7054 -51.1529 29
    endloop
  endfacet
  facet normal -0.634399 0.773005 0
    outer loop
      vertex -36.5257 -62.3988 29
      vertex -39.5607 -64.8896 32
      vertex -36.5257 -62.3988 32
    endloop
  endfacet
  facet normal -0.634399 0.773005 0
    outer loop
      vertex -39.5607 -64.8896 32
      vertex -36.5257 -62.3988 29
      vertex -39.5607 -64.8896 29
    endloop
  endfacet
  facet normal -0.582478 -0.812846 0
    outer loop
      vertex -36.5257 -157.601 29
      vertex -33.3342 -159.888 32
      vertex -36.5257 -157.601 32
    endloop
  endfacet
  facet normal -0.582478 -0.812846 -0
    outer loop
      vertex -33.3342 -159.888 32
      vertex -36.5257 -157.601 29
      vertex -33.3342 -159.888 29
    endloop
  endfacet
  facet normal 0.773005 0.634399 2.14658e-17
    outer loop
      vertex 47.6012 -73.4743 32
      vertex 45.1104 -70.4393 29
      vertex 45.1104 -70.4393 32
    endloop
  endfacet
  facet normal 0.773005 0.634399 2.14658e-17
    outer loop
      vertex 45.1104 -70.4393 29
      vertex 47.6012 -73.4743 32
      vertex 47.6012 -73.4743 29
    endloop
  endfacet
  facet normal -0.528061 0.849207 0
    outer loop
      vertex -30 -58.0385 29
      vertex -33.3342 -60.1118 32
      vertex -30 -58.0385 32
    endloop
  endfacet
  facet normal -0.528061 0.849207 0
    outer loop
      vertex -33.3342 -60.1118 32
      vertex -30 -58.0385 29
      vertex -33.3342 -60.1118 29
    endloop
  endfacet
  facet normal 0.683589 0.729867 -0
    outer loop
      vertex 42.4264 -67.5736 29
      vertex 39.5607 -64.8896 32
      vertex 42.4264 -67.5736 32
    endloop
  endfacet
  facet normal 0.683589 0.729867 0
    outer loop
      vertex 39.5607 -64.8896 32
      vertex 42.4264 -67.5736 29
      vertex 39.5607 -64.8896 29
    endloop
  endfacet
  facet normal -0.163002 -0.986626 0
    outer loop
      vertex -11.7054 -168.847 29
      vertex -7.83157 -169.487 32
      vertex -11.7054 -168.847 32
    endloop
  endfacet
  facet normal -0.163002 -0.986626 -0
    outer loop
      vertex -7.83157 -169.487 32
      vertex -11.7054 -168.847 29
      vertex -7.83157 -169.487 29
    endloop
  endfacet
  facet normal 0.0980567 -0.995181 0
    outer loop
      vertex 3.92419 -169.872 29
      vertex 7.83157 -169.487 32
      vertex 3.92419 -169.872 32
    endloop
  endfacet
  facet normal 0.0980567 -0.995181 0
    outer loop
      vertex 7.83157 -169.487 32
      vertex 3.92419 -169.872 29
      vertex 7.83157 -169.487 29
    endloop
  endfacet
  facet normal -0.63443 -0.77298 0
    outer loop
      vertex -39.5607 -155.11 29
      vertex -36.5257 -157.601 32
      vertex -39.5607 -155.11 32
    endloop
  endfacet
  facet normal -0.63443 -0.77298 -0
    outer loop
      vertex -36.5257 -157.601 32
      vertex -39.5607 -155.11 29
      vertex -36.5257 -157.601 29
    endloop
  endfacet
  facet normal 0.995187 -0.0979908 -3.39279e-18
    outer loop
      vertex 59.4867 -117.832 32
      vertex 59.8715 -113.924 29
      vertex 59.8715 -113.924 32
    endloop
  endfacet
  facet normal 0.995187 -0.0979908 -3.39279e-18
    outer loop
      vertex 59.8715 -113.924 29
      vertex 59.4867 -117.832 32
      vertex 59.4867 -117.832 29
    endloop
  endfacet
  facet normal 0.412834 -0.910806 0
    outer loop
      vertex 22.961 -165.433 29
      vertex 26.5373 -163.812 32
      vertex 22.961 -165.433 32
    endloop
  endfacet
  facet normal 0.412834 -0.910806 0
    outer loop
      vertex 26.5373 -163.812 32
      vertex 22.961 -165.433 29
      vertex 26.5373 -163.812 29
    endloop
  endfacet
  facet normal -0.995187 0.0979908 -3.39279e-18
    outer loop
      vertex -59.8715 -106.076 29
      vertex -59.4867 -102.168 32
      vertex -59.4867 -102.168 29
    endloop
  endfacet
  facet normal -0.995187 0.0979908 -3.39279e-18
    outer loop
      vertex -59.4867 -102.168 32
      vertex -59.8715 -106.076 29
      vertex -59.8715 -106.076 32
    endloop
  endfacet
  facet normal -0.773005 -0.634399 2.14658e-17
    outer loop
      vertex -45.1104 -149.561 29
      vertex -47.6012 -146.526 32
      vertex -47.6012 -146.526 29
    endloop
  endfacet
  facet normal -0.773005 -0.634399 2.14658e-17
    outer loop
      vertex -47.6012 -146.526 32
      vertex -45.1104 -149.561 29
      vertex -45.1104 -149.561 32
    endloop
  endfacet
  facet normal 0.0980062 0.995186 -0
    outer loop
      vertex 7.83157 -50.5133 29
      vertex 3.92419 -50.1285 32
      vertex 7.83157 -50.5133 32
    endloop
  endfacet
  facet normal 0.0980062 0.995186 0
    outer loop
      vertex 3.92419 -50.1285 32
      vertex 7.83157 -50.5133 29
      vertex 3.92419 -50.1285 29
    endloop
  endfacet
  facet normal -0.986637 -0.162936 1.74507e-17
    outer loop
      vertex -58.8471 -121.705 29
      vertex -59.4867 -117.832 32
      vertex -59.4867 -117.832 29
    endloop
  endfacet
  facet normal -0.986637 -0.162936 1.74507e-17
    outer loop
      vertex -59.4867 -117.832 32
      vertex -58.8471 -121.705 29
      vertex -58.8471 -121.705 32
    endloop
  endfacet
  facet normal 0.773005 -0.634399 -2.14658e-17
    outer loop
      vertex 45.1104 -149.561 32
      vertex 47.6012 -146.526 29
      vertex 47.6012 -146.526 32
    endloop
  endfacet
  facet normal 0.773005 -0.634399 -2.14658e-17
    outer loop
      vertex 47.6012 -146.526 29
      vertex 45.1104 -149.561 32
      vertex 45.1104 -149.561 29
    endloop
  endfacet
  facet normal 0.935998 -0.352004 0
    outer loop
      vertex 56.8158 -129.286 32
      vertex 56.6319 -129.775 29
      vertex 56.8158 -129.286 29
    endloop
  endfacet
  facet normal 0.93592 -0.352212 3.85828e-05
    outer loop
      vertex 55.4328 -132.961 32
      vertex 56.6319 -129.775 29
      vertex 56.8158 -129.286 32
    endloop
  endfacet
  facet normal 0.935908 -0.352243 2.44015e-18
    outer loop
      vertex 56.6319 -129.775 29
      vertex 55.4328 -132.961 32
      vertex 55.4328 -132.961 29
    endloop
  endfacet
  facet normal -0.956938 0.290293 1.80743e-17
    outer loop
      vertex -57.9556 -94.4709 29
      vertex -56.8158 -90.7136 32
      vertex -56.8158 -90.7136 29
    endloop
  endfacet
  facet normal -0.956938 0.290293 1.80743e-17
    outer loop
      vertex -56.8158 -90.7136 32
      vertex -57.9556 -94.4709 29
      vertex -57.9556 -94.4709 32
    endloop
  endfacet
  facet normal -0.352208 -0.935922 -5.27429e-18
    outer loop
      vertex -19.7749 -166.632 29
      vertex -22.961 -165.433 32
      vertex -22.961 -165.433 29
    endloop
  endfacet
  facet normal -0.352245 -0.935908 -4.50728e-05
    outer loop
      vertex -22.961 -165.433 32
      vertex -19.7749 -166.632 29
      vertex -19.2864 -166.816 32
    endloop
  endfacet
  facet normal -0.352488 -0.935816 -0
    outer loop
      vertex -19.2864 -166.816 32
      vertex -19.7749 -166.632 29
      vertex -19.2864 -166.816 29
    endloop
  endfacet
  facet normal -0.471406 0.881916 0
    outer loop
      vertex -26.5373 -56.1876 29
      vertex -30 -58.0385 32
      vertex -26.5373 -56.1876 32
    endloop
  endfacet
  facet normal -0.471406 0.881916 0
    outer loop
      vertex -30 -58.0385 32
      vertex -26.5373 -56.1876 29
      vertex -30 -58.0385 29
    endloop
  endfacet
  facet normal -0.412707 0.910864 0
    outer loop
      vertex -22.961 -54.5672 29
      vertex -26.5373 -56.1876 32
      vertex -22.961 -54.5672 32
    endloop
  endfacet
  facet normal -0.412707 0.910864 0
    outer loop
      vertex -26.5373 -56.1876 32
      vertex -22.961 -54.5672 29
      vertex -26.5373 -56.1876 29
    endloop
  endfacet
  facet normal 0.29034 -0.956924 0
    outer loop
      vertex 15.5291 -167.956 29
      vertex 19.2864 -166.816 32
      vertex 15.5291 -167.956 32
    endloop
  endfacet
  facet normal 0.29034 -0.956924 0
    outer loop
      vertex 19.2864 -166.816 32
      vertex 15.5291 -167.956 29
      vertex 19.2864 -166.816 29
    endloop
  endfacet
  facet normal -0.412834 -0.910806 0
    outer loop
      vertex -26.5373 -163.812 29
      vertex -22.961 -165.433 32
      vertex -26.5373 -163.812 32
    endloop
  endfacet
  facet normal -0.412834 -0.910806 -0
    outer loop
      vertex -22.961 -165.433 32
      vertex -26.5373 -163.812 29
      vertex -22.961 -165.433 29
    endloop
  endfacet
  facet normal 0.63443 -0.77298 0
    outer loop
      vertex 36.5257 -157.601 29
      vertex 39.5607 -155.11 32
      vertex 36.5257 -157.601 32
    endloop
  endfacet
  facet normal 0.63443 -0.77298 0
    outer loop
      vertex 39.5607 -155.11 32
      vertex 36.5257 -157.601 29
      vertex 39.5607 -155.11 29
    endloop
  endfacet
  facet normal -0.659362 -0.751826 0
    outer loop
      vertex 65.9252 -94.1329 23
      vertex 67.8921 -95.8579 29
      vertex 65.9252 -94.1329 29
    endloop
  endfacet
  facet normal -0.659362 -0.751826 -0
    outer loop
      vertex 67.8921 -95.8579 29
      vertex 65.9252 -94.1329 23
      vertex 67.8921 -95.8579 23
    endloop
  endfacet
  facet normal -0.321463 0.946922 0
    outer loop
      vertex 61.4037 -128.478 23
      vertex 58.9264 -129.319 29
      vertex 61.4037 -128.478 29
    endloop
  endfacet
  facet normal -0.321463 0.946922 0
    outer loop
      vertex 58.9264 -129.319 29
      vertex 61.4037 -128.478 23
      vertex 58.9264 -129.319 23
    endloop
  endfacet
  facet normal -0.980771 -0.19516 6.0351e-18
    outer loop
      vertex 73.5789 -107.389 23
      vertex 73.0685 -104.824 29
      vertex 73.0685 -104.824 23
    endloop
  endfacet
  facet normal -0.980771 -0.19516 6.0351e-18
    outer loop
      vertex 73.0685 -104.824 29
      vertex 73.5789 -107.389 23
      vertex 73.5789 -107.389 29
    endloop
  endfacet
  facet normal -0.99786 -0.0653902 2.35933e-19
    outer loop
      vertex 73.75 -110 23
      vertex 73.5789 -107.389 29
      vertex 73.5789 -107.389 23
    endloop
  endfacet
  facet normal -0.99786 -0.0653902 2.35933e-19
    outer loop
      vertex 73.5789 -107.389 29
      vertex 73.75 -110 23
      vertex 73.75 -110 29
    endloop
  endfacet
  facet normal -0.946961 -0.321348 3.9669e-18
    outer loop
      vertex 73.0685 -104.824 23
      vertex 72.2276 -102.346 29
      vertex 72.2276 -102.346 23
    endloop
  endfacet
  facet normal -0.946961 -0.321348 3.9669e-18
    outer loop
      vertex 72.2276 -102.346 29
      vertex 73.0685 -104.824 23
      vertex 73.0685 -104.824 29
    endloop
  endfacet
  facet normal -0.321429 -0.946934 0
    outer loop
      vertex 58.9264 -90.6815 23
      vertex 61.4037 -91.5224 29
      vertex 58.9264 -90.6815 29
    endloop
  endfacet
  facet normal -0.321429 -0.946934 -0
    outer loop
      vertex 61.4037 -91.5224 29
      vertex 58.9264 -90.6815 23
      vertex 61.4037 -91.5224 23
    endloop
  endfacet
  facet normal 0.896845 -0.442344 -9.08371e-18
    outer loop
      vertex 35.2724 -102.346 29
      vertex 36.4295 -100 23
      vertex 36.4295 -100 29
    endloop
  endfacet
  facet normal 0.896845 -0.442344 -9.08371e-18
    outer loop
      vertex 36.4295 -100 23
      vertex 35.2724 -102.346 29
      vertex 35.2724 -102.346 23
    endloop
  endfacet
  facet normal 0.99786 0.0653902 -4.9952e-19
    outer loop
      vertex 33.9211 -112.611 29
      vertex 33.75 -110 23
      vertex 33.75 -110 29
    endloop
  endfacet
  facet normal 0.99786 0.0653902 -4.9952e-19
    outer loop
      vertex 33.75 -110 23
      vertex 33.9211 -112.611 29
      vertex 33.9211 -112.611 23
    endloop
  endfacet
  facet normal -0.896845 -0.442344 9.08371e-18
    outer loop
      vertex 72.2276 -102.346 23
      vertex 71.0705 -100 29
      vertex 71.0705 -100 23
    endloop
  endfacet
  facet normal -0.896845 -0.442344 9.08371e-18
    outer loop
      vertex 71.0705 -100 29
      vertex 72.2276 -102.346 23
      vertex 72.2276 -102.346 29
    endloop
  endfacet
  facet normal 0.751842 0.659343 -8.32874e-18
    outer loop
      vertex 39.6079 -124.142 29
      vertex 37.8829 -122.175 23
      vertex 37.8829 -122.175 29
    endloop
  endfacet
  facet normal 0.751842 0.659343 -8.32874e-18
    outer loop
      vertex 37.8829 -122.175 23
      vertex 39.6079 -124.142 29
      vertex 39.6079 -124.142 23
    endloop
  endfacet
  facet normal -0.442268 0.896883 0
    outer loop
      vertex 63.75 -127.321 23
      vertex 61.4037 -128.478 29
      vertex 63.75 -127.321 29
    endloop
  endfacet
  facet normal -0.442268 0.896883 0
    outer loop
      vertex 61.4037 -128.478 29
      vertex 63.75 -127.321 23
      vertex 61.4037 -128.478 23
    endloop
  endfacet
  facet normal -0.83145 0.5556 -2.87921e-18
    outer loop
      vertex 69.6171 -122.175 23
      vertex 71.0705 -120 29
      vertex 71.0705 -120 23
    endloop
  endfacet
  facet normal -0.83145 0.5556 -2.87921e-18
    outer loop
      vertex 71.0705 -120 29
      vertex 69.6171 -122.175 23
      vertex 69.6171 -122.175 29
    endloop
  endfacet
  facet normal -0.659362 0.751826 0
    outer loop
      vertex 67.8921 -124.142 23
      vertex 65.9252 -125.867 29
      vertex 67.8921 -124.142 29
    endloop
  endfacet
  facet normal -0.659362 0.751826 0
    outer loop
      vertex 65.9252 -125.867 29
      vertex 67.8921 -124.142 23
      vertex 65.9252 -125.867 23
    endloop
  endfacet
  facet normal 0.99786 -0.0653902 4.9952e-19
    outer loop
      vertex 33.75 -110 29
      vertex 33.9211 -107.389 23
      vertex 33.9211 -107.389 29
    endloop
  endfacet
  facet normal 0.99786 -0.0653902 4.9952e-19
    outer loop
      vertex 33.9211 -107.389 23
      vertex 33.75 -110 29
      vertex 33.75 -110 23
    endloop
  endfacet
  facet normal -0.555564 -0.831474 0
    outer loop
      vertex 63.75 -92.6795 23
      vertex 65.9252 -94.1329 29
      vertex 63.75 -92.6795 29
    endloop
  endfacet
  facet normal -0.555564 -0.831474 -0
    outer loop
      vertex 65.9252 -94.1329 29
      vertex 63.75 -92.6795 23
      vertex 65.9252 -94.1329 23
    endloop
  endfacet
  facet normal 0.751826 -0.659362 -8.65489e-18
    outer loop
      vertex 37.8829 -97.8248 29
      vertex 39.6079 -95.8579 23
      vertex 39.6079 -95.8579 29
    endloop
  endfacet
  facet normal 0.751826 -0.659362 -8.65489e-18
    outer loop
      vertex 39.6079 -95.8579 23
      vertex 37.8829 -97.8248 29
      vertex 37.8829 -97.8248 23
    endloop
  endfacet
  facet normal 0.0654027 -0.997859 0
    outer loop
      vertex 51.1395 -90.1711 23
      vertex 53.75 -90 29
      vertex 51.1395 -90.1711 29
    endloop
  endfacet
  facet normal 0.0654027 -0.997859 0
    outer loop
      vertex 53.75 -90 29
      vertex 51.1395 -90.1711 23
      vertex 53.75 -90 23
    endloop
  endfacet
  facet normal 0.442299 -0.896868 0
    outer loop
      vertex 43.75 -92.6795 23
      vertex 46.0963 -91.5224 29
      vertex 43.75 -92.6795 29
    endloop
  endfacet
  facet normal 0.442299 -0.896868 0
    outer loop
      vertex 46.0963 -91.5224 29
      vertex 43.75 -92.6795 23
      vertex 46.0963 -91.5224 23
    endloop
  endfacet
  facet normal 0.0653646 0.997861 -0
    outer loop
      vertex 53.75 -130 23
      vertex 51.1395 -129.829 29
      vertex 53.75 -130 29
    endloop
  endfacet
  facet normal 0.0653646 0.997861 0
    outer loop
      vertex 51.1395 -129.829 29
      vertex 53.75 -130 23
      vertex 51.1395 -129.829 23
    endloop
  endfacet
  facet normal -0.831474 -0.555564 9.73393e-18
    outer loop
      vertex 71.0705 -100 23
      vertex 69.6171 -97.8248 29
      vertex 69.6171 -97.8248 23
    endloop
  endfacet
  facet normal -0.831474 -0.555564 9.73393e-18
    outer loop
      vertex 69.6171 -97.8248 29
      vertex 71.0705 -100 23
      vertex 71.0705 -100 29
    endloop
  endfacet
  facet normal -0.555723 0.831368 0
    outer loop
      vertex 65.9252 -125.867 23
      vertex 63.75 -127.321 29
      vertex 65.9252 -125.867 29
    endloop
  endfacet
  facet normal -0.555723 0.831368 0
    outer loop
      vertex 63.75 -127.321 29
      vertex 65.9252 -125.867 23
      vertex 63.75 -127.321 23
    endloop
  endfacet
  facet normal 0.946961 -0.321348 5.98927e-18
    outer loop
      vertex 34.4315 -104.824 29
      vertex 35.2724 -102.346 23
      vertex 35.2724 -102.346 29
    endloop
  endfacet
  facet normal 0.946961 -0.321348 5.98927e-18
    outer loop
      vertex 35.2724 -102.346 23
      vertex 34.4315 -104.824 29
      vertex 34.4315 -104.824 23
    endloop
  endfacet
  facet normal -0.194924 0.980818 0
    outer loop
      vertex 58.9264 -129.319 23
      vertex 56.6319 -129.775 29
      vertex 58.9264 -129.319 29
    endloop
  endfacet
  facet normal -0.194947 0.980814 -9.21221e-06
    outer loop
      vertex 56.3605 -129.829 23
      vertex 56.6319 -129.775 29
      vertex 58.9264 -129.319 23
    endloop
  endfacet
  facet normal -0.195143 0.980775 1.88554e-19
    outer loop
      vertex 56.6319 -129.775 29
      vertex 56.3605 -129.829 23
      vertex 56.3605 -129.829 29
    endloop
  endfacet
  facet normal 0.896845 0.442344 9.08371e-18
    outer loop
      vertex 36.4295 -120 29
      vertex 35.2724 -117.654 23
      vertex 35.2724 -117.654 29
    endloop
  endfacet
  facet normal 0.896845 0.442344 9.08371e-18
    outer loop
      vertex 35.2724 -117.654 23
      vertex 36.4295 -120 29
      vertex 36.4295 -120 23
    endloop
  endfacet
  facet normal -0.751842 0.659343 -5.0244e-18
    outer loop
      vertex 67.8921 -124.142 23
      vertex 69.6171 -122.175 29
      vertex 69.6171 -122.175 23
    endloop
  endfacet
  facet normal -0.751842 0.659343 -5.0244e-18
    outer loop
      vertex 69.6171 -122.175 29
      vertex 67.8921 -124.142 23
      vertex 67.8921 -124.142 29
    endloop
  endfacet
  facet normal -0.99786 0.0653902 -2.35933e-19
    outer loop
      vertex 73.5789 -112.611 23
      vertex 73.75 -110 29
      vertex 73.75 -110 23
    endloop
  endfacet
  facet normal -0.99786 0.0653902 -2.35933e-19
    outer loop
      vertex 73.75 -110 29
      vertex 73.5789 -112.611 23
      vertex 73.5789 -112.611 29
    endloop
  endfacet
  facet normal 0.555723 0.831368 -0
    outer loop
      vertex 43.75 -127.321 23
      vertex 41.5748 -125.867 29
      vertex 43.75 -127.321 29
    endloop
  endfacet
  facet normal 0.555723 0.831368 0
    outer loop
      vertex 41.5748 -125.867 29
      vertex 43.75 -127.321 23
      vertex 41.5748 -125.867 23
    endloop
  endfacet
  facet normal -0.442299 -0.896868 0
    outer loop
      vertex 61.4037 -91.5224 23
      vertex 63.75 -92.6795 29
      vertex 61.4037 -91.5224 29
    endloop
  endfacet
  facet normal -0.442299 -0.896868 -0
    outer loop
      vertex 63.75 -92.6795 29
      vertex 61.4037 -91.5224 23
      vertex 63.75 -92.6795 23
    endloop
  endfacet
  facet normal 0.831474 -0.555564 -9.73393e-18
    outer loop
      vertex 36.4295 -100 29
      vertex 37.8829 -97.8248 23
      vertex 37.8829 -97.8248 29
    endloop
  endfacet
  facet normal 0.831474 -0.555564 -9.73393e-18
    outer loop
      vertex 37.8829 -97.8248 23
      vertex 36.4295 -100 29
      vertex 36.4295 -100 23
    endloop
  endfacet
  facet normal -0.195143 -0.980775 0
    outer loop
      vertex 56.3605 -90.1711 23
      vertex 56.6319 -90.2251 29
      vertex 56.3605 -90.1711 29
    endloop
  endfacet
  facet normal -0.195094 -0.980784 -2.29598e-06
    outer loop
      vertex 58.9264 -90.6815 23
      vertex 56.6319 -90.2251 29
      vertex 56.3605 -90.1711 23
    endloop
  endfacet
  facet normal -0.195089 -0.980786 -5.15598e-18
    outer loop
      vertex 56.6319 -90.2251 29
      vertex 58.9264 -90.6815 23
      vertex 58.9264 -90.6815 29
    endloop
  endfacet
  facet normal 0 0 1
    outer loop
      vertex 73.5789 -107.389 23
      vertex 73.5789 -112.611 23
      vertex 73.75 -110 23
    endloop
  endfacet
  facet normal 0 0 1
    outer loop
      vertex 73.0685 -104.824 23
      vertex 73.5789 -112.611 23
      vertex 73.5789 -107.389 23
    endloop
  endfacet
  facet normal 0 0 1
    outer loop
      vertex 73.0685 -104.824 23
      vertex 73.0685 -115.176 23
      vertex 73.5789 -112.611 23
    endloop
  endfacet
  facet normal 0 0 1
    outer loop
      vertex 72.2276 -102.346 23
      vertex 73.0685 -115.176 23
      vertex 73.0685 -104.824 23
    endloop
  endfacet
  facet normal 0 0 1
    outer loop
      vertex 72.2276 -102.346 23
      vertex 72.2276 -117.654 23
      vertex 73.0685 -115.176 23
    endloop
  endfacet
  facet normal 0 0 1
    outer loop
      vertex 71.0705 -100 23
      vertex 72.2276 -117.654 23
      vertex 72.2276 -102.346 23
    endloop
  endfacet
  facet normal 0 0 1
    outer loop
      vertex 71.0705 -100 23
      vertex 71.0705 -120 23
      vertex 72.2276 -117.654 23
    endloop
  endfacet
  facet normal 0 0 1
    outer loop
      vertex 69.6171 -97.8248 23
      vertex 71.0705 -120 23
      vertex 71.0705 -100 23
    endloop
  endfacet
  facet normal 0 0 1
    outer loop
      vertex 69.6171 -97.8248 23
      vertex 69.6171 -122.175 23
      vertex 71.0705 -120 23
    endloop
  endfacet
  facet normal 0 0 1
    outer loop
      vertex 67.8921 -95.8579 23
      vertex 69.6171 -122.175 23
      vertex 69.6171 -97.8248 23
    endloop
  endfacet
  facet normal 0 0 1
    outer loop
      vertex 67.8921 -95.8579 23
      vertex 67.8921 -124.142 23
      vertex 69.6171 -122.175 23
    endloop
  endfacet
  facet normal 0 0 1
    outer loop
      vertex 65.9252 -94.1329 23
      vertex 67.8921 -124.142 23
      vertex 67.8921 -95.8579 23
    endloop
  endfacet
  facet normal 0 0 1
    outer loop
      vertex 65.9252 -94.1329 23
      vertex 65.9252 -125.867 23
      vertex 67.8921 -124.142 23
    endloop
  endfacet
  facet normal 0 0 1
    outer loop
      vertex 63.75 -92.6795 23
      vertex 65.9252 -125.867 23
      vertex 65.9252 -94.1329 23
    endloop
  endfacet
  facet normal 0 0 1
    outer loop
      vertex 63.75 -92.6795 23
      vertex 63.75 -127.321 23
      vertex 65.9252 -125.867 23
    endloop
  endfacet
  facet normal 0 0 1
    outer loop
      vertex 61.4037 -91.5224 23
      vertex 63.75 -127.321 23
      vertex 63.75 -92.6795 23
    endloop
  endfacet
  facet normal 0 0 1
    outer loop
      vertex 61.4037 -91.5224 23
      vertex 61.4037 -128.478 23
      vertex 63.75 -127.321 23
    endloop
  endfacet
  facet normal 0 0 1
    outer loop
      vertex 58.9264 -90.6815 23
      vertex 61.4037 -128.478 23
      vertex 61.4037 -91.5224 23
    endloop
  endfacet
  facet normal 0 0 1
    outer loop
      vertex 58.9264 -90.6815 23
      vertex 58.9264 -129.319 23
      vertex 61.4037 -128.478 23
    endloop
  endfacet
  facet normal 0 0 1
    outer loop
      vertex 56.3605 -90.1711 23
      vertex 58.9264 -129.319 23
      vertex 58.9264 -90.6815 23
    endloop
  endfacet
  facet normal 0 0 1
    outer loop
      vertex 56.3605 -90.1711 23
      vertex 56.3605 -129.829 23
      vertex 58.9264 -129.319 23
    endloop
  endfacet
  facet normal 0 0 1
    outer loop
      vertex 53.75 -90 23
      vertex 56.3605 -129.829 23
      vertex 56.3605 -90.1711 23
    endloop
  endfacet
  facet normal 0 0 1
    outer loop
      vertex 53.75 -90 23
      vertex 53.75 -130 23
      vertex 56.3605 -129.829 23
    endloop
  endfacet
  facet normal -0 0 1
    outer loop
      vertex 51.1395 -90.1711 23
      vertex 53.75 -130 23
      vertex 53.75 -90 23
    endloop
  endfacet
  facet normal 0 0 1
    outer loop
      vertex 51.1395 -90.1711 23
      vertex 51.1395 -129.829 23
      vertex 53.75 -130 23
    endloop
  endfacet
  facet normal -0 0 1
    outer loop
      vertex 48.5736 -90.6815 23
      vertex 51.1395 -129.829 23
      vertex 51.1395 -90.1711 23
    endloop
  endfacet
  facet normal 0 0 1
    outer loop
      vertex 48.5736 -90.6815 23
      vertex 48.5736 -129.319 23
      vertex 51.1395 -129.829 23
    endloop
  endfacet
  facet normal -0 0 1
    outer loop
      vertex 46.0963 -91.5224 23
      vertex 48.5736 -129.319 23
      vertex 48.5736 -90.6815 23
    endloop
  endfacet
  facet normal 0 0 1
    outer loop
      vertex 46.0963 -91.5224 23
      vertex 46.0963 -128.478 23
      vertex 48.5736 -129.319 23
    endloop
  endfacet
  facet normal -0 0 1
    outer loop
      vertex 43.75 -92.6795 23
      vertex 46.0963 -128.478 23
      vertex 46.0963 -91.5224 23
    endloop
  endfacet
  facet normal 0 0 1
    outer loop
      vertex 43.75 -92.6795 23
      vertex 43.75 -127.321 23
      vertex 46.0963 -128.478 23
    endloop
  endfacet
  facet normal -0 0 1
    outer loop
      vertex 41.5748 -94.1329 23
      vertex 43.75 -127.321 23
      vertex 43.75 -92.6795 23
    endloop
  endfacet
  facet normal 0 0 1
    outer loop
      vertex 41.5748 -94.1329 23
      vertex 41.5748 -125.867 23
      vertex 43.75 -127.321 23
    endloop
  endfacet
  facet normal -0 0 1
    outer loop
      vertex 39.6079 -95.8579 23
      vertex 41.5748 -125.867 23
      vertex 41.5748 -94.1329 23
    endloop
  endfacet
  facet normal 0 0 1
    outer loop
      vertex 39.6079 -95.8579 23
      vertex 39.6079 -124.142 23
      vertex 41.5748 -125.867 23
    endloop
  endfacet
  facet normal -0 0 1
    outer loop
      vertex 37.8829 -97.8248 23
      vertex 39.6079 -124.142 23
      vertex 39.6079 -95.8579 23
    endloop
  endfacet
  facet normal 0 0 1
    outer loop
      vertex 37.8829 -97.8248 23
      vertex 37.8829 -122.175 23
      vertex 39.6079 -124.142 23
    endloop
  endfacet
  facet normal -0 0 1
    outer loop
      vertex 36.4295 -100 23
      vertex 37.8829 -122.175 23
      vertex 37.8829 -97.8248 23
    endloop
  endfacet
  facet normal 0 0 1
    outer loop
      vertex 36.4295 -100 23
      vertex 36.4295 -120 23
      vertex 37.8829 -122.175 23
    endloop
  endfacet
  facet normal -0 0 1
    outer loop
      vertex 35.2724 -102.346 23
      vertex 36.4295 -120 23
      vertex 36.4295 -100 23
    endloop
  endfacet
  facet normal 0 0 1
    outer loop
      vertex 35.2724 -102.346 23
      vertex 35.2724 -117.654 23
      vertex 36.4295 -120 23
    endloop
  endfacet
  facet normal -0 0 1
    outer loop
      vertex 34.4315 -104.824 23
      vertex 35.2724 -117.654 23
      vertex 35.2724 -102.346 23
    endloop
  endfacet
  facet normal 0 0 1
    outer loop
      vertex 34.4315 -104.824 23
      vertex 34.4315 -115.176 23
      vertex 35.2724 -117.654 23
    endloop
  endfacet
  facet normal -0 0 1
    outer loop
      vertex 33.9211 -107.389 23
      vertex 34.4315 -115.176 23
      vertex 34.4315 -104.824 23
    endloop
  endfacet
  facet normal 0 0 1
    outer loop
      vertex 33.9211 -107.389 23
      vertex 33.9211 -112.611 23
      vertex 34.4315 -115.176 23
    endloop
  endfacet
  facet normal 0 -0 1
    outer loop
      vertex 33.9211 -112.611 23
      vertex 33.9211 -107.389 23
      vertex 33.75 -110 23
    endloop
  endfacet
  facet normal -0.0654027 -0.997859 0
    outer loop
      vertex 53.75 -90 23
      vertex 56.3605 -90.1711 29
      vertex 53.75 -90 29
    endloop
  endfacet
  facet normal -0.0654027 -0.997859 -0
    outer loop
      vertex 56.3605 -90.1711 29
      vertex 53.75 -90 23
      vertex 56.3605 -90.1711 23
    endloop
  endfacet
  facet normal 0.194947 0.980814 -0
    outer loop
      vertex 51.1395 -129.829 23
      vertex 48.5736 -129.319 29
      vertex 51.1395 -129.829 29
    endloop
  endfacet
  facet normal 0.194947 0.980814 0
    outer loop
      vertex 48.5736 -129.319 29
      vertex 51.1395 -129.829 23
      vertex 48.5736 -129.319 23
    endloop
  endfacet
  facet normal 0.980771 0.19516 -6.98329e-18
    outer loop
      vertex 34.4315 -115.176 29
      vertex 33.9211 -112.611 23
      vertex 33.9211 -112.611 29
    endloop
  endfacet
  facet normal 0.980771 0.19516 -6.98329e-18
    outer loop
      vertex 33.9211 -112.611 23
      vertex 34.4315 -115.176 29
      vertex 34.4315 -115.176 23
    endloop
  endfacet
  facet normal -0.0653646 0.997861 0
    outer loop
      vertex 56.3605 -129.829 23
      vertex 53.75 -130 29
      vertex 56.3605 -129.829 29
    endloop
  endfacet
  facet normal -0.0653646 0.997861 0
    outer loop
      vertex 53.75 -130 29
      vertex 56.3605 -129.829 23
      vertex 53.75 -130 23
    endloop
  endfacet
  facet normal 0.321429 -0.946934 0
    outer loop
      vertex 46.0963 -91.5224 23
      vertex 48.5736 -90.6815 29
      vertex 46.0963 -91.5224 29
    endloop
  endfacet
  facet normal 0.321429 -0.946934 0
    outer loop
      vertex 48.5736 -90.6815 29
      vertex 46.0963 -91.5224 23
      vertex 48.5736 -90.6815 23
    endloop
  endfacet
  facet normal 0.555564 -0.831474 0
    outer loop
      vertex 41.5748 -94.1329 23
      vertex 43.75 -92.6795 29
      vertex 41.5748 -94.1329 29
    endloop
  endfacet
  facet normal 0.555564 -0.831474 0
    outer loop
      vertex 43.75 -92.6795 29
      vertex 41.5748 -94.1329 23
      vertex 43.75 -92.6795 23
    endloop
  endfacet
  facet normal -0.980771 0.19516 -6.0351e-18
    outer loop
      vertex 73.0685 -115.176 23
      vertex 73.5789 -112.611 29
      vertex 73.5789 -112.611 23
    endloop
  endfacet
  facet normal -0.980771 0.19516 -6.0351e-18
    outer loop
      vertex 73.5789 -112.611 29
      vertex 73.0685 -115.176 23
      vertex 73.0685 -115.176 29
    endloop
  endfacet
  facet normal 0.659362 0.751826 -0
    outer loop
      vertex 41.5748 -125.867 23
      vertex 39.6079 -124.142 29
      vertex 41.5748 -125.867 29
    endloop
  endfacet
  facet normal 0.659362 0.751826 0
    outer loop
      vertex 39.6079 -124.142 29
      vertex 41.5748 -125.867 23
      vertex 39.6079 -124.142 23
    endloop
  endfacet
  facet normal -0.896845 0.442344 -9.08371e-18
    outer loop
      vertex 71.0705 -120 23
      vertex 72.2276 -117.654 29
      vertex 72.2276 -117.654 23
    endloop
  endfacet
  facet normal -0.896845 0.442344 -9.08371e-18
    outer loop
      vertex 72.2276 -117.654 29
      vertex 71.0705 -120 23
      vertex 71.0705 -120 29
    endloop
  endfacet
  facet normal 0.946961 0.321348 -5.98927e-18
    outer loop
      vertex 35.2724 -117.654 29
      vertex 34.4315 -115.176 23
      vertex 34.4315 -115.176 29
    endloop
  endfacet
  facet normal 0.946961 0.321348 -5.98927e-18
    outer loop
      vertex 34.4315 -115.176 23
      vertex 35.2724 -117.654 29
      vertex 35.2724 -117.654 23
    endloop
  endfacet
  facet normal -0.946961 0.321348 -3.9669e-18
    outer loop
      vertex 72.2276 -117.654 23
      vertex 73.0685 -115.176 29
      vertex 73.0685 -115.176 23
    endloop
  endfacet
  facet normal -0.946961 0.321348 -3.9669e-18
    outer loop
      vertex 73.0685 -115.176 29
      vertex 72.2276 -117.654 23
      vertex 72.2276 -117.654 29
    endloop
  endfacet
  facet normal -0.751826 -0.659362 -6.32821e-18
    outer loop
      vertex 69.6171 -97.8248 23
      vertex 67.8921 -95.8579 29
      vertex 67.8921 -95.8579 23
    endloop
  endfacet
  facet normal -0.751826 -0.659362 -6.32821e-18
    outer loop
      vertex 67.8921 -95.8579 29
      vertex 69.6171 -97.8248 23
      vertex 69.6171 -97.8248 29
    endloop
  endfacet
  facet normal 0.195094 -0.980784 0
    outer loop
      vertex 48.5736 -90.6815 23
      vertex 51.1395 -90.1711 29
      vertex 48.5736 -90.6815 29
    endloop
  endfacet
  facet normal 0.195094 -0.980784 0
    outer loop
      vertex 51.1395 -90.1711 29
      vertex 48.5736 -90.6815 23
      vertex 51.1395 -90.1711 23
    endloop
  endfacet
  facet normal 0.980771 -0.19516 6.98329e-18
    outer loop
      vertex 33.9211 -107.389 29
      vertex 34.4315 -104.824 23
      vertex 34.4315 -104.824 29
    endloop
  endfacet
  facet normal 0.980771 -0.19516 6.98329e-18
    outer loop
      vertex 34.4315 -104.824 23
      vertex 33.9211 -107.389 29
      vertex 33.9211 -107.389 23
    endloop
  endfacet
  facet normal 0.442268 0.896883 -0
    outer loop
      vertex 46.0963 -128.478 23
      vertex 43.75 -127.321 29
      vertex 46.0963 -128.478 29
    endloop
  endfacet
  facet normal 0.442268 0.896883 0
    outer loop
      vertex 43.75 -127.321 29
      vertex 46.0963 -128.478 23
      vertex 43.75 -127.321 23
    endloop
  endfacet
  facet normal 0.659362 -0.751826 0
    outer loop
      vertex 39.6079 -95.8579 23
      vertex 41.5748 -94.1329 29
      vertex 39.6079 -95.8579 29
    endloop
  endfacet
  facet normal 0.659362 -0.751826 0
    outer loop
      vertex 41.5748 -94.1329 29
      vertex 39.6079 -95.8579 23
      vertex 41.5748 -94.1329 23
    endloop
  endfacet
  facet normal 0.83145 0.5556 2.87921e-18
    outer loop
      vertex 37.8829 -122.175 29
      vertex 36.4295 -120 23
      vertex 36.4295 -120 29
    endloop
  endfacet
  facet normal 0.83145 0.5556 2.87921e-18
    outer loop
      vertex 36.4295 -120 23
      vertex 37.8829 -122.175 29
      vertex 37.8829 -122.175 23
    endloop
  endfacet
  facet normal 0.321463 0.946922 -0
    outer loop
      vertex 48.5736 -129.319 23
      vertex 46.0963 -128.478 29
      vertex 48.5736 -129.319 29
    endloop
  endfacet
  facet normal 0.321463 0.946922 0
    outer loop
      vertex 46.0963 -128.478 29
      vertex 48.5736 -129.319 23
      vertex 46.0963 -128.478 23
    endloop
  endfacet
  facet normal 0.751826 -0.659362 8.31992e-18
    outer loop
      vertex -15.8671 -44.0748 29
      vertex -14.1421 -42.1079 23
      vertex -14.1421 -42.1079 29
    endloop
  endfacet
  facet normal 0.751826 -0.659362 8.31992e-18
    outer loop
      vertex -14.1421 -42.1079 23
      vertex -15.8671 -44.0748 29
      vertex -15.8671 -44.0748 23
    endloop
  endfacet
  facet normal 0.195097 -0.980784 0
    outer loop
      vertex -5.17638 -36.9315 23
      vertex -2.61052 -36.4211 29
      vertex -5.17638 -36.9315 29
    endloop
  endfacet
  facet normal 0.195097 -0.980784 0
    outer loop
      vertex -2.61052 -36.4211 29
      vertex -5.17638 -36.9315 23
      vertex -2.61052 -36.4211 23
    endloop
  endfacet
  facet normal 0.0654022 -0.997859 0
    outer loop
      vertex -2.61052 -36.4211 23
      vertex 0 -36.25 29
      vertex -2.61052 -36.4211 29
    endloop
  endfacet
  facet normal 0.0654022 -0.997859 0
    outer loop
      vertex 0 -36.25 29
      vertex -2.61052 -36.4211 23
      vertex 0 -36.25 23
    endloop
  endfacet
  facet normal 0.32143 -0.946933 0
    outer loop
      vertex -7.65367 -37.7724 23
      vertex -5.17638 -36.9315 29
      vertex -7.65367 -37.7724 29
    endloop
  endfacet
  facet normal 0.32143 -0.946933 0
    outer loop
      vertex -5.17638 -36.9315 29
      vertex -7.65367 -37.7724 23
      vertex -5.17638 -36.9315 23
    endloop
  endfacet
  facet normal 0.946934 -0.321429 8.55771e-18
    outer loop
      vertex -19.3185 -51.0736 29
      vertex -18.4776 -48.5963 23
      vertex -18.4776 -48.5963 29
    endloop
  endfacet
  facet normal 0.946934 -0.321429 8.55771e-18
    outer loop
      vertex -18.4776 -48.5963 23
      vertex -19.3185 -51.0736 29
      vertex -19.3185 -51.0736 23
    endloop
  endfacet
  facet normal -0.751826 -0.659362 -8.31992e-18
    outer loop
      vertex 15.8671 -44.0748 23
      vertex 14.1421 -42.1079 29
      vertex 14.1421 -42.1079 23
    endloop
  endfacet
  facet normal -0.751826 -0.659362 -8.31992e-18
    outer loop
      vertex 14.1421 -42.1079 29
      vertex 15.8671 -44.0748 23
      vertex 15.8671 -44.0748 29
    endloop
  endfacet
  facet normal -0.0654022 0.997859 0
    outer loop
      vertex 2.61052 -76.0789 23
      vertex 0 -76.25 29
      vertex 2.61052 -76.0789 29
    endloop
  endfacet
  facet normal -0.0654022 0.997859 0
    outer loop
      vertex 0 -76.25 29
      vertex 2.61052 -76.0789 23
      vertex 0 -76.25 23
    endloop
  endfacet
  facet normal 0.442294 -0.89687 0
    outer loop
      vertex -10 -38.9295 23
      vertex -7.65367 -37.7724 29
      vertex -10 -38.9295 29
    endloop
  endfacet
  facet normal 0.442294 -0.89687 0
    outer loop
      vertex -7.65367 -37.7724 29
      vertex -10 -38.9295 23
      vertex -7.65367 -37.7724 23
    endloop
  endfacet
  facet normal -0.659362 0.751826 0
    outer loop
      vertex 14.1421 -70.3921 23
      vertex 12.1752 -72.1171 29
      vertex 14.1421 -70.3921 29
    endloop
  endfacet
  facet normal -0.659362 0.751826 0
    outer loop
      vertex 12.1752 -72.1171 29
      vertex 14.1421 -70.3921 23
      vertex 12.1752 -72.1171 23
    endloop
  endfacet
  facet normal 0.32143 0.946933 -0
    outer loop
      vertex -5.17638 -75.5685 23
      vertex -7.65367 -74.7276 29
      vertex -5.17638 -75.5685 29
    endloop
  endfacet
  facet normal 0.32143 0.946933 0
    outer loop
      vertex -7.65367 -74.7276 29
      vertex -5.17638 -75.5685 23
      vertex -7.65367 -74.7276 23
    endloop
  endfacet
  facet normal -0.896868 -0.442299 -4.53874e-18
    outer loop
      vertex 18.4776 -48.5963 23
      vertex 17.3205 -46.25 29
      vertex 17.3205 -46.25 23
    endloop
  endfacet
  facet normal -0.896868 -0.442299 -4.53874e-18
    outer loop
      vertex 17.3205 -46.25 29
      vertex 18.4776 -48.5963 23
      vertex 18.4776 -48.5963 29
    endloop
  endfacet
  facet normal -0.555564 -0.831474 0
    outer loop
      vertex 10 -38.9295 23
      vertex 12.1752 -40.3829 29
      vertex 10 -38.9295 29
    endloop
  endfacet
  facet normal -0.555564 -0.831474 -0
    outer loop
      vertex 12.1752 -40.3829 29
      vertex 10 -38.9295 23
      vertex 12.1752 -40.3829 23
    endloop
  endfacet
  facet normal -0.659362 -0.751826 0
    outer loop
      vertex 12.1752 -40.3829 23
      vertex 14.1421 -42.1079 29
      vertex 12.1752 -40.3829 29
    endloop
  endfacet
  facet normal -0.659362 -0.751826 -0
    outer loop
      vertex 14.1421 -42.1079 29
      vertex 12.1752 -40.3829 23
      vertex 14.1421 -42.1079 23
    endloop
  endfacet
  facet normal 0.831474 -0.555564 -1.37614e-21
    outer loop
      vertex -17.3205 -46.25 29
      vertex -15.8671 -44.0748 23
      vertex -15.8671 -44.0748 29
    endloop
  endfacet
  facet normal 0.831474 -0.555564 -1.37614e-21
    outer loop
      vertex -15.8671 -44.0748 23
      vertex -17.3205 -46.25 29
      vertex -17.3205 -46.25 23
    endloop
  endfacet
  facet normal 0.997859 0.0654027 1.75904e-18
    outer loop
      vertex -19.8289 -58.8605 29
      vertex -20 -56.25 23
      vertex -20 -56.25 29
    endloop
  endfacet
  facet normal 0.997859 0.0654027 1.75904e-18
    outer loop
      vertex -20 -56.25 23
      vertex -19.8289 -58.8605 29
      vertex -19.8289 -58.8605 23
    endloop
  endfacet
  facet normal 0.946934 0.321429 -8.55771e-18
    outer loop
      vertex -18.4776 -63.9037 29
      vertex -19.3185 -61.4264 23
      vertex -19.3185 -61.4264 29
    endloop
  endfacet
  facet normal 0.946934 0.321429 -8.55771e-18
    outer loop
      vertex -19.3185 -61.4264 23
      vertex -18.4776 -63.9037 29
      vertex -18.4776 -63.9037 23
    endloop
  endfacet
  facet normal -0.997859 0.0654027 -1.75904e-18
    outer loop
      vertex 19.8289 -58.8605 23
      vertex 20 -56.25 29
      vertex 20 -56.25 23
    endloop
  endfacet
  facet normal -0.997859 0.0654027 -1.75904e-18
    outer loop
      vertex 20 -56.25 29
      vertex 19.8289 -58.8605 23
      vertex 19.8289 -58.8605 29
    endloop
  endfacet
  facet normal 0.555564 -0.831474 0
    outer loop
      vertex -12.1752 -40.3829 23
      vertex -10 -38.9295 29
      vertex -12.1752 -40.3829 29
    endloop
  endfacet
  facet normal 0.555564 -0.831474 0
    outer loop
      vertex -10 -38.9295 29
      vertex -12.1752 -40.3829 23
      vertex -10 -38.9295 23
    endloop
  endfacet
  facet normal -0.980786 -0.195089 0
    outer loop
      vertex 19.3185 -51.0736 23
      vertex 19.7749 -53.3681 29
      vertex 19.3185 -51.0736 29
    endloop
  endfacet
  facet normal -0.980784 -0.195094 -2.29598e-06
    outer loop
      vertex 19.8289 -53.6395 23
      vertex 19.7749 -53.3681 29
      vertex 19.3185 -51.0736 23
    endloop
  endfacet
  facet normal -0.980775 -0.195143 -1.88554e-19
    outer loop
      vertex 19.7749 -53.3681 29
      vertex 19.8289 -53.6395 23
      vertex 19.8289 -53.6395 29
    endloop
  endfacet
  facet normal -0.442294 0.89687 0
    outer loop
      vertex 10 -73.5705 23
      vertex 7.65367 -74.7276 29
      vertex 10 -73.5705 29
    endloop
  endfacet
  facet normal -0.442294 0.89687 0
    outer loop
      vertex 7.65367 -74.7276 29
      vertex 10 -73.5705 23
      vertex 7.65367 -74.7276 23
    endloop
  endfacet
  facet normal -0.0654022 -0.997859 0
    outer loop
      vertex 0 -36.25 23
      vertex 2.61052 -36.4211 29
      vertex 0 -36.25 29
    endloop
  endfacet
  facet normal -0.0654022 -0.997859 -0
    outer loop
      vertex 2.61052 -36.4211 29
      vertex 0 -36.25 23
      vertex 2.61052 -36.4211 23
    endloop
  endfacet
  facet normal -0.831474 0.555564 7.19618e-18
    outer loop
      vertex 15.8671 -68.4252 23
      vertex 17.3205 -66.25 29
      vertex 17.3205 -66.25 23
    endloop
  endfacet
  facet normal -0.831474 0.555564 7.19618e-18
    outer loop
      vertex 17.3205 -66.25 29
      vertex 15.8671 -68.4252 23
      vertex 15.8671 -68.4252 29
    endloop
  endfacet
  facet normal 0.896868 -0.442299 4.53874e-18
    outer loop
      vertex -18.4776 -48.5963 29
      vertex -17.3205 -46.25 23
      vertex -17.3205 -46.25 29
    endloop
  endfacet
  facet normal 0.896868 -0.442299 4.53874e-18
    outer loop
      vertex -17.3205 -46.25 23
      vertex -18.4776 -48.5963 29
      vertex -18.4776 -48.5963 23
    endloop
  endfacet
  facet normal 0.659362 0.751826 -0
    outer loop
      vertex -12.1752 -72.1171 23
      vertex -14.1421 -70.3921 29
      vertex -12.1752 -72.1171 29
    endloop
  endfacet
  facet normal 0.659362 0.751826 0
    outer loop
      vertex -14.1421 -70.3921 29
      vertex -12.1752 -72.1171 23
      vertex -14.1421 -70.3921 23
    endloop
  endfacet
  facet normal 0.555564 0.831474 -0
    outer loop
      vertex -10 -73.5705 23
      vertex -12.1752 -72.1171 29
      vertex -10 -73.5705 29
    endloop
  endfacet
  facet normal 0.555564 0.831474 0
    outer loop
      vertex -12.1752 -72.1171 29
      vertex -10 -73.5705 23
      vertex -12.1752 -72.1171 23
    endloop
  endfacet
  facet normal 0.896868 0.442299 -4.53874e-18
    outer loop
      vertex -17.3205 -66.25 29
      vertex -18.4776 -63.9037 23
      vertex -18.4776 -63.9037 29
    endloop
  endfacet
  facet normal 0.896868 0.442299 -4.53874e-18
    outer loop
      vertex -18.4776 -63.9037 23
      vertex -17.3205 -66.25 29
      vertex -17.3205 -66.25 23
    endloop
  endfacet
  facet normal 0 0 1
    outer loop
      vertex 19.8289 -53.6395 23
      vertex 19.8289 -58.8605 23
      vertex 20 -56.25 23
    endloop
  endfacet
  facet normal 0 0 1
    outer loop
      vertex 19.3185 -51.0736 23
      vertex 19.8289 -58.8605 23
      vertex 19.8289 -53.6395 23
    endloop
  endfacet
  facet normal 0 0 1
    outer loop
      vertex 19.3185 -51.0736 23
      vertex 19.3185 -61.4264 23
      vertex 19.8289 -58.8605 23
    endloop
  endfacet
  facet normal 0 0 1
    outer loop
      vertex 18.4776 -48.5963 23
      vertex 19.3185 -61.4264 23
      vertex 19.3185 -51.0736 23
    endloop
  endfacet
  facet normal 0 0 1
    outer loop
      vertex 18.4776 -48.5963 23
      vertex 18.4776 -63.9037 23
      vertex 19.3185 -61.4264 23
    endloop
  endfacet
  facet normal 0 0 1
    outer loop
      vertex 17.3205 -46.25 23
      vertex 18.4776 -63.9037 23
      vertex 18.4776 -48.5963 23
    endloop
  endfacet
  facet normal 0 0 1
    outer loop
      vertex 17.3205 -46.25 23
      vertex 17.3205 -66.25 23
      vertex 18.4776 -63.9037 23
    endloop
  endfacet
  facet normal 0 0 1
    outer loop
      vertex 15.8671 -44.0748 23
      vertex 17.3205 -66.25 23
      vertex 17.3205 -46.25 23
    endloop
  endfacet
  facet normal 0 0 1
    outer loop
      vertex 15.8671 -44.0748 23
      vertex 15.8671 -68.4252 23
      vertex 17.3205 -66.25 23
    endloop
  endfacet
  facet normal 0 0 1
    outer loop
      vertex 14.1421 -42.1079 23
      vertex 15.8671 -68.4252 23
      vertex 15.8671 -44.0748 23
    endloop
  endfacet
  facet normal 0 0 1
    outer loop
      vertex 14.1421 -42.1079 23
      vertex 14.1421 -70.3921 23
      vertex 15.8671 -68.4252 23
    endloop
  endfacet
  facet normal 0 0 1
    outer loop
      vertex 12.1752 -40.3829 23
      vertex 14.1421 -70.3921 23
      vertex 14.1421 -42.1079 23
    endloop
  endfacet
  facet normal 0 0 1
    outer loop
      vertex 12.1752 -40.3829 23
      vertex 12.1752 -72.1171 23
      vertex 14.1421 -70.3921 23
    endloop
  endfacet
  facet normal 0 0 1
    outer loop
      vertex 10 -38.9295 23
      vertex 12.1752 -72.1171 23
      vertex 12.1752 -40.3829 23
    endloop
  endfacet
  facet normal 0 0 1
    outer loop
      vertex 10 -38.9295 23
      vertex 10 -73.5705 23
      vertex 12.1752 -72.1171 23
    endloop
  endfacet
  facet normal 0 0 1
    outer loop
      vertex 7.65367 -37.7724 23
      vertex 10 -73.5705 23
      vertex 10 -38.9295 23
    endloop
  endfacet
  facet normal 0 0 1
    outer loop
      vertex 7.65367 -37.7724 23
      vertex 7.65367 -74.7276 23
      vertex 10 -73.5705 23
    endloop
  endfacet
  facet normal 0 0 1
    outer loop
      vertex 5.17638 -36.9315 23
      vertex 7.65367 -74.7276 23
      vertex 7.65367 -37.7724 23
    endloop
  endfacet
  facet normal 0 0 1
    outer loop
      vertex 5.17638 -36.9315 23
      vertex 5.17638 -75.5685 23
      vertex 7.65367 -74.7276 23
    endloop
  endfacet
  facet normal 0 0 1
    outer loop
      vertex 2.61052 -36.4211 23
      vertex 5.17638 -75.5685 23
      vertex 5.17638 -36.9315 23
    endloop
  endfacet
  facet normal 0 0 1
    outer loop
      vertex 2.61052 -36.4211 23
      vertex 2.61052 -76.0789 23
      vertex 5.17638 -75.5685 23
    endloop
  endfacet
  facet normal 0 0 1
    outer loop
      vertex 0 -36.25 23
      vertex 2.61052 -76.0789 23
      vertex 2.61052 -36.4211 23
    endloop
  endfacet
  facet normal 0 0 1
    outer loop
      vertex 0 -36.25 23
      vertex 0 -76.25 23
      vertex 2.61052 -76.0789 23
    endloop
  endfacet
  facet normal -0 0 1
    outer loop
      vertex -2.61052 -36.4211 23
      vertex 0 -76.25 23
      vertex 0 -36.25 23
    endloop
  endfacet
  facet normal 0 0 1
    outer loop
      vertex -2.61052 -36.4211 23
      vertex -2.61052 -76.0789 23
      vertex 0 -76.25 23
    endloop
  endfacet
  facet normal -0 0 1
    outer loop
      vertex -5.17638 -36.9315 23
      vertex -2.61052 -76.0789 23
      vertex -2.61052 -36.4211 23
    endloop
  endfacet
  facet normal 0 0 1
    outer loop
      vertex -5.17638 -36.9315 23
      vertex -5.17638 -75.5685 23
      vertex -2.61052 -76.0789 23
    endloop
  endfacet
  facet normal -0 0 1
    outer loop
      vertex -7.65367 -37.7724 23
      vertex -5.17638 -75.5685 23
      vertex -5.17638 -36.9315 23
    endloop
  endfacet
  facet normal 0 0 1
    outer loop
      vertex -7.65367 -37.7724 23
      vertex -7.65367 -74.7276 23
      vertex -5.17638 -75.5685 23
    endloop
  endfacet
  facet normal -0 0 1
    outer loop
      vertex -10 -38.9295 23
      vertex -7.65367 -74.7276 23
      vertex -7.65367 -37.7724 23
    endloop
  endfacet
  facet normal 0 0 1
    outer loop
      vertex -10 -38.9295 23
      vertex -10 -73.5705 23
      vertex -7.65367 -74.7276 23
    endloop
  endfacet
  facet normal -0 0 1
    outer loop
      vertex -12.1752 -40.3829 23
      vertex -10 -73.5705 23
      vertex -10 -38.9295 23
    endloop
  endfacet
  facet normal 0 0 1
    outer loop
      vertex -12.1752 -40.3829 23
      vertex -12.1752 -72.1171 23
      vertex -10 -73.5705 23
    endloop
  endfacet
  facet normal -0 0 1
    outer loop
      vertex -14.1421 -42.1079 23
      vertex -12.1752 -72.1171 23
      vertex -12.1752 -40.3829 23
    endloop
  endfacet
  facet normal 0 0 1
    outer loop
      vertex -14.1421 -42.1079 23
      vertex -14.1421 -70.3921 23
      vertex -12.1752 -72.1171 23
    endloop
  endfacet
  facet normal -0 0 1
    outer loop
      vertex -15.8671 -44.0748 23
      vertex -14.1421 -70.3921 23
      vertex -14.1421 -42.1079 23
    endloop
  endfacet
  facet normal 0 0 1
    outer loop
      vertex -15.8671 -44.0748 23
      vertex -15.8671 -68.4252 23
      vertex -14.1421 -70.3921 23
    endloop
  endfacet
  facet normal -0 0 1
    outer loop
      vertex -17.3205 -46.25 23
      vertex -15.8671 -68.4252 23
      vertex -15.8671 -44.0748 23
    endloop
  endfacet
  facet normal 0 0 1
    outer loop
      vertex -17.3205 -46.25 23
      vertex -17.3205 -66.25 23
      vertex -15.8671 -68.4252 23
    endloop
  endfacet
  facet normal -0 0 1
    outer loop
      vertex -18.4776 -48.5963 23
      vertex -17.3205 -66.25 23
      vertex -17.3205 -46.25 23
    endloop
  endfacet
  facet normal 0 0 1
    outer loop
      vertex -18.4776 -48.5963 23
      vertex -18.4776 -63.9037 23
      vertex -17.3205 -66.25 23
    endloop
  endfacet
  facet normal -0 0 1
    outer loop
      vertex -19.3185 -51.0736 23
      vertex -18.4776 -63.9037 23
      vertex -18.4776 -48.5963 23
    endloop
  endfacet
  facet normal 0 0 1
    outer loop
      vertex -19.3185 -51.0736 23
      vertex -19.3185 -61.4264 23
      vertex -18.4776 -63.9037 23
    endloop
  endfacet
  facet normal -0 0 1
    outer loop
      vertex -19.8289 -53.6395 23
      vertex -19.3185 -61.4264 23
      vertex -19.3185 -51.0736 23
    endloop
  endfacet
  facet normal 0 0 1
    outer loop
      vertex -19.8289 -53.6395 23
      vertex -19.8289 -58.8605 23
      vertex -19.3185 -61.4264 23
    endloop
  endfacet
  facet normal 0 -0 1
    outer loop
      vertex -19.8289 -58.8605 23
      vertex -19.8289 -53.6395 23
      vertex -20 -56.25 23
    endloop
  endfacet
  facet normal 0.997859 -0.0654027 -1.75904e-18
    outer loop
      vertex -20 -56.25 29
      vertex -19.8289 -53.6395 23
      vertex -19.8289 -53.6395 29
    endloop
  endfacet
  facet normal 0.997859 -0.0654027 -1.75904e-18
    outer loop
      vertex -19.8289 -53.6395 23
      vertex -20 -56.25 29
      vertex -20 -56.25 23
    endloop
  endfacet
  facet normal -0.980784 0.195094 -2.94143e-18
    outer loop
      vertex 19.3185 -61.4264 23
      vertex 19.8289 -58.8605 29
      vertex 19.8289 -58.8605 23
    endloop
  endfacet
  facet normal -0.980784 0.195094 -2.94143e-18
    outer loop
      vertex 19.8289 -58.8605 29
      vertex 19.3185 -61.4264 23
      vertex 19.3185 -61.4264 29
    endloop
  endfacet
  facet normal -0.195097 0.980784 0
    outer loop
      vertex 5.17638 -75.5685 23
      vertex 2.61052 -76.0789 29
      vertex 5.17638 -75.5685 29
    endloop
  endfacet
  facet normal -0.195097 0.980784 0
    outer loop
      vertex 2.61052 -76.0789 29
      vertex 5.17638 -75.5685 23
      vertex 2.61052 -76.0789 23
    endloop
  endfacet
  facet normal -0.997859 -0.0654027 1.75904e-18
    outer loop
      vertex 20 -56.25 23
      vertex 19.8289 -53.6395 29
      vertex 19.8289 -53.6395 23
    endloop
  endfacet
  facet normal -0.997859 -0.0654027 1.75904e-18
    outer loop
      vertex 19.8289 -53.6395 29
      vertex 20 -56.25 23
      vertex 20 -56.25 29
    endloop
  endfacet
  facet normal -0.195097 -0.980784 0
    outer loop
      vertex 2.61052 -36.4211 23
      vertex 5.17638 -36.9315 29
      vertex 2.61052 -36.4211 29
    endloop
  endfacet
  facet normal -0.195097 -0.980784 -0
    outer loop
      vertex 5.17638 -36.9315 29
      vertex 2.61052 -36.4211 23
      vertex 5.17638 -36.9315 23
    endloop
  endfacet
  facet normal -0.946934 -0.321429 -8.55771e-18
    outer loop
      vertex 19.3185 -51.0736 23
      vertex 18.4776 -48.5963 29
      vertex 18.4776 -48.5963 23
    endloop
  endfacet
  facet normal -0.946934 -0.321429 -8.55771e-18
    outer loop
      vertex 18.4776 -48.5963 29
      vertex 19.3185 -51.0736 23
      vertex 19.3185 -51.0736 29
    endloop
  endfacet
  facet normal -0.751826 0.659362 -8.65489e-18
    outer loop
      vertex 14.1421 -70.3921 23
      vertex 15.8671 -68.4252 29
      vertex 15.8671 -68.4252 23
    endloop
  endfacet
  facet normal -0.751826 0.659362 -8.65489e-18
    outer loop
      vertex 15.8671 -68.4252 29
      vertex 14.1421 -70.3921 23
      vertex 14.1421 -70.3921 29
    endloop
  endfacet
  facet normal -0.442294 -0.89687 0
    outer loop
      vertex 7.65367 -37.7724 23
      vertex 10 -38.9295 29
      vertex 7.65367 -37.7724 29
    endloop
  endfacet
  facet normal -0.442294 -0.89687 -0
    outer loop
      vertex 10 -38.9295 29
      vertex 7.65367 -37.7724 23
      vertex 10 -38.9295 23
    endloop
  endfacet
  facet normal -0.32143 0.946933 0
    outer loop
      vertex 7.65367 -74.7276 23
      vertex 5.17638 -75.5685 29
      vertex 7.65367 -74.7276 29
    endloop
  endfacet
  facet normal -0.32143 0.946933 0
    outer loop
      vertex 5.17638 -75.5685 29
      vertex 7.65367 -74.7276 23
      vertex 5.17638 -75.5685 23
    endloop
  endfacet
  facet normal -0.32143 -0.946933 0
    outer loop
      vertex 5.17638 -36.9315 23
      vertex 7.65367 -37.7724 29
      vertex 5.17638 -36.9315 29
    endloop
  endfacet
  facet normal -0.32143 -0.946933 -0
    outer loop
      vertex 7.65367 -37.7724 29
      vertex 5.17638 -36.9315 23
      vertex 7.65367 -37.7724 23
    endloop
  endfacet
  facet normal 0.659362 -0.751826 0
    outer loop
      vertex -14.1421 -42.1079 23
      vertex -12.1752 -40.3829 29
      vertex -14.1421 -42.1079 29
    endloop
  endfacet
  facet normal 0.659362 -0.751826 0
    outer loop
      vertex -12.1752 -40.3829 29
      vertex -14.1421 -42.1079 23
      vertex -12.1752 -40.3829 23
    endloop
  endfacet
  facet normal -0.831474 -0.555564 1.37614e-21
    outer loop
      vertex 17.3205 -46.25 23
      vertex 15.8671 -44.0748 29
      vertex 15.8671 -44.0748 23
    endloop
  endfacet
  facet normal -0.831474 -0.555564 1.37614e-21
    outer loop
      vertex 15.8671 -44.0748 29
      vertex 17.3205 -46.25 23
      vertex 17.3205 -46.25 29
    endloop
  endfacet
  facet normal 0.980784 0.195094 2.94143e-18
    outer loop
      vertex -19.3185 -61.4264 29
      vertex -19.8289 -58.8605 23
      vertex -19.8289 -58.8605 29
    endloop
  endfacet
  facet normal 0.980784 0.195094 2.94143e-18
    outer loop
      vertex -19.8289 -58.8605 23
      vertex -19.3185 -61.4264 29
      vertex -19.3185 -61.4264 23
    endloop
  endfacet
  facet normal 0.195097 0.980784 -0
    outer loop
      vertex -2.61052 -76.0789 23
      vertex -5.17638 -75.5685 29
      vertex -2.61052 -76.0789 29
    endloop
  endfacet
  facet normal 0.195097 0.980784 0
    outer loop
      vertex -5.17638 -75.5685 29
      vertex -2.61052 -76.0789 23
      vertex -5.17638 -75.5685 23
    endloop
  endfacet
  facet normal 0.0654022 0.997859 -0
    outer loop
      vertex 0 -76.25 23
      vertex -2.61052 -76.0789 29
      vertex 0 -76.25 29
    endloop
  endfacet
  facet normal 0.0654022 0.997859 0
    outer loop
      vertex -2.61052 -76.0789 29
      vertex 0 -76.25 23
      vertex -2.61052 -76.0789 23
    endloop
  endfacet
  facet normal -0.896868 0.442299 4.53874e-18
    outer loop
      vertex 17.3205 -66.25 23
      vertex 18.4776 -63.9037 29
      vertex 18.4776 -63.9037 23
    endloop
  endfacet
  facet normal -0.896868 0.442299 4.53874e-18
    outer loop
      vertex 18.4776 -63.9037 29
      vertex 17.3205 -66.25 23
      vertex 17.3205 -66.25 29
    endloop
  endfacet
  facet normal 0.442294 0.89687 -0
    outer loop
      vertex -7.65367 -74.7276 23
      vertex -10 -73.5705 29
      vertex -7.65367 -74.7276 29
    endloop
  endfacet
  facet normal 0.442294 0.89687 0
    outer loop
      vertex -10 -73.5705 29
      vertex -7.65367 -74.7276 23
      vertex -10 -73.5705 23
    endloop
  endfacet
  facet normal 0.831474 0.555564 -7.19618e-18
    outer loop
      vertex -15.8671 -68.4252 29
      vertex -17.3205 -66.25 23
      vertex -17.3205 -66.25 29
    endloop
  endfacet
  facet normal 0.831474 0.555564 -7.19618e-18
    outer loop
      vertex -17.3205 -66.25 23
      vertex -15.8671 -68.4252 29
      vertex -15.8671 -68.4252 23
    endloop
  endfacet
  facet normal 0.751826 0.659362 8.65489e-18
    outer loop
      vertex -14.1421 -70.3921 29
      vertex -15.8671 -68.4252 23
      vertex -15.8671 -68.4252 29
    endloop
  endfacet
  facet normal 0.751826 0.659362 8.65489e-18
    outer loop
      vertex -15.8671 -68.4252 23
      vertex -14.1421 -70.3921 29
      vertex -14.1421 -70.3921 23
    endloop
  endfacet
  facet normal -0.555564 0.831474 0
    outer loop
      vertex 12.1752 -72.1171 23
      vertex 10 -73.5705 29
      vertex 12.1752 -72.1171 29
    endloop
  endfacet
  facet normal -0.555564 0.831474 0
    outer loop
      vertex 10 -73.5705 29
      vertex 12.1752 -72.1171 23
      vertex 10 -73.5705 23
    endloop
  endfacet
  facet normal 0.980786 -0.195089 -6.10704e-18
    outer loop
      vertex -19.7749 -53.3681 29
      vertex -19.3185 -51.0736 23
      vertex -19.3185 -51.0736 29
    endloop
  endfacet
  facet normal 0.980775 -0.195143 0
    outer loop
      vertex -19.8289 -53.6395 23
      vertex -19.7749 -53.3681 29
      vertex -19.8289 -53.6395 29
    endloop
  endfacet
  facet normal 0.980784 -0.195094 -2.29598e-06
    outer loop
      vertex -19.7749 -53.3681 29
      vertex -19.8289 -53.6395 23
      vertex -19.3185 -51.0736 23
    endloop
  endfacet
  facet normal -0.946934 0.321429 8.55771e-18
    outer loop
      vertex 18.4776 -63.9037 23
      vertex 19.3185 -61.4264 29
      vertex 19.3185 -61.4264 23
    endloop
  endfacet
  facet normal -0.946934 0.321429 8.55771e-18
    outer loop
      vertex 19.3185 -61.4264 29
      vertex 18.4776 -63.9037 23
      vertex 18.4776 -63.9037 29
    endloop
  endfacet
  facet normal 0.980771 0.19516 6.0351e-18
    outer loop
      vertex -73.0685 -115.176 29
      vertex -73.5789 -112.611 23
      vertex -73.5789 -112.611 29
    endloop
  endfacet
  facet normal 0.980771 0.19516 6.0351e-18
    outer loop
      vertex -73.5789 -112.611 23
      vertex -73.0685 -115.176 29
      vertex -73.0685 -115.176 23
    endloop
  endfacet
  facet normal 0.946961 0.321348 3.9669e-18
    outer loop
      vertex -72.2276 -117.654 29
      vertex -73.0685 -115.176 23
      vertex -73.0685 -115.176 29
    endloop
  endfacet
  facet normal 0.946961 0.321348 3.9669e-18
    outer loop
      vertex -73.0685 -115.176 23
      vertex -72.2276 -117.654 29
      vertex -72.2276 -117.654 23
    endloop
  endfacet
  facet normal -0.659362 -0.751826 0
    outer loop
      vertex -41.5748 -94.1329 23
      vertex -39.6079 -95.8579 29
      vertex -41.5748 -94.1329 29
    endloop
  endfacet
  facet normal -0.659362 -0.751826 -0
    outer loop
      vertex -39.6079 -95.8579 29
      vertex -41.5748 -94.1329 23
      vertex -39.6079 -95.8579 23
    endloop
  endfacet
  facet normal -0.896845 0.442344 -9.08371e-18
    outer loop
      vertex -36.4295 -120 23
      vertex -35.2724 -117.654 29
      vertex -35.2724 -117.654 23
    endloop
  endfacet
  facet normal -0.896845 0.442344 -9.08371e-18
    outer loop
      vertex -35.2724 -117.654 29
      vertex -36.4295 -120 23
      vertex -36.4295 -120 29
    endloop
  endfacet
  facet normal 0.659362 -0.751826 0
    outer loop
      vertex -67.8921 -95.8579 23
      vertex -65.9252 -94.1329 29
      vertex -67.8921 -95.8579 29
    endloop
  endfacet
  facet normal 0.659362 -0.751826 0
    outer loop
      vertex -65.9252 -94.1329 29
      vertex -67.8921 -95.8579 23
      vertex -65.9252 -94.1329 23
    endloop
  endfacet
  facet normal 0.99786 0.0653902 2.35933e-19
    outer loop
      vertex -73.5789 -112.611 29
      vertex -73.75 -110 23
      vertex -73.75 -110 29
    endloop
  endfacet
  facet normal 0.99786 0.0653902 2.35933e-19
    outer loop
      vertex -73.75 -110 23
      vertex -73.5789 -112.611 29
      vertex -73.5789 -112.611 23
    endloop
  endfacet
  facet normal -0.99786 -0.0653902 -4.9952e-19
    outer loop
      vertex -33.75 -110 23
      vertex -33.9211 -107.389 29
      vertex -33.9211 -107.389 23
    endloop
  endfacet
  facet normal -0.99786 -0.0653902 -4.9952e-19
    outer loop
      vertex -33.9211 -107.389 29
      vertex -33.75 -110 23
      vertex -33.75 -110 29
    endloop
  endfacet
  facet normal 0.896845 0.442344 9.08371e-18
    outer loop
      vertex -71.0705 -120 29
      vertex -72.2276 -117.654 23
      vertex -72.2276 -117.654 29
    endloop
  endfacet
  facet normal 0.896845 0.442344 9.08371e-18
    outer loop
      vertex -72.2276 -117.654 23
      vertex -71.0705 -120 29
      vertex -71.0705 -120 23
    endloop
  endfacet
  facet normal -0.946961 0.321348 5.98927e-18
    outer loop
      vertex -35.2724 -117.654 23
      vertex -34.4315 -115.176 29
      vertex -34.4315 -115.176 23
    endloop
  endfacet
  facet normal -0.946961 0.321348 5.98927e-18
    outer loop
      vertex -34.4315 -115.176 29
      vertex -35.2724 -117.654 23
      vertex -35.2724 -117.654 29
    endloop
  endfacet
  facet normal 0.442299 -0.896868 0
    outer loop
      vertex -63.75 -92.6795 23
      vertex -61.4037 -91.5224 29
      vertex -63.75 -92.6795 29
    endloop
  endfacet
  facet normal 0.442299 -0.896868 0
    outer loop
      vertex -61.4037 -91.5224 29
      vertex -63.75 -92.6795 23
      vertex -61.4037 -91.5224 23
    endloop
  endfacet
  facet normal 0.831474 -0.555564 -9.73393e-18
    outer loop
      vertex -71.0705 -100 29
      vertex -69.6171 -97.8248 23
      vertex -69.6171 -97.8248 29
    endloop
  endfacet
  facet normal 0.831474 -0.555564 -9.73393e-18
    outer loop
      vertex -69.6171 -97.8248 23
      vertex -71.0705 -100 29
      vertex -71.0705 -100 23
    endloop
  endfacet
  facet normal 0.321463 0.946922 -0
    outer loop
      vertex -58.9264 -129.319 23
      vertex -61.4037 -128.478 29
      vertex -58.9264 -129.319 29
    endloop
  endfacet
  facet normal 0.321463 0.946922 0
    outer loop
      vertex -61.4037 -128.478 29
      vertex -58.9264 -129.319 23
      vertex -61.4037 -128.478 23
    endloop
  endfacet
  facet normal 0.751826 -0.659362 6.32821e-18
    outer loop
      vertex -69.6171 -97.8248 29
      vertex -67.8921 -95.8579 23
      vertex -67.8921 -95.8579 29
    endloop
  endfacet
  facet normal 0.751826 -0.659362 6.32821e-18
    outer loop
      vertex -67.8921 -95.8579 23
      vertex -69.6171 -97.8248 29
      vertex -69.6171 -97.8248 23
    endloop
  endfacet
  facet normal 0.555723 0.831368 -0
    outer loop
      vertex -63.75 -127.321 23
      vertex -65.9252 -125.867 29
      vertex -63.75 -127.321 29
    endloop
  endfacet
  facet normal 0.555723 0.831368 0
    outer loop
      vertex -65.9252 -125.867 29
      vertex -63.75 -127.321 23
      vertex -65.9252 -125.867 23
    endloop
  endfacet
  facet normal -0.0653646 0.997861 0
    outer loop
      vertex -51.1395 -129.829 23
      vertex -53.75 -130 29
      vertex -51.1395 -129.829 29
    endloop
  endfacet
  facet normal -0.0653646 0.997861 0
    outer loop
      vertex -53.75 -130 29
      vertex -51.1395 -129.829 23
      vertex -53.75 -130 23
    endloop
  endfacet
  facet normal -0.321463 0.946922 0
    outer loop
      vertex -46.0963 -128.478 23
      vertex -48.5736 -129.319 29
      vertex -46.0963 -128.478 29
    endloop
  endfacet
  facet normal -0.321463 0.946922 0
    outer loop
      vertex -48.5736 -129.319 29
      vertex -46.0963 -128.478 23
      vertex -48.5736 -129.319 23
    endloop
  endfacet
  facet normal -0.321429 -0.946934 0
    outer loop
      vertex -48.5736 -90.6815 23
      vertex -46.0963 -91.5224 29
      vertex -48.5736 -90.6815 29
    endloop
  endfacet
  facet normal -0.321429 -0.946934 -0
    outer loop
      vertex -46.0963 -91.5224 29
      vertex -48.5736 -90.6815 23
      vertex -46.0963 -91.5224 23
    endloop
  endfacet
  facet normal -0.0654027 -0.997859 0
    outer loop
      vertex -53.75 -90 23
      vertex -51.1395 -90.1711 29
      vertex -53.75 -90 29
    endloop
  endfacet
  facet normal -0.0654027 -0.997859 -0
    outer loop
      vertex -51.1395 -90.1711 29
      vertex -53.75 -90 23
      vertex -51.1395 -90.1711 23
    endloop
  endfacet
  facet normal 0.442268 0.896883 -0
    outer loop
      vertex -61.4037 -128.478 23
      vertex -63.75 -127.321 29
      vertex -61.4037 -128.478 29
    endloop
  endfacet
  facet normal 0.442268 0.896883 0
    outer loop
      vertex -63.75 -127.321 29
      vertex -61.4037 -128.478 23
      vertex -63.75 -127.321 23
    endloop
  endfacet
  facet normal 0.83145 0.5556 2.87921e-18
    outer loop
      vertex -69.6171 -122.175 29
      vertex -71.0705 -120 23
      vertex -71.0705 -120 29
    endloop
  endfacet
  facet normal 0.83145 0.5556 2.87921e-18
    outer loop
      vertex -71.0705 -120 23
      vertex -69.6171 -122.175 29
      vertex -69.6171 -122.175 23
    endloop
  endfacet
  facet normal 0.195089 -0.980786 0
    outer loop
      vertex -58.9264 -90.6815 23
      vertex -56.6319 -90.2251 29
      vertex -58.9264 -90.6815 29
    endloop
  endfacet
  facet normal 0.195094 -0.980784 -2.29598e-06
    outer loop
      vertex -56.3605 -90.1711 23
      vertex -56.6319 -90.2251 29
      vertex -58.9264 -90.6815 23
    endloop
  endfacet
  facet normal 0.195143 -0.980775 1.88554e-19
    outer loop
      vertex -56.6319 -90.2251 29
      vertex -56.3605 -90.1711 23
      vertex -56.3605 -90.1711 29
    endloop
  endfacet
  facet normal 0.0653646 0.997861 -0
    outer loop
      vertex -53.75 -130 23
      vertex -56.3605 -129.829 29
      vertex -53.75 -130 29
    endloop
  endfacet
  facet normal 0.0653646 0.997861 0
    outer loop
      vertex -56.3605 -129.829 29
      vertex -53.75 -130 23
      vertex -56.3605 -129.829 23
    endloop
  endfacet
  facet normal 0.99786 -0.0653902 -2.35933e-19
    outer loop
      vertex -73.75 -110 29
      vertex -73.5789 -107.389 23
      vertex -73.5789 -107.389 29
    endloop
  endfacet
  facet normal 0.99786 -0.0653902 -2.35933e-19
    outer loop
      vertex -73.5789 -107.389 23
      vertex -73.75 -110 29
      vertex -73.75 -110 23
    endloop
  endfacet
  facet normal -0.555564 -0.831474 0
    outer loop
      vertex -43.75 -92.6795 23
      vertex -41.5748 -94.1329 29
      vertex -43.75 -92.6795 29
    endloop
  endfacet
  facet normal -0.555564 -0.831474 -0
    outer loop
      vertex -41.5748 -94.1329 29
      vertex -43.75 -92.6795 23
      vertex -41.5748 -94.1329 23
    endloop
  endfacet
  facet normal -0.751842 0.659343 8.32874e-18
    outer loop
      vertex -39.6079 -124.142 23
      vertex -37.8829 -122.175 29
      vertex -37.8829 -122.175 23
    endloop
  endfacet
  facet normal -0.751842 0.659343 8.32874e-18
    outer loop
      vertex -37.8829 -122.175 29
      vertex -39.6079 -124.142 23
      vertex -39.6079 -124.142 29
    endloop
  endfacet
  facet normal 0.659362 0.751826 -0
    outer loop
      vertex -65.9252 -125.867 23
      vertex -67.8921 -124.142 29
      vertex -65.9252 -125.867 29
    endloop
  endfacet
  facet normal 0.659362 0.751826 0
    outer loop
      vertex -67.8921 -124.142 29
      vertex -65.9252 -125.867 23
      vertex -67.8921 -124.142 23
    endloop
  endfacet
  facet normal -0.751826 -0.659362 8.65489e-18
    outer loop
      vertex -37.8829 -97.8248 23
      vertex -39.6079 -95.8579 29
      vertex -39.6079 -95.8579 23
    endloop
  endfacet
  facet normal -0.751826 -0.659362 8.65489e-18
    outer loop
      vertex -39.6079 -95.8579 29
      vertex -37.8829 -97.8248 23
      vertex -37.8829 -97.8248 29
    endloop
  endfacet
  facet normal -0.83145 0.5556 -2.87921e-18
    outer loop
      vertex -37.8829 -122.175 23
      vertex -36.4295 -120 29
      vertex -36.4295 -120 23
    endloop
  endfacet
  facet normal -0.83145 0.5556 -2.87921e-18
    outer loop
      vertex -36.4295 -120 29
      vertex -37.8829 -122.175 23
      vertex -37.8829 -122.175 29
    endloop
  endfacet
  facet normal -0.442268 0.896883 0
    outer loop
      vertex -43.75 -127.321 23
      vertex -46.0963 -128.478 29
      vertex -43.75 -127.321 29
    endloop
  endfacet
  facet normal -0.442268 0.896883 0
    outer loop
      vertex -46.0963 -128.478 29
      vertex -43.75 -127.321 23
      vertex -46.0963 -128.478 23
    endloop
  endfacet
  facet normal -0.195094 -0.980784 0
    outer loop
      vertex -51.1395 -90.1711 23
      vertex -48.5736 -90.6815 29
      vertex -51.1395 -90.1711 29
    endloop
  endfacet
  facet normal -0.195094 -0.980784 -0
    outer loop
      vertex -48.5736 -90.6815 29
      vertex -51.1395 -90.1711 23
      vertex -48.5736 -90.6815 23
    endloop
  endfacet
  facet normal -0.980771 -0.19516 -6.98329e-18
    outer loop
      vertex -33.9211 -107.389 23
      vertex -34.4315 -104.824 29
      vertex -34.4315 -104.824 23
    endloop
  endfacet
  facet normal -0.980771 -0.19516 -6.98329e-18
    outer loop
      vertex -34.4315 -104.824 29
      vertex -33.9211 -107.389 23
      vertex -33.9211 -107.389 29
    endloop
  endfacet
  facet normal 0.0654027 -0.997859 0
    outer loop
      vertex -56.3605 -90.1711 23
      vertex -53.75 -90 29
      vertex -56.3605 -90.1711 29
    endloop
  endfacet
  facet normal 0.0654027 -0.997859 0
    outer loop
      vertex -53.75 -90 29
      vertex -56.3605 -90.1711 23
      vertex -53.75 -90 23
    endloop
  endfacet
  facet normal 0.980771 -0.19516 -6.0351e-18
    outer loop
      vertex -73.5789 -107.389 29
      vertex -73.0685 -104.824 23
      vertex -73.0685 -104.824 29
    endloop
  endfacet
  facet normal 0.980771 -0.19516 -6.0351e-18
    outer loop
      vertex -73.0685 -104.824 23
      vertex -73.5789 -107.389 29
      vertex -73.5789 -107.389 23
    endloop
  endfacet
  facet normal 0.321429 -0.946934 0
    outer loop
      vertex -61.4037 -91.5224 23
      vertex -58.9264 -90.6815 29
      vertex -61.4037 -91.5224 29
    endloop
  endfacet
  facet normal 0.321429 -0.946934 0
    outer loop
      vertex -58.9264 -90.6815 29
      vertex -61.4037 -91.5224 23
      vertex -58.9264 -90.6815 23
    endloop
  endfacet
  facet normal -0.896845 -0.442344 9.08371e-18
    outer loop
      vertex -35.2724 -102.346 23
      vertex -36.4295 -100 29
      vertex -36.4295 -100 23
    endloop
  endfacet
  facet normal -0.896845 -0.442344 9.08371e-18
    outer loop
      vertex -36.4295 -100 29
      vertex -35.2724 -102.346 23
      vertex -35.2724 -102.346 29
    endloop
  endfacet
  facet normal 0.896845 -0.442344 -9.08371e-18
    outer loop
      vertex -72.2276 -102.346 29
      vertex -71.0705 -100 23
      vertex -71.0705 -100 29
    endloop
  endfacet
  facet normal 0.896845 -0.442344 -9.08371e-18
    outer loop
      vertex -71.0705 -100 23
      vertex -72.2276 -102.346 29
      vertex -72.2276 -102.346 23
    endloop
  endfacet
  facet normal -0.946961 -0.321348 -5.98927e-18
    outer loop
      vertex -34.4315 -104.824 23
      vertex -35.2724 -102.346 29
      vertex -35.2724 -102.346 23
    endloop
  endfacet
  facet normal -0.946961 -0.321348 -5.98927e-18
    outer loop
      vertex -35.2724 -102.346 29
      vertex -34.4315 -104.824 23
      vertex -34.4315 -104.824 29
    endloop
  endfacet
  facet normal 0.946961 -0.321348 -3.9669e-18
    outer loop
      vertex -73.0685 -104.824 29
      vertex -72.2276 -102.346 23
      vertex -72.2276 -102.346 29
    endloop
  endfacet
  facet normal 0.946961 -0.321348 -3.9669e-18
    outer loop
      vertex -72.2276 -102.346 23
      vertex -73.0685 -104.824 29
      vertex -73.0685 -104.824 23
    endloop
  endfacet
  facet normal 0.751842 0.659343 5.0244e-18
    outer loop
      vertex -67.8921 -124.142 29
      vertex -69.6171 -122.175 23
      vertex -69.6171 -122.175 29
    endloop
  endfacet
  facet normal 0.751842 0.659343 5.0244e-18
    outer loop
      vertex -69.6171 -122.175 23
      vertex -67.8921 -124.142 29
      vertex -67.8921 -124.142 23
    endloop
  endfacet
  facet normal -0.980771 0.19516 6.98329e-18
    outer loop
      vertex -34.4315 -115.176 23
      vertex -33.9211 -112.611 29
      vertex -33.9211 -112.611 23
    endloop
  endfacet
  facet normal -0.980771 0.19516 6.98329e-18
    outer loop
      vertex -33.9211 -112.611 29
      vertex -34.4315 -115.176 23
      vertex -34.4315 -115.176 29
    endloop
  endfacet
  facet normal 0.555564 -0.831474 0
    outer loop
      vertex -65.9252 -94.1329 23
      vertex -63.75 -92.6795 29
      vertex -65.9252 -94.1329 29
    endloop
  endfacet
  facet normal 0.555564 -0.831474 0
    outer loop
      vertex -63.75 -92.6795 29
      vertex -65.9252 -94.1329 23
      vertex -63.75 -92.6795 23
    endloop
  endfacet
  facet normal -0.442299 -0.896868 0
    outer loop
      vertex -46.0963 -91.5224 23
      vertex -43.75 -92.6795 29
      vertex -46.0963 -91.5224 29
    endloop
  endfacet
  facet normal -0.442299 -0.896868 -0
    outer loop
      vertex -43.75 -92.6795 29
      vertex -46.0963 -91.5224 23
      vertex -43.75 -92.6795 23
    endloop
  endfacet
  facet normal -0.194947 0.980814 0
    outer loop
      vertex -48.5736 -129.319 23
      vertex -51.1395 -129.829 29
      vertex -48.5736 -129.319 29
    endloop
  endfacet
  facet normal -0.194947 0.980814 0
    outer loop
      vertex -51.1395 -129.829 29
      vertex -48.5736 -129.319 23
      vertex -51.1395 -129.829 23
    endloop
  endfacet
  facet normal -0.99786 0.0653902 4.9952e-19
    outer loop
      vertex -33.9211 -112.611 23
      vertex -33.75 -110 29
      vertex -33.75 -110 23
    endloop
  endfacet
  facet normal -0.99786 0.0653902 4.9952e-19
    outer loop
      vertex -33.75 -110 29
      vertex -33.9211 -112.611 23
      vertex -33.9211 -112.611 29
    endloop
  endfacet
  facet normal -0.555723 0.831368 0
    outer loop
      vertex -41.5748 -125.867 23
      vertex -43.75 -127.321 29
      vertex -41.5748 -125.867 29
    endloop
  endfacet
  facet normal -0.555723 0.831368 0
    outer loop
      vertex -43.75 -127.321 29
      vertex -41.5748 -125.867 23
      vertex -43.75 -127.321 23
    endloop
  endfacet
  facet normal -0.659362 0.751826 0
    outer loop
      vertex -39.6079 -124.142 23
      vertex -41.5748 -125.867 29
      vertex -39.6079 -124.142 29
    endloop
  endfacet
  facet normal -0.659362 0.751826 0
    outer loop
      vertex -41.5748 -125.867 29
      vertex -39.6079 -124.142 23
      vertex -41.5748 -125.867 23
    endloop
  endfacet
  facet normal -0.831474 -0.555564 9.73393e-18
    outer loop
      vertex -36.4295 -100 23
      vertex -37.8829 -97.8248 29
      vertex -37.8829 -97.8248 23
    endloop
  endfacet
  facet normal -0.831474 -0.555564 9.73393e-18
    outer loop
      vertex -37.8829 -97.8248 29
      vertex -36.4295 -100 23
      vertex -36.4295 -100 29
    endloop
  endfacet
  facet normal 0 0 1
    outer loop
      vertex -33.9211 -107.389 23
      vertex -33.9211 -112.611 23
      vertex -33.75 -110 23
    endloop
  endfacet
  facet normal 0 0 1
    outer loop
      vertex -34.4315 -104.824 23
      vertex -33.9211 -112.611 23
      vertex -33.9211 -107.389 23
    endloop
  endfacet
  facet normal 0 0 1
    outer loop
      vertex -34.4315 -104.824 23
      vertex -34.4315 -115.176 23
      vertex -33.9211 -112.611 23
    endloop
  endfacet
  facet normal 0 0 1
    outer loop
      vertex -35.2724 -102.346 23
      vertex -34.4315 -115.176 23
      vertex -34.4315 -104.824 23
    endloop
  endfacet
  facet normal 0 0 1
    outer loop
      vertex -35.2724 -102.346 23
      vertex -35.2724 -117.654 23
      vertex -34.4315 -115.176 23
    endloop
  endfacet
  facet normal 0 0 1
    outer loop
      vertex -36.4295 -100 23
      vertex -35.2724 -117.654 23
      vertex -35.2724 -102.346 23
    endloop
  endfacet
  facet normal 0 0 1
    outer loop
      vertex -36.4295 -100 23
      vertex -36.4295 -120 23
      vertex -35.2724 -117.654 23
    endloop
  endfacet
  facet normal 0 0 1
    outer loop
      vertex -37.8829 -97.8248 23
      vertex -36.4295 -120 23
      vertex -36.4295 -100 23
    endloop
  endfacet
  facet normal 0 0 1
    outer loop
      vertex -37.8829 -97.8248 23
      vertex -37.8829 -122.175 23
      vertex -36.4295 -120 23
    endloop
  endfacet
  facet normal 0 0 1
    outer loop
      vertex -39.6079 -95.8579 23
      vertex -37.8829 -122.175 23
      vertex -37.8829 -97.8248 23
    endloop
  endfacet
  facet normal 0 0 1
    outer loop
      vertex -39.6079 -95.8579 23
      vertex -39.6079 -124.142 23
      vertex -37.8829 -122.175 23
    endloop
  endfacet
  facet normal 0 0 1
    outer loop
      vertex -41.5748 -94.1329 23
      vertex -39.6079 -124.142 23
      vertex -39.6079 -95.8579 23
    endloop
  endfacet
  facet normal 0 0 1
    outer loop
      vertex -41.5748 -94.1329 23
      vertex -41.5748 -125.867 23
      vertex -39.6079 -124.142 23
    endloop
  endfacet
  facet normal 0 0 1
    outer loop
      vertex -43.75 -92.6795 23
      vertex -41.5748 -125.867 23
      vertex -41.5748 -94.1329 23
    endloop
  endfacet
  facet normal 0 0 1
    outer loop
      vertex -43.75 -92.6795 23
      vertex -43.75 -127.321 23
      vertex -41.5748 -125.867 23
    endloop
  endfacet
  facet normal 0 0 1
    outer loop
      vertex -46.0963 -91.5224 23
      vertex -43.75 -127.321 23
      vertex -43.75 -92.6795 23
    endloop
  endfacet
  facet normal 0 0 1
    outer loop
      vertex -46.0963 -91.5224 23
      vertex -46.0963 -128.478 23
      vertex -43.75 -127.321 23
    endloop
  endfacet
  facet normal 0 0 1
    outer loop
      vertex -48.5736 -90.6815 23
      vertex -46.0963 -128.478 23
      vertex -46.0963 -91.5224 23
    endloop
  endfacet
  facet normal 0 0 1
    outer loop
      vertex -48.5736 -90.6815 23
      vertex -48.5736 -129.319 23
      vertex -46.0963 -128.478 23
    endloop
  endfacet
  facet normal 0 0 1
    outer loop
      vertex -51.1395 -90.1711 23
      vertex -48.5736 -129.319 23
      vertex -48.5736 -90.6815 23
    endloop
  endfacet
  facet normal 0 0 1
    outer loop
      vertex -51.1395 -90.1711 23
      vertex -51.1395 -129.829 23
      vertex -48.5736 -129.319 23
    endloop
  endfacet
  facet normal 0 0 1
    outer loop
      vertex -53.75 -90 23
      vertex -51.1395 -129.829 23
      vertex -51.1395 -90.1711 23
    endloop
  endfacet
  facet normal 0 0 1
    outer loop
      vertex -53.75 -90 23
      vertex -53.75 -130 23
      vertex -51.1395 -129.829 23
    endloop
  endfacet
  facet normal -0 0 1
    outer loop
      vertex -56.3605 -90.1711 23
      vertex -53.75 -130 23
      vertex -53.75 -90 23
    endloop
  endfacet
  facet normal 0 0 1
    outer loop
      vertex -56.3605 -90.1711 23
      vertex -56.3605 -129.829 23
      vertex -53.75 -130 23
    endloop
  endfacet
  facet normal -0 0 1
    outer loop
      vertex -58.9264 -90.6815 23
      vertex -56.3605 -129.829 23
      vertex -56.3605 -90.1711 23
    endloop
  endfacet
  facet normal 0 0 1
    outer loop
      vertex -58.9264 -90.6815 23
      vertex -58.9264 -129.319 23
      vertex -56.3605 -129.829 23
    endloop
  endfacet
  facet normal -0 0 1
    outer loop
      vertex -61.4037 -91.5224 23
      vertex -58.9264 -129.319 23
      vertex -58.9264 -90.6815 23
    endloop
  endfacet
  facet normal 0 0 1
    outer loop
      vertex -61.4037 -91.5224 23
      vertex -61.4037 -128.478 23
      vertex -58.9264 -129.319 23
    endloop
  endfacet
  facet normal -0 0 1
    outer loop
      vertex -63.75 -92.6795 23
      vertex -61.4037 -128.478 23
      vertex -61.4037 -91.5224 23
    endloop
  endfacet
  facet normal 0 0 1
    outer loop
      vertex -63.75 -92.6795 23
      vertex -63.75 -127.321 23
      vertex -61.4037 -128.478 23
    endloop
  endfacet
  facet normal -0 0 1
    outer loop
      vertex -65.9252 -94.1329 23
      vertex -63.75 -127.321 23
      vertex -63.75 -92.6795 23
    endloop
  endfacet
  facet normal 0 0 1
    outer loop
      vertex -65.9252 -94.1329 23
      vertex -65.9252 -125.867 23
      vertex -63.75 -127.321 23
    endloop
  endfacet
  facet normal -0 0 1
    outer loop
      vertex -67.8921 -95.8579 23
      vertex -65.9252 -125.867 23
      vertex -65.9252 -94.1329 23
    endloop
  endfacet
  facet normal 0 0 1
    outer loop
      vertex -67.8921 -95.8579 23
      vertex -67.8921 -124.142 23
      vertex -65.9252 -125.867 23
    endloop
  endfacet
  facet normal -0 0 1
    outer loop
      vertex -69.6171 -97.8248 23
      vertex -67.8921 -124.142 23
      vertex -67.8921 -95.8579 23
    endloop
  endfacet
  facet normal 0 0 1
    outer loop
      vertex -69.6171 -97.8248 23
      vertex -69.6171 -122.175 23
      vertex -67.8921 -124.142 23
    endloop
  endfacet
  facet normal -0 0 1
    outer loop
      vertex -71.0705 -100 23
      vertex -69.6171 -122.175 23
      vertex -69.6171 -97.8248 23
    endloop
  endfacet
  facet normal 0 0 1
    outer loop
      vertex -71.0705 -100 23
      vertex -71.0705 -120 23
      vertex -69.6171 -122.175 23
    endloop
  endfacet
  facet normal -0 0 1
    outer loop
      vertex -72.2276 -102.346 23
      vertex -71.0705 -120 23
      vertex -71.0705 -100 23
    endloop
  endfacet
  facet normal 0 0 1
    outer loop
      vertex -72.2276 -102.346 23
      vertex -72.2276 -117.654 23
      vertex -71.0705 -120 23
    endloop
  endfacet
  facet normal -0 0 1
    outer loop
      vertex -73.0685 -104.824 23
      vertex -72.2276 -117.654 23
      vertex -72.2276 -102.346 23
    endloop
  endfacet
  facet normal 0 0 1
    outer loop
      vertex -73.0685 -104.824 23
      vertex -73.0685 -115.176 23
      vertex -72.2276 -117.654 23
    endloop
  endfacet
  facet normal -0 0 1
    outer loop
      vertex -73.5789 -107.389 23
      vertex -73.0685 -115.176 23
      vertex -73.0685 -104.824 23
    endloop
  endfacet
  facet normal 0 0 1
    outer loop
      vertex -73.5789 -107.389 23
      vertex -73.5789 -112.611 23
      vertex -73.0685 -115.176 23
    endloop
  endfacet
  facet normal 0 -0 1
    outer loop
      vertex -73.5789 -112.611 23
      vertex -73.5789 -107.389 23
      vertex -73.75 -110 23
    endloop
  endfacet
  facet normal 0.195143 0.980775 -0
    outer loop
      vertex -56.3605 -129.829 23
      vertex -56.6319 -129.775 29
      vertex -56.3605 -129.829 29
    endloop
  endfacet
  facet normal 0.194947 0.980814 -9.21221e-06
    outer loop
      vertex -58.9264 -129.319 23
      vertex -56.6319 -129.775 29
      vertex -56.3605 -129.829 23
    endloop
  endfacet
  facet normal 0.194924 0.980818 -2.64449e-18
    outer loop
      vertex -56.6319 -129.775 29
      vertex -58.9264 -129.319 23
      vertex -58.9264 -129.319 29
    endloop
  endfacet
  facet normal 0.946961 0.321348 1.56837e-18
    outer loop
      vertex -18.4776 -171.404 29
      vertex -19.3185 -168.926 23
      vertex -19.3185 -168.926 29
    endloop
  endfacet
  facet normal 0.946961 0.321348 1.56837e-18
    outer loop
      vertex -19.3185 -168.926 23
      vertex -18.4776 -171.404 29
      vertex -18.4776 -171.404 23
    endloop
  endfacet
  facet normal -0.19495 0.980813 0
    outer loop
      vertex 5.17638 -183.069 23
      vertex 2.61052 -183.579 29
      vertex 5.17638 -183.069 29
    endloop
  endfacet
  facet normal -0.19495 0.980813 0
    outer loop
      vertex 2.61052 -183.579 29
      vertex 5.17638 -183.069 23
      vertex 2.61052 -183.579 23
    endloop
  endfacet
  facet normal -0.321465 0.946922 0
    outer loop
      vertex 7.65367 -182.228 23
      vertex 5.17638 -183.069 29
      vertex 7.65367 -182.228 29
    endloop
  endfacet
  facet normal -0.321465 0.946922 0
    outer loop
      vertex 5.17638 -183.069 29
      vertex 7.65367 -182.228 23
      vertex 5.17638 -183.069 23
    endloop
  endfacet
  facet normal 0.751842 -0.659343 2.67063e-18
    outer loop
      vertex -15.8671 -151.575 29
      vertex -14.1421 -149.608 23
      vertex -14.1421 -149.608 29
    endloop
  endfacet
  facet normal 0.751842 -0.659343 2.67063e-18
    outer loop
      vertex -14.1421 -149.608 23
      vertex -15.8671 -151.575 29
      vertex -15.8671 -151.575 23
    endloop
  endfacet
  facet normal -0.442264 -0.896885 0
    outer loop
      vertex 7.65367 -145.272 23
      vertex 10 -146.429 29
      vertex 7.65367 -145.272 29
    endloop
  endfacet
  facet normal -0.442264 -0.896885 -0
    outer loop
      vertex 10 -146.429 29
      vertex 7.65367 -145.272 23
      vertex 10 -146.429 23
    endloop
  endfacet
  facet normal -0.0653641 0.997861 0
    outer loop
      vertex 2.61052 -183.579 23
      vertex 0 -183.75 29
      vertex 2.61052 -183.579 29
    endloop
  endfacet
  facet normal -0.0653641 0.997861 0
    outer loop
      vertex 0 -183.75 29
      vertex 2.61052 -183.579 23
      vertex 0 -183.75 23
    endloop
  endfacet
  facet normal 0.0653641 -0.997861 0
    outer loop
      vertex -2.61052 -143.921 23
      vertex 0 -143.75 29
      vertex -2.61052 -143.921 29
    endloop
  endfacet
  facet normal 0.0653641 -0.997861 0
    outer loop
      vertex 0 -143.75 29
      vertex -2.61052 -143.921 23
      vertex 0 -143.75 23
    endloop
  endfacet
  facet normal -0.442264 0.896885 0
    outer loop
      vertex 10 -181.071 23
      vertex 7.65367 -182.228 29
      vertex 10 -181.071 29
    endloop
  endfacet
  facet normal -0.442264 0.896885 0
    outer loop
      vertex 7.65367 -182.228 29
      vertex 10 -181.071 23
      vertex 7.65367 -182.228 23
    endloop
  endfacet
  facet normal 0.896845 0.442344 9.08371e-18
    outer loop
      vertex -17.3205 -173.75 29
      vertex -18.4776 -171.404 23
      vertex -18.4776 -171.404 29
    endloop
  endfacet
  facet normal 0.896845 0.442344 9.08371e-18
    outer loop
      vertex -18.4776 -171.404 23
      vertex -17.3205 -173.75 29
      vertex -17.3205 -173.75 23
    endloop
  endfacet
  facet normal 0.555723 0.831368 -0
    outer loop
      vertex -10 -181.071 23
      vertex -12.1752 -179.617 29
      vertex -10 -181.071 29
    endloop
  endfacet
  facet normal 0.555723 0.831368 0
    outer loop
      vertex -12.1752 -179.617 29
      vertex -10 -181.071 23
      vertex -12.1752 -179.617 23
    endloop
  endfacet
  facet normal -0.946961 0.321348 -1.56837e-18
    outer loop
      vertex 18.4776 -171.404 23
      vertex 19.3185 -168.926 29
      vertex 19.3185 -168.926 23
    endloop
  endfacet
  facet normal -0.946961 0.321348 -1.56837e-18
    outer loop
      vertex 19.3185 -168.926 29
      vertex 18.4776 -171.404 23
      vertex 18.4776 -171.404 29
    endloop
  endfacet
  facet normal 0.751842 0.659343 -2.67063e-18
    outer loop
      vertex -14.1421 -177.892 29
      vertex -15.8671 -175.925 23
      vertex -15.8671 -175.925 29
    endloop
  endfacet
  facet normal 0.751842 0.659343 -2.67063e-18
    outer loop
      vertex -15.8671 -175.925 23
      vertex -14.1421 -177.892 29
      vertex -14.1421 -177.892 23
    endloop
  endfacet
  facet normal -0.0653641 -0.997861 0
    outer loop
      vertex 0 -143.75 23
      vertex 2.61052 -143.921 29
      vertex 0 -143.75 29
    endloop
  endfacet
  facet normal -0.0653641 -0.997861 -0
    outer loop
      vertex 2.61052 -143.921 29
      vertex 0 -143.75 23
      vertex 2.61052 -143.921 23
    endloop
  endfacet
  facet normal -0.83145 0.5556 1.9919e-19
    outer loop
      vertex 15.8671 -175.925 23
      vertex 17.3205 -173.75 29
      vertex 17.3205 -173.75 23
    endloop
  endfacet
  facet normal -0.83145 0.5556 1.9919e-19
    outer loop
      vertex 17.3205 -173.75 29
      vertex 15.8671 -175.925 23
      vertex 15.8671 -175.925 29
    endloop
  endfacet
  facet normal -0.659362 -0.751826 0
    outer loop
      vertex 12.1752 -147.883 23
      vertex 14.1421 -149.608 29
      vertex 12.1752 -147.883 29
    endloop
  endfacet
  facet normal -0.659362 -0.751826 -0
    outer loop
      vertex 14.1421 -149.608 29
      vertex 12.1752 -147.883 23
      vertex 14.1421 -149.608 23
    endloop
  endfacet
  facet normal -0.99786 -0.0653902 -8.33302e-19
    outer loop
      vertex 20 -163.75 23
      vertex 19.8289 -161.139 29
      vertex 19.8289 -161.139 23
    endloop
  endfacet
  facet normal -0.99786 -0.0653902 -8.33302e-19
    outer loop
      vertex 19.8289 -161.139 29
      vertex 20 -163.75 23
      vertex 20 -163.75 29
    endloop
  endfacet
  facet normal 0.946961 -0.321348 -1.56837e-18
    outer loop
      vertex -19.3185 -158.574 29
      vertex -18.4776 -156.096 23
      vertex -18.4776 -156.096 29
    endloop
  endfacet
  facet normal 0.946961 -0.321348 -1.56837e-18
    outer loop
      vertex -18.4776 -156.096 23
      vertex -19.3185 -158.574 29
      vertex -19.3185 -158.574 23
    endloop
  endfacet
  facet normal -0.896845 -0.442344 9.08371e-18
    outer loop
      vertex 18.4776 -156.096 23
      vertex 17.3205 -153.75 29
      vertex 17.3205 -153.75 23
    endloop
  endfacet
  facet normal -0.896845 -0.442344 9.08371e-18
    outer loop
      vertex 17.3205 -153.75 29
      vertex 18.4776 -156.096 23
      vertex 18.4776 -156.096 29
    endloop
  endfacet
  facet normal 0.99786 -0.0653902 8.33302e-19
    outer loop
      vertex -20 -163.75 29
      vertex -19.8289 -161.139 23
      vertex -19.8289 -161.139 29
    endloop
  endfacet
  facet normal 0.99786 -0.0653902 8.33302e-19
    outer loop
      vertex -19.8289 -161.139 23
      vertex -20 -163.75 29
      vertex -20 -163.75 23
    endloop
  endfacet
  facet normal -0.896845 0.442344 -9.08371e-18
    outer loop
      vertex 17.3205 -173.75 23
      vertex 18.4776 -171.404 29
      vertex 18.4776 -171.404 23
    endloop
  endfacet
  facet normal -0.896845 0.442344 -9.08371e-18
    outer loop
      vertex 18.4776 -171.404 29
      vertex 17.3205 -173.75 23
      vertex 17.3205 -173.75 29
    endloop
  endfacet
  facet normal -0.555723 0.831368 0
    outer loop
      vertex 12.1752 -179.617 23
      vertex 10 -181.071 29
      vertex 12.1752 -179.617 29
    endloop
  endfacet
  facet normal -0.555723 0.831368 0
    outer loop
      vertex 10 -181.071 29
      vertex 12.1752 -179.617 23
      vertex 10 -181.071 23
    endloop
  endfacet
  facet normal 0.83145 0.5556 -1.9919e-19
    outer loop
      vertex -15.8671 -175.925 29
      vertex -17.3205 -173.75 23
      vertex -17.3205 -173.75 29
    endloop
  endfacet
  facet normal 0.83145 0.5556 -1.9919e-19
    outer loop
      vertex -17.3205 -173.75 23
      vertex -15.8671 -175.925 29
      vertex -15.8671 -175.925 23
    endloop
  endfacet
  facet normal -0.321465 -0.946922 0
    outer loop
      vertex 5.17638 -144.431 23
      vertex 7.65367 -145.272 29
      vertex 5.17638 -144.431 29
    endloop
  endfacet
  facet normal -0.321465 -0.946922 -0
    outer loop
      vertex 7.65367 -145.272 29
      vertex 5.17638 -144.431 23
      vertex 7.65367 -145.272 23
    endloop
  endfacet
  facet normal 0.98072 0.19542 -1.55488e-19
    outer loop
      vertex -19.7749 -166.632 29
      vertex -19.8289 -166.361 23
      vertex -19.8289 -166.361 29
    endloop
  endfacet
  facet normal 0.980778 0.195129 -0
    outer loop
      vertex -19.3185 -168.926 23
      vertex -19.7749 -166.632 29
      vertex -19.3185 -168.926 29
    endloop
  endfacet
  facet normal 0.980771 0.19516 -1.22103e-05
    outer loop
      vertex -19.7749 -166.632 29
      vertex -19.3185 -168.926 23
      vertex -19.8289 -166.361 23
    endloop
  endfacet
  facet normal 0.659362 0.751826 -0
    outer loop
      vertex -12.1752 -179.617 23
      vertex -14.1421 -177.892 29
      vertex -12.1752 -179.617 29
    endloop
  endfacet
  facet normal 0.659362 0.751826 0
    outer loop
      vertex -14.1421 -177.892 29
      vertex -12.1752 -179.617 23
      vertex -14.1421 -177.892 23
    endloop
  endfacet
  facet normal -0.99786 0.0653902 8.33302e-19
    outer loop
      vertex 19.8289 -166.361 23
      vertex 20 -163.75 29
      vertex 20 -163.75 23
    endloop
  endfacet
  facet normal -0.99786 0.0653902 8.33302e-19
    outer loop
      vertex 20 -163.75 29
      vertex 19.8289 -166.361 23
      vertex 19.8289 -166.361 29
    endloop
  endfacet
  facet normal 0.0653641 0.997861 -0
    outer loop
      vertex 0 -183.75 23
      vertex -2.61052 -183.579 29
      vertex 0 -183.75 29
    endloop
  endfacet
  facet normal 0.0653641 0.997861 0
    outer loop
      vertex -2.61052 -183.579 29
      vertex 0 -183.75 23
      vertex -2.61052 -183.579 23
    endloop
  endfacet
  facet normal 0.83145 -0.5556 1.9919e-19
    outer loop
      vertex -17.3205 -153.75 29
      vertex -15.8671 -151.575 23
      vertex -15.8671 -151.575 29
    endloop
  endfacet
  facet normal 0.83145 -0.5556 1.9919e-19
    outer loop
      vertex -15.8671 -151.575 23
      vertex -17.3205 -153.75 29
      vertex -17.3205 -153.75 23
    endloop
  endfacet
  facet normal -0.751842 0.659343 2.67063e-18
    outer loop
      vertex 14.1421 -177.892 23
      vertex 15.8671 -175.925 29
      vertex 15.8671 -175.925 23
    endloop
  endfacet
  facet normal -0.751842 0.659343 2.67063e-18
    outer loop
      vertex 15.8671 -175.925 29
      vertex 14.1421 -177.892 23
      vertex 14.1421 -177.892 29
    endloop
  endfacet
  facet normal 0.659362 -0.751826 0
    outer loop
      vertex -14.1421 -149.608 23
      vertex -12.1752 -147.883 29
      vertex -14.1421 -149.608 29
    endloop
  endfacet
  facet normal 0.659362 -0.751826 0
    outer loop
      vertex -12.1752 -147.883 29
      vertex -14.1421 -149.608 23
      vertex -12.1752 -147.883 23
    endloop
  endfacet
  facet normal -0.555723 -0.831368 0
    outer loop
      vertex 10 -146.429 23
      vertex 12.1752 -147.883 29
      vertex 10 -146.429 29
    endloop
  endfacet
  facet normal -0.555723 -0.831368 -0
    outer loop
      vertex 12.1752 -147.883 29
      vertex 10 -146.429 23
      vertex 12.1752 -147.883 23
    endloop
  endfacet
  facet normal 0.980771 -0.19516 -6.60112e-18
    outer loop
      vertex -19.8289 -161.139 29
      vertex -19.3185 -158.574 23
      vertex -19.3185 -158.574 29
    endloop
  endfacet
  facet normal 0.980771 -0.19516 -6.60112e-18
    outer loop
      vertex -19.3185 -158.574 23
      vertex -19.8289 -161.139 29
      vertex -19.8289 -161.139 23
    endloop
  endfacet
  facet normal 0.19495 -0.980813 0
    outer loop
      vertex -5.17638 -144.431 23
      vertex -2.61052 -143.921 29
      vertex -5.17638 -144.431 29
    endloop
  endfacet
  facet normal 0.19495 -0.980813 0
    outer loop
      vertex -2.61052 -143.921 29
      vertex -5.17638 -144.431 23
      vertex -2.61052 -143.921 23
    endloop
  endfacet
  facet normal 0.99786 0.0653902 -8.33302e-19
    outer loop
      vertex -19.8289 -166.361 29
      vertex -20 -163.75 23
      vertex -20 -163.75 29
    endloop
  endfacet
  facet normal 0.99786 0.0653902 -8.33302e-19
    outer loop
      vertex -20 -163.75 23
      vertex -19.8289 -166.361 29
      vertex -19.8289 -166.361 23
    endloop
  endfacet
  facet normal -0.946961 -0.321348 1.56837e-18
    outer loop
      vertex 19.3185 -158.574 23
      vertex 18.4776 -156.096 29
      vertex 18.4776 -156.096 23
    endloop
  endfacet
  facet normal -0.946961 -0.321348 1.56837e-18
    outer loop
      vertex 18.4776 -156.096 29
      vertex 19.3185 -158.574 23
      vertex 19.3185 -158.574 29
    endloop
  endfacet
  facet normal -0.83145 -0.5556 -1.9919e-19
    outer loop
      vertex 17.3205 -153.75 23
      vertex 15.8671 -151.575 29
      vertex 15.8671 -151.575 23
    endloop
  endfacet
  facet normal -0.83145 -0.5556 -1.9919e-19
    outer loop
      vertex 15.8671 -151.575 29
      vertex 17.3205 -153.75 23
      vertex 17.3205 -153.75 29
    endloop
  endfacet
  facet normal 0.19495 0.980813 -0
    outer loop
      vertex -2.61052 -183.579 23
      vertex -5.17638 -183.069 29
      vertex -2.61052 -183.579 29
    endloop
  endfacet
  facet normal 0.19495 0.980813 0
    outer loop
      vertex -5.17638 -183.069 29
      vertex -2.61052 -183.579 23
      vertex -5.17638 -183.069 23
    endloop
  endfacet
  facet normal 0.442264 -0.896885 0
    outer loop
      vertex -10 -146.429 23
      vertex -7.65367 -145.272 29
      vertex -10 -146.429 29
    endloop
  endfacet
  facet normal 0.442264 -0.896885 0
    outer loop
      vertex -7.65367 -145.272 29
      vertex -10 -146.429 23
      vertex -7.65367 -145.272 23
    endloop
  endfacet
  facet normal 0.442264 0.896885 -0
    outer loop
      vertex -7.65367 -182.228 23
      vertex -10 -181.071 29
      vertex -7.65367 -182.228 29
    endloop
  endfacet
  facet normal 0.442264 0.896885 0
    outer loop
      vertex -10 -181.071 29
      vertex -7.65367 -182.228 23
      vertex -10 -181.071 23
    endloop
  endfacet
  facet normal 0.321465 -0.946922 0
    outer loop
      vertex -7.65367 -145.272 23
      vertex -5.17638 -144.431 29
      vertex -7.65367 -145.272 29
    endloop
  endfacet
  facet normal 0.321465 -0.946922 0
    outer loop
      vertex -5.17638 -144.431 29
      vertex -7.65367 -145.272 23
      vertex -5.17638 -144.431 23
    endloop
  endfacet
  facet normal 0.321465 0.946922 -0
    outer loop
      vertex -5.17638 -183.069 23
      vertex -7.65367 -182.228 29
      vertex -5.17638 -183.069 29
    endloop
  endfacet
  facet normal 0.321465 0.946922 0
    outer loop
      vertex -7.65367 -182.228 29
      vertex -5.17638 -183.069 23
      vertex -7.65367 -182.228 23
    endloop
  endfacet
  facet normal -0.659362 0.751826 0
    outer loop
      vertex 14.1421 -177.892 23
      vertex 12.1752 -179.617 29
      vertex 14.1421 -177.892 29
    endloop
  endfacet
  facet normal -0.659362 0.751826 0
    outer loop
      vertex 12.1752 -179.617 29
      vertex 14.1421 -177.892 23
      vertex 12.1752 -179.617 23
    endloop
  endfacet
  facet normal 0.896845 -0.442344 -9.08371e-18
    outer loop
      vertex -18.4776 -156.096 29
      vertex -17.3205 -153.75 23
      vertex -17.3205 -153.75 29
    endloop
  endfacet
  facet normal 0.896845 -0.442344 -9.08371e-18
    outer loop
      vertex -17.3205 -153.75 23
      vertex -18.4776 -156.096 29
      vertex -18.4776 -156.096 23
    endloop
  endfacet
  facet normal -0.980771 -0.19516 6.60112e-18
    outer loop
      vertex 19.8289 -161.139 23
      vertex 19.3185 -158.574 29
      vertex 19.3185 -158.574 23
    endloop
  endfacet
  facet normal -0.980771 -0.19516 6.60112e-18
    outer loop
      vertex 19.3185 -158.574 29
      vertex 19.8289 -161.139 23
      vertex 19.8289 -161.139 29
    endloop
  endfacet
  facet normal -0.19495 -0.980813 0
    outer loop
      vertex 2.61052 -143.921 23
      vertex 5.17638 -144.431 29
      vertex 2.61052 -143.921 29
    endloop
  endfacet
  facet normal -0.19495 -0.980813 -0
    outer loop
      vertex 5.17638 -144.431 29
      vertex 2.61052 -143.921 23
      vertex 5.17638 -144.431 23
    endloop
  endfacet
  facet normal -0.751842 -0.659343 -2.67063e-18
    outer loop
      vertex 15.8671 -151.575 23
      vertex 14.1421 -149.608 29
      vertex 14.1421 -149.608 23
    endloop
  endfacet
  facet normal -0.751842 -0.659343 -2.67063e-18
    outer loop
      vertex 14.1421 -149.608 29
      vertex 15.8671 -151.575 23
      vertex 15.8671 -151.575 29
    endloop
  endfacet
  facet normal 0.555723 -0.831368 0
    outer loop
      vertex -12.1752 -147.883 23
      vertex -10 -146.429 29
      vertex -12.1752 -147.883 29
    endloop
  endfacet
  facet normal 0.555723 -0.831368 0
    outer loop
      vertex -10 -146.429 29
      vertex -12.1752 -147.883 23
      vertex -10 -146.429 23
    endloop
  endfacet
  facet normal -0.98072 0.19542 0
    outer loop
      vertex 19.8289 -166.361 23
      vertex 19.7749 -166.632 29
      vertex 19.8289 -166.361 29
    endloop
  endfacet
  facet normal -0.980771 0.19516 -1.22103e-05
    outer loop
      vertex 19.3185 -168.926 23
      vertex 19.7749 -166.632 29
      vertex 19.8289 -166.361 23
    endloop
  endfacet
  facet normal -0.980778 0.195129 -7.07051e-18
    outer loop
      vertex 19.7749 -166.632 29
      vertex 19.3185 -168.926 23
      vertex 19.3185 -168.926 29
    endloop
  endfacet
  facet normal 0 0 1
    outer loop
      vertex 19.8289 -161.139 23
      vertex 19.8289 -166.361 23
      vertex 20 -163.75 23
    endloop
  endfacet
  facet normal 0 0 1
    outer loop
      vertex 19.3185 -158.574 23
      vertex 19.8289 -166.361 23
      vertex 19.8289 -161.139 23
    endloop
  endfacet
  facet normal 0 0 1
    outer loop
      vertex 19.3185 -158.574 23
      vertex 19.3185 -168.926 23
      vertex 19.8289 -166.361 23
    endloop
  endfacet
  facet normal 0 0 1
    outer loop
      vertex 18.4776 -156.096 23
      vertex 19.3185 -168.926 23
      vertex 19.3185 -158.574 23
    endloop
  endfacet
  facet normal 0 0 1
    outer loop
      vertex 18.4776 -156.096 23
      vertex 18.4776 -171.404 23
      vertex 19.3185 -168.926 23
    endloop
  endfacet
  facet normal 0 0 1
    outer loop
      vertex 17.3205 -153.75 23
      vertex 18.4776 -171.404 23
      vertex 18.4776 -156.096 23
    endloop
  endfacet
  facet normal 0 0 1
    outer loop
      vertex 17.3205 -153.75 23
      vertex 17.3205 -173.75 23
      vertex 18.4776 -171.404 23
    endloop
  endfacet
  facet normal 0 0 1
    outer loop
      vertex 15.8671 -151.575 23
      vertex 17.3205 -173.75 23
      vertex 17.3205 -153.75 23
    endloop
  endfacet
  facet normal 0 0 1
    outer loop
      vertex 15.8671 -151.575 23
      vertex 15.8671 -175.925 23
      vertex 17.3205 -173.75 23
    endloop
  endfacet
  facet normal 0 0 1
    outer loop
      vertex 14.1421 -149.608 23
      vertex 15.8671 -175.925 23
      vertex 15.8671 -151.575 23
    endloop
  endfacet
  facet normal 0 0 1
    outer loop
      vertex 14.1421 -149.608 23
      vertex 14.1421 -177.892 23
      vertex 15.8671 -175.925 23
    endloop
  endfacet
  facet normal 0 0 1
    outer loop
      vertex 12.1752 -147.883 23
      vertex 14.1421 -177.892 23
      vertex 14.1421 -149.608 23
    endloop
  endfacet
  facet normal 0 0 1
    outer loop
      vertex 12.1752 -147.883 23
      vertex 12.1752 -179.617 23
      vertex 14.1421 -177.892 23
    endloop
  endfacet
  facet normal 0 0 1
    outer loop
      vertex 10 -146.429 23
      vertex 12.1752 -179.617 23
      vertex 12.1752 -147.883 23
    endloop
  endfacet
  facet normal 0 0 1
    outer loop
      vertex 10 -146.429 23
      vertex 10 -181.071 23
      vertex 12.1752 -179.617 23
    endloop
  endfacet
  facet normal 0 0 1
    outer loop
      vertex 7.65367 -145.272 23
      vertex 10 -181.071 23
      vertex 10 -146.429 23
    endloop
  endfacet
  facet normal 0 0 1
    outer loop
      vertex 7.65367 -145.272 23
      vertex 7.65367 -182.228 23
      vertex 10 -181.071 23
    endloop
  endfacet
  facet normal 0 0 1
    outer loop
      vertex 5.17638 -144.431 23
      vertex 7.65367 -182.228 23
      vertex 7.65367 -145.272 23
    endloop
  endfacet
  facet normal 0 0 1
    outer loop
      vertex 5.17638 -144.431 23
      vertex 5.17638 -183.069 23
      vertex 7.65367 -182.228 23
    endloop
  endfacet
  facet normal 0 0 1
    outer loop
      vertex 2.61052 -143.921 23
      vertex 5.17638 -183.069 23
      vertex 5.17638 -144.431 23
    endloop
  endfacet
  facet normal 0 0 1
    outer loop
      vertex 2.61052 -143.921 23
      vertex 2.61052 -183.579 23
      vertex 5.17638 -183.069 23
    endloop
  endfacet
  facet normal 0 0 1
    outer loop
      vertex 0 -143.75 23
      vertex 2.61052 -183.579 23
      vertex 2.61052 -143.921 23
    endloop
  endfacet
  facet normal 0 0 1
    outer loop
      vertex 0 -143.75 23
      vertex 0 -183.75 23
      vertex 2.61052 -183.579 23
    endloop
  endfacet
  facet normal -0 0 1
    outer loop
      vertex -2.61052 -143.921 23
      vertex 0 -183.75 23
      vertex 0 -143.75 23
    endloop
  endfacet
  facet normal 0 0 1
    outer loop
      vertex -2.61052 -143.921 23
      vertex -2.61052 -183.579 23
      vertex 0 -183.75 23
    endloop
  endfacet
  facet normal -0 0 1
    outer loop
      vertex -5.17638 -144.431 23
      vertex -2.61052 -183.579 23
      vertex -2.61052 -143.921 23
    endloop
  endfacet
  facet normal 0 0 1
    outer loop
      vertex -5.17638 -144.431 23
      vertex -5.17638 -183.069 23
      vertex -2.61052 -183.579 23
    endloop
  endfacet
  facet normal -0 0 1
    outer loop
      vertex -7.65367 -145.272 23
      vertex -5.17638 -183.069 23
      vertex -5.17638 -144.431 23
    endloop
  endfacet
  facet normal 0 0 1
    outer loop
      vertex -7.65367 -145.272 23
      vertex -7.65367 -182.228 23
      vertex -5.17638 -183.069 23
    endloop
  endfacet
  facet normal -0 0 1
    outer loop
      vertex -10 -146.429 23
      vertex -7.65367 -182.228 23
      vertex -7.65367 -145.272 23
    endloop
  endfacet
  facet normal 0 0 1
    outer loop
      vertex -10 -146.429 23
      vertex -10 -181.071 23
      vertex -7.65367 -182.228 23
    endloop
  endfacet
  facet normal -0 0 1
    outer loop
      vertex -12.1752 -147.883 23
      vertex -10 -181.071 23
      vertex -10 -146.429 23
    endloop
  endfacet
  facet normal 0 0 1
    outer loop
      vertex -12.1752 -147.883 23
      vertex -12.1752 -179.617 23
      vertex -10 -181.071 23
    endloop
  endfacet
  facet normal -0 0 1
    outer loop
      vertex -14.1421 -149.608 23
      vertex -12.1752 -179.617 23
      vertex -12.1752 -147.883 23
    endloop
  endfacet
  facet normal 0 0 1
    outer loop
      vertex -14.1421 -149.608 23
      vertex -14.1421 -177.892 23
      vertex -12.1752 -179.617 23
    endloop
  endfacet
  facet normal -0 0 1
    outer loop
      vertex -15.8671 -151.575 23
      vertex -14.1421 -177.892 23
      vertex -14.1421 -149.608 23
    endloop
  endfacet
  facet normal 0 0 1
    outer loop
      vertex -15.8671 -151.575 23
      vertex -15.8671 -175.925 23
      vertex -14.1421 -177.892 23
    endloop
  endfacet
  facet normal -0 0 1
    outer loop
      vertex -17.3205 -153.75 23
      vertex -15.8671 -175.925 23
      vertex -15.8671 -151.575 23
    endloop
  endfacet
  facet normal 0 0 1
    outer loop
      vertex -17.3205 -153.75 23
      vertex -17.3205 -173.75 23
      vertex -15.8671 -175.925 23
    endloop
  endfacet
  facet normal -0 0 1
    outer loop
      vertex -18.4776 -156.096 23
      vertex -17.3205 -173.75 23
      vertex -17.3205 -153.75 23
    endloop
  endfacet
  facet normal 0 0 1
    outer loop
      vertex -18.4776 -156.096 23
      vertex -18.4776 -171.404 23
      vertex -17.3205 -173.75 23
    endloop
  endfacet
  facet normal -0 0 1
    outer loop
      vertex -19.3185 -158.574 23
      vertex -18.4776 -171.404 23
      vertex -18.4776 -156.096 23
    endloop
  endfacet
  facet normal 0 0 1
    outer loop
      vertex -19.3185 -158.574 23
      vertex -19.3185 -168.926 23
      vertex -18.4776 -171.404 23
    endloop
  endfacet
  facet normal -0 0 1
    outer loop
      vertex -19.8289 -161.139 23
      vertex -19.3185 -168.926 23
      vertex -19.3185 -158.574 23
    endloop
  endfacet
  facet normal 0 0 1
    outer loop
      vertex -19.8289 -161.139 23
      vertex -19.8289 -166.361 23
      vertex -19.3185 -168.926 23
    endloop
  endfacet
  facet normal 0 -0 1
    outer loop
      vertex -19.8289 -166.361 23
      vertex -19.8289 -161.139 23
      vertex -20 -163.75 23
    endloop
  endfacet
  facet normal 1 0 0
    outer loop
      vertex 35.4 117.4 20
      vertex 35.4 95.1139 8
      vertex 35.4 117.4 8
    endloop
  endfacet
  facet normal 1 0 0
    outer loop
      vertex 35.4 117.4 20
      vertex 35.4 95.0607 8.06066
      vertex 35.4 95.1139 8
    endloop
  endfacet
  facet normal 1 0 0
    outer loop
      vertex 35.4 117.4 20
      vertex 35.4 94.9131 8.19003
      vertex 35.4 95.0607 8.06066
    endloop
  endfacet
  facet normal 1 0 0
    outer loop
      vertex 35.4 117.4 20
      vertex 35.4 94.75 8.29904
      vertex 35.4 94.9131 8.19003
    endloop
  endfacet
  facet normal 1 0 0
    outer loop
      vertex 35.4 117.4 20
      vertex 35.4 94.574 8.38582
      vertex 35.4 94.75 8.29904
    endloop
  endfacet
  facet normal 1 0 0
    outer loop
      vertex 35.4 117.4 20
      vertex 35.4 94.3882 8.44889
      vertex 35.4 94.574 8.38582
    endloop
  endfacet
  facet normal 1 0 0
    outer loop
      vertex 35.4 117.4 20
      vertex 35.4 94.1958 8.48717
      vertex 35.4 94.3882 8.44889
    endloop
  endfacet
  facet normal 1 0 0
    outer loop
      vertex 35.4 117.4 20
      vertex 35.4 94 8.5
      vertex 35.4 94.1958 8.48717
    endloop
  endfacet
  facet normal 1 0 0
    outer loop
      vertex 35.4 117.4 20
      vertex 35.4 93.8042 8.48717
      vertex 35.4 94 8.5
    endloop
  endfacet
  facet normal 1 0 0
    outer loop
      vertex 35.4 88.1958 8.48717
      vertex 35.4 93.8042 8.48717
      vertex 35.4 117.4 20
    endloop
  endfacet
  facet normal 1 0 0
    outer loop
      vertex 35.4 93.8042 8.48717
      vertex 35.4 88.1958 8.48717
      vertex 35.4 93.6118 8.44889
    endloop
  endfacet
  facet normal 1 0 0
    outer loop
      vertex 35.4 92.9393 8.06066
      vertex 35.4 89.1139 8
      vertex 35.4 92.8861 8
    endloop
  endfacet
  facet normal 1 0 0
    outer loop
      vertex 35.4 89.0607 8.06066
      vertex 35.4 92.9393 8.06066
      vertex 35.4 93.0869 8.19003
    endloop
  endfacet
  facet normal 1 0 0
    outer loop
      vertex 35.4 88.9131 8.19003
      vertex 35.4 93.0869 8.19003
      vertex 35.4 93.25 8.29904
    endloop
  endfacet
  facet normal 1 0 0
    outer loop
      vertex 35.4 88.75 8.29904
      vertex 35.4 93.25 8.29904
      vertex 35.4 93.426 8.38582
    endloop
  endfacet
  facet normal 1 0 -0
    outer loop
      vertex 35.4 88.3882 8.44889
      vertex 35.4 93.6118 8.44889
      vertex 35.4 88.1958 8.48717
    endloop
  endfacet
  facet normal 1 0 0
    outer loop
      vertex 35.4 92.9393 8.06066
      vertex 35.4 89.0607 8.06066
      vertex 35.4 89.1139 8
    endloop
  endfacet
  facet normal 1 0 0
    outer loop
      vertex 35.4 93.0869 8.19003
      vertex 35.4 88.9131 8.19003
      vertex 35.4 89.0607 8.06066
    endloop
  endfacet
  facet normal 1 0 0
    outer loop
      vertex 35.4 93.25 8.29904
      vertex 35.4 88.75 8.29904
      vertex 35.4 88.9131 8.19003
    endloop
  endfacet
  facet normal 1 0 0
    outer loop
      vertex 35.4 93.426 8.38582
      vertex 35.4 88.574 8.38582
      vertex 35.4 88.75 8.29904
    endloop
  endfacet
  facet normal 1 0 0
    outer loop
      vertex 35.4 93.426 8.38582
      vertex 35.4 88.3882 8.44889
      vertex 35.4 88.574 8.38582
    endloop
  endfacet
  facet normal 1 0 0
    outer loop
      vertex 35.4 93.6118 8.44889
      vertex 35.4 88.3882 8.44889
      vertex 35.4 93.426 8.38582
    endloop
  endfacet
  facet normal 1 0 0
    outer loop
      vertex 35.4 117.4 20
      vertex 35.4 88 8.5
      vertex 35.4 88.1958 8.48717
    endloop
  endfacet
  facet normal 1 0 0
    outer loop
      vertex 35.4 117.4 20
      vertex 35.4 87.8042 8.48717
      vertex 35.4 88 8.5
    endloop
  endfacet
  facet normal 1 0 0
    outer loop
      vertex 35.4 82.1958 8.48717
      vertex 35.4 87.8042 8.48717
      vertex 35.4 117.4 20
    endloop
  endfacet
  facet normal 1 0 0
    outer loop
      vertex 35.4 87.8042 8.48717
      vertex 35.4 82.1958 8.48717
      vertex 35.4 87.6118 8.44889
    endloop
  endfacet
  facet normal 1 0 0
    outer loop
      vertex 35.4 86.9393 8.06066
      vertex 35.4 83.1139 8
      vertex 35.4 86.8861 8
    endloop
  endfacet
  facet normal 1 0 0
    outer loop
      vertex 35.4 83.0607 8.06066
      vertex 35.4 86.9393 8.06066
      vertex 35.4 87.0869 8.19003
    endloop
  endfacet
  facet normal 1 0 0
    outer loop
      vertex 35.4 82.9131 8.19003
      vertex 35.4 87.0869 8.19003
      vertex 35.4 87.25 8.29904
    endloop
  endfacet
  facet normal 1 0 0
    outer loop
      vertex 35.4 82.75 8.29904
      vertex 35.4 87.25 8.29904
      vertex 35.4 87.426 8.38582
    endloop
  endfacet
  facet normal 1 0 -0
    outer loop
      vertex 35.4 82.3882 8.44889
      vertex 35.4 87.6118 8.44889
      vertex 35.4 82.1958 8.48717
    endloop
  endfacet
  facet normal 1 0 0
    outer loop
      vertex 35.4 86.9393 8.06066
      vertex 35.4 83.0607 8.06066
      vertex 35.4 83.1139 8
    endloop
  endfacet
  facet normal 1 0 0
    outer loop
      vertex 35.4 87.0869 8.19003
      vertex 35.4 82.9131 8.19003
      vertex 35.4 83.0607 8.06066
    endloop
  endfacet
  facet normal 1 0 0
    outer loop
      vertex 35.4 87.25 8.29904
      vertex 35.4 82.75 8.29904
      vertex 35.4 82.9131 8.19003
    endloop
  endfacet
  facet normal 1 0 0
    outer loop
      vertex 35.4 87.426 8.38582
      vertex 35.4 82.574 8.38582
      vertex 35.4 82.75 8.29904
    endloop
  endfacet
  facet normal 1 0 0
    outer loop
      vertex 35.4 87.426 8.38582
      vertex 35.4 82.3882 8.44889
      vertex 35.4 82.574 8.38582
    endloop
  endfacet
  facet normal 1 0 0
    outer loop
      vertex 35.4 87.6118 8.44889
      vertex 35.4 82.3882 8.44889
      vertex 35.4 87.426 8.38582
    endloop
  endfacet
  facet normal 1 0 0
    outer loop
      vertex 35.4 117.4 20
      vertex 35.4 82 8.5
      vertex 35.4 82.1958 8.48717
    endloop
  endfacet
  facet normal 1 0 0
    outer loop
      vertex 35.4 76 8.5
      vertex 35.4 82 8.5
      vertex 35.4 117.4 20
    endloop
  endfacet
  facet normal 1 0 0
    outer loop
      vertex 35.4 82 8.5
      vertex 35.4 76 8.5
      vertex 35.4 81.8042 8.48717
    endloop
  endfacet
  facet normal 1 0 0
    outer loop
      vertex 35.4 80.9393 8.06066
      vertex 35.4 77.1139 8
      vertex 35.4 80.8861 8
    endloop
  endfacet
  facet normal 1 0 0
    outer loop
      vertex 35.4 77.0607 8.06066
      vertex 35.4 80.9393 8.06066
      vertex 35.4 81.0869 8.19003
    endloop
  endfacet
  facet normal 1 0 0
    outer loop
      vertex 35.4 76.9131 8.19003
      vertex 35.4 81.0869 8.19003
      vertex 35.4 81.25 8.29904
    endloop
  endfacet
  facet normal 1 0 0
    outer loop
      vertex 35.4 76.75 8.29904
      vertex 35.4 81.25 8.29904
      vertex 35.4 81.426 8.38582
    endloop
  endfacet
  facet normal 1 0 0
    outer loop
      vertex 35.4 76.574 8.38582
      vertex 35.4 81.426 8.38582
      vertex 35.4 81.6118 8.44889
    endloop
  endfacet
  facet normal 1 0 -0
    outer loop
      vertex 35.4 76.1958 8.48717
      vertex 35.4 81.8042 8.48717
      vertex 35.4 76 8.5
    endloop
  endfacet
  facet normal 1 0 0
    outer loop
      vertex 35.4 80.9393 8.06066
      vertex 35.4 77.0607 8.06066
      vertex 35.4 77.1139 8
    endloop
  endfacet
  facet normal 1 0 0
    outer loop
      vertex 35.4 81.0869 8.19003
      vertex 35.4 76.9131 8.19003
      vertex 35.4 77.0607 8.06066
    endloop
  endfacet
  facet normal 1 0 0
    outer loop
      vertex 35.4 81.25 8.29904
      vertex 35.4 76.75 8.29904
      vertex 35.4 76.9131 8.19003
    endloop
  endfacet
  facet normal 1 0 0
    outer loop
      vertex 35.4 81.426 8.38582
      vertex 35.4 76.574 8.38582
      vertex 35.4 76.75 8.29904
    endloop
  endfacet
  facet normal 1 0 0
    outer loop
      vertex 35.4 81.6118 8.44889
      vertex 35.4 76.3882 8.44889
      vertex 35.4 76.574 8.38582
    endloop
  endfacet
  facet normal 1 0 0
    outer loop
      vertex 35.4 81.6118 8.44889
      vertex 35.4 76.1958 8.48717
      vertex 35.4 76.3882 8.44889
    endloop
  endfacet
  facet normal 1 0 0
    outer loop
      vertex 35.4 81.8042 8.48717
      vertex 35.4 76.1958 8.48717
      vertex 35.4 81.6118 8.44889
    endloop
  endfacet
  facet normal 1 -0 0
    outer loop
      vertex 35.4 37.6 20
      vertex 35.4 76 8.5
      vertex 35.4 117.4 20
    endloop
  endfacet
  facet normal 1 0 -0
    outer loop
      vertex 35.4 70 8.5
      vertex 35.4 76 8.5
      vertex 35.4 37.6 20
    endloop
  endfacet
  facet normal 1 0 0
    outer loop
      vertex 35.4 74.9393 8.06066
      vertex 35.4 71.1139 8
      vertex 35.4 74.8861 8
    endloop
  endfacet
  facet normal 1 0 0
    outer loop
      vertex 35.4 71.0607 8.06066
      vertex 35.4 74.9393 8.06066
      vertex 35.4 75.0869 8.19003
    endloop
  endfacet
  facet normal 1 0 0
    outer loop
      vertex 35.4 70.9131 8.19003
      vertex 35.4 75.0869 8.19003
      vertex 35.4 75.25 8.29904
    endloop
  endfacet
  facet normal 1 0 0
    outer loop
      vertex 35.4 70.75 8.29904
      vertex 35.4 75.25 8.29904
      vertex 35.4 75.426 8.38582
    endloop
  endfacet
  facet normal 1 0 0
    outer loop
      vertex 35.4 70.574 8.38582
      vertex 35.4 75.426 8.38582
      vertex 35.4 75.6118 8.44889
    endloop
  endfacet
  facet normal 1 0 0
    outer loop
      vertex 35.4 76 8.5
      vertex 35.4 70 8.5
      vertex 35.4 75.8042 8.48717
    endloop
  endfacet
  facet normal 1 0 0
    outer loop
      vertex 35.4 74.9393 8.06066
      vertex 35.4 71.0607 8.06066
      vertex 35.4 71.1139 8
    endloop
  endfacet
  facet normal 1 0 0
    outer loop
      vertex 35.4 75.0869 8.19003
      vertex 35.4 70.9131 8.19003
      vertex 35.4 71.0607 8.06066
    endloop
  endfacet
  facet normal 1 0 0
    outer loop
      vertex 35.4 75.25 8.29904
      vertex 35.4 70.75 8.29904
      vertex 35.4 70.9131 8.19003
    endloop
  endfacet
  facet normal 1 0 0
    outer loop
      vertex 35.4 75.426 8.38582
      vertex 35.4 70.574 8.38582
      vertex 35.4 70.75 8.29904
    endloop
  endfacet
  facet normal 1 0 0
    outer loop
      vertex 35.4 75.6118 8.44889
      vertex 35.4 70.3882 8.44889
      vertex 35.4 70.574 8.38582
    endloop
  endfacet
  facet normal 1 0 0
    outer loop
      vertex 35.4 75.6118 8.44889
      vertex 35.4 70.1958 8.48717
      vertex 35.4 70.3882 8.44889
    endloop
  endfacet
  facet normal 1 0 -0
    outer loop
      vertex 35.4 70.1958 8.48717
      vertex 35.4 75.8042 8.48717
      vertex 35.4 70 8.5
    endloop
  endfacet
  facet normal 1 0 0
    outer loop
      vertex 35.4 75.8042 8.48717
      vertex 35.4 70.1958 8.48717
      vertex 35.4 75.6118 8.44889
    endloop
  endfacet
  facet normal 1 0 0
    outer loop
      vertex 35.4 70 8.5
      vertex 35.4 37.6 20
      vertex 35.4 69.8042 8.48717
    endloop
  endfacet
  facet normal 1 0 0
    outer loop
      vertex 35.4 69.8042 8.48717
      vertex 35.4 37.6 20
      vertex 35.4 69.6118 8.44889
    endloop
  endfacet
  facet normal 1 0 0
    outer loop
      vertex 35.4 37.6 20
      vertex 35.4 69.426 8.38582
      vertex 35.4 69.6118 8.44889
    endloop
  endfacet
  facet normal 1 0 0
    outer loop
      vertex 35.4 37.6 20
      vertex 35.4 69.25 8.29904
      vertex 35.4 69.426 8.38582
    endloop
  endfacet
  facet normal 1 0 0
    outer loop
      vertex 35.4 37.6 20
      vertex 35.4 69.0869 8.19003
      vertex 35.4 69.25 8.29904
    endloop
  endfacet
  facet normal 1 0 0
    outer loop
      vertex 35.4 37.6 20
      vertex 35.4 68.9393 8.06066
      vertex 35.4 69.0869 8.19003
    endloop
  endfacet
  facet normal 1 0 0
    outer loop
      vertex 35.4 37.6 20
      vertex 35.4 68.8861 8
      vertex 35.4 68.9393 8.06066
    endloop
  endfacet
  facet normal 1 0 0
    outer loop
      vertex 35.4 68.8861 8
      vertex 35.4 37.6 20
      vertex 35.4 37.6 8
    endloop
  endfacet
  facet normal 0 0 1
    outer loop
      vertex -27.8545 87.5859 10
      vertex -15 90 10
      vertex -27.8137 87.7912 10
    endloop
  endfacet
  facet normal 0 0 1
    outer loop
      vertex -15 90 10
      vertex -27.8137 43.8088 10
      vertex -27.8 43.6 10
    endloop
  endfacet
  facet normal 0 0 1
    outer loop
      vertex -27.9218 87.3877 10
      vertex -15 90 10
      vertex -27.8545 87.5859 10
    endloop
  endfacet
  facet normal 0 0 1
    outer loop
      vertex -15 90 10
      vertex -27.8545 44.0141 10
      vertex -27.8137 43.8088 10
    endloop
  endfacet
  facet normal 0 0 1
    outer loop
      vertex -28.0144 87.2 10
      vertex -15 90 10
      vertex -27.9218 87.3877 10
    endloop
  endfacet
  facet normal 0 0 1
    outer loop
      vertex -15 90 10
      vertex -27.9218 44.2123 10
      vertex -27.8545 44.0141 10
    endloop
  endfacet
  facet normal 0 0 1
    outer loop
      vertex -28.1306 87.026 10
      vertex -15 90 10
      vertex -28.0144 87.2 10
    endloop
  endfacet
  facet normal 0 0 1
    outer loop
      vertex -15 90 10
      vertex -28.0144 44.4 10
      vertex -27.9218 44.2123 10
    endloop
  endfacet
  facet normal 0 0 1
    outer loop
      vertex -28.2686 86.8686 10
      vertex -15 90 10
      vertex -28.1306 87.026 10
    endloop
  endfacet
  facet normal 0 0 1
    outer loop
      vertex -15 90 10
      vertex -28.1306 44.574 10
      vertex -28.0144 44.4 10
    endloop
  endfacet
  facet normal 0 0 1
    outer loop
      vertex -28.426 86.7306 10
      vertex -15 90 10
      vertex -28.2686 86.8686 10
    endloop
  endfacet
  facet normal 0 0 1
    outer loop
      vertex -15 90 10
      vertex -28.2686 44.7314 10
      vertex -28.1306 44.574 10
    endloop
  endfacet
  facet normal 0 0 1
    outer loop
      vertex -28.6 86.6144 10
      vertex -15 90 10
      vertex -28.426 86.7306 10
    endloop
  endfacet
  facet normal 0 0 1
    outer loop
      vertex -15 90 10
      vertex -28.426 44.8694 10
      vertex -28.2686 44.7314 10
    endloop
  endfacet
  facet normal 0 0 1
    outer loop
      vertex -28.6 44.9856 10
      vertex -15 90 10
      vertex -28.6 86.6144 10
    endloop
  endfacet
  facet normal 0 0 1
    outer loop
      vertex -15 90 10
      vertex -28.6 44.9856 10
      vertex -28.426 44.8694 10
    endloop
  endfacet
  facet normal -0 0 1
    outer loop
      vertex -28.7877 86.5218 10
      vertex -28.6 44.9856 10
      vertex -28.6 86.6144 10
    endloop
  endfacet
  facet normal 0 0 1
    outer loop
      vertex -28.7877 86.5218 10
      vertex -28.7877 45.0782 10
      vertex -28.6 44.9856 10
    endloop
  endfacet
  facet normal -0 0 1
    outer loop
      vertex -28.9859 86.4545 10
      vertex -28.7877 45.0782 10
      vertex -28.7877 86.5218 10
    endloop
  endfacet
  facet normal 0 0 1
    outer loop
      vertex -28.9859 86.4545 10
      vertex -28.9859 45.1455 10
      vertex -28.7877 45.0782 10
    endloop
  endfacet
  facet normal -0 0 1
    outer loop
      vertex -29.1912 86.4137 10
      vertex -28.9859 45.1455 10
      vertex -28.9859 86.4545 10
    endloop
  endfacet
  facet normal 0 0 1
    outer loop
      vertex -29.1912 86.4137 10
      vertex -29.1912 45.1863 10
      vertex -28.9859 45.1455 10
    endloop
  endfacet
  facet normal -0 0 1
    outer loop
      vertex -29.4 86.4 10
      vertex -29.1912 45.1863 10
      vertex -29.1912 86.4137 10
    endloop
  endfacet
  facet normal 0 0 1
    outer loop
      vertex -29.4 86.4 10
      vertex -29.4 45.2 10
      vertex -29.1912 45.1863 10
    endloop
  endfacet
  facet normal 0 0 1
    outer loop
      vertex -29.6088 86.4137 10
      vertex -29.4 45.2 10
      vertex -29.4 86.4 10
    endloop
  endfacet
  facet normal 0 0 1
    outer loop
      vertex -29.6088 86.4137 10
      vertex -29.6088 45.1863 10
      vertex -29.4 45.2 10
    endloop
  endfacet
  facet normal 0 0 1
    outer loop
      vertex -29.8141 86.4545 10
      vertex -29.6088 45.1863 10
      vertex -29.6088 86.4137 10
    endloop
  endfacet
  facet normal 0 0 1
    outer loop
      vertex -29.8141 86.4545 10
      vertex -29.8141 45.1455 10
      vertex -29.6088 45.1863 10
    endloop
  endfacet
  facet normal 0 0 1
    outer loop
      vertex -30.0123 86.5218 10
      vertex -29.8141 45.1455 10
      vertex -29.8141 86.4545 10
    endloop
  endfacet
  facet normal 0 0 1
    outer loop
      vertex -30.0123 86.5218 10
      vertex -30.0123 45.0782 10
      vertex -29.8141 45.1455 10
    endloop
  endfacet
  facet normal 0 0 1
    outer loop
      vertex -30.2 86.6144 10
      vertex -30.0123 45.0782 10
      vertex -30.0123 86.5218 10
    endloop
  endfacet
  facet normal 0 0 1
    outer loop
      vertex -30.2 86.6144 10
      vertex -30.2 44.9856 10
      vertex -30.0123 45.0782 10
    endloop
  endfacet
  facet normal 0 0 1
    outer loop
      vertex -30.374 86.7306 10
      vertex -30.2 44.9856 10
      vertex -30.2 86.6144 10
    endloop
  endfacet
  facet normal 0 0 1
    outer loop
      vertex -30.374 86.7306 10
      vertex -30.374 44.8694 10
      vertex -30.2 44.9856 10
    endloop
  endfacet
  facet normal 0 0 1
    outer loop
      vertex -30.5314 86.8686 10
      vertex -30.374 44.8694 10
      vertex -30.374 86.7306 10
    endloop
  endfacet
  facet normal 0 0 1
    outer loop
      vertex -30.5314 86.8686 10
      vertex -30.5314 44.7314 10
      vertex -30.374 44.8694 10
    endloop
  endfacet
  facet normal 0 0 1
    outer loop
      vertex -30.6694 87.026 10
      vertex -30.5314 44.7314 10
      vertex -30.5314 86.8686 10
    endloop
  endfacet
  facet normal 0 0 1
    outer loop
      vertex -30.6694 87.026 10
      vertex -30.6694 44.574 10
      vertex -30.5314 44.7314 10
    endloop
  endfacet
  facet normal 0 0 1
    outer loop
      vertex -30.7856 87.2 10
      vertex -30.6694 44.574 10
      vertex -30.6694 87.026 10
    endloop
  endfacet
  facet normal 0 0 1
    outer loop
      vertex -30.7856 87.2 10
      vertex -30.7856 44.4 10
      vertex -30.6694 44.574 10
    endloop
  endfacet
  facet normal 0 0 1
    outer loop
      vertex -30.8782 87.3877 10
      vertex -30.7856 44.4 10
      vertex -30.7856 87.2 10
    endloop
  endfacet
  facet normal 0 0 1
    outer loop
      vertex -30.8782 87.3877 10
      vertex -30.8782 44.2123 10
      vertex -30.7856 44.4 10
    endloop
  endfacet
  facet normal 0 0 1
    outer loop
      vertex -33 40 10
      vertex -30.8782 87.3877 10
      vertex -30.9455 87.5859 10
    endloop
  endfacet
  facet normal 0 0 1
    outer loop
      vertex -30.8782 87.3877 10
      vertex -33 40 10
      vertex -30.8782 44.2123 10
    endloop
  endfacet
  facet normal 0 0 1
    outer loop
      vertex -33 40 10
      vertex -30.9455 87.5859 10
      vertex -30.9863 87.7912 10
    endloop
  endfacet
  facet normal 0 0 1
    outer loop
      vertex -30.8782 44.2123 10
      vertex -33 40 10
      vertex -30.9455 44.0141 10
    endloop
  endfacet
  facet normal 0 0 1
    outer loop
      vertex -33 40 10
      vertex -30.9863 87.7912 10
      vertex -31 88 10
    endloop
  endfacet
  facet normal 0 0 1
    outer loop
      vertex -30.9455 44.0141 10
      vertex -33 40 10
      vertex -30.9863 43.8088 10
    endloop
  endfacet
  facet normal 0 0 1
    outer loop
      vertex 30.8782 110.788 10
      vertex 33 115 10
      vertex 30.9455 110.986 10
    endloop
  endfacet
  facet normal 0 0 1
    outer loop
      vertex 33 40 10
      vertex 30.9863 43.8088 10
      vertex 31 43.6 10
    endloop
  endfacet
  facet normal 0 0 1
    outer loop
      vertex 33 115 10
      vertex 30.8782 110.788 10
      vertex 33 40 10
    endloop
  endfacet
  facet normal 0 0 1
    outer loop
      vertex 33 40 10
      vertex 30.9455 44.0141 10
      vertex 30.9863 43.8088 10
    endloop
  endfacet
  facet normal -0 0 1
    outer loop
      vertex 30.8782 44.2123 10
      vertex 33 40 10
      vertex 30.8782 110.788 10
    endloop
  endfacet
  facet normal 0 0 1
    outer loop
      vertex 33 40 10
      vertex 30.8782 44.2123 10
      vertex 30.9455 44.0141 10
    endloop
  endfacet
  facet normal -0 0 1
    outer loop
      vertex 30.7856 110.6 10
      vertex 30.8782 44.2123 10
      vertex 30.8782 110.788 10
    endloop
  endfacet
  facet normal 0 0 1
    outer loop
      vertex 30.7856 110.6 10
      vertex 30.7856 44.4 10
      vertex 30.8782 44.2123 10
    endloop
  endfacet
  facet normal -0 0 1
    outer loop
      vertex 30.6694 110.426 10
      vertex 30.7856 44.4 10
      vertex 30.7856 110.6 10
    endloop
  endfacet
  facet normal 0 0 1
    outer loop
      vertex 30.6694 110.426 10
      vertex 30.6694 44.574 10
      vertex 30.7856 44.4 10
    endloop
  endfacet
  facet normal -0 0 1
    outer loop
      vertex 30.5314 110.269 10
      vertex 30.6694 44.574 10
      vertex 30.6694 110.426 10
    endloop
  endfacet
  facet normal 0 0 1
    outer loop
      vertex 30.5314 110.269 10
      vertex 30.5314 44.7314 10
      vertex 30.6694 44.574 10
    endloop
  endfacet
  facet normal -0 0 1
    outer loop
      vertex 30.374 110.131 10
      vertex 30.5314 44.7314 10
      vertex 30.5314 110.269 10
    endloop
  endfacet
  facet normal 0 0 1
    outer loop
      vertex 30.374 110.131 10
      vertex 30.374 44.8694 10
      vertex 30.5314 44.7314 10
    endloop
  endfacet
  facet normal -0 0 1
    outer loop
      vertex 30.2 110.014 10
      vertex 30.374 44.8694 10
      vertex 30.374 110.131 10
    endloop
  endfacet
  facet normal 0 0 1
    outer loop
      vertex 30.2 110.014 10
      vertex 30.2 44.9856 10
      vertex 30.374 44.8694 10
    endloop
  endfacet
  facet normal 0 0 1
    outer loop
      vertex 15 90 10
      vertex 30.2 110.014 10
      vertex 30.0123 109.922 10
    endloop
  endfacet
  facet normal 0 0 1
    outer loop
      vertex 30.2 110.014 10
      vertex 15 90 10
      vertex 30.2 44.9856 10
    endloop
  endfacet
  facet normal 0 0 1
    outer loop
      vertex 15 90 10
      vertex 30.0123 109.922 10
      vertex 29.8141 109.855 10
    endloop
  endfacet
  facet normal 0 0 1
    outer loop
      vertex 30.2 44.9856 10
      vertex 15 90 10
      vertex 30.0123 45.0782 10
    endloop
  endfacet
  facet normal 0 0 1
    outer loop
      vertex 15 90 10
      vertex 29.8141 109.855 10
      vertex 29.6088 109.814 10
    endloop
  endfacet
  facet normal 0 0 1
    outer loop
      vertex 30.0123 45.0782 10
      vertex 15 90 10
      vertex 29.8141 45.1455 10
    endloop
  endfacet
  facet normal 0 0 1
    outer loop
      vertex 15 90 10
      vertex 29.6088 109.814 10
      vertex 29.4 109.8 10
    endloop
  endfacet
  facet normal 0 0 1
    outer loop
      vertex 29.8141 45.1455 10
      vertex 15 90 10
      vertex 29.6088 45.1863 10
    endloop
  endfacet
  facet normal 0 0 1
    outer loop
      vertex 15 90 10
      vertex 29.4 109.8 10
      vertex 29.1912 109.814 10
    endloop
  endfacet
  facet normal 0 0 1
    outer loop
      vertex 29.6088 45.1863 10
      vertex 15 90 10
      vertex 29.4 45.2 10
    endloop
  endfacet
  facet normal 0 0 1
    outer loop
      vertex 15 90 10
      vertex 29.1912 109.814 10
      vertex 28.9859 109.855 10
    endloop
  endfacet
  facet normal 0 0 1
    outer loop
      vertex 29.4 45.2 10
      vertex 15 90 10
      vertex 29.1912 45.1863 10
    endloop
  endfacet
  facet normal 0 0 1
    outer loop
      vertex 15 90 10
      vertex 28.9859 109.855 10
      vertex 28.7877 109.922 10
    endloop
  endfacet
  facet normal 0 0 1
    outer loop
      vertex 29.1912 45.1863 10
      vertex 15 90 10
      vertex 28.9859 45.1455 10
    endloop
  endfacet
  facet normal 0 0 1
    outer loop
      vertex 15 90 10
      vertex 28.7877 109.922 10
      vertex 28.6 110.014 10
    endloop
  endfacet
  facet normal 0 0 1
    outer loop
      vertex 28.9859 45.1455 10
      vertex 15 90 10
      vertex 28.7877 45.0782 10
    endloop
  endfacet
  facet normal 0 0 1
    outer loop
      vertex 15 90 10
      vertex 28.6 110.014 10
      vertex 28.426 110.131 10
    endloop
  endfacet
  facet normal 0 0 1
    outer loop
      vertex 28.7877 45.0782 10
      vertex 15 90 10
      vertex 28.6 44.9856 10
    endloop
  endfacet
  facet normal 0 0 1
    outer loop
      vertex 15 90 10
      vertex 28.426 110.131 10
      vertex 28.2686 110.269 10
    endloop
  endfacet
  facet normal 0 0 1
    outer loop
      vertex 28.6 44.9856 10
      vertex 15 90 10
      vertex 28.426 44.8694 10
    endloop
  endfacet
  facet normal 0 0 1
    outer loop
      vertex 15 90 10
      vertex 28.2686 110.269 10
      vertex 28.1306 110.426 10
    endloop
  endfacet
  facet normal 0 0 1
    outer loop
      vertex 15 40 10
      vertex 28.426 44.8694 10
      vertex 15 90 10
    endloop
  endfacet
  facet normal 0 0 1
    outer loop
      vertex 15 90 10
      vertex 28.1306 110.426 10
      vertex 28.0144 110.6 10
    endloop
  endfacet
  facet normal 0 0 1
    outer loop
      vertex 28.426 44.8694 10
      vertex 15 40 10
      vertex 28.2686 44.7314 10
    endloop
  endfacet
  facet normal 0 0 1
    outer loop
      vertex 15 90 10
      vertex 28.0144 110.6 10
      vertex 27.9218 110.788 10
    endloop
  endfacet
  facet normal 0 0 1
    outer loop
      vertex 28.2686 44.7314 10
      vertex 15 40 10
      vertex 28.1306 44.574 10
    endloop
  endfacet
  facet normal 0 0 1
    outer loop
      vertex 15 90 10
      vertex 27.9218 110.788 10
      vertex 27.8545 110.986 10
    endloop
  endfacet
  facet normal 0 0 1
    outer loop
      vertex 28.1306 44.574 10
      vertex 15 40 10
      vertex 28.0144 44.4 10
    endloop
  endfacet
  facet normal 0 0 1
    outer loop
      vertex 15 90 10
      vertex 27.8545 110.986 10
      vertex 27.8137 111.191 10
    endloop
  endfacet
  facet normal 0 0 1
    outer loop
      vertex 28.0144 44.4 10
      vertex 15 40 10
      vertex 27.9218 44.2123 10
    endloop
  endfacet
  facet normal 0 0 1
    outer loop
      vertex 15 90 10
      vertex 27.8137 111.191 10
      vertex 27.8 111.4 10
    endloop
  endfacet
  facet normal 0 0 1
    outer loop
      vertex 27.9218 44.2123 10
      vertex 15 40 10
      vertex 27.8545 44.0141 10
    endloop
  endfacet
  facet normal 0 0 1
    outer loop
      vertex 30.9863 111.191 10
      vertex 33 115 10
      vertex 31 111.4 10
    endloop
  endfacet
  facet normal 0 0 1
    outer loop
      vertex 33 115 10
      vertex 30.9863 111.609 10
      vertex 31 111.4 10
    endloop
  endfacet
  facet normal 0 0 1
    outer loop
      vertex 33 115 10
      vertex 30.9455 111.814 10
      vertex 30.9863 111.609 10
    endloop
  endfacet
  facet normal 0 0 1
    outer loop
      vertex 33 115 10
      vertex 30.8782 112.012 10
      vertex 30.9455 111.814 10
    endloop
  endfacet
  facet normal 0 0 1
    outer loop
      vertex 33 115 10
      vertex 30.7856 112.2 10
      vertex 30.8782 112.012 10
    endloop
  endfacet
  facet normal 0 0 1
    outer loop
      vertex 33 115 10
      vertex 30.6694 112.374 10
      vertex 30.7856 112.2 10
    endloop
  endfacet
  facet normal 0 0 1
    outer loop
      vertex 33 115 10
      vertex 30.5314 112.531 10
      vertex 30.6694 112.374 10
    endloop
  endfacet
  facet normal 0 0 1
    outer loop
      vertex 33 115 10
      vertex 30.374 112.669 10
      vertex 30.5314 112.531 10
    endloop
  endfacet
  facet normal 0 0 1
    outer loop
      vertex 33 115 10
      vertex 30.2 112.786 10
      vertex 30.374 112.669 10
    endloop
  endfacet
  facet normal 0 0 1
    outer loop
      vertex 33 115 10
      vertex 30.0123 112.878 10
      vertex 30.2 112.786 10
    endloop
  endfacet
  facet normal 0 0 1
    outer loop
      vertex 33 115 10
      vertex 29.8141 112.945 10
      vertex 30.0123 112.878 10
    endloop
  endfacet
  facet normal 0 0 1
    outer loop
      vertex 33 115 10
      vertex 29.6088 112.986 10
      vertex 29.8141 112.945 10
    endloop
  endfacet
  facet normal 0 0 1
    outer loop
      vertex 33 115 10
      vertex 29.4 113 10
      vertex 29.6088 112.986 10
    endloop
  endfacet
  facet normal 0 0 1
    outer loop
      vertex 33 115 10
      vertex 29.1912 112.986 10
      vertex 29.4 113 10
    endloop
  endfacet
  facet normal 0 0 1
    outer loop
      vertex 33 115 10
      vertex 28.9859 112.945 10
      vertex 29.1912 112.986 10
    endloop
  endfacet
  facet normal 0 0 1
    outer loop
      vertex 33 115 10
      vertex 28.7877 112.878 10
      vertex 28.9859 112.945 10
    endloop
  endfacet
  facet normal -0 0 1
    outer loop
      vertex -33 115 10
      vertex 28.7877 112.878 10
      vertex 33 115 10
    endloop
  endfacet
  facet normal 0 0 1
    outer loop
      vertex 27.8545 44.0141 10
      vertex 15 40 10
      vertex 27.8137 43.8088 10
    endloop
  endfacet
  facet normal 0 0 1
    outer loop
      vertex 27.8137 111.609 10
      vertex 15 90 10
      vertex 27.8 111.4 10
    endloop
  endfacet
  facet normal 0 0 1
    outer loop
      vertex -15 90 10
      vertex 27.8137 111.609 10
      vertex 27.8545 111.814 10
    endloop
  endfacet
  facet normal 0 0 1
    outer loop
      vertex -33 115 10
      vertex 27.8545 111.814 10
      vertex 27.9218 112.012 10
    endloop
  endfacet
  facet normal 0 0 1
    outer loop
      vertex -33 115 10
      vertex 27.9218 112.012 10
      vertex 28.0144 112.2 10
    endloop
  endfacet
  facet normal 0 0 1
    outer loop
      vertex 27.8137 111.609 10
      vertex -15 90 10
      vertex 15 90 10
    endloop
  endfacet
  facet normal 0 0 1
    outer loop
      vertex -33 115 10
      vertex 28.0144 112.2 10
      vertex 28.1306 112.374 10
    endloop
  endfacet
  facet normal 0 0 1
    outer loop
      vertex -33 115 10
      vertex 28.1306 112.374 10
      vertex 28.2686 112.531 10
    endloop
  endfacet
  facet normal 0 0 1
    outer loop
      vertex -33 115 10
      vertex 28.2686 112.531 10
      vertex 28.426 112.669 10
    endloop
  endfacet
  facet normal 0 0 1
    outer loop
      vertex -33 115 10
      vertex 28.426 112.669 10
      vertex 28.6 112.786 10
    endloop
  endfacet
  facet normal 0 0 1
    outer loop
      vertex -27.8137 87.7912 10
      vertex -15 90 10
      vertex -27.8 88 10
    endloop
  endfacet
  facet normal 0 0 1
    outer loop
      vertex 27.8545 111.814 10
      vertex -33 115 10
      vertex -15 90 10
    endloop
  endfacet
  facet normal 0 0 1
    outer loop
      vertex 28.7877 112.878 10
      vertex -33 115 10
      vertex 28.6 112.786 10
    endloop
  endfacet
  facet normal 0 0 1
    outer loop
      vertex -15 90 10
      vertex -27.8137 88.2088 10
      vertex -27.8 88 10
    endloop
  endfacet
  facet normal 0 0 1
    outer loop
      vertex -15 90 10
      vertex -27.8545 88.4141 10
      vertex -27.8137 88.2088 10
    endloop
  endfacet
  facet normal 0 0 1
    outer loop
      vertex -15 90 10
      vertex -27.9218 88.6123 10
      vertex -27.8545 88.4141 10
    endloop
  endfacet
  facet normal 0 0 1
    outer loop
      vertex -15 90 10
      vertex -28.0144 88.8 10
      vertex -27.9218 88.6123 10
    endloop
  endfacet
  facet normal 0 0 1
    outer loop
      vertex -15 90 10
      vertex -28.1306 88.974 10
      vertex -28.0144 88.8 10
    endloop
  endfacet
  facet normal 0 -0 1
    outer loop
      vertex -28.7877 89.4782 10
      vertex -15 90 10
      vertex -33 115 10
    endloop
  endfacet
  facet normal 0 0 1
    outer loop
      vertex -15 90 10
      vertex -28.2686 89.1314 10
      vertex -28.1306 88.974 10
    endloop
  endfacet
  facet normal 0 0 1
    outer loop
      vertex -15 90 10
      vertex -28.426 89.2694 10
      vertex -28.2686 89.1314 10
    endloop
  endfacet
  facet normal 0 0 1
    outer loop
      vertex -15 90 10
      vertex -28.6 89.3856 10
      vertex -28.426 89.2694 10
    endloop
  endfacet
  facet normal 0 0 1
    outer loop
      vertex -15 90 10
      vertex -28.7877 89.4782 10
      vertex -28.6 89.3856 10
    endloop
  endfacet
  facet normal 0 0 1
    outer loop
      vertex -28.7877 89.4782 10
      vertex -33 115 10
      vertex -28.9859 89.5455 10
    endloop
  endfacet
  facet normal 0 0 1
    outer loop
      vertex -28.9859 89.5455 10
      vertex -33 115 10
      vertex -29.1912 89.5863 10
    endloop
  endfacet
  facet normal 0 0 1
    outer loop
      vertex -29.1912 89.5863 10
      vertex -33 115 10
      vertex -29.4 89.6 10
    endloop
  endfacet
  facet normal 0 0 1
    outer loop
      vertex -29.4 89.6 10
      vertex -33 115 10
      vertex -29.6088 89.5863 10
    endloop
  endfacet
  facet normal 0 0 1
    outer loop
      vertex -29.6088 89.5863 10
      vertex -33 115 10
      vertex -29.8141 89.5455 10
    endloop
  endfacet
  facet normal 0 0 1
    outer loop
      vertex -33 40 10
      vertex -31 88 10
      vertex -33 115 10
    endloop
  endfacet
  facet normal 0 0 1
    outer loop
      vertex -30.9863 88.2088 10
      vertex -33 115 10
      vertex -31 88 10
    endloop
  endfacet
  facet normal 0 0 1
    outer loop
      vertex -30.9455 88.4141 10
      vertex -33 115 10
      vertex -30.9863 88.2088 10
    endloop
  endfacet
  facet normal 0 0 1
    outer loop
      vertex -30.8782 88.6123 10
      vertex -33 115 10
      vertex -30.9455 88.4141 10
    endloop
  endfacet
  facet normal 0 0 1
    outer loop
      vertex -30.7856 88.8 10
      vertex -33 115 10
      vertex -30.8782 88.6123 10
    endloop
  endfacet
  facet normal 0 0 1
    outer loop
      vertex -30.6694 88.974 10
      vertex -33 115 10
      vertex -30.7856 88.8 10
    endloop
  endfacet
  facet normal 0 0 1
    outer loop
      vertex -30.5314 89.1314 10
      vertex -33 115 10
      vertex -30.6694 88.974 10
    endloop
  endfacet
  facet normal 0 0 1
    outer loop
      vertex -30.374 89.2694 10
      vertex -33 115 10
      vertex -30.5314 89.1314 10
    endloop
  endfacet
  facet normal 0 0 1
    outer loop
      vertex -30.2 89.3856 10
      vertex -33 115 10
      vertex -30.374 89.2694 10
    endloop
  endfacet
  facet normal 0 0 1
    outer loop
      vertex -30.0123 89.4782 10
      vertex -33 115 10
      vertex -30.2 89.3856 10
    endloop
  endfacet
  facet normal 0 0 1
    outer loop
      vertex -29.8141 89.5455 10
      vertex -33 115 10
      vertex -30.0123 89.4782 10
    endloop
  endfacet
  facet normal 0 0 1
    outer loop
      vertex 30.9455 110.986 10
      vertex 33 115 10
      vertex 30.9863 111.191 10
    endloop
  endfacet
  facet normal -0 0 1
    outer loop
      vertex 30.9863 43.3912 10
      vertex 33 40 10
      vertex 31 43.6 10
    endloop
  endfacet
  facet normal -0 0 1
    outer loop
      vertex 30.9455 43.1859 10
      vertex 33 40 10
      vertex 30.9863 43.3912 10
    endloop
  endfacet
  facet normal -0 0 1
    outer loop
      vertex 30.8782 42.9877 10
      vertex 33 40 10
      vertex 30.9455 43.1859 10
    endloop
  endfacet
  facet normal -0 0 1
    outer loop
      vertex 30.7856 42.8 10
      vertex 33 40 10
      vertex 30.8782 42.9877 10
    endloop
  endfacet
  facet normal -0 0 1
    outer loop
      vertex 30.6694 42.626 10
      vertex 33 40 10
      vertex 30.7856 42.8 10
    endloop
  endfacet
  facet normal -0 0 1
    outer loop
      vertex 30.5314 42.4686 10
      vertex 33 40 10
      vertex 30.6694 42.626 10
    endloop
  endfacet
  facet normal -0 0 1
    outer loop
      vertex 30.374 42.3306 10
      vertex 33 40 10
      vertex 30.5314 42.4686 10
    endloop
  endfacet
  facet normal -0 0 1
    outer loop
      vertex 30.2 42.2144 10
      vertex 33 40 10
      vertex 30.374 42.3306 10
    endloop
  endfacet
  facet normal -0 0 1
    outer loop
      vertex 30.0123 42.1218 10
      vertex 33 40 10
      vertex 30.2 42.2144 10
    endloop
  endfacet
  facet normal -0 0 1
    outer loop
      vertex 29.8141 42.0545 10
      vertex 33 40 10
      vertex 30.0123 42.1218 10
    endloop
  endfacet
  facet normal -0 0 1
    outer loop
      vertex 29.6088 42.0137 10
      vertex 33 40 10
      vertex 29.8141 42.0545 10
    endloop
  endfacet
  facet normal -0 0 1
    outer loop
      vertex 29.4 42 10
      vertex 33 40 10
      vertex 29.6088 42.0137 10
    endloop
  endfacet
  facet normal 0 0 1
    outer loop
      vertex 29.1912 42.0137 10
      vertex 33 40 10
      vertex 29.4 42 10
    endloop
  endfacet
  facet normal 0 0 1
    outer loop
      vertex 28.9859 42.0545 10
      vertex 33 40 10
      vertex 29.1912 42.0137 10
    endloop
  endfacet
  facet normal 0 0 1
    outer loop
      vertex 28.7877 42.1218 10
      vertex 33 40 10
      vertex 28.9859 42.0545 10
    endloop
  endfacet
  facet normal 0 0 1
    outer loop
      vertex 15 40 10
      vertex 28.7877 42.1218 10
      vertex 28.6 42.2144 10
    endloop
  endfacet
  facet normal 0 0 1
    outer loop
      vertex 27.8137 43.8088 10
      vertex 15 40 10
      vertex 27.8 43.6 10
    endloop
  endfacet
  facet normal 0 0 1
    outer loop
      vertex 27.8 43.6 10
      vertex 15 40 10
      vertex 27.8137 43.3912 10
    endloop
  endfacet
  facet normal 0 0 1
    outer loop
      vertex 28.7877 42.1218 10
      vertex 15 40 10
      vertex 33 40 10
    endloop
  endfacet
  facet normal 0 0 1
    outer loop
      vertex 28.426 42.3306 10
      vertex 15 40 10
      vertex 28.6 42.2144 10
    endloop
  endfacet
  facet normal 0 0 1
    outer loop
      vertex 28.2686 42.4686 10
      vertex 15 40 10
      vertex 28.426 42.3306 10
    endloop
  endfacet
  facet normal 0 0 1
    outer loop
      vertex 28.1306 42.626 10
      vertex 15 40 10
      vertex 28.2686 42.4686 10
    endloop
  endfacet
  facet normal 0 0 1
    outer loop
      vertex 28.0144 42.8 10
      vertex 15 40 10
      vertex 28.1306 42.626 10
    endloop
  endfacet
  facet normal 0 0 1
    outer loop
      vertex 27.9218 42.9877 10
      vertex 15 40 10
      vertex 28.0144 42.8 10
    endloop
  endfacet
  facet normal 0 0 1
    outer loop
      vertex 27.8545 43.1859 10
      vertex 15 40 10
      vertex 27.9218 42.9877 10
    endloop
  endfacet
  facet normal 0 0 1
    outer loop
      vertex 27.8137 43.3912 10
      vertex 15 40 10
      vertex 27.8545 43.1859 10
    endloop
  endfacet
  facet normal 0 0 1
    outer loop
      vertex -15 90 10
      vertex -27.8 43.6 10
      vertex -15 40 10
    endloop
  endfacet
  facet normal -0 0 1
    outer loop
      vertex -27.8137 43.3912 10
      vertex -15 40 10
      vertex -27.8 43.6 10
    endloop
  endfacet
  facet normal -0 0 1
    outer loop
      vertex -27.8545 43.1859 10
      vertex -15 40 10
      vertex -27.8137 43.3912 10
    endloop
  endfacet
  facet normal -0 0 1
    outer loop
      vertex -27.9218 42.9877 10
      vertex -15 40 10
      vertex -27.8545 43.1859 10
    endloop
  endfacet
  facet normal -0 0 1
    outer loop
      vertex -28.0144 42.8 10
      vertex -15 40 10
      vertex -27.9218 42.9877 10
    endloop
  endfacet
  facet normal -0 0 1
    outer loop
      vertex -28.1306 42.626 10
      vertex -15 40 10
      vertex -28.0144 42.8 10
    endloop
  endfacet
  facet normal -0 0 1
    outer loop
      vertex -28.2686 42.4686 10
      vertex -15 40 10
      vertex -28.1306 42.626 10
    endloop
  endfacet
  facet normal -0 0 1
    outer loop
      vertex -28.426 42.3306 10
      vertex -15 40 10
      vertex -28.2686 42.4686 10
    endloop
  endfacet
  facet normal -0 0 1
    outer loop
      vertex -28.6 42.2144 10
      vertex -15 40 10
      vertex -28.426 42.3306 10
    endloop
  endfacet
  facet normal -0 0 1
    outer loop
      vertex -28.7877 42.1218 10
      vertex -15 40 10
      vertex -28.6 42.2144 10
    endloop
  endfacet
  facet normal -0 0 1
    outer loop
      vertex -28.9859 42.0545 10
      vertex -15 40 10
      vertex -28.7877 42.1218 10
    endloop
  endfacet
  facet normal 0 0 1
    outer loop
      vertex -33 40 10
      vertex -28.9859 42.0545 10
      vertex -29.1912 42.0137 10
    endloop
  endfacet
  facet normal 0 0 1
    outer loop
      vertex -33 40 10
      vertex -29.1912 42.0137 10
      vertex -29.4 42 10
    endloop
  endfacet
  facet normal 0 0 1
    outer loop
      vertex -33 40 10
      vertex -29.4 42 10
      vertex -29.6088 42.0137 10
    endloop
  endfacet
  facet normal 0 0 1
    outer loop
      vertex -28.9859 42.0545 10
      vertex -33 40 10
      vertex -15 40 10
    endloop
  endfacet
  facet normal 0 0 1
    outer loop
      vertex -29.8141 42.0545 10
      vertex -33 40 10
      vertex -29.6088 42.0137 10
    endloop
  endfacet
  facet normal 0 0 1
    outer loop
      vertex -30.0123 42.1218 10
      vertex -33 40 10
      vertex -29.8141 42.0545 10
    endloop
  endfacet
  facet normal 0 0 1
    outer loop
      vertex -30.2 42.2144 10
      vertex -33 40 10
      vertex -30.0123 42.1218 10
    endloop
  endfacet
  facet normal 0 0 1
    outer loop
      vertex -30.374 42.3306 10
      vertex -33 40 10
      vertex -30.2 42.2144 10
    endloop
  endfacet
  facet normal 0 0 1
    outer loop
      vertex -30.5314 42.4686 10
      vertex -33 40 10
      vertex -30.374 42.3306 10
    endloop
  endfacet
  facet normal 0 0 1
    outer loop
      vertex -30.6694 42.626 10
      vertex -33 40 10
      vertex -30.5314 42.4686 10
    endloop
  endfacet
  facet normal 0 0 1
    outer loop
      vertex -30.7856 42.8 10
      vertex -33 40 10
      vertex -30.6694 42.626 10
    endloop
  endfacet
  facet normal 0 0 1
    outer loop
      vertex -30.8782 42.9877 10
      vertex -33 40 10
      vertex -30.7856 42.8 10
    endloop
  endfacet
  facet normal 0 0 1
    outer loop
      vertex -30.9455 43.1859 10
      vertex -33 40 10
      vertex -30.8782 42.9877 10
    endloop
  endfacet
  facet normal 0 0 1
    outer loop
      vertex -30.9863 43.3912 10
      vertex -33 40 10
      vertex -30.9455 43.1859 10
    endloop
  endfacet
  facet normal 0 0 1
    outer loop
      vertex -31 43.6 10
      vertex -33 40 10
      vertex -30.9863 43.3912 10
    endloop
  endfacet
  facet normal 0 0 1
    outer loop
      vertex -30.9863 43.8088 10
      vertex -33 40 10
      vertex -31 43.6 10
    endloop
  endfacet
  facet normal -1 0 0
    outer loop
      vertex -35.4 117.4 8
      vertex -35.4 116 13
      vertex -35.4 117.4 20
    endloop
  endfacet
  facet normal -1 0 0
    outer loop
      vertex -35.4 117.4 8
      vertex -35.4 100 13
      vertex -35.4 116 13
    endloop
  endfacet
  facet normal -1 0 0
    outer loop
      vertex -35.4 100 13
      vertex -35.4 60 13
      vertex -35.4 100 19
    endloop
  endfacet
  facet normal -1 0 0
    outer loop
      vertex -35.4 117.4 8
      vertex -35.4 60 13
      vertex -35.4 100 13
    endloop
  endfacet
  facet normal -1 0 0
    outer loop
      vertex -35.4 37.6 8
      vertex -35.4 60 13
      vertex -35.4 117.4 8
    endloop
  endfacet
  facet normal -1 0 0
    outer loop
      vertex -35.4 37.6 20
      vertex -35.4 46 13
      vertex -35.4 37.6 8
    endloop
  endfacet
  facet normal -1 -0 0
    outer loop
      vertex -35.4 60 13
      vertex -35.4 37.6 8
      vertex -35.4 46 13
    endloop
  endfacet
  facet normal -1 0 0
    outer loop
      vertex -35.4 116 19
      vertex -35.4 117.4 20
      vertex -35.4 116 13
    endloop
  endfacet
  facet normal -1 0 0
    outer loop
      vertex -35.4 100 19
      vertex -35.4 117.4 20
      vertex -35.4 116 19
    endloop
  endfacet
  facet normal -1 0 0
    outer loop
      vertex -35.4 60 19
      vertex -35.4 100 19
      vertex -35.4 60 13
    endloop
  endfacet
  facet normal -1 0 0
    outer loop
      vertex -35.4 60 19
      vertex -35.4 117.4 20
      vertex -35.4 100 19
    endloop
  endfacet
  facet normal -1 0 0
    outer loop
      vertex -35.4 37.6 20
      vertex -35.4 60 19
      vertex -35.4 46 19
    endloop
  endfacet
  facet normal -1 0 0
    outer loop
      vertex -35.4 60 19
      vertex -35.4 37.6 20
      vertex -35.4 117.4 20
    endloop
  endfacet
  facet normal -1 0 0
    outer loop
      vertex -35.4 46 13
      vertex -35.4 37.6 20
      vertex -35.4 46 19
    endloop
  endfacet
  facet normal 0 1 -0
    outer loop
      vertex 35.4 117.4 8
      vertex -35.4 117.4 20
      vertex 35.4 117.4 20
    endloop
  endfacet
  facet normal 0 1 0
    outer loop
      vertex -35.4 117.4 20
      vertex 35.4 117.4 8
      vertex -35.4 117.4 8
    endloop
  endfacet
  facet normal 0 -1 0
    outer loop
      vertex -35.4 37.6 20
      vertex -15 37.6 11
      vertex 35.4 37.6 20
    endloop
  endfacet
  facet normal 0 -1 0
    outer loop
      vertex -35.4 37.6 8
      vertex -15 37.6 11
      vertex -35.4 37.6 20
    endloop
  endfacet
  facet normal 0 -1 -0
    outer loop
      vertex -15 37.6 11
      vertex -35.4 37.6 8
      vertex -15 37.6 8
    endloop
  endfacet
  facet normal 0 -1 0
    outer loop
      vertex 15 37.6 11
      vertex 35.4 37.6 20
      vertex -15 37.6 11
    endloop
  endfacet
  facet normal 0 -1 0
    outer loop
      vertex 35.4 37.6 8
      vertex 15 37.6 11
      vertex 15 37.6 8
    endloop
  endfacet
  facet normal 0 -1 0
    outer loop
      vertex 15 37.6 11
      vertex 35.4 37.6 8
      vertex 35.4 37.6 20
    endloop
  endfacet
  facet normal 0 0 1
    outer loop
      vertex 35.4 117.4 20
      vertex 33 115 20
      vertex 35.4 37.6 20
    endloop
  endfacet
  facet normal 0 0 1
    outer loop
      vertex 35.4 117.4 20
      vertex -33 115 20
      vertex 33 115 20
    endloop
  endfacet
  facet normal 0 0 1
    outer loop
      vertex -33 115 20
      vertex -35.4 117.4 20
      vertex -33 40 20
    endloop
  endfacet
  facet normal -0 0 1
    outer loop
      vertex -35.4 117.4 20
      vertex -33 115 20
      vertex 35.4 117.4 20
    endloop
  endfacet
  facet normal -0 0 1
    outer loop
      vertex 33 40 20
      vertex 35.4 37.6 20
      vertex 33 115 20
    endloop
  endfacet
  facet normal -0 0 1
    outer loop
      vertex -33 40 20
      vertex 35.4 37.6 20
      vertex 33 40 20
    endloop
  endfacet
  facet normal 0 0 1
    outer loop
      vertex -33 40 20
      vertex -35.4 37.6 20
      vertex 35.4 37.6 20
    endloop
  endfacet
  facet normal 0 0 1
    outer loop
      vertex -35.4 37.6 20
      vertex -33 40 20
      vertex -35.4 117.4 20
    endloop
  endfacet
  facet normal 0 1 0
    outer loop
      vertex 33 40 20
      vertex 15 40 11
      vertex -33 40 20
    endloop
  endfacet
  facet normal 0 1 -0
    outer loop
      vertex 33 40 10
      vertex 15 40 11
      vertex 33 40 20
    endloop
  endfacet
  facet normal 0 1 0
    outer loop
      vertex 15 40 11
      vertex 33 40 10
      vertex 15 40 10
    endloop
  endfacet
  facet normal 0 1 -0
    outer loop
      vertex -15 40 11
      vertex -33 40 20
      vertex 15 40 11
    endloop
  endfacet
  facet normal 0 1 0
    outer loop
      vertex -33 40 10
      vertex -15 40 11
      vertex -15 40 10
    endloop
  endfacet
  facet normal 0 1 0
    outer loop
      vertex -15 40 11
      vertex -33 40 10
      vertex -33 40 20
    endloop
  endfacet
  facet normal 0 -1 0
    outer loop
      vertex -33 115 13
      vertex -33 115 10
      vertex -32 115 13
    endloop
  endfacet
  facet normal 0 -1 0
    outer loop
      vertex -32 115 19
      vertex -33 115 20
      vertex -33 115 19
    endloop
  endfacet
  facet normal 0 -1 0
    outer loop
      vertex -33 115 20
      vertex -32 115 19
      vertex 33 115 20
    endloop
  endfacet
  facet normal 0 -1 0
    outer loop
      vertex -32 115 13
      vertex 33 115 20
      vertex -32 115 19
    endloop
  endfacet
  facet normal 0 -1 0
    outer loop
      vertex 33 115 10
      vertex -32 115 13
      vertex -33 115 10
    endloop
  endfacet
  facet normal 0 -1 0
    outer loop
      vertex -32 115 13
      vertex 33 115 10
      vertex 33 115 20
    endloop
  endfacet
  facet normal 1 0 0
    outer loop
      vertex -33 115 20
      vertex -33 100 19
      vertex -33 115 19
    endloop
  endfacet
  facet normal 1 0 0
    outer loop
      vertex -33 100 19
      vertex -33 60 19
      vertex -33 100 13
    endloop
  endfacet
  facet normal 1 0 0
    outer loop
      vertex -33 115 20
      vertex -33 60 19
      vertex -33 100 19
    endloop
  endfacet
  facet normal 1 -0 0
    outer loop
      vertex -33 40 20
      vertex -33 60 19
      vertex -33 115 20
    endloop
  endfacet
  facet normal 1 0 0
    outer loop
      vertex -33 46 19
      vertex -33 40 20
      vertex -33 46 13
    endloop
  endfacet
  facet normal 1 0 0
    outer loop
      vertex -33 60 19
      vertex -33 40 20
      vertex -33 46 19
    endloop
  endfacet
  facet normal 1 -0 0
    outer loop
      vertex -33 100 13
      vertex -33 115 10
      vertex -33 115 13
    endloop
  endfacet
  facet normal 1 0 0
    outer loop
      vertex -33 60 13
      vertex -33 100 13
      vertex -33 60 19
    endloop
  endfacet
  facet normal 1 0 0
    outer loop
      vertex -33 100 13
      vertex -33 60 13
      vertex -33 115 10
    endloop
  endfacet
  facet normal 1 0 0
    outer loop
      vertex -33 40 10
      vertex -33 60 13
      vertex -33 46 13
    endloop
  endfacet
  facet normal 1 0 0
    outer loop
      vertex -33 60 13
      vertex -33 40 10
      vertex -33 115 10
    endloop
  endfacet
  facet normal 1 0 0
    outer loop
      vertex -33 40 10
      vertex -33 46 13
      vertex -33 40 20
    endloop
  endfacet
  facet normal -1 0 0
    outer loop
      vertex 33 40 10
      vertex 33 115 20
      vertex 33 115 10
    endloop
  endfacet
  facet normal -1 -0 0
    outer loop
      vertex 33 115 20
      vertex 33 40 10
      vertex 33 40 20
    endloop
  endfacet
  facet normal -0.194922 0.980819 0
    outer loop
      vertex -28.9859 42.0545 8
      vertex -29.1912 42.0137 10
      vertex -28.9859 42.0545 10
    endloop
  endfacet
  facet normal -0.194922 0.980819 0
    outer loop
      vertex -29.1912 42.0137 10
      vertex -28.9859 42.0545 8
      vertex -29.1912 42.0137 8
    endloop
  endfacet
  facet normal -0.980819 -0.194922 6.04686e-19
    outer loop
      vertex -27.8137 43.8088 8
      vertex -27.8545 44.0141 10
      vertex -27.8545 44.0141 8
    endloop
  endfacet
  facet normal -0.980819 -0.194922 6.04686e-19
    outer loop
      vertex -27.8545 44.0141 10
      vertex -27.8137 43.8088 8
      vertex -27.8137 43.8088 10
    endloop
  endfacet
  facet normal -0.997854 -0.0654722 -9.10547e-20
    outer loop
      vertex -27.8 43.6 8
      vertex -27.8137 43.8088 10
      vertex -27.8137 43.8088 8
    endloop
  endfacet
  facet normal -0.997854 -0.0654722 -9.10547e-20
    outer loop
      vertex -27.8137 43.8088 10
      vertex -27.8 43.6 8
      vertex -27.8 43.6 10
    endloop
  endfacet
  facet normal -0.946901 -0.321526 -1.5782e-18
    outer loop
      vertex -27.8545 44.0141 8
      vertex -27.9218 44.2123 10
      vertex -27.9218 44.2123 8
    endloop
  endfacet
  facet normal -0.946901 -0.321526 -1.5782e-18
    outer loop
      vertex -27.9218 44.2123 10
      vertex -27.8545 44.0141 8
      vertex -27.8545 44.0141 10
    endloop
  endfacet
  facet normal -0.831609 -0.555362 2.51936e-19
    outer loop
      vertex -28.0144 44.4 8
      vertex -28.1306 44.574 10
      vertex -28.1306 44.574 8
    endloop
  endfacet
  facet normal -0.831609 -0.555362 2.51936e-19
    outer loop
      vertex -28.1306 44.574 10
      vertex -28.0144 44.4 8
      vertex -28.0144 44.4 10
    endloop
  endfacet
  facet normal 0.442429 0.896803 -0
    outer loop
      vertex -30.0123 42.1218 8
      vertex -30.2 42.2144 10
      vertex -30.0123 42.1218 10
    endloop
  endfacet
  facet normal 0.442429 0.896803 0
    outer loop
      vertex -30.2 42.2144 10
      vertex -30.0123 42.1218 8
      vertex -30.2 42.2144 8
    endloop
  endfacet
  facet normal -0.997854 0.0654722 -4.67707e-19
    outer loop
      vertex -27.8137 43.3912 8
      vertex -27.8 43.6 10
      vertex -27.8 43.6 8
    endloop
  endfacet
  facet normal -0.997854 0.0654722 -4.67707e-19
    outer loop
      vertex -27.8 43.6 10
      vertex -27.8137 43.3912 8
      vertex -27.8137 43.3912 10
    endloop
  endfacet
  facet normal -0.896803 -0.442429 -8.9597e-19
    outer loop
      vertex -27.9218 44.2123 8
      vertex -28.0144 44.4 10
      vertex -28.0144 44.4 8
    endloop
  endfacet
  facet normal -0.896803 -0.442429 -8.9597e-19
    outer loop
      vertex -28.0144 44.4 10
      vertex -27.9218 44.2123 8
      vertex -27.9218 44.2123 10
    endloop
  endfacet
  facet normal -0.659248 -0.751925 0
    outer loop
      vertex -28.426 44.8694 8
      vertex -28.2686 44.7314 10
      vertex -28.426 44.8694 10
    endloop
  endfacet
  facet normal -0.659248 -0.751925 -0
    outer loop
      vertex -28.2686 44.7314 10
      vertex -28.426 44.8694 8
      vertex -28.2686 44.7314 8
    endloop
  endfacet
  facet normal 0.751925 0.659248 1.90414e-18
    outer loop
      vertex -30.5314 42.4686 10
      vertex -30.6694 42.626 8
      vertex -30.6694 42.626 10
    endloop
  endfacet
  facet normal 0.751925 0.659248 1.90414e-18
    outer loop
      vertex -30.6694 42.626 8
      vertex -30.5314 42.4686 10
      vertex -30.5314 42.4686 8
    endloop
  endfacet
  facet normal 0.0654722 0.997854 -0
    outer loop
      vertex -29.4 42 8
      vertex -29.6088 42.0137 10
      vertex -29.4 42 10
    endloop
  endfacet
  facet normal 0.0654722 0.997854 0
    outer loop
      vertex -29.6088 42.0137 10
      vertex -29.4 42 8
      vertex -29.6088 42.0137 8
    endloop
  endfacet
  facet normal 0.946901 0.321526 -1.5782e-18
    outer loop
      vertex -30.8782 42.9877 10
      vertex -30.9455 43.1859 8
      vertex -30.9455 43.1859 10
    endloop
  endfacet
  facet normal 0.946901 0.321526 -1.5782e-18
    outer loop
      vertex -30.9455 43.1859 8
      vertex -30.8782 42.9877 10
      vertex -30.8782 42.9877 8
    endloop
  endfacet
  facet normal -0.751925 -0.659248 -3.26698e-18
    outer loop
      vertex -28.1306 44.574 8
      vertex -28.2686 44.7314 10
      vertex -28.2686 44.7314 8
    endloop
  endfacet
  facet normal -0.751925 -0.659248 -3.26698e-18
    outer loop
      vertex -28.2686 44.7314 10
      vertex -28.1306 44.574 8
      vertex -28.1306 44.574 10
    endloop
  endfacet
  facet normal -0.946901 0.321526 1.5782e-18
    outer loop
      vertex -27.9218 42.9877 8
      vertex -27.8545 43.1859 10
      vertex -27.8545 43.1859 8
    endloop
  endfacet
  facet normal -0.946901 0.321526 1.5782e-18
    outer loop
      vertex -27.8545 43.1859 10
      vertex -27.9218 42.9877 8
      vertex -27.9218 42.9877 10
    endloop
  endfacet
  facet normal -0.751925 0.659248 -1.90414e-18
    outer loop
      vertex -28.2686 42.4686 8
      vertex -28.1306 42.626 10
      vertex -28.1306 42.626 8
    endloop
  endfacet
  facet normal -0.751925 0.659248 -1.90414e-18
    outer loop
      vertex -28.1306 42.626 10
      vertex -28.2686 42.4686 8
      vertex -28.2686 42.4686 10
    endloop
  endfacet
  facet normal 0.555362 0.831609 -0
    outer loop
      vertex -30.2 42.2144 8
      vertex -30.374 42.3306 10
      vertex -30.2 42.2144 10
    endloop
  endfacet
  facet normal 0.555362 0.831609 0
    outer loop
      vertex -30.374 42.3306 10
      vertex -30.2 42.2144 8
      vertex -30.374 42.3306 8
    endloop
  endfacet
  facet normal -0.555362 -0.831609 0
    outer loop
      vertex -28.6 44.9856 8
      vertex -28.426 44.8694 10
      vertex -28.6 44.9856 10
    endloop
  endfacet
  facet normal -0.555362 -0.831609 -0
    outer loop
      vertex -28.426 44.8694 10
      vertex -28.6 44.9856 8
      vertex -28.426 44.8694 8
    endloop
  endfacet
  facet normal 0.321526 0.946901 -0
    outer loop
      vertex -29.8141 42.0545 8
      vertex -30.0123 42.1218 10
      vertex -29.8141 42.0545 10
    endloop
  endfacet
  facet normal 0.321526 0.946901 0
    outer loop
      vertex -30.0123 42.1218 10
      vertex -29.8141 42.0545 8
      vertex -30.0123 42.1218 8
    endloop
  endfacet
  facet normal -0.831609 0.555362 -2.51936e-19
    outer loop
      vertex -28.1306 42.626 8
      vertex -28.0144 42.8 10
      vertex -28.0144 42.8 8
    endloop
  endfacet
  facet normal -0.831609 0.555362 -2.51936e-19
    outer loop
      vertex -28.0144 42.8 10
      vertex -28.1306 42.626 8
      vertex -28.1306 42.626 10
    endloop
  endfacet
  facet normal 0.980819 -0.194922 -6.04686e-19
    outer loop
      vertex -30.9863 43.8088 10
      vertex -30.9455 44.0141 8
      vertex -30.9455 44.0141 10
    endloop
  endfacet
  facet normal 0.980819 -0.194922 -6.04686e-19
    outer loop
      vertex -30.9455 44.0141 8
      vertex -30.9863 43.8088 10
      vertex -30.9863 43.8088 8
    endloop
  endfacet
  facet normal 0.194922 0.980819 -0
    outer loop
      vertex -29.6088 42.0137 8
      vertex -29.8141 42.0545 10
      vertex -29.6088 42.0137 10
    endloop
  endfacet
  facet normal 0.194922 0.980819 0
    outer loop
      vertex -29.8141 42.0545 10
      vertex -29.6088 42.0137 8
      vertex -29.8141 42.0545 8
    endloop
  endfacet
  facet normal 0.321526 -0.946901 0
    outer loop
      vertex -30.0123 45.0782 8
      vertex -29.8141 45.1455 10
      vertex -30.0123 45.0782 10
    endloop
  endfacet
  facet normal 0.321526 -0.946901 0
    outer loop
      vertex -29.8141 45.1455 10
      vertex -30.0123 45.0782 8
      vertex -29.8141 45.1455 8
    endloop
  endfacet
  facet normal 0.442429 -0.896803 0
    outer loop
      vertex -30.2 44.9856 8
      vertex -30.0123 45.0782 10
      vertex -30.2 44.9856 10
    endloop
  endfacet
  facet normal 0.442429 -0.896803 0
    outer loop
      vertex -30.0123 45.0782 10
      vertex -30.2 44.9856 8
      vertex -30.0123 45.0782 8
    endloop
  endfacet
  facet normal 0.555362 -0.831609 0
    outer loop
      vertex -30.374 44.8694 8
      vertex -30.2 44.9856 10
      vertex -30.374 44.8694 10
    endloop
  endfacet
  facet normal 0.555362 -0.831609 0
    outer loop
      vertex -30.2 44.9856 10
      vertex -30.374 44.8694 8
      vertex -30.2 44.9856 8
    endloop
  endfacet
  facet normal -0.321526 -0.946901 0
    outer loop
      vertex -28.9859 45.1455 8
      vertex -28.7877 45.0782 10
      vertex -28.9859 45.1455 10
    endloop
  endfacet
  facet normal -0.321526 -0.946901 -0
    outer loop
      vertex -28.7877 45.0782 10
      vertex -28.9859 45.1455 8
      vertex -28.7877 45.0782 8
    endloop
  endfacet
  facet normal 0.194922 -0.980819 0
    outer loop
      vertex -29.8141 45.1455 8
      vertex -29.6088 45.1863 10
      vertex -29.8141 45.1455 10
    endloop
  endfacet
  facet normal 0.194922 -0.980819 0
    outer loop
      vertex -29.6088 45.1863 10
      vertex -29.8141 45.1455 8
      vertex -29.6088 45.1863 8
    endloop
  endfacet
  facet normal -0.194922 -0.980819 0
    outer loop
      vertex -29.1912 45.1863 8
      vertex -28.9859 45.1455 10
      vertex -29.1912 45.1863 10
    endloop
  endfacet
  facet normal -0.194922 -0.980819 -0
    outer loop
      vertex -28.9859 45.1455 10
      vertex -29.1912 45.1863 8
      vertex -28.9859 45.1455 8
    endloop
  endfacet
  facet normal 0.659248 0.751925 -0
    outer loop
      vertex -30.374 42.3306 8
      vertex -30.5314 42.4686 10
      vertex -30.374 42.3306 10
    endloop
  endfacet
  facet normal 0.659248 0.751925 0
    outer loop
      vertex -30.5314 42.4686 10
      vertex -30.374 42.3306 8
      vertex -30.5314 42.4686 8
    endloop
  endfacet
  facet normal 0.997854 0.0654722 4.67707e-19
    outer loop
      vertex -30.9863 43.3912 10
      vertex -31 43.6 8
      vertex -31 43.6 10
    endloop
  endfacet
  facet normal 0.997854 0.0654722 4.67707e-19
    outer loop
      vertex -31 43.6 8
      vertex -30.9863 43.3912 10
      vertex -30.9863 43.3912 8
    endloop
  endfacet
  facet normal -0.896803 0.442429 8.9597e-19
    outer loop
      vertex -28.0144 42.8 8
      vertex -27.9218 42.9877 10
      vertex -27.9218 42.9877 8
    endloop
  endfacet
  facet normal -0.896803 0.442429 8.9597e-19
    outer loop
      vertex -27.9218 42.9877 10
      vertex -28.0144 42.8 8
      vertex -28.0144 42.8 10
    endloop
  endfacet
  facet normal 0.997854 -0.0654722 9.10547e-20
    outer loop
      vertex -31 43.6 10
      vertex -30.9863 43.8088 8
      vertex -30.9863 43.8088 10
    endloop
  endfacet
  facet normal 0.997854 -0.0654722 9.10547e-20
    outer loop
      vertex -30.9863 43.8088 8
      vertex -31 43.6 10
      vertex -31 43.6 8
    endloop
  endfacet
  facet normal 0.659248 -0.751925 0
    outer loop
      vertex -30.5314 44.7314 8
      vertex -30.374 44.8694 10
      vertex -30.5314 44.7314 10
    endloop
  endfacet
  facet normal 0.659248 -0.751925 0
    outer loop
      vertex -30.374 44.8694 10
      vertex -30.5314 44.7314 8
      vertex -30.374 44.8694 8
    endloop
  endfacet
  facet normal 0.831609 0.555362 1.71113e-18
    outer loop
      vertex -30.6694 42.626 10
      vertex -30.7856 42.8 8
      vertex -30.7856 42.8 10
    endloop
  endfacet
  facet normal 0.831609 0.555362 1.71113e-18
    outer loop
      vertex -30.7856 42.8 8
      vertex -30.6694 42.626 10
      vertex -30.6694 42.626 8
    endloop
  endfacet
  facet normal 0.980819 0.194922 6.04686e-19
    outer loop
      vertex -30.9455 43.1859 10
      vertex -30.9863 43.3912 8
      vertex -30.9863 43.3912 10
    endloop
  endfacet
  facet normal 0.980819 0.194922 6.04686e-19
    outer loop
      vertex -30.9863 43.3912 8
      vertex -30.9455 43.1859 10
      vertex -30.9455 43.1859 8
    endloop
  endfacet
  facet normal -0.321526 0.946901 0
    outer loop
      vertex -28.7877 42.1218 8
      vertex -28.9859 42.0545 10
      vertex -28.7877 42.1218 10
    endloop
  endfacet
  facet normal -0.321526 0.946901 0
    outer loop
      vertex -28.9859 42.0545 10
      vertex -28.7877 42.1218 8
      vertex -28.9859 42.0545 8
    endloop
  endfacet
  facet normal -0.0654722 0.997854 0
    outer loop
      vertex -29.1912 42.0137 8
      vertex -29.4 42 10
      vertex -29.1912 42.0137 10
    endloop
  endfacet
  facet normal -0.0654722 0.997854 0
    outer loop
      vertex -29.4 42 10
      vertex -29.1912 42.0137 8
      vertex -29.4 42 8
    endloop
  endfacet
  facet normal -0.442429 0.896803 0
    outer loop
      vertex -28.6 42.2144 8
      vertex -28.7877 42.1218 10
      vertex -28.6 42.2144 10
    endloop
  endfacet
  facet normal -0.442429 0.896803 0
    outer loop
      vertex -28.7877 42.1218 10
      vertex -28.6 42.2144 8
      vertex -28.7877 42.1218 8
    endloop
  endfacet
  facet normal -0.442429 -0.896803 0
    outer loop
      vertex -28.7877 45.0782 8
      vertex -28.6 44.9856 10
      vertex -28.7877 45.0782 10
    endloop
  endfacet
  facet normal -0.442429 -0.896803 -0
    outer loop
      vertex -28.6 44.9856 10
      vertex -28.7877 45.0782 8
      vertex -28.6 44.9856 8
    endloop
  endfacet
  facet normal -0.980819 0.194922 -6.04686e-19
    outer loop
      vertex -27.8545 43.1859 8
      vertex -27.8137 43.3912 10
      vertex -27.8137 43.3912 8
    endloop
  endfacet
  facet normal -0.980819 0.194922 -6.04686e-19
    outer loop
      vertex -27.8137 43.3912 10
      vertex -27.8545 43.1859 8
      vertex -27.8545 43.1859 10
    endloop
  endfacet
  facet normal 0.946901 -0.321526 1.5782e-18
    outer loop
      vertex -30.9455 44.0141 10
      vertex -30.8782 44.2123 8
      vertex -30.8782 44.2123 10
    endloop
  endfacet
  facet normal 0.946901 -0.321526 1.5782e-18
    outer loop
      vertex -30.8782 44.2123 8
      vertex -30.9455 44.0141 10
      vertex -30.9455 44.0141 8
    endloop
  endfacet
  facet normal 0.896803 0.442429 -2.5934e-18
    outer loop
      vertex -30.7856 42.8 10
      vertex -30.8782 42.9877 8
      vertex -30.8782 42.9877 10
    endloop
  endfacet
  facet normal 0.896803 0.442429 -2.5934e-18
    outer loop
      vertex -30.8782 42.9877 8
      vertex -30.7856 42.8 10
      vertex -30.7856 42.8 8
    endloop
  endfacet
  facet normal -0.0654722 -0.997854 0
    outer loop
      vertex -29.4 45.2 8
      vertex -29.1912 45.1863 10
      vertex -29.4 45.2 10
    endloop
  endfacet
  facet normal -0.0654722 -0.997854 -0
    outer loop
      vertex -29.1912 45.1863 10
      vertex -29.4 45.2 8
      vertex -29.1912 45.1863 8
    endloop
  endfacet
  facet normal 0.0654722 -0.997854 0
    outer loop
      vertex -29.6088 45.1863 8
      vertex -29.4 45.2 10
      vertex -29.6088 45.1863 10
    endloop
  endfacet
  facet normal 0.0654722 -0.997854 0
    outer loop
      vertex -29.4 45.2 10
      vertex -29.6088 45.1863 8
      vertex -29.4 45.2 8
    endloop
  endfacet
  facet normal 0.831609 -0.555362 -1.71113e-18
    outer loop
      vertex -30.7856 44.4 10
      vertex -30.6694 44.574 8
      vertex -30.6694 44.574 10
    endloop
  endfacet
  facet normal 0.831609 -0.555362 -1.71113e-18
    outer loop
      vertex -30.6694 44.574 8
      vertex -30.7856 44.4 10
      vertex -30.7856 44.4 8
    endloop
  endfacet
  facet normal 0.751925 -0.659248 3.26698e-18
    outer loop
      vertex -30.6694 44.574 10
      vertex -30.5314 44.7314 8
      vertex -30.5314 44.7314 10
    endloop
  endfacet
  facet normal 0.751925 -0.659248 3.26698e-18
    outer loop
      vertex -30.5314 44.7314 8
      vertex -30.6694 44.574 10
      vertex -30.6694 44.574 8
    endloop
  endfacet
  facet normal -0.555362 0.831609 0
    outer loop
      vertex -28.426 42.3306 8
      vertex -28.6 42.2144 10
      vertex -28.426 42.3306 10
    endloop
  endfacet
  facet normal -0.555362 0.831609 0
    outer loop
      vertex -28.6 42.2144 10
      vertex -28.426 42.3306 8
      vertex -28.6 42.2144 8
    endloop
  endfacet
  facet normal 0.896803 -0.442429 2.5934e-18
    outer loop
      vertex -30.8782 44.2123 10
      vertex -30.7856 44.4 8
      vertex -30.7856 44.4 10
    endloop
  endfacet
  facet normal 0.896803 -0.442429 2.5934e-18
    outer loop
      vertex -30.7856 44.4 8
      vertex -30.8782 44.2123 10
      vertex -30.8782 44.2123 8
    endloop
  endfacet
  facet normal -0.659248 0.751925 0
    outer loop
      vertex -28.2686 42.4686 8
      vertex -28.426 42.3306 10
      vertex -28.2686 42.4686 10
    endloop
  endfacet
  facet normal -0.659248 0.751925 0
    outer loop
      vertex -28.426 42.3306 10
      vertex -28.2686 42.4686 8
      vertex -28.426 42.3306 8
    endloop
  endfacet
  facet normal -0.980819 -0.194922 6.04686e-19
    outer loop
      vertex 30.9863 43.8088 8
      vertex 30.9455 44.0141 10
      vertex 30.9455 44.0141 8
    endloop
  endfacet
  facet normal -0.980819 -0.194922 6.04686e-19
    outer loop
      vertex 30.9455 44.0141 10
      vertex 30.9863 43.8088 8
      vertex 30.9863 43.8088 10
    endloop
  endfacet
  facet normal -0.997854 -0.0654722 -9.10547e-20
    outer loop
      vertex 31 43.6 8
      vertex 30.9863 43.8088 10
      vertex 30.9863 43.8088 8
    endloop
  endfacet
  facet normal -0.997854 -0.0654722 -9.10547e-20
    outer loop
      vertex 30.9863 43.8088 10
      vertex 31 43.6 8
      vertex 31 43.6 10
    endloop
  endfacet
  facet normal -0.946901 -0.321526 -1.5782e-18
    outer loop
      vertex 30.9455 44.0141 8
      vertex 30.8782 44.2123 10
      vertex 30.8782 44.2123 8
    endloop
  endfacet
  facet normal -0.946901 -0.321526 -1.5782e-18
    outer loop
      vertex 30.8782 44.2123 10
      vertex 30.9455 44.0141 8
      vertex 30.9455 44.0141 10
    endloop
  endfacet
  facet normal -0.321526 -0.946901 0
    outer loop
      vertex 29.8141 45.1455 8
      vertex 30.0123 45.0782 10
      vertex 29.8141 45.1455 10
    endloop
  endfacet
  facet normal -0.321526 -0.946901 -0
    outer loop
      vertex 30.0123 45.0782 10
      vertex 29.8141 45.1455 8
      vertex 30.0123 45.0782 8
    endloop
  endfacet
  facet normal 0.751925 -0.659248 3.26698e-18
    outer loop
      vertex 28.1306 44.574 10
      vertex 28.2686 44.7314 8
      vertex 28.2686 44.7314 10
    endloop
  endfacet
  facet normal 0.751925 -0.659248 3.26698e-18
    outer loop
      vertex 28.2686 44.7314 8
      vertex 28.1306 44.574 10
      vertex 28.1306 44.574 8
    endloop
  endfacet
  facet normal -0.194922 0.980819 0
    outer loop
      vertex 29.8141 42.0545 8
      vertex 29.6088 42.0137 10
      vertex 29.8141 42.0545 10
    endloop
  endfacet
  facet normal -0.194922 0.980819 0
    outer loop
      vertex 29.6088 42.0137 10
      vertex 29.8141 42.0545 8
      vertex 29.6088 42.0137 8
    endloop
  endfacet
  facet normal -0.896803 -0.442429 -2.5934e-18
    outer loop
      vertex 30.8782 44.2123 8
      vertex 30.7856 44.4 10
      vertex 30.7856 44.4 8
    endloop
  endfacet
  facet normal -0.896803 -0.442429 -2.5934e-18
    outer loop
      vertex 30.7856 44.4 10
      vertex 30.8782 44.2123 8
      vertex 30.8782 44.2123 10
    endloop
  endfacet
  facet normal -0.831609 -0.555362 1.71113e-18
    outer loop
      vertex 30.7856 44.4 8
      vertex 30.6694 44.574 10
      vertex 30.6694 44.574 8
    endloop
  endfacet
  facet normal -0.831609 -0.555362 1.71113e-18
    outer loop
      vertex 30.6694 44.574 10
      vertex 30.7856 44.4 8
      vertex 30.7856 44.4 10
    endloop
  endfacet
  facet normal 0.555362 -0.831609 0
    outer loop
      vertex 28.426 44.8694 8
      vertex 28.6 44.9856 10
      vertex 28.426 44.8694 10
    endloop
  endfacet
  facet normal 0.555362 -0.831609 0
    outer loop
      vertex 28.6 44.9856 10
      vertex 28.426 44.8694 8
      vertex 28.6 44.9856 8
    endloop
  endfacet
  facet normal -0.946901 0.321526 1.5782e-18
    outer loop
      vertex 30.8782 42.9877 8
      vertex 30.9455 43.1859 10
      vertex 30.9455 43.1859 8
    endloop
  endfacet
  facet normal -0.946901 0.321526 1.5782e-18
    outer loop
      vertex 30.9455 43.1859 10
      vertex 30.8782 42.9877 8
      vertex 30.8782 42.9877 10
    endloop
  endfacet
  facet normal -0.442429 -0.896803 0
    outer loop
      vertex 30.0123 45.0782 8
      vertex 30.2 44.9856 10
      vertex 30.0123 45.0782 10
    endloop
  endfacet
  facet normal -0.442429 -0.896803 -0
    outer loop
      vertex 30.2 44.9856 10
      vertex 30.0123 45.0782 8
      vertex 30.2 44.9856 8
    endloop
  endfacet
  facet normal -0.751925 -0.659248 -3.26698e-18
    outer loop
      vertex 30.6694 44.574 8
      vertex 30.5314 44.7314 10
      vertex 30.5314 44.7314 8
    endloop
  endfacet
  facet normal -0.751925 -0.659248 -3.26698e-18
    outer loop
      vertex 30.5314 44.7314 10
      vertex 30.6694 44.574 8
      vertex 30.6694 44.574 10
    endloop
  endfacet
  facet normal 0.0654722 0.997854 -0
    outer loop
      vertex 29.4 42 8
      vertex 29.1912 42.0137 10
      vertex 29.4 42 10
    endloop
  endfacet
  facet normal 0.0654722 0.997854 0
    outer loop
      vertex 29.1912 42.0137 10
      vertex 29.4 42 8
      vertex 29.1912 42.0137 8
    endloop
  endfacet
  facet normal -0.194922 -0.980819 0
    outer loop
      vertex 29.6088 45.1863 8
      vertex 29.8141 45.1455 10
      vertex 29.6088 45.1863 10
    endloop
  endfacet
  facet normal -0.194922 -0.980819 -0
    outer loop
      vertex 29.8141 45.1455 10
      vertex 29.6088 45.1863 8
      vertex 29.8141 45.1455 8
    endloop
  endfacet
  facet normal 0.946901 0.321526 -1.5782e-18
    outer loop
      vertex 27.9218 42.9877 10
      vertex 27.8545 43.1859 8
      vertex 27.8545 43.1859 10
    endloop
  endfacet
  facet normal 0.946901 0.321526 -1.5782e-18
    outer loop
      vertex 27.8545 43.1859 8
      vertex 27.9218 42.9877 10
      vertex 27.9218 42.9877 8
    endloop
  endfacet
  facet normal -0.555362 -0.831609 0
    outer loop
      vertex 30.2 44.9856 8
      vertex 30.374 44.8694 10
      vertex 30.2 44.9856 10
    endloop
  endfacet
  facet normal -0.555362 -0.831609 -0
    outer loop
      vertex 30.374 44.8694 10
      vertex 30.2 44.9856 8
      vertex 30.374 44.8694 8
    endloop
  endfacet
  facet normal 0.442429 0.896803 -0
    outer loop
      vertex 28.7877 42.1218 8
      vertex 28.6 42.2144 10
      vertex 28.7877 42.1218 10
    endloop
  endfacet
  facet normal 0.442429 0.896803 0
    outer loop
      vertex 28.6 42.2144 10
      vertex 28.7877 42.1218 8
      vertex 28.6 42.2144 8
    endloop
  endfacet
  facet normal -0.442429 0.896803 0
    outer loop
      vertex 30.2 42.2144 8
      vertex 30.0123 42.1218 10
      vertex 30.2 42.2144 10
    endloop
  endfacet
  facet normal -0.442429 0.896803 0
    outer loop
      vertex 30.0123 42.1218 10
      vertex 30.2 42.2144 8
      vertex 30.0123 42.1218 8
    endloop
  endfacet
  facet normal -0.659248 -0.751925 0
    outer loop
      vertex 30.374 44.8694 8
      vertex 30.5314 44.7314 10
      vertex 30.374 44.8694 10
    endloop
  endfacet
  facet normal -0.659248 -0.751925 -0
    outer loop
      vertex 30.5314 44.7314 10
      vertex 30.374 44.8694 8
      vertex 30.5314 44.7314 8
    endloop
  endfacet
  facet normal -0.831609 0.555362 -1.71113e-18
    outer loop
      vertex 30.6694 42.626 8
      vertex 30.7856 42.8 10
      vertex 30.7856 42.8 8
    endloop
  endfacet
  facet normal -0.831609 0.555362 -1.71113e-18
    outer loop
      vertex 30.7856 42.8 10
      vertex 30.6694 42.626 8
      vertex 30.6694 42.626 10
    endloop
  endfacet
  facet normal 0.980819 -0.194922 -6.04686e-19
    outer loop
      vertex 27.8137 43.8088 10
      vertex 27.8545 44.0141 8
      vertex 27.8545 44.0141 10
    endloop
  endfacet
  facet normal 0.980819 -0.194922 -6.04686e-19
    outer loop
      vertex 27.8545 44.0141 8
      vertex 27.8137 43.8088 10
      vertex 27.8137 43.8088 8
    endloop
  endfacet
  facet normal -0.997854 0.0654722 -4.67707e-19
    outer loop
      vertex 30.9863 43.3912 8
      vertex 31 43.6 10
      vertex 31 43.6 8
    endloop
  endfacet
  facet normal -0.997854 0.0654722 -4.67707e-19
    outer loop
      vertex 31 43.6 10
      vertex 30.9863 43.3912 8
      vertex 30.9863 43.3912 10
    endloop
  endfacet
  facet normal 0.0654722 -0.997854 0
    outer loop
      vertex 29.1912 45.1863 8
      vertex 29.4 45.2 10
      vertex 29.1912 45.1863 10
    endloop
  endfacet
  facet normal 0.0654722 -0.997854 0
    outer loop
      vertex 29.4 45.2 10
      vertex 29.1912 45.1863 8
      vertex 29.4 45.2 8
    endloop
  endfacet
  facet normal 0.194922 -0.980819 0
    outer loop
      vertex 28.9859 45.1455 8
      vertex 29.1912 45.1863 10
      vertex 28.9859 45.1455 10
    endloop
  endfacet
  facet normal 0.194922 -0.980819 0
    outer loop
      vertex 29.1912 45.1863 10
      vertex 28.9859 45.1455 8
      vertex 29.1912 45.1863 8
    endloop
  endfacet
  facet normal 0.321526 -0.946901 0
    outer loop
      vertex 28.7877 45.0782 8
      vertex 28.9859 45.1455 10
      vertex 28.7877 45.0782 10
    endloop
  endfacet
  facet normal 0.321526 -0.946901 0
    outer loop
      vertex 28.9859 45.1455 10
      vertex 28.7877 45.0782 8
      vertex 28.9859 45.1455 8
    endloop
  endfacet
  facet normal -0.321526 0.946901 0
    outer loop
      vertex 30.0123 42.1218 8
      vertex 29.8141 42.0545 10
      vertex 30.0123 42.1218 10
    endloop
  endfacet
  facet normal -0.321526 0.946901 0
    outer loop
      vertex 29.8141 42.0545 10
      vertex 30.0123 42.1218 8
      vertex 29.8141 42.0545 8
    endloop
  endfacet
  facet normal -0.0654722 -0.997854 0
    outer loop
      vertex 29.4 45.2 8
      vertex 29.6088 45.1863 10
      vertex 29.4 45.2 10
    endloop
  endfacet
  facet normal -0.0654722 -0.997854 -0
    outer loop
      vertex 29.6088 45.1863 10
      vertex 29.4 45.2 8
      vertex 29.6088 45.1863 8
    endloop
  endfacet
  facet normal 0.997854 0.0654722 4.67707e-19
    outer loop
      vertex 27.8137 43.3912 10
      vertex 27.8 43.6 8
      vertex 27.8 43.6 10
    endloop
  endfacet
  facet normal 0.997854 0.0654722 4.67707e-19
    outer loop
      vertex 27.8 43.6 8
      vertex 27.8137 43.3912 10
      vertex 27.8137 43.3912 8
    endloop
  endfacet
  facet normal 0.442429 -0.896803 0
    outer loop
      vertex 28.6 44.9856 8
      vertex 28.7877 45.0782 10
      vertex 28.6 44.9856 10
    endloop
  endfacet
  facet normal 0.442429 -0.896803 0
    outer loop
      vertex 28.7877 45.0782 10
      vertex 28.6 44.9856 8
      vertex 28.7877 45.0782 8
    endloop
  endfacet
  facet normal -0.659248 0.751925 0
    outer loop
      vertex 30.5314 42.4686 8
      vertex 30.374 42.3306 10
      vertex 30.5314 42.4686 10
    endloop
  endfacet
  facet normal -0.659248 0.751925 0
    outer loop
      vertex 30.374 42.3306 10
      vertex 30.5314 42.4686 8
      vertex 30.374 42.3306 8
    endloop
  endfacet
  facet normal -0.0654722 0.997854 0
    outer loop
      vertex 29.6088 42.0137 8
      vertex 29.4 42 10
      vertex 29.6088 42.0137 10
    endloop
  endfacet
  facet normal -0.0654722 0.997854 0
    outer loop
      vertex 29.4 42 10
      vertex 29.6088 42.0137 8
      vertex 29.4 42 8
    endloop
  endfacet
  facet normal 0.555362 0.831609 -0
    outer loop
      vertex 28.6 42.2144 8
      vertex 28.426 42.3306 10
      vertex 28.6 42.2144 10
    endloop
  endfacet
  facet normal 0.555362 0.831609 0
    outer loop
      vertex 28.426 42.3306 10
      vertex 28.6 42.2144 8
      vertex 28.426 42.3306 8
    endloop
  endfacet
  facet normal 0.831609 0.555362 2.51936e-19
    outer loop
      vertex 28.1306 42.626 10
      vertex 28.0144 42.8 8
      vertex 28.0144 42.8 10
    endloop
  endfacet
  facet normal 0.831609 0.555362 2.51936e-19
    outer loop
      vertex 28.0144 42.8 8
      vertex 28.1306 42.626 10
      vertex 28.1306 42.626 8
    endloop
  endfacet
  facet normal -0.980819 0.194922 -6.04686e-19
    outer loop
      vertex 30.9455 43.1859 8
      vertex 30.9863 43.3912 10
      vertex 30.9863 43.3912 8
    endloop
  endfacet
  facet normal -0.980819 0.194922 -6.04686e-19
    outer loop
      vertex 30.9863 43.3912 10
      vertex 30.9455 43.1859 8
      vertex 30.9455 43.1859 10
    endloop
  endfacet
  facet normal 0.896803 0.442429 -8.9597e-19
    outer loop
      vertex 28.0144 42.8 10
      vertex 27.9218 42.9877 8
      vertex 27.9218 42.9877 10
    endloop
  endfacet
  facet normal 0.896803 0.442429 -8.9597e-19
    outer loop
      vertex 27.9218 42.9877 8
      vertex 28.0144 42.8 10
      vertex 28.0144 42.8 8
    endloop
  endfacet
  facet normal -0.555362 0.831609 0
    outer loop
      vertex 30.374 42.3306 8
      vertex 30.2 42.2144 10
      vertex 30.374 42.3306 10
    endloop
  endfacet
  facet normal -0.555362 0.831609 0
    outer loop
      vertex 30.2 42.2144 10
      vertex 30.374 42.3306 8
      vertex 30.2 42.2144 8
    endloop
  endfacet
  facet normal 0.997854 -0.0654722 9.10547e-20
    outer loop
      vertex 27.8 43.6 10
      vertex 27.8137 43.8088 8
      vertex 27.8137 43.8088 10
    endloop
  endfacet
  facet normal 0.997854 -0.0654722 9.10547e-20
    outer loop
      vertex 27.8137 43.8088 8
      vertex 27.8 43.6 10
      vertex 27.8 43.6 8
    endloop
  endfacet
  facet normal 0.659248 -0.751925 0
    outer loop
      vertex 28.2686 44.7314 8
      vertex 28.426 44.8694 10
      vertex 28.2686 44.7314 10
    endloop
  endfacet
  facet normal 0.659248 -0.751925 0
    outer loop
      vertex 28.426 44.8694 10
      vertex 28.2686 44.7314 8
      vertex 28.426 44.8694 8
    endloop
  endfacet
  facet normal -0.896803 0.442429 2.5934e-18
    outer loop
      vertex 30.7856 42.8 8
      vertex 30.8782 42.9877 10
      vertex 30.8782 42.9877 8
    endloop
  endfacet
  facet normal -0.896803 0.442429 2.5934e-18
    outer loop
      vertex 30.8782 42.9877 10
      vertex 30.7856 42.8 8
      vertex 30.7856 42.8 10
    endloop
  endfacet
  facet normal 0.194922 0.980819 -0
    outer loop
      vertex 29.1912 42.0137 8
      vertex 28.9859 42.0545 10
      vertex 29.1912 42.0137 10
    endloop
  endfacet
  facet normal 0.194922 0.980819 0
    outer loop
      vertex 28.9859 42.0545 10
      vertex 29.1912 42.0137 8
      vertex 28.9859 42.0545 8
    endloop
  endfacet
  facet normal 0.980819 0.194922 6.04686e-19
    outer loop
      vertex 27.8545 43.1859 10
      vertex 27.8137 43.3912 8
      vertex 27.8137 43.3912 10
    endloop
  endfacet
  facet normal 0.980819 0.194922 6.04686e-19
    outer loop
      vertex 27.8137 43.3912 8
      vertex 27.8545 43.1859 10
      vertex 27.8545 43.1859 8
    endloop
  endfacet
  facet normal 0.896803 -0.442429 8.9597e-19
    outer loop
      vertex 27.9218 44.2123 10
      vertex 28.0144 44.4 8
      vertex 28.0144 44.4 10
    endloop
  endfacet
  facet normal 0.896803 -0.442429 8.9597e-19
    outer loop
      vertex 28.0144 44.4 8
      vertex 27.9218 44.2123 10
      vertex 27.9218 44.2123 8
    endloop
  endfacet
  facet normal 0.831609 -0.555362 -2.51936e-19
    outer loop
      vertex 28.0144 44.4 10
      vertex 28.1306 44.574 8
      vertex 28.1306 44.574 10
    endloop
  endfacet
  facet normal 0.831609 -0.555362 -2.51936e-19
    outer loop
      vertex 28.1306 44.574 8
      vertex 28.0144 44.4 10
      vertex 28.0144 44.4 8
    endloop
  endfacet
  facet normal 0.751925 0.659248 1.90414e-18
    outer loop
      vertex 28.2686 42.4686 10
      vertex 28.1306 42.626 8
      vertex 28.1306 42.626 10
    endloop
  endfacet
  facet normal 0.751925 0.659248 1.90414e-18
    outer loop
      vertex 28.1306 42.626 8
      vertex 28.2686 42.4686 10
      vertex 28.2686 42.4686 8
    endloop
  endfacet
  facet normal 0.659248 0.751925 -0
    outer loop
      vertex 28.426 42.3306 8
      vertex 28.2686 42.4686 10
      vertex 28.426 42.3306 10
    endloop
  endfacet
  facet normal 0.659248 0.751925 0
    outer loop
      vertex 28.2686 42.4686 10
      vertex 28.426 42.3306 8
      vertex 28.2686 42.4686 8
    endloop
  endfacet
  facet normal 0.946901 -0.321526 1.5782e-18
    outer loop
      vertex 27.8545 44.0141 10
      vertex 27.9218 44.2123 8
      vertex 27.9218 44.2123 10
    endloop
  endfacet
  facet normal 0.946901 -0.321526 1.5782e-18
    outer loop
      vertex 27.9218 44.2123 8
      vertex 27.8545 44.0141 10
      vertex 27.8545 44.0141 8
    endloop
  endfacet
  facet normal 0.321526 0.946901 -0
    outer loop
      vertex 28.9859 42.0545 8
      vertex 28.7877 42.1218 10
      vertex 28.9859 42.0545 10
    endloop
  endfacet
  facet normal 0.321526 0.946901 0
    outer loop
      vertex 28.7877 42.1218 10
      vertex 28.9859 42.0545 8
      vertex 28.7877 42.1218 8
    endloop
  endfacet
  facet normal -0.751925 0.659248 -1.90414e-18
    outer loop
      vertex 30.5314 42.4686 8
      vertex 30.6694 42.626 10
      vertex 30.6694 42.626 8
    endloop
  endfacet
  facet normal -0.751925 0.659248 -1.90414e-18
    outer loop
      vertex 30.6694 42.626 10
      vertex 30.5314 42.4686 8
      vertex 30.5314 42.4686 10
    endloop
  endfacet
  facet normal 0.659248 -0.751925 0
    outer loop
      vertex 28.2686 112.531 8
      vertex 28.426 112.669 10
      vertex 28.2686 112.531 10
    endloop
  endfacet
  facet normal 0.659248 -0.751925 0
    outer loop
      vertex 28.426 112.669 10
      vertex 28.2686 112.531 8
      vertex 28.426 112.669 8
    endloop
  endfacet
  facet normal -0.980764 -0.195196 1.27822e-18
    outer loop
      vertex 30.9863 111.609 8
      vertex 30.9455 111.814 10
      vertex 30.9455 111.814 8
    endloop
  endfacet
  facet normal -0.980764 -0.195196 1.27822e-18
    outer loop
      vertex 30.9455 111.814 10
      vertex 30.9863 111.609 8
      vertex 30.9863 111.609 10
    endloop
  endfacet
  facet normal -0.997858 -0.0654099 -4.60538e-19
    outer loop
      vertex 31 111.4 8
      vertex 30.9863 111.609 10
      vertex 30.9863 111.609 8
    endloop
  endfacet
  facet normal -0.997858 -0.0654099 -4.60538e-19
    outer loop
      vertex 30.9863 111.609 10
      vertex 31 111.4 8
      vertex 31 111.4 10
    endloop
  endfacet
  facet normal -0.946802 -0.321817 -4.38833e-19
    outer loop
      vertex 30.9455 111.814 8
      vertex 30.8782 112.012 10
      vertex 30.8782 112.012 8
    endloop
  endfacet
  facet normal -0.946802 -0.321817 -4.38833e-19
    outer loop
      vertex 30.8782 112.012 10
      vertex 30.9455 111.814 8
      vertex 30.9455 111.814 10
    endloop
  endfacet
  facet normal 0.751093 -0.660196 -1.4399e-18
    outer loop
      vertex 28.1306 112.374 10
      vertex 28.2686 112.531 8
      vertex 28.2686 112.531 10
    endloop
  endfacet
  facet normal 0.751093 -0.660196 -1.4399e-18
    outer loop
      vertex 28.2686 112.531 8
      vertex 28.1306 112.374 10
      vertex 28.1306 112.374 8
    endloop
  endfacet
  facet normal -0.32024 -0.947336 0
    outer loop
      vertex 29.8141 112.945 8
      vertex 30.0123 112.878 10
      vertex 29.8141 112.945 10
    endloop
  endfacet
  facet normal -0.32024 -0.947336 -0
    outer loop
      vertex 30.0123 112.878 10
      vertex 29.8141 112.945 8
      vertex 30.0123 112.878 8
    endloop
  endfacet
  facet normal 0.32024 -0.947336 0
    outer loop
      vertex 28.7877 112.878 8
      vertex 28.9859 112.945 10
      vertex 28.7877 112.878 10
    endloop
  endfacet
  facet normal 0.32024 -0.947336 0
    outer loop
      vertex 28.9859 112.945 10
      vertex 28.7877 112.878 8
      vertex 28.9859 112.945 8
    endloop
  endfacet
  facet normal -0.897083 -0.441861 -8.66276e-19
    outer loop
      vertex 30.8782 112.012 8
      vertex 30.7856 112.2 10
      vertex 30.7856 112.2 8
    endloop
  endfacet
  facet normal -0.897083 -0.441861 -8.66276e-19
    outer loop
      vertex 30.7856 112.2 10
      vertex 30.8782 112.012 8
      vertex 30.8782 112.012 10
    endloop
  endfacet
  facet normal -0.831609 -0.555362 1.52541e-18
    outer loop
      vertex 30.7856 112.2 8
      vertex 30.6694 112.374 10
      vertex 30.6694 112.374 8
    endloop
  endfacet
  facet normal -0.831609 -0.555362 1.52541e-18
    outer loop
      vertex 30.6694 112.374 10
      vertex 30.7856 112.2 8
      vertex 30.7856 112.2 10
    endloop
  endfacet
  facet normal 0.0668996 -0.99776 0
    outer loop
      vertex 29.1912 112.986 8
      vertex 29.4 113 10
      vertex 29.1912 112.986 10
    endloop
  endfacet
  facet normal 0.0668996 -0.99776 0
    outer loop
      vertex 29.4 113 10
      vertex 29.1912 112.986 8
      vertex 29.4 113 8
    endloop
  endfacet
  facet normal -0.32024 0.947336 0
    outer loop
      vertex 30.0123 109.922 8
      vertex 29.8141 109.855 10
      vertex 30.0123 109.922 10
    endloop
  endfacet
  facet normal -0.32024 0.947336 0
    outer loop
      vertex 29.8141 109.855 10
      vertex 30.0123 109.922 8
      vertex 29.8141 109.855 8
    endloop
  endfacet
  facet normal 0.557998 0.829843 -0
    outer loop
      vertex 28.6 110.014 8
      vertex 28.426 110.131 10
      vertex 28.6 110.014 10
    endloop
  endfacet
  facet normal 0.557998 0.829843 0
    outer loop
      vertex 28.426 110.131 10
      vertex 28.6 110.014 8
      vertex 28.426 110.131 8
    endloop
  endfacet
  facet normal -0.0668996 -0.99776 0
    outer loop
      vertex 29.4 113 8
      vertex 29.6088 112.986 10
      vertex 29.4 113 10
    endloop
  endfacet
  facet normal -0.0668996 -0.99776 -0
    outer loop
      vertex 29.6088 112.986 10
      vertex 29.4 113 8
      vertex 29.6088 112.986 8
    endloop
  endfacet
  facet normal -0.751093 -0.660196 1.4399e-18
    outer loop
      vertex 30.6694 112.374 8
      vertex 30.5314 112.531 10
      vertex 30.5314 112.531 8
    endloop
  endfacet
  facet normal -0.751093 -0.660196 1.4399e-18
    outer loop
      vertex 30.5314 112.531 10
      vertex 30.6694 112.374 8
      vertex 30.6694 112.374 10
    endloop
  endfacet
  facet normal -0.946802 0.321817 4.38833e-19
    outer loop
      vertex 30.8782 110.788 8
      vertex 30.9455 110.986 10
      vertex 30.9455 110.986 8
    endloop
  endfacet
  facet normal -0.946802 0.321817 4.38833e-19
    outer loop
      vertex 30.9455 110.986 10
      vertex 30.8782 110.788 8
      vertex 30.8782 110.788 10
    endloop
  endfacet
  facet normal 0.946802 0.321817 -4.38833e-19
    outer loop
      vertex 27.9218 110.788 10
      vertex 27.8545 110.986 8
      vertex 27.8545 110.986 10
    endloop
  endfacet
  facet normal 0.946802 0.321817 -4.38833e-19
    outer loop
      vertex 27.8545 110.986 8
      vertex 27.9218 110.788 10
      vertex 27.9218 110.788 8
    endloop
  endfacet
  facet normal 0.0668996 0.99776 -0
    outer loop
      vertex 29.4 109.8 8
      vertex 29.1912 109.814 10
      vertex 29.4 109.8 10
    endloop
  endfacet
  facet normal 0.0668996 0.99776 0
    outer loop
      vertex 29.1912 109.814 10
      vertex 29.4 109.8 8
      vertex 29.1912 109.814 8
    endloop
  endfacet
  facet normal -0.659248 0.751925 0
    outer loop
      vertex 30.5314 110.269 8
      vertex 30.374 110.131 10
      vertex 30.5314 110.269 10
    endloop
  endfacet
  facet normal -0.659248 0.751925 0
    outer loop
      vertex 30.374 110.131 10
      vertex 30.5314 110.269 8
      vertex 30.374 110.131 8
    endloop
  endfacet
  facet normal 0.32024 0.947336 -0
    outer loop
      vertex 28.9859 109.855 8
      vertex 28.7877 109.922 10
      vertex 28.9859 109.855 10
    endloop
  endfacet
  facet normal 0.32024 0.947336 0
    outer loop
      vertex 28.7877 109.922 10
      vertex 28.9859 109.855 8
      vertex 28.7877 109.922 8
    endloop
  endfacet
  facet normal 0.195841 -0.980636 0
    outer loop
      vertex 28.9859 112.945 8
      vertex 29.1912 112.986 10
      vertex 28.9859 112.945 10
    endloop
  endfacet
  facet normal 0.195841 -0.980636 0
    outer loop
      vertex 29.1912 112.986 10
      vertex 28.9859 112.945 8
      vertex 29.1912 112.986 8
    endloop
  endfacet
  facet normal -0.440119 0.897939 0
    outer loop
      vertex 30.2 110.014 8
      vertex 30.0123 109.922 10
      vertex 30.2 110.014 10
    endloop
  endfacet
  facet normal -0.440119 0.897939 0
    outer loop
      vertex 30.0123 109.922 10
      vertex 30.2 110.014 8
      vertex 30.0123 109.922 8
    endloop
  endfacet
  facet normal -0.659248 -0.751925 0
    outer loop
      vertex 30.374 112.669 8
      vertex 30.5314 112.531 10
      vertex 30.374 112.669 10
    endloop
  endfacet
  facet normal -0.659248 -0.751925 -0
    outer loop
      vertex 30.5314 112.531 10
      vertex 30.374 112.669 8
      vertex 30.5314 112.531 8
    endloop
  endfacet
  facet normal -0.831609 0.555362 -1.52541e-18
    outer loop
      vertex 30.6694 110.426 8
      vertex 30.7856 110.6 10
      vertex 30.7856 110.6 8
    endloop
  endfacet
  facet normal -0.831609 0.555362 -1.52541e-18
    outer loop
      vertex 30.7856 110.6 10
      vertex 30.6694 110.426 8
      vertex 30.6694 110.426 10
    endloop
  endfacet
  facet normal 0.980764 -0.195196 -1.27822e-18
    outer loop
      vertex 27.8137 111.609 10
      vertex 27.8545 111.814 8
      vertex 27.8545 111.814 10
    endloop
  endfacet
  facet normal 0.980764 -0.195196 -1.27822e-18
    outer loop
      vertex 27.8545 111.814 8
      vertex 27.8137 111.609 10
      vertex 27.8137 111.609 8
    endloop
  endfacet
  facet normal -0.997858 0.0654099 3.79371e-19
    outer loop
      vertex 30.9863 111.191 8
      vertex 31 111.4 10
      vertex 31 111.4 8
    endloop
  endfacet
  facet normal -0.997858 0.0654099 3.79371e-19
    outer loop
      vertex 31 111.4 10
      vertex 30.9863 111.191 8
      vertex 30.9863 111.191 10
    endloop
  endfacet
  facet normal 0.440119 0.897939 -0
    outer loop
      vertex 28.7877 109.922 8
      vertex 28.6 110.014 10
      vertex 28.7877 109.922 10
    endloop
  endfacet
  facet normal 0.440119 0.897939 0
    outer loop
      vertex 28.6 110.014 10
      vertex 28.7877 109.922 8
      vertex 28.6 110.014 8
    endloop
  endfacet
  facet normal 0.557998 -0.829843 0
    outer loop
      vertex 28.426 112.669 8
      vertex 28.6 112.786 10
      vertex 28.426 112.669 10
    endloop
  endfacet
  facet normal 0.557998 -0.829843 0
    outer loop
      vertex 28.6 112.786 10
      vertex 28.426 112.669 8
      vertex 28.6 112.786 8
    endloop
  endfacet
  facet normal 0.980764 0.195196 1.27822e-18
    outer loop
      vertex 27.8545 110.986 10
      vertex 27.8137 111.191 8
      vertex 27.8137 111.191 10
    endloop
  endfacet
  facet normal 0.980764 0.195196 1.27822e-18
    outer loop
      vertex 27.8137 111.191 8
      vertex 27.8545 110.986 10
      vertex 27.8545 110.986 8
    endloop
  endfacet
  facet normal -0.557998 -0.829843 0
    outer loop
      vertex 30.2 112.786 8
      vertex 30.374 112.669 10
      vertex 30.2 112.786 10
    endloop
  endfacet
  facet normal -0.557998 -0.829843 -0
    outer loop
      vertex 30.374 112.669 10
      vertex 30.2 112.786 8
      vertex 30.374 112.669 8
    endloop
  endfacet
  facet normal -0.0668996 0.99776 0
    outer loop
      vertex 29.6088 109.814 8
      vertex 29.4 109.8 10
      vertex 29.6088 109.814 10
    endloop
  endfacet
  facet normal -0.0668996 0.99776 0
    outer loop
      vertex 29.4 109.8 10
      vertex 29.6088 109.814 8
      vertex 29.4 109.8 8
    endloop
  endfacet
  facet normal 0.195841 0.980636 -0
    outer loop
      vertex 29.1912 109.814 8
      vertex 28.9859 109.855 10
      vertex 29.1912 109.814 10
    endloop
  endfacet
  facet normal 0.195841 0.980636 0
    outer loop
      vertex 28.9859 109.855 10
      vertex 29.1912 109.814 8
      vertex 28.9859 109.855 8
    endloop
  endfacet
  facet normal 0.440119 -0.897939 0
    outer loop
      vertex 28.6 112.786 8
      vertex 28.7877 112.878 10
      vertex 28.6 112.786 10
    endloop
  endfacet
  facet normal 0.440119 -0.897939 0
    outer loop
      vertex 28.7877 112.878 10
      vertex 28.6 112.786 8
      vertex 28.7877 112.878 8
    endloop
  endfacet
  facet normal -0.195841 0.980636 0
    outer loop
      vertex 29.8141 109.855 8
      vertex 29.6088 109.814 10
      vertex 29.8141 109.855 10
    endloop
  endfacet
  facet normal -0.195841 0.980636 0
    outer loop
      vertex 29.6088 109.814 10
      vertex 29.8141 109.855 8
      vertex 29.6088 109.814 8
    endloop
  endfacet
  facet normal 0.831609 0.555362 6.62208e-20
    outer loop
      vertex 28.1306 110.426 10
      vertex 28.0144 110.6 8
      vertex 28.0144 110.6 10
    endloop
  endfacet
  facet normal 0.831609 0.555362 6.62208e-20
    outer loop
      vertex 28.0144 110.6 8
      vertex 28.1306 110.426 10
      vertex 28.1306 110.426 8
    endloop
  endfacet
  facet normal -0.980764 0.195196 -1.27822e-18
    outer loop
      vertex 30.9455 110.986 8
      vertex 30.9863 111.191 10
      vertex 30.9863 111.191 8
    endloop
  endfacet
  facet normal -0.980764 0.195196 -1.27822e-18
    outer loop
      vertex 30.9863 111.191 10
      vertex 30.9455 110.986 8
      vertex 30.9455 110.986 10
    endloop
  endfacet
  facet normal 0.659248 0.751925 -0
    outer loop
      vertex 28.426 110.131 8
      vertex 28.2686 110.269 10
      vertex 28.426 110.131 10
    endloop
  endfacet
  facet normal 0.659248 0.751925 0
    outer loop
      vertex 28.2686 110.269 10
      vertex 28.426 110.131 8
      vertex 28.2686 110.269 8
    endloop
  endfacet
  facet normal 0.897083 0.441861 3.37186e-18
    outer loop
      vertex 28.0144 110.6 10
      vertex 27.9218 110.788 8
      vertex 27.9218 110.788 10
    endloop
  endfacet
  facet normal 0.897083 0.441861 3.37186e-18
    outer loop
      vertex 27.9218 110.788 8
      vertex 28.0144 110.6 10
      vertex 28.0144 110.6 8
    endloop
  endfacet
  facet normal -0.897083 0.441861 8.66276e-19
    outer loop
      vertex 30.7856 110.6 8
      vertex 30.8782 110.788 10
      vertex 30.8782 110.788 8
    endloop
  endfacet
  facet normal -0.897083 0.441861 8.66276e-19
    outer loop
      vertex 30.8782 110.788 10
      vertex 30.7856 110.6 8
      vertex 30.7856 110.6 10
    endloop
  endfacet
  facet normal -0.557998 0.829843 0
    outer loop
      vertex 30.374 110.131 8
      vertex 30.2 110.014 10
      vertex 30.374 110.131 10
    endloop
  endfacet
  facet normal -0.557998 0.829843 0
    outer loop
      vertex 30.2 110.014 10
      vertex 30.374 110.131 8
      vertex 30.2 110.014 8
    endloop
  endfacet
  facet normal 0.997858 -0.0654099 4.60538e-19
    outer loop
      vertex 27.8 111.4 10
      vertex 27.8137 111.609 8
      vertex 27.8137 111.609 10
    endloop
  endfacet
  facet normal 0.997858 -0.0654099 4.60538e-19
    outer loop
      vertex 27.8137 111.609 8
      vertex 27.8 111.4 10
      vertex 27.8 111.4 8
    endloop
  endfacet
  facet normal -0.440119 -0.897939 0
    outer loop
      vertex 30.0123 112.878 8
      vertex 30.2 112.786 10
      vertex 30.0123 112.878 10
    endloop
  endfacet
  facet normal -0.440119 -0.897939 -0
    outer loop
      vertex 30.2 112.786 10
      vertex 30.0123 112.878 8
      vertex 30.2 112.786 8
    endloop
  endfacet
  facet normal 0.751093 0.660196 3.49805e-18
    outer loop
      vertex 28.2686 110.269 10
      vertex 28.1306 110.426 8
      vertex 28.1306 110.426 10
    endloop
  endfacet
  facet normal 0.751093 0.660196 3.49805e-18
    outer loop
      vertex 28.1306 110.426 8
      vertex 28.2686 110.269 10
      vertex 28.2686 110.269 8
    endloop
  endfacet
  facet normal 0.946802 -0.321817 4.38833e-19
    outer loop
      vertex 27.8545 111.814 10
      vertex 27.9218 112.012 8
      vertex 27.9218 112.012 10
    endloop
  endfacet
  facet normal 0.946802 -0.321817 4.38833e-19
    outer loop
      vertex 27.9218 112.012 8
      vertex 27.8545 111.814 10
      vertex 27.8545 111.814 8
    endloop
  endfacet
  facet normal 0.997858 0.0654099 -3.79371e-19
    outer loop
      vertex 27.8137 111.191 10
      vertex 27.8 111.4 8
      vertex 27.8 111.4 10
    endloop
  endfacet
  facet normal 0.997858 0.0654099 -3.79371e-19
    outer loop
      vertex 27.8 111.4 8
      vertex 27.8137 111.191 10
      vertex 27.8137 111.191 8
    endloop
  endfacet
  facet normal -0.195841 -0.980636 0
    outer loop
      vertex 29.6088 112.986 8
      vertex 29.8141 112.945 10
      vertex 29.6088 112.986 10
    endloop
  endfacet
  facet normal -0.195841 -0.980636 -0
    outer loop
      vertex 29.8141 112.945 10
      vertex 29.6088 112.986 8
      vertex 29.8141 112.945 8
    endloop
  endfacet
  facet normal 0.831609 -0.555362 -6.62208e-20
    outer loop
      vertex 28.0144 112.2 10
      vertex 28.1306 112.374 8
      vertex 28.1306 112.374 10
    endloop
  endfacet
  facet normal 0.831609 -0.555362 -6.62208e-20
    outer loop
      vertex 28.1306 112.374 8
      vertex 28.0144 112.2 10
      vertex 28.0144 112.2 8
    endloop
  endfacet
  facet normal -0.751093 0.660196 -3.49805e-18
    outer loop
      vertex 30.5314 110.269 8
      vertex 30.6694 110.426 10
      vertex 30.6694 110.426 8
    endloop
  endfacet
  facet normal -0.751093 0.660196 -3.49805e-18
    outer loop
      vertex 30.6694 110.426 10
      vertex 30.5314 110.269 8
      vertex 30.5314 110.269 10
    endloop
  endfacet
  facet normal 0.897083 -0.441861 -3.37186e-18
    outer loop
      vertex 27.9218 112.012 10
      vertex 28.0144 112.2 8
      vertex 28.0144 112.2 10
    endloop
  endfacet
  facet normal 0.897083 -0.441861 -3.37186e-18
    outer loop
      vertex 28.0144 112.2 8
      vertex 27.9218 112.012 10
      vertex 27.9218 112.012 8
    endloop
  endfacet
  facet normal -0.442429 0.896803 0
    outer loop
      vertex -28.6 86.6144 8
      vertex -28.7877 86.5218 10
      vertex -28.6 86.6144 10
    endloop
  endfacet
  facet normal -0.442429 0.896803 0
    outer loop
      vertex -28.7877 86.5218 10
      vertex -28.6 86.6144 8
      vertex -28.7877 86.5218 8
    endloop
  endfacet
  facet normal -0.980819 -0.194922 1.20689e-19
    outer loop
      vertex -27.8137 88.2088 8
      vertex -27.8545 88.4141 10
      vertex -27.8545 88.4141 8
    endloop
  endfacet
  facet normal -0.980819 -0.194922 1.20689e-19
    outer loop
      vertex -27.8545 88.4141 10
      vertex -27.8137 88.2088 8
      vertex -27.8137 88.2088 10
    endloop
  endfacet
  facet normal -0.997854 -0.0654722 -9.10547e-20
    outer loop
      vertex -27.8 88 8
      vertex -27.8137 88.2088 10
      vertex -27.8137 88.2088 8
    endloop
  endfacet
  facet normal -0.997854 -0.0654722 -9.10547e-20
    outer loop
      vertex -27.8137 88.2088 10
      vertex -27.8 88 8
      vertex -27.8 88 10
    endloop
  endfacet
  facet normal -0.946901 -0.321526 -1.5782e-18
    outer loop
      vertex -27.8545 88.4141 8
      vertex -27.9218 88.6123 10
      vertex -27.9218 88.6123 8
    endloop
  endfacet
  facet normal -0.946901 -0.321526 -1.5782e-18
    outer loop
      vertex -27.9218 88.6123 10
      vertex -27.8545 88.4141 8
      vertex -27.8545 88.4141 10
    endloop
  endfacet
  facet normal -0.751925 -0.659248 1.90414e-18
    outer loop
      vertex -28.1306 88.974 8
      vertex -28.2686 89.1314 10
      vertex -28.2686 89.1314 8
    endloop
  endfacet
  facet normal -0.751925 -0.659248 1.90414e-18
    outer loop
      vertex -28.2686 89.1314 10
      vertex -28.1306 88.974 8
      vertex -28.1306 88.974 10
    endloop
  endfacet
  facet normal -0.831609 -0.555362 4.37652e-19
    outer loop
      vertex -28.0144 88.8 8
      vertex -28.1306 88.974 10
      vertex -28.1306 88.974 8
    endloop
  endfacet
  facet normal -0.831609 -0.555362 4.37652e-19
    outer loop
      vertex -28.1306 88.974 10
      vertex -28.0144 88.8 8
      vertex -28.0144 88.8 10
    endloop
  endfacet
  facet normal -0.0654722 -0.997854 0
    outer loop
      vertex -29.4 89.6 8
      vertex -29.1912 89.5863 10
      vertex -29.4 89.6 10
    endloop
  endfacet
  facet normal -0.0654722 -0.997854 -0
    outer loop
      vertex -29.1912 89.5863 10
      vertex -29.4 89.6 8
      vertex -29.1912 89.5863 8
    endloop
  endfacet
  facet normal -0.831609 0.555362 -4.37652e-19
    outer loop
      vertex -28.1306 87.026 8
      vertex -28.0144 87.2 10
      vertex -28.0144 87.2 8
    endloop
  endfacet
  facet normal -0.831609 0.555362 -4.37652e-19
    outer loop
      vertex -28.0144 87.2 10
      vertex -28.1306 87.026 8
      vertex -28.1306 87.026 10
    endloop
  endfacet
  facet normal -0.980819 0.194922 -1.20689e-19
    outer loop
      vertex -27.8545 87.5859 8
      vertex -27.8137 87.7912 10
      vertex -27.8137 87.7912 8
    endloop
  endfacet
  facet normal -0.980819 0.194922 -1.20689e-19
    outer loop
      vertex -27.8137 87.7912 10
      vertex -27.8545 87.5859 8
      vertex -27.8545 87.5859 10
    endloop
  endfacet
  facet normal 0.555362 0.831609 -0
    outer loop
      vertex -30.2 86.6144 8
      vertex -30.374 86.7306 10
      vertex -30.2 86.6144 10
    endloop
  endfacet
  facet normal 0.555362 0.831609 0
    outer loop
      vertex -30.374 86.7306 10
      vertex -30.2 86.6144 8
      vertex -30.374 86.7306 8
    endloop
  endfacet
  facet normal 0.831609 0.555362 1.89684e-18
    outer loop
      vertex -30.6694 87.026 10
      vertex -30.7856 87.2 8
      vertex -30.7856 87.2 10
    endloop
  endfacet
  facet normal 0.831609 0.555362 1.89684e-18
    outer loop
      vertex -30.7856 87.2 8
      vertex -30.6694 87.026 10
      vertex -30.6694 87.026 8
    endloop
  endfacet
  facet normal 0.751925 -0.659248 -1.90414e-18
    outer loop
      vertex -30.6694 88.974 10
      vertex -30.5314 89.1314 8
      vertex -30.5314 89.1314 10
    endloop
  endfacet
  facet normal 0.751925 -0.659248 -1.90414e-18
    outer loop
      vertex -30.5314 89.1314 8
      vertex -30.6694 88.974 10
      vertex -30.6694 88.974 8
    endloop
  endfacet
  facet normal -0.896803 -0.442429 -3.83996e-18
    outer loop
      vertex -27.9218 88.6123 8
      vertex -28.0144 88.8 10
      vertex -28.0144 88.8 8
    endloop
  endfacet
  facet normal -0.896803 -0.442429 -3.83996e-18
    outer loop
      vertex -28.0144 88.8 10
      vertex -27.9218 88.6123 8
      vertex -27.9218 88.6123 10
    endloop
  endfacet
  facet normal -0.997854 0.0654722 9.10547e-20
    outer loop
      vertex -27.8137 87.7912 8
      vertex -27.8 88 10
      vertex -27.8 88 8
    endloop
  endfacet
  facet normal -0.997854 0.0654722 9.10547e-20
    outer loop
      vertex -27.8 88 10
      vertex -27.8137 87.7912 8
      vertex -27.8137 87.7912 10
    endloop
  endfacet
  facet normal -0.321526 -0.946901 0
    outer loop
      vertex -28.9859 89.5455 8
      vertex -28.7877 89.4782 10
      vertex -28.9859 89.5455 10
    endloop
  endfacet
  facet normal -0.321526 -0.946901 -0
    outer loop
      vertex -28.7877 89.4782 10
      vertex -28.9859 89.5455 8
      vertex -28.7877 89.4782 8
    endloop
  endfacet
  facet normal 0.442429 0.896803 -0
    outer loop
      vertex -30.0123 86.5218 8
      vertex -30.2 86.6144 10
      vertex -30.0123 86.5218 10
    endloop
  endfacet
  facet normal 0.442429 0.896803 0
    outer loop
      vertex -30.2 86.6144 10
      vertex -30.0123 86.5218 8
      vertex -30.2 86.6144 8
    endloop
  endfacet
  facet normal -0.946901 0.321526 1.5782e-18
    outer loop
      vertex -27.9218 87.3877 8
      vertex -27.8545 87.5859 10
      vertex -27.8545 87.5859 8
    endloop
  endfacet
  facet normal -0.946901 0.321526 1.5782e-18
    outer loop
      vertex -27.8545 87.5859 10
      vertex -27.9218 87.3877 8
      vertex -27.9218 87.3877 10
    endloop
  endfacet
  facet normal 0.751925 0.659248 1.90414e-18
    outer loop
      vertex -30.5314 86.8686 10
      vertex -30.6694 87.026 8
      vertex -30.6694 87.026 10
    endloop
  endfacet
  facet normal 0.751925 0.659248 1.90414e-18
    outer loop
      vertex -30.6694 87.026 8
      vertex -30.5314 86.8686 10
      vertex -30.5314 86.8686 8
    endloop
  endfacet
  facet normal -0.659248 -0.751925 0
    outer loop
      vertex -28.426 89.2694 8
      vertex -28.2686 89.1314 10
      vertex -28.426 89.2694 10
    endloop
  endfacet
  facet normal -0.659248 -0.751925 -0
    outer loop
      vertex -28.2686 89.1314 10
      vertex -28.426 89.2694 8
      vertex -28.2686 89.1314 8
    endloop
  endfacet
  facet normal -0.659248 0.751925 0
    outer loop
      vertex -28.2686 86.8686 8
      vertex -28.426 86.7306 10
      vertex -28.2686 86.8686 10
    endloop
  endfacet
  facet normal -0.659248 0.751925 0
    outer loop
      vertex -28.426 86.7306 10
      vertex -28.2686 86.8686 8
      vertex -28.426 86.7306 8
    endloop
  endfacet
  facet normal 0.946901 0.321526 -1.5782e-18
    outer loop
      vertex -30.8782 87.3877 10
      vertex -30.9455 87.5859 8
      vertex -30.9455 87.5859 10
    endloop
  endfacet
  facet normal 0.946901 0.321526 -1.5782e-18
    outer loop
      vertex -30.9455 87.5859 8
      vertex -30.8782 87.3877 10
      vertex -30.8782 87.3877 8
    endloop
  endfacet
  facet normal 0.194922 -0.980819 0
    outer loop
      vertex -29.8141 89.5455 8
      vertex -29.6088 89.5863 10
      vertex -29.8141 89.5455 10
    endloop
  endfacet
  facet normal 0.194922 -0.980819 0
    outer loop
      vertex -29.6088 89.5863 10
      vertex -29.8141 89.5455 8
      vertex -29.6088 89.5863 8
    endloop
  endfacet
  facet normal 0.442429 -0.896803 0
    outer loop
      vertex -30.2 89.3856 8
      vertex -30.0123 89.4782 10
      vertex -30.2 89.3856 10
    endloop
  endfacet
  facet normal 0.442429 -0.896803 0
    outer loop
      vertex -30.0123 89.4782 10
      vertex -30.2 89.3856 8
      vertex -30.0123 89.4782 8
    endloop
  endfacet
  facet normal -0.896803 0.442429 3.83996e-18
    outer loop
      vertex -28.0144 87.2 8
      vertex -27.9218 87.3877 10
      vertex -27.9218 87.3877 8
    endloop
  endfacet
  facet normal -0.896803 0.442429 3.83996e-18
    outer loop
      vertex -27.9218 87.3877 10
      vertex -28.0144 87.2 8
      vertex -28.0144 87.2 10
    endloop
  endfacet
  facet normal -0.321526 0.946901 0
    outer loop
      vertex -28.7877 86.5218 8
      vertex -28.9859 86.4545 10
      vertex -28.7877 86.5218 10
    endloop
  endfacet
  facet normal -0.321526 0.946901 0
    outer loop
      vertex -28.9859 86.4545 10
      vertex -28.7877 86.5218 8
      vertex -28.9859 86.4545 8
    endloop
  endfacet
  facet normal -0.555362 -0.831609 0
    outer loop
      vertex -28.6 89.3856 8
      vertex -28.426 89.2694 10
      vertex -28.6 89.3856 10
    endloop
  endfacet
  facet normal -0.555362 -0.831609 -0
    outer loop
      vertex -28.426 89.2694 10
      vertex -28.6 89.3856 8
      vertex -28.426 89.2694 8
    endloop
  endfacet
  facet normal 0.997854 -0.0654722 9.10547e-20
    outer loop
      vertex -31 88 10
      vertex -30.9863 88.2088 8
      vertex -30.9863 88.2088 10
    endloop
  endfacet
  facet normal 0.997854 -0.0654722 9.10547e-20
    outer loop
      vertex -30.9863 88.2088 8
      vertex -31 88 10
      vertex -31 88 8
    endloop
  endfacet
  facet normal 0.980819 0.194922 1.20689e-19
    outer loop
      vertex -30.9455 87.5859 10
      vertex -30.9863 87.7912 8
      vertex -30.9863 87.7912 10
    endloop
  endfacet
  facet normal 0.980819 0.194922 1.20689e-19
    outer loop
      vertex -30.9863 87.7912 8
      vertex -30.9455 87.5859 10
      vertex -30.9455 87.5859 8
    endloop
  endfacet
  facet normal 0.659248 0.751925 -0
    outer loop
      vertex -30.374 86.7306 8
      vertex -30.5314 86.8686 10
      vertex -30.374 86.7306 10
    endloop
  endfacet
  facet normal 0.659248 0.751925 0
    outer loop
      vertex -30.5314 86.8686 10
      vertex -30.374 86.7306 8
      vertex -30.5314 86.8686 8
    endloop
  endfacet
  facet normal 0.896803 -0.442429 -2.75086e-18
    outer loop
      vertex -30.8782 88.6123 10
      vertex -30.7856 88.8 8
      vertex -30.7856 88.8 10
    endloop
  endfacet
  facet normal 0.896803 -0.442429 -2.75086e-18
    outer loop
      vertex -30.7856 88.8 8
      vertex -30.8782 88.6123 10
      vertex -30.8782 88.6123 8
    endloop
  endfacet
  facet normal 0.555362 -0.831609 0
    outer loop
      vertex -30.374 89.2694 8
      vertex -30.2 89.3856 10
      vertex -30.374 89.2694 10
    endloop
  endfacet
  facet normal 0.555362 -0.831609 0
    outer loop
      vertex -30.2 89.3856 10
      vertex -30.374 89.2694 8
      vertex -30.2 89.3856 8
    endloop
  endfacet
  facet normal -0.194922 -0.980819 0
    outer loop
      vertex -29.1912 89.5863 8
      vertex -28.9859 89.5455 10
      vertex -29.1912 89.5863 10
    endloop
  endfacet
  facet normal -0.194922 -0.980819 -0
    outer loop
      vertex -28.9859 89.5455 10
      vertex -29.1912 89.5863 8
      vertex -28.9859 89.5455 8
    endloop
  endfacet
  facet normal -0.555362 0.831609 0
    outer loop
      vertex -28.426 86.7306 8
      vertex -28.6 86.6144 10
      vertex -28.426 86.7306 10
    endloop
  endfacet
  facet normal -0.555362 0.831609 0
    outer loop
      vertex -28.6 86.6144 10
      vertex -28.426 86.7306 8
      vertex -28.6 86.6144 8
    endloop
  endfacet
  facet normal 0.831609 -0.555362 -1.89684e-18
    outer loop
      vertex -30.7856 88.8 10
      vertex -30.6694 88.974 8
      vertex -30.6694 88.974 10
    endloop
  endfacet
  facet normal 0.831609 -0.555362 -1.89684e-18
    outer loop
      vertex -30.6694 88.974 8
      vertex -30.7856 88.8 10
      vertex -30.7856 88.8 8
    endloop
  endfacet
  facet normal 0.980819 -0.194922 -1.20689e-19
    outer loop
      vertex -30.9863 88.2088 10
      vertex -30.9455 88.4141 8
      vertex -30.9455 88.4141 10
    endloop
  endfacet
  facet normal 0.980819 -0.194922 -1.20689e-19
    outer loop
      vertex -30.9455 88.4141 8
      vertex -30.9863 88.2088 10
      vertex -30.9863 88.2088 8
    endloop
  endfacet
  facet normal -0.194922 0.980819 0
    outer loop
      vertex -28.9859 86.4545 8
      vertex -29.1912 86.4137 10
      vertex -28.9859 86.4545 10
    endloop
  endfacet
  facet normal -0.194922 0.980819 0
    outer loop
      vertex -29.1912 86.4137 10
      vertex -28.9859 86.4545 8
      vertex -29.1912 86.4137 8
    endloop
  endfacet
  facet normal 0.946901 -0.321526 1.5782e-18
    outer loop
      vertex -30.9455 88.4141 10
      vertex -30.8782 88.6123 8
      vertex -30.8782 88.6123 10
    endloop
  endfacet
  facet normal 0.946901 -0.321526 1.5782e-18
    outer loop
      vertex -30.8782 88.6123 8
      vertex -30.9455 88.4141 10
      vertex -30.9455 88.4141 8
    endloop
  endfacet
  facet normal 0.0654722 0.997854 -0
    outer loop
      vertex -29.4 86.4 8
      vertex -29.6088 86.4137 10
      vertex -29.4 86.4 10
    endloop
  endfacet
  facet normal 0.0654722 0.997854 0
    outer loop
      vertex -29.6088 86.4137 10
      vertex -29.4 86.4 8
      vertex -29.6088 86.4137 8
    endloop
  endfacet
  facet normal 0.659248 -0.751925 0
    outer loop
      vertex -30.5314 89.1314 8
      vertex -30.374 89.2694 10
      vertex -30.5314 89.1314 10
    endloop
  endfacet
  facet normal 0.659248 -0.751925 0
    outer loop
      vertex -30.374 89.2694 10
      vertex -30.5314 89.1314 8
      vertex -30.374 89.2694 8
    endloop
  endfacet
  facet normal 0.194922 0.980819 -0
    outer loop
      vertex -29.6088 86.4137 8
      vertex -29.8141 86.4545 10
      vertex -29.6088 86.4137 10
    endloop
  endfacet
  facet normal 0.194922 0.980819 0
    outer loop
      vertex -29.8141 86.4545 10
      vertex -29.6088 86.4137 8
      vertex -29.8141 86.4545 8
    endloop
  endfacet
  facet normal 0.997854 0.0654722 -9.10547e-20
    outer loop
      vertex -30.9863 87.7912 10
      vertex -31 88 8
      vertex -31 88 10
    endloop
  endfacet
  facet normal 0.997854 0.0654722 -9.10547e-20
    outer loop
      vertex -31 88 8
      vertex -30.9863 87.7912 10
      vertex -30.9863 87.7912 8
    endloop
  endfacet
  facet normal 0.321526 -0.946901 0
    outer loop
      vertex -30.0123 89.4782 8
      vertex -29.8141 89.5455 10
      vertex -30.0123 89.4782 10
    endloop
  endfacet
  facet normal 0.321526 -0.946901 0
    outer loop
      vertex -29.8141 89.5455 10
      vertex -30.0123 89.4782 8
      vertex -29.8141 89.5455 8
    endloop
  endfacet
  facet normal -0.442429 -0.896803 0
    outer loop
      vertex -28.7877 89.4782 8
      vertex -28.6 89.3856 10
      vertex -28.7877 89.4782 10
    endloop
  endfacet
  facet normal -0.442429 -0.896803 -0
    outer loop
      vertex -28.6 89.3856 10
      vertex -28.7877 89.4782 8
      vertex -28.6 89.3856 8
    endloop
  endfacet
  facet normal -0.751925 0.659248 -1.90414e-18
    outer loop
      vertex -28.2686 86.8686 8
      vertex -28.1306 87.026 10
      vertex -28.1306 87.026 8
    endloop
  endfacet
  facet normal -0.751925 0.659248 -1.90414e-18
    outer loop
      vertex -28.1306 87.026 10
      vertex -28.2686 86.8686 8
      vertex -28.2686 86.8686 10
    endloop
  endfacet
  facet normal -0.0654722 0.997854 0
    outer loop
      vertex -29.1912 86.4137 8
      vertex -29.4 86.4 10
      vertex -29.1912 86.4137 10
    endloop
  endfacet
  facet normal -0.0654722 0.997854 0
    outer loop
      vertex -29.4 86.4 10
      vertex -29.1912 86.4137 8
      vertex -29.4 86.4 8
    endloop
  endfacet
  facet normal 0.0654722 -0.997854 0
    outer loop
      vertex -29.6088 89.5863 8
      vertex -29.4 89.6 10
      vertex -29.6088 89.5863 10
    endloop
  endfacet
  facet normal 0.0654722 -0.997854 0
    outer loop
      vertex -29.4 89.6 10
      vertex -29.6088 89.5863 8
      vertex -29.4 89.6 8
    endloop
  endfacet
  facet normal 0.321526 0.946901 -0
    outer loop
      vertex -29.8141 86.4545 8
      vertex -30.0123 86.5218 10
      vertex -29.8141 86.4545 10
    endloop
  endfacet
  facet normal 0.321526 0.946901 0
    outer loop
      vertex -30.0123 86.5218 10
      vertex -29.8141 86.4545 8
      vertex -30.0123 86.5218 8
    endloop
  endfacet
  facet normal 0.896803 0.442429 2.75086e-18
    outer loop
      vertex -30.7856 87.2 10
      vertex -30.8782 87.3877 8
      vertex -30.8782 87.3877 10
    endloop
  endfacet
  facet normal 0.896803 0.442429 2.75086e-18
    outer loop
      vertex -30.8782 87.3877 8
      vertex -30.7856 87.2 10
      vertex -30.7856 87.2 8
    endloop
  endfacet
  facet normal 0 0.555676 -0.831399
    outer loop
      vertex 27 69.0869 8.19003
      vertex 35.4 69.25 8.29904
      vertex 35.4 69.0869 8.19003
    endloop
  endfacet
  facet normal 0 0.555676 -0.831399
    outer loop
      vertex 35.4 69.25 8.29904
      vertex 27 69.0869 8.19003
      vertex 27 69.25 8.29904
    endloop
  endfacet
  facet normal 0 0.195136 -0.980776
    outer loop
      vertex 27 69.6118 8.44889
      vertex 35.4 69.8042 8.48717
      vertex 35.4 69.6118 8.44889
    endloop
  endfacet
  facet normal 0 0.195136 -0.980776
    outer loop
      vertex 35.4 69.8042 8.48717
      vertex 27 69.6118 8.44889
      vertex 27 69.8042 8.48717
    endloop
  endfacet
  facet normal 0 0.442233 -0.8969
    outer loop
      vertex 27 69.25 8.29904
      vertex 35.4 69.426 8.38582
      vertex 35.4 69.25 8.29904
    endloop
  endfacet
  facet normal 0 0.442233 -0.8969
    outer loop
      vertex 35.4 69.426 8.38582
      vertex 27 69.25 8.29904
      vertex 27 69.426 8.38582
    endloop
  endfacet
  facet normal 1.06648e-20 -0.751824 -0.659364
    outer loop
      vertex 27 71.1139 8
      vertex 35.4 71.0607 8.06066
      vertex 27 71.0607 8.06066
    endloop
  endfacet
  facet normal 1.06648e-20 -0.751824 -0.659364
    outer loop
      vertex 35.4 71.0607 8.06066
      vertex 27 71.1139 8
      vertex 35.4 71.1139 8
    endloop
  endfacet
  facet normal 0 -0.195136 -0.980776
    outer loop
      vertex 27 70.1958 8.48717
      vertex 35.4 70.3882 8.44889
      vertex 35.4 70.1958 8.48717
    endloop
  endfacet
  facet normal -0 -0.195136 -0.980776
    outer loop
      vertex 35.4 70.3882 8.44889
      vertex 27 70.1958 8.48717
      vertex 27 70.3882 8.44889
    endloop
  endfacet
  facet normal 0 -0.659139 -0.752021
    outer loop
      vertex 27 70.9131 8.19003
      vertex 35.4 71.0607 8.06066
      vertex 35.4 70.9131 8.19003
    endloop
  endfacet
  facet normal -0 -0.659139 -0.752021
    outer loop
      vertex 35.4 71.0607 8.06066
      vertex 27 70.9131 8.19003
      vertex 27 71.0607 8.06066
    endloop
  endfacet
  facet normal 0 -0.555676 -0.831399
    outer loop
      vertex 27 70.75 8.29904
      vertex 35.4 70.9131 8.19003
      vertex 35.4 70.75 8.29904
    endloop
  endfacet
  facet normal -0 -0.555676 -0.831399
    outer loop
      vertex 35.4 70.9131 8.19003
      vertex 27 70.75 8.29904
      vertex 27 70.9131 8.19003
    endloop
  endfacet
  facet normal -1.06648e-20 0.751824 -0.659364
    outer loop
      vertex 35.4 68.8861 8
      vertex 27 68.9393 8.06066
      vertex 35.4 68.9393 8.06066
    endloop
  endfacet
  facet normal -1.06648e-20 0.751824 -0.659364
    outer loop
      vertex 27 68.9393 8.06066
      vertex 35.4 68.8861 8
      vertex 27 68.8861 8
    endloop
  endfacet
  facet normal 1 0 0
    outer loop
      vertex 27 70.9131 8.19003
      vertex 27 71.1139 8
      vertex 27 71.0607 8.06066
    endloop
  endfacet
  facet normal 1 0 0
    outer loop
      vertex 27 70.75 8.29904
      vertex 27 71.1139 8
      vertex 27 70.9131 8.19003
    endloop
  endfacet
  facet normal 1 0 0
    outer loop
      vertex 27 70.574 8.38582
      vertex 27 71.1139 8
      vertex 27 70.75 8.29904
    endloop
  endfacet
  facet normal 1 0 0
    outer loop
      vertex 27 70.3882 8.44889
      vertex 27 71.1139 8
      vertex 27 70.574 8.38582
    endloop
  endfacet
  facet normal 1 0 0
    outer loop
      vertex 27 70.1958 8.48717
      vertex 27 71.1139 8
      vertex 27 70.3882 8.44889
    endloop
  endfacet
  facet normal 1 0 0
    outer loop
      vertex 27 70 8.5
      vertex 27 71.1139 8
      vertex 27 70.1958 8.48717
    endloop
  endfacet
  facet normal 1 -0 0
    outer loop
      vertex 27 69.8042 8.48717
      vertex 27 71.1139 8
      vertex 27 70 8.5
    endloop
  endfacet
  facet normal 1 -0 0
    outer loop
      vertex 27 69.6118 8.44889
      vertex 27 71.1139 8
      vertex 27 69.8042 8.48717
    endloop
  endfacet
  facet normal 1 -0 0
    outer loop
      vertex 27 69.426 8.38582
      vertex 27 71.1139 8
      vertex 27 69.6118 8.44889
    endloop
  endfacet
  facet normal 1 -0 0
    outer loop
      vertex 27 69.25 8.29904
      vertex 27 71.1139 8
      vertex 27 69.426 8.38582
    endloop
  endfacet
  facet normal 1 -0 0
    outer loop
      vertex 27 69.0869 8.19003
      vertex 27 71.1139 8
      vertex 27 69.25 8.29904
    endloop
  endfacet
  facet normal 1 0 0
    outer loop
      vertex 27 68.8861 8
      vertex 27 69.0869 8.19003
      vertex 27 68.9393 8.06066
    endloop
  endfacet
  facet normal 1 0 0
    outer loop
      vertex 27 69.0869 8.19003
      vertex 27 68.8861 8
      vertex 27 71.1139 8
    endloop
  endfacet
  facet normal 0 0.321437 -0.946931
    outer loop
      vertex 27 69.426 8.38582
      vertex 35.4 69.6118 8.44889
      vertex 35.4 69.426 8.38582
    endloop
  endfacet
  facet normal 0 0.321437 -0.946931
    outer loop
      vertex 35.4 69.6118 8.44889
      vertex 27 69.426 8.38582
      vertex 27 69.6118 8.44889
    endloop
  endfacet
  facet normal 0 -0.0653858 -0.99786
    outer loop
      vertex 27 70 8.5
      vertex 35.4 70.1958 8.48717
      vertex 35.4 70 8.5
    endloop
  endfacet
  facet normal -0 -0.0653858 -0.99786
    outer loop
      vertex 35.4 70.1958 8.48717
      vertex 27 70 8.5
      vertex 27 70.1958 8.48717
    endloop
  endfacet
  facet normal 0 0.0653858 -0.99786
    outer loop
      vertex 27 69.8042 8.48717
      vertex 35.4 70 8.5
      vertex 35.4 69.8042 8.48717
    endloop
  endfacet
  facet normal 0 0.0653858 -0.99786
    outer loop
      vertex 35.4 70 8.5
      vertex 27 69.8042 8.48717
      vertex 27 70 8.5
    endloop
  endfacet
  facet normal 0 -0.442233 -0.8969
    outer loop
      vertex 27 70.574 8.38582
      vertex 35.4 70.75 8.29904
      vertex 35.4 70.574 8.38582
    endloop
  endfacet
  facet normal -0 -0.442233 -0.8969
    outer loop
      vertex 35.4 70.75 8.29904
      vertex 27 70.574 8.38582
      vertex 27 70.75 8.29904
    endloop
  endfacet
  facet normal 0 0.659139 -0.752021
    outer loop
      vertex 27 68.9393 8.06066
      vertex 35.4 69.0869 8.19003
      vertex 35.4 68.9393 8.06066
    endloop
  endfacet
  facet normal 0 0.659139 -0.752021
    outer loop
      vertex 35.4 69.0869 8.19003
      vertex 27 68.9393 8.06066
      vertex 27 69.0869 8.19003
    endloop
  endfacet
  facet normal 0 -0.321437 -0.946931
    outer loop
      vertex 27 70.3882 8.44889
      vertex 35.4 70.574 8.38582
      vertex 35.4 70.3882 8.44889
    endloop
  endfacet
  facet normal -0 -0.321437 -0.946931
    outer loop
      vertex 35.4 70.574 8.38582
      vertex 27 70.3882 8.44889
      vertex 27 70.574 8.38582
    endloop
  endfacet
  facet normal 0 0.555676 -0.831399
    outer loop
      vertex 27 75.0869 8.19003
      vertex 35.4 75.25 8.29904
      vertex 35.4 75.0869 8.19003
    endloop
  endfacet
  facet normal 0 0.555676 -0.831399
    outer loop
      vertex 35.4 75.25 8.29904
      vertex 27 75.0869 8.19003
      vertex 27 75.25 8.29904
    endloop
  endfacet
  facet normal 0 0.442233 -0.8969
    outer loop
      vertex 27 75.25 8.29904
      vertex 35.4 75.426 8.38582
      vertex 35.4 75.25 8.29904
    endloop
  endfacet
  facet normal 0 0.442233 -0.8969
    outer loop
      vertex 35.4 75.426 8.38582
      vertex 27 75.25 8.29904
      vertex 27 75.426 8.38582
    endloop
  endfacet
  facet normal 1.06648e-20 -0.751824 -0.659364
    outer loop
      vertex 27 77.1139 8
      vertex 35.4 77.0607 8.06066
      vertex 27 77.0607 8.06066
    endloop
  endfacet
  facet normal 1.06648e-20 -0.751824 -0.659364
    outer loop
      vertex 35.4 77.0607 8.06066
      vertex 27 77.1139 8
      vertex 35.4 77.1139 8
    endloop
  endfacet
  facet normal 0 -0.195136 -0.980776
    outer loop
      vertex 27 76.1958 8.48717
      vertex 35.4 76.3882 8.44889
      vertex 35.4 76.1958 8.48717
    endloop
  endfacet
  facet normal -0 -0.195136 -0.980776
    outer loop
      vertex 35.4 76.3882 8.44889
      vertex 27 76.1958 8.48717
      vertex 27 76.3882 8.44889
    endloop
  endfacet
  facet normal 0 -0.659139 -0.752021
    outer loop
      vertex 27 76.9131 8.19003
      vertex 35.4 77.0607 8.06066
      vertex 35.4 76.9131 8.19003
    endloop
  endfacet
  facet normal -0 -0.659139 -0.752021
    outer loop
      vertex 35.4 77.0607 8.06066
      vertex 27 76.9131 8.19003
      vertex 27 77.0607 8.06066
    endloop
  endfacet
  facet normal 0 -0.555676 -0.831399
    outer loop
      vertex 27 76.75 8.29904
      vertex 35.4 76.9131 8.19003
      vertex 35.4 76.75 8.29904
    endloop
  endfacet
  facet normal -0 -0.555676 -0.831399
    outer loop
      vertex 35.4 76.9131 8.19003
      vertex 27 76.75 8.29904
      vertex 27 76.9131 8.19003
    endloop
  endfacet
  facet normal 0 0.195136 -0.980776
    outer loop
      vertex 27 75.6118 8.44889
      vertex 35.4 75.8042 8.48717
      vertex 35.4 75.6118 8.44889
    endloop
  endfacet
  facet normal 0 0.195136 -0.980776
    outer loop
      vertex 35.4 75.8042 8.48717
      vertex 27 75.6118 8.44889
      vertex 27 75.8042 8.48717
    endloop
  endfacet
  facet normal -1.06648e-20 0.751824 -0.659364
    outer loop
      vertex 35.4 74.8861 8
      vertex 27 74.9393 8.06066
      vertex 35.4 74.9393 8.06066
    endloop
  endfacet
  facet normal -1.06648e-20 0.751824 -0.659364
    outer loop
      vertex 27 74.9393 8.06066
      vertex 35.4 74.8861 8
      vertex 27 74.8861 8
    endloop
  endfacet
  facet normal 1 0 0
    outer loop
      vertex 27 76.9131 8.19003
      vertex 27 77.1139 8
      vertex 27 77.0607 8.06066
    endloop
  endfacet
  facet normal 1 0 0
    outer loop
      vertex 27 76.75 8.29904
      vertex 27 77.1139 8
      vertex 27 76.9131 8.19003
    endloop
  endfacet
  facet normal 1 0 0
    outer loop
      vertex 27 76.574 8.38582
      vertex 27 77.1139 8
      vertex 27 76.75 8.29904
    endloop
  endfacet
  facet normal 1 0 0
    outer loop
      vertex 27 76.3882 8.44889
      vertex 27 77.1139 8
      vertex 27 76.574 8.38582
    endloop
  endfacet
  facet normal 1 0 0
    outer loop
      vertex 27 76.1958 8.48717
      vertex 27 77.1139 8
      vertex 27 76.3882 8.44889
    endloop
  endfacet
  facet normal 1 0 0
    outer loop
      vertex 27 76 8.5
      vertex 27 77.1139 8
      vertex 27 76.1958 8.48717
    endloop
  endfacet
  facet normal 1 -0 0
    outer loop
      vertex 27 75.8042 8.48717
      vertex 27 77.1139 8
      vertex 27 76 8.5
    endloop
  endfacet
  facet normal 1 -0 0
    outer loop
      vertex 27 75.6118 8.44889
      vertex 27 77.1139 8
      vertex 27 75.8042 8.48717
    endloop
  endfacet
  facet normal 1 -0 0
    outer loop
      vertex 27 75.426 8.38582
      vertex 27 77.1139 8
      vertex 27 75.6118 8.44889
    endloop
  endfacet
  facet normal 1 -0 0
    outer loop
      vertex 27 75.25 8.29904
      vertex 27 77.1139 8
      vertex 27 75.426 8.38582
    endloop
  endfacet
  facet normal 1 -0 0
    outer loop
      vertex 27 75.0869 8.19003
      vertex 27 77.1139 8
      vertex 27 75.25 8.29904
    endloop
  endfacet
  facet normal 1 0 0
    outer loop
      vertex 27 74.8861 8
      vertex 27 75.0869 8.19003
      vertex 27 74.9393 8.06066
    endloop
  endfacet
  facet normal 1 0 0
    outer loop
      vertex 27 75.0869 8.19003
      vertex 27 74.8861 8
      vertex 27 77.1139 8
    endloop
  endfacet
  facet normal 0 0.321437 -0.946931
    outer loop
      vertex 27 75.426 8.38582
      vertex 35.4 75.6118 8.44889
      vertex 35.4 75.426 8.38582
    endloop
  endfacet
  facet normal 0 0.321437 -0.946931
    outer loop
      vertex 35.4 75.6118 8.44889
      vertex 27 75.426 8.38582
      vertex 27 75.6118 8.44889
    endloop
  endfacet
  facet normal 0 -0.0653858 -0.99786
    outer loop
      vertex 27 76 8.5
      vertex 35.4 76.1958 8.48717
      vertex 35.4 76 8.5
    endloop
  endfacet
  facet normal -0 -0.0653858 -0.99786
    outer loop
      vertex 35.4 76.1958 8.48717
      vertex 27 76 8.5
      vertex 27 76.1958 8.48717
    endloop
  endfacet
  facet normal 0 0.0653858 -0.99786
    outer loop
      vertex 27 75.8042 8.48717
      vertex 35.4 76 8.5
      vertex 35.4 75.8042 8.48717
    endloop
  endfacet
  facet normal 0 0.0653858 -0.99786
    outer loop
      vertex 35.4 76 8.5
      vertex 27 75.8042 8.48717
      vertex 27 76 8.5
    endloop
  endfacet
  facet normal 0 -0.442233 -0.8969
    outer loop
      vertex 27 76.574 8.38582
      vertex 35.4 76.75 8.29904
      vertex 35.4 76.574 8.38582
    endloop
  endfacet
  facet normal -0 -0.442233 -0.8969
    outer loop
      vertex 35.4 76.75 8.29904
      vertex 27 76.574 8.38582
      vertex 27 76.75 8.29904
    endloop
  endfacet
  facet normal 0 0.659139 -0.752021
    outer loop
      vertex 27 74.9393 8.06066
      vertex 35.4 75.0869 8.19003
      vertex 35.4 74.9393 8.06066
    endloop
  endfacet
  facet normal 0 0.659139 -0.752021
    outer loop
      vertex 35.4 75.0869 8.19003
      vertex 27 74.9393 8.06066
      vertex 27 75.0869 8.19003
    endloop
  endfacet
  facet normal 0 -0.321437 -0.946931
    outer loop
      vertex 27 76.3882 8.44889
      vertex 35.4 76.574 8.38582
      vertex 35.4 76.3882 8.44889
    endloop
  endfacet
  facet normal -0 -0.321437 -0.946931
    outer loop
      vertex 35.4 76.574 8.38582
      vertex 27 76.3882 8.44889
      vertex 27 76.574 8.38582
    endloop
  endfacet
  facet normal 0 0.555676 -0.831399
    outer loop
      vertex 27 81.0869 8.19003
      vertex 35.4 81.25 8.29904
      vertex 35.4 81.0869 8.19003
    endloop
  endfacet
  facet normal 0 0.555676 -0.831399
    outer loop
      vertex 35.4 81.25 8.29904
      vertex 27 81.0869 8.19003
      vertex 27 81.25 8.29904
    endloop
  endfacet
  facet normal 0 0.195136 -0.980776
    outer loop
      vertex 27 81.6118 8.44889
      vertex 35.4 81.8042 8.48717
      vertex 35.4 81.6118 8.44889
    endloop
  endfacet
  facet normal 0 0.195136 -0.980776
    outer loop
      vertex 35.4 81.8042 8.48717
      vertex 27 81.6118 8.44889
      vertex 27 81.8042 8.48717
    endloop
  endfacet
  facet normal 0 0.442233 -0.8969
    outer loop
      vertex 27 81.25 8.29904
      vertex 35.4 81.426 8.38582
      vertex 35.4 81.25 8.29904
    endloop
  endfacet
  facet normal 0 0.442233 -0.8969
    outer loop
      vertex 35.4 81.426 8.38582
      vertex 27 81.25 8.29904
      vertex 27 81.426 8.38582
    endloop
  endfacet
  facet normal 1.06648e-20 -0.751824 -0.659364
    outer loop
      vertex 27 83.1139 8
      vertex 35.4 83.0607 8.06066
      vertex 27 83.0607 8.06066
    endloop
  endfacet
  facet normal 1.06648e-20 -0.751824 -0.659364
    outer loop
      vertex 35.4 83.0607 8.06066
      vertex 27 83.1139 8
      vertex 35.4 83.1139 8
    endloop
  endfacet
  facet normal 0 -0.195136 -0.980776
    outer loop
      vertex 27 82.1958 8.48717
      vertex 35.4 82.3882 8.44889
      vertex 35.4 82.1958 8.48717
    endloop
  endfacet
  facet normal -0 -0.195136 -0.980776
    outer loop
      vertex 35.4 82.3882 8.44889
      vertex 27 82.1958 8.48717
      vertex 27 82.3882 8.44889
    endloop
  endfacet
  facet normal 0 -0.659139 -0.752021
    outer loop
      vertex 27 82.9131 8.19003
      vertex 35.4 83.0607 8.06066
      vertex 35.4 82.9131 8.19003
    endloop
  endfacet
  facet normal -0 -0.659139 -0.752021
    outer loop
      vertex 35.4 83.0607 8.06066
      vertex 27 82.9131 8.19003
      vertex 27 83.0607 8.06066
    endloop
  endfacet
  facet normal 0 -0.555676 -0.831399
    outer loop
      vertex 27 82.75 8.29904
      vertex 35.4 82.9131 8.19003
      vertex 35.4 82.75 8.29904
    endloop
  endfacet
  facet normal -0 -0.555676 -0.831399
    outer loop
      vertex 35.4 82.9131 8.19003
      vertex 27 82.75 8.29904
      vertex 27 82.9131 8.19003
    endloop
  endfacet
  facet normal -1.06648e-20 0.751824 -0.659364
    outer loop
      vertex 35.4 80.8861 8
      vertex 27 80.9393 8.06066
      vertex 35.4 80.9393 8.06066
    endloop
  endfacet
  facet normal -1.06648e-20 0.751824 -0.659364
    outer loop
      vertex 27 80.9393 8.06066
      vertex 35.4 80.8861 8
      vertex 27 80.8861 8
    endloop
  endfacet
  facet normal 0 -0.0653858 -0.99786
    outer loop
      vertex 27 82 8.5
      vertex 35.4 82.1958 8.48717
      vertex 35.4 82 8.5
    endloop
  endfacet
  facet normal -0 -0.0653858 -0.99786
    outer loop
      vertex 35.4 82.1958 8.48717
      vertex 27 82 8.5
      vertex 27 82.1958 8.48717
    endloop
  endfacet
  facet normal 1 0 0
    outer loop
      vertex 27 82.9131 8.19003
      vertex 27 83.1139 8
      vertex 27 83.0607 8.06066
    endloop
  endfacet
  facet normal 1 0 0
    outer loop
      vertex 27 82.75 8.29904
      vertex 27 83.1139 8
      vertex 27 82.9131 8.19003
    endloop
  endfacet
  facet normal 1 0 0
    outer loop
      vertex 27 82.574 8.38582
      vertex 27 83.1139 8
      vertex 27 82.75 8.29904
    endloop
  endfacet
  facet normal 1 0 0
    outer loop
      vertex 27 82.3882 8.44889
      vertex 27 83.1139 8
      vertex 27 82.574 8.38582
    endloop
  endfacet
  facet normal 1 0 0
    outer loop
      vertex 27 82.1958 8.48717
      vertex 27 83.1139 8
      vertex 27 82.3882 8.44889
    endloop
  endfacet
  facet normal 1 0 0
    outer loop
      vertex 27 82 8.5
      vertex 27 83.1139 8
      vertex 27 82.1958 8.48717
    endloop
  endfacet
  facet normal 1 -0 0
    outer loop
      vertex 27 81.8042 8.48717
      vertex 27 83.1139 8
      vertex 27 82 8.5
    endloop
  endfacet
  facet normal 1 -0 0
    outer loop
      vertex 27 81.6118 8.44889
      vertex 27 83.1139 8
      vertex 27 81.8042 8.48717
    endloop
  endfacet
  facet normal 1 -0 0
    outer loop
      vertex 27 81.426 8.38582
      vertex 27 83.1139 8
      vertex 27 81.6118 8.44889
    endloop
  endfacet
  facet normal 1 -0 0
    outer loop
      vertex 27 81.25 8.29904
      vertex 27 83.1139 8
      vertex 27 81.426 8.38582
    endloop
  endfacet
  facet normal 1 -0 0
    outer loop
      vertex 27 81.0869 8.19003
      vertex 27 83.1139 8
      vertex 27 81.25 8.29904
    endloop
  endfacet
  facet normal 1 0 0
    outer loop
      vertex 27 80.8861 8
      vertex 27 81.0869 8.19003
      vertex 27 80.9393 8.06066
    endloop
  endfacet
  facet normal 1 0 0
    outer loop
      vertex 27 81.0869 8.19003
      vertex 27 80.8861 8
      vertex 27 83.1139 8
    endloop
  endfacet
  facet normal 0 0.321437 -0.946931
    outer loop
      vertex 27 81.426 8.38582
      vertex 35.4 81.6118 8.44889
      vertex 35.4 81.426 8.38582
    endloop
  endfacet
  facet normal 0 0.321437 -0.946931
    outer loop
      vertex 35.4 81.6118 8.44889
      vertex 27 81.426 8.38582
      vertex 27 81.6118 8.44889
    endloop
  endfacet
  facet normal 0 0.0653858 -0.99786
    outer loop
      vertex 27 81.8042 8.48717
      vertex 35.4 82 8.5
      vertex 35.4 81.8042 8.48717
    endloop
  endfacet
  facet normal 0 0.0653858 -0.99786
    outer loop
      vertex 35.4 82 8.5
      vertex 27 81.8042 8.48717
      vertex 27 82 8.5
    endloop
  endfacet
  facet normal 0 -0.442233 -0.8969
    outer loop
      vertex 27 82.574 8.38582
      vertex 35.4 82.75 8.29904
      vertex 35.4 82.574 8.38582
    endloop
  endfacet
  facet normal -0 -0.442233 -0.8969
    outer loop
      vertex 35.4 82.75 8.29904
      vertex 27 82.574 8.38582
      vertex 27 82.75 8.29904
    endloop
  endfacet
  facet normal 0 0.659139 -0.752021
    outer loop
      vertex 27 80.9393 8.06066
      vertex 35.4 81.0869 8.19003
      vertex 35.4 80.9393 8.06066
    endloop
  endfacet
  facet normal 0 0.659139 -0.752021
    outer loop
      vertex 35.4 81.0869 8.19003
      vertex 27 80.9393 8.06066
      vertex 27 81.0869 8.19003
    endloop
  endfacet
  facet normal 0 -0.321437 -0.946931
    outer loop
      vertex 27 82.3882 8.44889
      vertex 35.4 82.574 8.38582
      vertex 35.4 82.3882 8.44889
    endloop
  endfacet
  facet normal -0 -0.321437 -0.946931
    outer loop
      vertex 35.4 82.574 8.38582
      vertex 27 82.3882 8.44889
      vertex 27 82.574 8.38582
    endloop
  endfacet
  facet normal 0 0.555676 -0.831399
    outer loop
      vertex 27 87.0869 8.19003
      vertex 35.4 87.25 8.29904
      vertex 35.4 87.0869 8.19003
    endloop
  endfacet
  facet normal 0 0.555676 -0.831399
    outer loop
      vertex 35.4 87.25 8.29904
      vertex 27 87.0869 8.19003
      vertex 27 87.25 8.29904
    endloop
  endfacet
  facet normal 0 0.442233 -0.8969
    outer loop
      vertex 27 87.25 8.29904
      vertex 35.4 87.426 8.38582
      vertex 35.4 87.25 8.29904
    endloop
  endfacet
  facet normal 0 0.442233 -0.8969
    outer loop
      vertex 35.4 87.426 8.38582
      vertex 27 87.25 8.29904
      vertex 27 87.426 8.38582
    endloop
  endfacet
  facet normal 1.06648e-20 -0.751824 -0.659364
    outer loop
      vertex 27 89.1139 8
      vertex 35.4 89.0607 8.06066
      vertex 27 89.0607 8.06066
    endloop
  endfacet
  facet normal 1.06648e-20 -0.751824 -0.659364
    outer loop
      vertex 35.4 89.0607 8.06066
      vertex 27 89.1139 8
      vertex 35.4 89.1139 8
    endloop
  endfacet
  facet normal 0 -0.195136 -0.980776
    outer loop
      vertex 27 88.1958 8.48717
      vertex 35.4 88.3882 8.44889
      vertex 35.4 88.1958 8.48717
    endloop
  endfacet
  facet normal -0 -0.195136 -0.980776
    outer loop
      vertex 35.4 88.3882 8.44889
      vertex 27 88.1958 8.48717
      vertex 27 88.3882 8.44889
    endloop
  endfacet
  facet normal 0 0.321437 -0.946931
    outer loop
      vertex 27 87.426 8.38582
      vertex 35.4 87.6118 8.44889
      vertex 35.4 87.426 8.38582
    endloop
  endfacet
  facet normal 0 0.321437 -0.946931
    outer loop
      vertex 35.4 87.6118 8.44889
      vertex 27 87.426 8.38582
      vertex 27 87.6118 8.44889
    endloop
  endfacet
  facet normal 0 -0.659139 -0.752021
    outer loop
      vertex 27 88.9131 8.19003
      vertex 35.4 89.0607 8.06066
      vertex 35.4 88.9131 8.19003
    endloop
  endfacet
  facet normal -0 -0.659139 -0.752021
    outer loop
      vertex 35.4 89.0607 8.06066
      vertex 27 88.9131 8.19003
      vertex 27 89.0607 8.06066
    endloop
  endfacet
  facet normal 0 -0.555676 -0.831399
    outer loop
      vertex 27 88.75 8.29904
      vertex 35.4 88.9131 8.19003
      vertex 35.4 88.75 8.29904
    endloop
  endfacet
  facet normal -0 -0.555676 -0.831399
    outer loop
      vertex 35.4 88.9131 8.19003
      vertex 27 88.75 8.29904
      vertex 27 88.9131 8.19003
    endloop
  endfacet
  facet normal 0 0.195136 -0.980776
    outer loop
      vertex 27 87.6118 8.44889
      vertex 35.4 87.8042 8.48717
      vertex 35.4 87.6118 8.44889
    endloop
  endfacet
  facet normal 0 0.195136 -0.980776
    outer loop
      vertex 35.4 87.8042 8.48717
      vertex 27 87.6118 8.44889
      vertex 27 87.8042 8.48717
    endloop
  endfacet
  facet normal -1.06648e-20 0.751824 -0.659364
    outer loop
      vertex 35.4 86.8861 8
      vertex 27 86.9393 8.06066
      vertex 35.4 86.9393 8.06066
    endloop
  endfacet
  facet normal -1.06648e-20 0.751824 -0.659364
    outer loop
      vertex 27 86.9393 8.06066
      vertex 35.4 86.8861 8
      vertex 27 86.8861 8
    endloop
  endfacet
  facet normal 1 0 0
    outer loop
      vertex 27 88.9131 8.19003
      vertex 27 89.1139 8
      vertex 27 89.0607 8.06066
    endloop
  endfacet
  facet normal 1 0 0
    outer loop
      vertex 27 88.75 8.29904
      vertex 27 89.1139 8
      vertex 27 88.9131 8.19003
    endloop
  endfacet
  facet normal 1 0 0
    outer loop
      vertex 27 88.574 8.38582
      vertex 27 89.1139 8
      vertex 27 88.75 8.29904
    endloop
  endfacet
  facet normal 1 0 0
    outer loop
      vertex 27 88.3882 8.44889
      vertex 27 89.1139 8
      vertex 27 88.574 8.38582
    endloop
  endfacet
  facet normal 1 0 0
    outer loop
      vertex 27 88.1958 8.48717
      vertex 27 89.1139 8
      vertex 27 88.3882 8.44889
    endloop
  endfacet
  facet normal 1 0 0
    outer loop
      vertex 27 88 8.5
      vertex 27 89.1139 8
      vertex 27 88.1958 8.48717
    endloop
  endfacet
  facet normal 1 -0 0
    outer loop
      vertex 27 87.8042 8.48717
      vertex 27 89.1139 8
      vertex 27 88 8.5
    endloop
  endfacet
  facet normal 1 -0 0
    outer loop
      vertex 27 87.6118 8.44889
      vertex 27 89.1139 8
      vertex 27 87.8042 8.48717
    endloop
  endfacet
  facet normal 1 -0 0
    outer loop
      vertex 27 87.426 8.38582
      vertex 27 89.1139 8
      vertex 27 87.6118 8.44889
    endloop
  endfacet
  facet normal 1 -0 0
    outer loop
      vertex 27 87.25 8.29904
      vertex 27 89.1139 8
      vertex 27 87.426 8.38582
    endloop
  endfacet
  facet normal 1 -0 0
    outer loop
      vertex 27 87.0869 8.19003
      vertex 27 89.1139 8
      vertex 27 87.25 8.29904
    endloop
  endfacet
  facet normal 1 0 0
    outer loop
      vertex 27 86.8861 8
      vertex 27 87.0869 8.19003
      vertex 27 86.9393 8.06066
    endloop
  endfacet
  facet normal 1 0 0
    outer loop
      vertex 27 87.0869 8.19003
      vertex 27 86.8861 8
      vertex 27 89.1139 8
    endloop
  endfacet
  facet normal 0 -0.0653858 -0.99786
    outer loop
      vertex 27 88 8.5
      vertex 35.4 88.1958 8.48717
      vertex 35.4 88 8.5
    endloop
  endfacet
  facet normal -0 -0.0653858 -0.99786
    outer loop
      vertex 35.4 88.1958 8.48717
      vertex 27 88 8.5
      vertex 27 88.1958 8.48717
    endloop
  endfacet
  facet normal 0 0.0653858 -0.99786
    outer loop
      vertex 27 87.8042 8.48717
      vertex 35.4 88 8.5
      vertex 35.4 87.8042 8.48717
    endloop
  endfacet
  facet normal 0 0.0653858 -0.99786
    outer loop
      vertex 35.4 88 8.5
      vertex 27 87.8042 8.48717
      vertex 27 88 8.5
    endloop
  endfacet
  facet normal 0 -0.442233 -0.8969
    outer loop
      vertex 27 88.574 8.38582
      vertex 35.4 88.75 8.29904
      vertex 35.4 88.574 8.38582
    endloop
  endfacet
  facet normal -0 -0.442233 -0.8969
    outer loop
      vertex 35.4 88.75 8.29904
      vertex 27 88.574 8.38582
      vertex 27 88.75 8.29904
    endloop
  endfacet
  facet normal 0 0.659139 -0.752021
    outer loop
      vertex 27 86.9393 8.06066
      vertex 35.4 87.0869 8.19003
      vertex 35.4 86.9393 8.06066
    endloop
  endfacet
  facet normal 0 0.659139 -0.752021
    outer loop
      vertex 35.4 87.0869 8.19003
      vertex 27 86.9393 8.06066
      vertex 27 87.0869 8.19003
    endloop
  endfacet
  facet normal 0 -0.321437 -0.946931
    outer loop
      vertex 27 88.3882 8.44889
      vertex 35.4 88.574 8.38582
      vertex 35.4 88.3882 8.44889
    endloop
  endfacet
  facet normal -0 -0.321437 -0.946931
    outer loop
      vertex 35.4 88.574 8.38582
      vertex 27 88.3882 8.44889
      vertex 27 88.574 8.38582
    endloop
  endfacet
  facet normal 0 0.555676 -0.831399
    outer loop
      vertex 27 93.0869 8.19003
      vertex 35.4 93.25 8.29904
      vertex 35.4 93.0869 8.19003
    endloop
  endfacet
  facet normal 0 0.555676 -0.831399
    outer loop
      vertex 35.4 93.25 8.29904
      vertex 27 93.0869 8.19003
      vertex 27 93.25 8.29904
    endloop
  endfacet
  facet normal 0 0.442233 -0.8969
    outer loop
      vertex 27 93.25 8.29904
      vertex 35.4 93.426 8.38582
      vertex 35.4 93.25 8.29904
    endloop
  endfacet
  facet normal 0 0.442233 -0.8969
    outer loop
      vertex 35.4 93.426 8.38582
      vertex 27 93.25 8.29904
      vertex 27 93.426 8.38582
    endloop
  endfacet
  facet normal 1.06648e-20 -0.751824 -0.659364
    outer loop
      vertex 27 95.1139 8
      vertex 35.4 95.0607 8.06066
      vertex 27 95.0607 8.06066
    endloop
  endfacet
  facet normal 1.06648e-20 -0.751824 -0.659364
    outer loop
      vertex 35.4 95.0607 8.06066
      vertex 27 95.1139 8
      vertex 35.4 95.1139 8
    endloop
  endfacet
  facet normal 0 -0.195136 -0.980776
    outer loop
      vertex 27 94.1958 8.48717
      vertex 35.4 94.3882 8.44889
      vertex 35.4 94.1958 8.48717
    endloop
  endfacet
  facet normal -0 -0.195136 -0.980776
    outer loop
      vertex 35.4 94.3882 8.44889
      vertex 27 94.1958 8.48717
      vertex 27 94.3882 8.44889
    endloop
  endfacet
  facet normal 0 -0.659139 -0.752021
    outer loop
      vertex 27 94.9131 8.19003
      vertex 35.4 95.0607 8.06066
      vertex 35.4 94.9131 8.19003
    endloop
  endfacet
  facet normal -0 -0.659139 -0.752021
    outer loop
      vertex 35.4 95.0607 8.06066
      vertex 27 94.9131 8.19003
      vertex 27 95.0607 8.06066
    endloop
  endfacet
  facet normal 0 -0.555676 -0.831399
    outer loop
      vertex 27 94.75 8.29904
      vertex 35.4 94.9131 8.19003
      vertex 35.4 94.75 8.29904
    endloop
  endfacet
  facet normal -0 -0.555676 -0.831399
    outer loop
      vertex 35.4 94.9131 8.19003
      vertex 27 94.75 8.29904
      vertex 27 94.9131 8.19003
    endloop
  endfacet
  facet normal 0 0.195136 -0.980776
    outer loop
      vertex 27 93.6118 8.44889
      vertex 35.4 93.8042 8.48717
      vertex 35.4 93.6118 8.44889
    endloop
  endfacet
  facet normal 0 0.195136 -0.980776
    outer loop
      vertex 35.4 93.8042 8.48717
      vertex 27 93.6118 8.44889
      vertex 27 93.8042 8.48717
    endloop
  endfacet
  facet normal -1.06648e-20 0.751824 -0.659364
    outer loop
      vertex 35.4 92.8861 8
      vertex 27 92.9393 8.06066
      vertex 35.4 92.9393 8.06066
    endloop
  endfacet
  facet normal -1.06648e-20 0.751824 -0.659364
    outer loop
      vertex 27 92.9393 8.06066
      vertex 35.4 92.8861 8
      vertex 27 92.8861 8
    endloop
  endfacet
  facet normal 0 -0.0653858 -0.99786
    outer loop
      vertex 27 94 8.5
      vertex 35.4 94.1958 8.48717
      vertex 35.4 94 8.5
    endloop
  endfacet
  facet normal -0 -0.0653858 -0.99786
    outer loop
      vertex 35.4 94.1958 8.48717
      vertex 27 94 8.5
      vertex 27 94.1958 8.48717
    endloop
  endfacet
  facet normal 1 0 0
    outer loop
      vertex 27 94.9131 8.19003
      vertex 27 95.1139 8
      vertex 27 95.0607 8.06066
    endloop
  endfacet
  facet normal 1 0 0
    outer loop
      vertex 27 94.75 8.29904
      vertex 27 95.1139 8
      vertex 27 94.9131 8.19003
    endloop
  endfacet
  facet normal 1 0 0
    outer loop
      vertex 27 94.574 8.38582
      vertex 27 95.1139 8
      vertex 27 94.75 8.29904
    endloop
  endfacet
  facet normal 1 0 0
    outer loop
      vertex 27 94.3882 8.44889
      vertex 27 95.1139 8
      vertex 27 94.574 8.38582
    endloop
  endfacet
  facet normal 1 0 0
    outer loop
      vertex 27 94.1958 8.48717
      vertex 27 95.1139 8
      vertex 27 94.3882 8.44889
    endloop
  endfacet
  facet normal 1 0 0
    outer loop
      vertex 27 94 8.5
      vertex 27 95.1139 8
      vertex 27 94.1958 8.48717
    endloop
  endfacet
  facet normal 1 -0 0
    outer loop
      vertex 27 93.8042 8.48717
      vertex 27 95.1139 8
      vertex 27 94 8.5
    endloop
  endfacet
  facet normal 1 -0 0
    outer loop
      vertex 27 93.6118 8.44889
      vertex 27 95.1139 8
      vertex 27 93.8042 8.48717
    endloop
  endfacet
  facet normal 1 -0 0
    outer loop
      vertex 27 93.426 8.38582
      vertex 27 95.1139 8
      vertex 27 93.6118 8.44889
    endloop
  endfacet
  facet normal 1 -0 0
    outer loop
      vertex 27 93.25 8.29904
      vertex 27 95.1139 8
      vertex 27 93.426 8.38582
    endloop
  endfacet
  facet normal 1 -0 0
    outer loop
      vertex 27 93.0869 8.19003
      vertex 27 95.1139 8
      vertex 27 93.25 8.29904
    endloop
  endfacet
  facet normal 1 0 0
    outer loop
      vertex 27 92.8861 8
      vertex 27 93.0869 8.19003
      vertex 27 92.9393 8.06066
    endloop
  endfacet
  facet normal 1 0 0
    outer loop
      vertex 27 93.0869 8.19003
      vertex 27 92.8861 8
      vertex 27 95.1139 8
    endloop
  endfacet
  facet normal 0 0.321437 -0.946931
    outer loop
      vertex 27 93.426 8.38582
      vertex 35.4 93.6118 8.44889
      vertex 35.4 93.426 8.38582
    endloop
  endfacet
  facet normal 0 0.321437 -0.946931
    outer loop
      vertex 35.4 93.6118 8.44889
      vertex 27 93.426 8.38582
      vertex 27 93.6118 8.44889
    endloop
  endfacet
  facet normal 0 0.0653858 -0.99786
    outer loop
      vertex 27 93.8042 8.48717
      vertex 35.4 94 8.5
      vertex 35.4 93.8042 8.48717
    endloop
  endfacet
  facet normal 0 0.0653858 -0.99786
    outer loop
      vertex 35.4 94 8.5
      vertex 27 93.8042 8.48717
      vertex 27 94 8.5
    endloop
  endfacet
  facet normal 0 -0.442233 -0.8969
    outer loop
      vertex 27 94.574 8.38582
      vertex 35.4 94.75 8.29904
      vertex 35.4 94.574 8.38582
    endloop
  endfacet
  facet normal -0 -0.442233 -0.8969
    outer loop
      vertex 35.4 94.75 8.29904
      vertex 27 94.574 8.38582
      vertex 27 94.75 8.29904
    endloop
  endfacet
  facet normal 0 0.659139 -0.752021
    outer loop
      vertex 27 92.9393 8.06066
      vertex 35.4 93.0869 8.19003
      vertex 35.4 92.9393 8.06066
    endloop
  endfacet
  facet normal 0 0.659139 -0.752021
    outer loop
      vertex 35.4 93.0869 8.19003
      vertex 27 92.9393 8.06066
      vertex 27 93.0869 8.19003
    endloop
  endfacet
  facet normal 0 -0.321437 -0.946931
    outer loop
      vertex 27 94.3882 8.44889
      vertex 35.4 94.574 8.38582
      vertex 35.4 94.3882 8.44889
    endloop
  endfacet
  facet normal -0 -0.321437 -0.946931
    outer loop
      vertex 35.4 94.574 8.38582
      vertex 27 94.3882 8.44889
      vertex 27 94.574 8.38582
    endloop
  endfacet
  facet normal -1 0 0
    outer loop
      vertex -32 115 13
      vertex -32 116 19
      vertex -32 116 13
    endloop
  endfacet
  facet normal -1 -0 0
    outer loop
      vertex -32 116 19
      vertex -32 115 13
      vertex -32 115 19
    endloop
  endfacet
  facet normal 0 0 -1
    outer loop
      vertex -33 100 19
      vertex -35.4 100 19
      vertex -33 115 19
    endloop
  endfacet
  facet normal 0 0 -1
    outer loop
      vertex -33 115 19
      vertex -32 116 19
      vertex -32 115 19
    endloop
  endfacet
  facet normal 0 0 -1
    outer loop
      vertex -33 115 19
      vertex -35.4 116 19
      vertex -32 116 19
    endloop
  endfacet
  facet normal 0 0 -1
    outer loop
      vertex -35.4 116 19
      vertex -33 115 19
      vertex -35.4 100 19
    endloop
  endfacet
  facet normal 0 0 1
    outer loop
      vertex -32 116 13
      vertex -33 115 13
      vertex -32 115 13
    endloop
  endfacet
  facet normal -0 0 1
    outer loop
      vertex -35.4 116 13
      vertex -33 115 13
      vertex -32 116 13
    endloop
  endfacet
  facet normal 0 0 1
    outer loop
      vertex -35.4 100 13
      vertex -33 115 13
      vertex -35.4 116 13
    endloop
  endfacet
  facet normal 0 0 1
    outer loop
      vertex -33 115 13
      vertex -35.4 100 13
      vertex -33 100 13
    endloop
  endfacet
  facet normal 0 -1 0
    outer loop
      vertex -35.4 116 13
      vertex -32 116 19
      vertex -35.4 116 19
    endloop
  endfacet
  facet normal 0 -1 -0
    outer loop
      vertex -32 116 19
      vertex -35.4 116 13
      vertex -32 116 13
    endloop
  endfacet
  facet normal 0 1 -0
    outer loop
      vertex -33 100 13
      vertex -35.4 100 19
      vertex -33 100 19
    endloop
  endfacet
  facet normal 0 1 0
    outer loop
      vertex -35.4 100 19
      vertex -33 100 13
      vertex -35.4 100 13
    endloop
  endfacet
  facet normal 0 0 -1
    outer loop
      vertex -35.4 46 19
      vertex -33 60 19
      vertex -33 46 19
    endloop
  endfacet
  facet normal -0 0 -1
    outer loop
      vertex -33 60 19
      vertex -35.4 46 19
      vertex -35.4 60 19
    endloop
  endfacet
  facet normal -0 0 1
    outer loop
      vertex -35.4 60 13
      vertex -33 46 13
      vertex -33 60 13
    endloop
  endfacet
  facet normal 0 0 1
    outer loop
      vertex -33 46 13
      vertex -35.4 60 13
      vertex -35.4 46 13
    endloop
  endfacet
  facet normal 0 -1 0
    outer loop
      vertex -35.4 60 13
      vertex -33 60 19
      vertex -35.4 60 19
    endloop
  endfacet
  facet normal 0 -1 -0
    outer loop
      vertex -33 60 19
      vertex -35.4 60 13
      vertex -33 60 13
    endloop
  endfacet
  facet normal 0 1 -0
    outer loop
      vertex -33 46 13
      vertex -35.4 46 19
      vertex -33 46 19
    endloop
  endfacet
  facet normal 0 1 0
    outer loop
      vertex -35.4 46 19
      vertex -33 46 13
      vertex -35.4 46 13
    endloop
  endfacet
endsolid OpenSCAD_Model
