solid OpenSCAD_Model
  facet normal -0 0 1
    outer loop
      vertex -26.0741 85.7777 0
      vertex 26.5716 46.4284 0
      vertex -25.7045 86.4693 0
    endloop
  endfacet
  facet normal 0 0 1
    outer loop
      vertex 26.0741 45.8223 0
      vertex -25.4769 44.3804 0
      vertex -25.4 43.6 0
    endloop
  endfacet
  facet normal 0 0 1
    outer loop
      vertex 26.5716 46.4284 0
      vertex -26.0741 85.7777 0
      vertex 26.0741 45.8223 0
    endloop
  endfacet
  facet normal 0 0 1
    outer loop
      vertex 26.0741 45.8223 0
      vertex -25.7045 45.1307 0
      vertex -25.4769 44.3804 0
    endloop
  endfacet
  facet normal 0 0 1
    outer loop
      vertex -26.0741 45.8223 0
      vertex 26.0741 45.8223 0
      vertex -26.0741 85.7777 0
    endloop
  endfacet
  facet normal 0 0 1
    outer loop
      vertex 26.0741 45.8223 0
      vertex -26.0741 45.8223 0
      vertex -25.7045 45.1307 0
    endloop
  endfacet
  facet normal -0 0 1
    outer loop
      vertex -26.5716 85.1716 0
      vertex -26.0741 45.8223 0
      vertex -26.0741 85.7777 0
    endloop
  endfacet
  facet normal 0 0 1
    outer loop
      vertex -26.5716 85.1716 0
      vertex -26.5716 46.4284 0
      vertex -26.0741 45.8223 0
    endloop
  endfacet
  facet normal -0 0 1
    outer loop
      vertex -27.1777 84.6741 0
      vertex -26.5716 46.4284 0
      vertex -26.5716 85.1716 0
    endloop
  endfacet
  facet normal 0 0 1
    outer loop
      vertex -27.1777 84.6741 0
      vertex -27.1777 46.9259 0
      vertex -26.5716 46.4284 0
    endloop
  endfacet
  facet normal -0 0 1
    outer loop
      vertex -27.8693 84.3045 0
      vertex -27.1777 46.9259 0
      vertex -27.1777 84.6741 0
    endloop
  endfacet
  facet normal 0 0 1
    outer loop
      vertex -27.8693 84.3045 0
      vertex -27.8693 47.2955 0
      vertex -27.1777 46.9259 0
    endloop
  endfacet
  facet normal -0 0 1
    outer loop
      vertex -28.6196 84.0769 0
      vertex -27.8693 47.2955 0
      vertex -27.8693 84.3045 0
    endloop
  endfacet
  facet normal 0 0 1
    outer loop
      vertex -28.6196 84.0769 0
      vertex -28.6196 47.5231 0
      vertex -27.8693 47.2955 0
    endloop
  endfacet
  facet normal -0 0 1
    outer loop
      vertex -29.4 84 0
      vertex -28.6196 47.5231 0
      vertex -28.6196 84.0769 0
    endloop
  endfacet
  facet normal 0 0 1
    outer loop
      vertex -29.4 84 0
      vertex -29.4 47.6 0
      vertex -28.6196 47.5231 0
    endloop
  endfacet
  facet normal 0 0 1
    outer loop
      vertex -30.1804 84.0769 0
      vertex -29.4 47.6 0
      vertex -29.4 84 0
    endloop
  endfacet
  facet normal 0 0 1
    outer loop
      vertex -30.1804 84.0769 0
      vertex -30.1804 47.5231 0
      vertex -29.4 47.6 0
    endloop
  endfacet
  facet normal 0 0 1
    outer loop
      vertex -30.9307 84.3045 0
      vertex -30.1804 47.5231 0
      vertex -30.1804 84.0769 0
    endloop
  endfacet
  facet normal 0 0 1
    outer loop
      vertex -30.9307 84.3045 0
      vertex -30.9307 47.2955 0
      vertex -30.1804 47.5231 0
    endloop
  endfacet
  facet normal 0 0 1
    outer loop
      vertex -31.6223 84.6741 0
      vertex -30.9307 47.2955 0
      vertex -30.9307 84.3045 0
    endloop
  endfacet
  facet normal 0 0 1
    outer loop
      vertex -31.6223 84.6741 0
      vertex -31.6223 46.9259 0
      vertex -30.9307 47.2955 0
    endloop
  endfacet
  facet normal 0 0 1
    outer loop
      vertex -32.2284 85.1716 0
      vertex -31.6223 46.9259 0
      vertex -31.6223 84.6741 0
    endloop
  endfacet
  facet normal 0 0 1
    outer loop
      vertex -32.2284 85.1716 0
      vertex -32.2284 46.4284 0
      vertex -31.6223 46.9259 0
    endloop
  endfacet
  facet normal 0 0 1
    outer loop
      vertex -32.7259 85.7777 0
      vertex -32.2284 46.4284 0
      vertex -32.2284 85.1716 0
    endloop
  endfacet
  facet normal 0 0 1
    outer loop
      vertex -32.7259 85.7777 0
      vertex -32.7259 45.8223 0
      vertex -32.2284 46.4284 0
    endloop
  endfacet
  facet normal 0 0 1
    outer loop
      vertex -70 96 0
      vertex -32.7259 85.7777 0
      vertex -33.0955 86.4693 0
    endloop
  endfacet
  facet normal 0 0 1
    outer loop
      vertex -32.7259 85.7777 0
      vertex -70 96 0
      vertex -32.7259 45.8223 0
    endloop
  endfacet
  facet normal 0 0 1
    outer loop
      vertex -70 96 0
      vertex -33.0955 86.4693 0
      vertex -33.3231 87.2196 0
    endloop
  endfacet
  facet normal 0 0 1
    outer loop
      vertex -32.7259 45.8223 0
      vertex -70 96 0
      vertex -33.0955 45.1307 0
    endloop
  endfacet
  facet normal 0 0 1
    outer loop
      vertex -37 96 0
      vertex -33.3231 87.2196 0
      vertex -33.4 88 0
    endloop
  endfacet
  facet normal 0 0 1
    outer loop
      vertex -33.0955 45.1307 0
      vertex -70 96 0
      vertex -33.3231 44.3804 0
    endloop
  endfacet
  facet normal -0 0 1
    outer loop
      vertex 33.0955 109.869 0
      vertex 70 0 0
      vertex 33.3231 110.62 0
    endloop
  endfacet
  facet normal 0 0 1
    outer loop
      vertex 70 0 0
      vertex 33.3231 44.3804 0
      vertex 33.4 43.6 0
    endloop
  endfacet
  facet normal -0 0 1
    outer loop
      vertex 33.0955 45.1307 0
      vertex 70 0 0
      vertex 33.0955 109.869 0
    endloop
  endfacet
  facet normal 0 0 1
    outer loop
      vertex 70 0 0
      vertex 33.0955 45.1307 0
      vertex 33.3231 44.3804 0
    endloop
  endfacet
  facet normal -0 0 1
    outer loop
      vertex 32.7259 109.178 0
      vertex 33.0955 45.1307 0
      vertex 33.0955 109.869 0
    endloop
  endfacet
  facet normal 0 0 1
    outer loop
      vertex 32.7259 109.178 0
      vertex 32.7259 45.8223 0
      vertex 33.0955 45.1307 0
    endloop
  endfacet
  facet normal -0 0 1
    outer loop
      vertex 32.2284 108.572 0
      vertex 32.7259 45.8223 0
      vertex 32.7259 109.178 0
    endloop
  endfacet
  facet normal 0 0 1
    outer loop
      vertex 32.2284 108.572 0
      vertex 32.2284 46.4284 0
      vertex 32.7259 45.8223 0
    endloop
  endfacet
  facet normal -0 0 1
    outer loop
      vertex 31.6223 108.074 0
      vertex 32.2284 46.4284 0
      vertex 32.2284 108.572 0
    endloop
  endfacet
  facet normal 0 0 1
    outer loop
      vertex 31.6223 108.074 0
      vertex 31.6223 46.9259 0
      vertex 32.2284 46.4284 0
    endloop
  endfacet
  facet normal -0 0 1
    outer loop
      vertex 30.9307 107.704 0
      vertex 31.6223 46.9259 0
      vertex 31.6223 108.074 0
    endloop
  endfacet
  facet normal 0 0 1
    outer loop
      vertex 30.9307 107.704 0
      vertex 30.9307 47.2955 0
      vertex 31.6223 46.9259 0
    endloop
  endfacet
  facet normal -0 0 1
    outer loop
      vertex 30.1804 107.477 0
      vertex 30.9307 47.2955 0
      vertex 30.9307 107.704 0
    endloop
  endfacet
  facet normal 0 0 1
    outer loop
      vertex 30.1804 107.477 0
      vertex 30.1804 47.5231 0
      vertex 30.9307 47.2955 0
    endloop
  endfacet
  facet normal -0 0 1
    outer loop
      vertex 29.4 107.4 0
      vertex 30.1804 47.5231 0
      vertex 30.1804 107.477 0
    endloop
  endfacet
  facet normal 0 0 1
    outer loop
      vertex 29.4 107.4 0
      vertex 29.4 47.6 0
      vertex 30.1804 47.5231 0
    endloop
  endfacet
  facet normal 0 0 1
    outer loop
      vertex 28.6196 107.477 0
      vertex 29.4 47.6 0
      vertex 29.4 107.4 0
    endloop
  endfacet
  facet normal 0 0 1
    outer loop
      vertex 28.6196 107.477 0
      vertex 28.6196 47.5231 0
      vertex 29.4 47.6 0
    endloop
  endfacet
  facet normal 0 0 1
    outer loop
      vertex 27.8693 107.704 0
      vertex 28.6196 47.5231 0
      vertex 28.6196 107.477 0
    endloop
  endfacet
  facet normal 0 0 1
    outer loop
      vertex 27.8693 107.704 0
      vertex 27.8693 47.2955 0
      vertex 28.6196 47.5231 0
    endloop
  endfacet
  facet normal 0 0 1
    outer loop
      vertex 27.1777 108.074 0
      vertex 27.8693 47.2955 0
      vertex 27.8693 107.704 0
    endloop
  endfacet
  facet normal 0 0 1
    outer loop
      vertex 27.1777 108.074 0
      vertex 27.1777 46.9259 0
      vertex 27.8693 47.2955 0
    endloop
  endfacet
  facet normal 0 0 1
    outer loop
      vertex -25.4769 87.2196 0
      vertex 26.5716 108.572 0
      vertex -25.4 88 0
    endloop
  endfacet
  facet normal 0 0 1
    outer loop
      vertex 26.5716 108.572 0
      vertex -25.4769 87.2196 0
      vertex 27.1777 108.074 0
    endloop
  endfacet
  facet normal 0 0 1
    outer loop
      vertex -25.4 88 0
      vertex 26.5716 108.572 0
      vertex 26.0741 109.178 0
    endloop
  endfacet
  facet normal 0 0 1
    outer loop
      vertex 27.1777 108.074 0
      vertex -25.4769 87.2196 0
      vertex 27.1777 46.9259 0
    endloop
  endfacet
  facet normal 0 0 1
    outer loop
      vertex -25.4769 88.7804 0
      vertex 26.0741 109.178 0
      vertex 25.7045 109.869 0
    endloop
  endfacet
  facet normal -0 0 1
    outer loop
      vertex -25.7045 86.4693 0
      vertex 27.1777 46.9259 0
      vertex -25.4769 87.2196 0
    endloop
  endfacet
  facet normal 0 0 1
    outer loop
      vertex -25.7045 89.5307 0
      vertex 25.7045 109.869 0
      vertex 25.4769 110.62 0
    endloop
  endfacet
  facet normal 0 0 1
    outer loop
      vertex 27.1777 46.9259 0
      vertex -25.7045 86.4693 0
      vertex 26.5716 46.4284 0
    endloop
  endfacet
  facet normal 0 0 1
    outer loop
      vertex -26.0741 90.2223 0
      vertex 25.4769 110.62 0
      vertex 25.4 111.4 0
    endloop
  endfacet
  facet normal 0 0 1
    outer loop
      vertex 26.0741 45.8223 0
      vertex -25.4 43.6 0
      vertex 25.7045 45.1307 0
    endloop
  endfacet
  facet normal 0 0 1
    outer loop
      vertex 70 260 0
      vertex 33.4 111.4 0
      vertex 70 0 0
    endloop
  endfacet
  facet normal 0 0 1
    outer loop
      vertex 70 260 0
      vertex 33.3231 112.18 0
      vertex 33.4 111.4 0
    endloop
  endfacet
  facet normal 0 0 1
    outer loop
      vertex 70 260 0
      vertex 33.0955 112.931 0
      vertex 33.3231 112.18 0
    endloop
  endfacet
  facet normal 0 0 1
    outer loop
      vertex 70 260 0
      vertex 32.7259 113.622 0
      vertex 33.0955 112.931 0
    endloop
  endfacet
  facet normal 0 0 1
    outer loop
      vertex 70 260 0
      vertex 32.2284 114.228 0
      vertex 32.7259 113.622 0
    endloop
  endfacet
  facet normal 0 0 1
    outer loop
      vertex 70 260 0
      vertex 31.6223 114.726 0
      vertex 32.2284 114.228 0
    endloop
  endfacet
  facet normal 0 0 1
    outer loop
      vertex 70 260 0
      vertex 30.9307 115.096 0
      vertex 31.6223 114.726 0
    endloop
  endfacet
  facet normal 0 0 1
    outer loop
      vertex 70 260 0
      vertex 30.1804 115.323 0
      vertex 30.9307 115.096 0
    endloop
  endfacet
  facet normal 0 0 1
    outer loop
      vertex 70 260 0
      vertex 29.4 115.4 0
      vertex 30.1804 115.323 0
    endloop
  endfacet
  facet normal 0 0 1
    outer loop
      vertex 70 260 0
      vertex 28.6196 115.323 0
      vertex 29.4 115.4 0
    endloop
  endfacet
  facet normal 0 0 1
    outer loop
      vertex 70 260 0
      vertex 27.8693 115.096 0
      vertex 28.6196 115.323 0
    endloop
  endfacet
  facet normal -0 0 1
    outer loop
      vertex -37 118 0
      vertex 27.8693 115.096 0
      vertex 70 260 0
    endloop
  endfacet
  facet normal 0 0 1
    outer loop
      vertex 27.8693 115.096 0
      vertex -37 118 0
      vertex 27.1777 114.726 0
    endloop
  endfacet
  facet normal 0 0 1
    outer loop
      vertex 27.1777 114.726 0
      vertex -37 118 0
      vertex 26.5716 114.228 0
    endloop
  endfacet
  facet normal 0 0 1
    outer loop
      vertex 26.5716 114.228 0
      vertex -37 118 0
      vertex 26.0741 113.622 0
    endloop
  endfacet
  facet normal 0 0 1
    outer loop
      vertex 26.0741 113.622 0
      vertex -37 118 0
      vertex 25.7045 112.931 0
    endloop
  endfacet
  facet normal 0 0 1
    outer loop
      vertex 25.7045 45.1307 0
      vertex -25.4 43.6 0
      vertex 25.4769 44.3804 0
    endloop
  endfacet
  facet normal 0 0 1
    outer loop
      vertex -37 118 0
      vertex 25.4 111.4 0
      vertex 25.4769 112.18 0
    endloop
  endfacet
  facet normal 0 0 1
    outer loop
      vertex 25.7045 112.931 0
      vertex -37 118 0
      vertex 25.4769 112.18 0
    endloop
  endfacet
  facet normal 0 0 1
    outer loop
      vertex 26.0741 109.178 0
      vertex -25.4769 88.7804 0
      vertex -25.4 88 0
    endloop
  endfacet
  facet normal 0 0 1
    outer loop
      vertex 25.7045 109.869 0
      vertex -25.7045 89.5307 0
      vertex -25.4769 88.7804 0
    endloop
  endfacet
  facet normal 0 0 1
    outer loop
      vertex 25.4769 110.62 0
      vertex -26.0741 90.2223 0
      vertex -25.7045 89.5307 0
    endloop
  endfacet
  facet normal 0 0 1
    outer loop
      vertex 25.4 111.4 0
      vertex -37 118 0
      vertex -26.5716 90.8284 0
    endloop
  endfacet
  facet normal 0 0 1
    outer loop
      vertex 25.4 111.4 0
      vertex -26.5716 90.8284 0
      vertex -26.0741 90.2223 0
    endloop
  endfacet
  facet normal 0 0 1
    outer loop
      vertex -26.5716 90.8284 0
      vertex -37 118 0
      vertex -27.1777 91.3259 0
    endloop
  endfacet
  facet normal 0 0 1
    outer loop
      vertex -27.1777 91.3259 0
      vertex -37 118 0
      vertex -27.8693 91.6955 0
    endloop
  endfacet
  facet normal 0 0 1
    outer loop
      vertex -27.8693 91.6955 0
      vertex -37 118 0
      vertex -28.6196 91.9231 0
    endloop
  endfacet
  facet normal -0 0 1
    outer loop
      vertex -37 96 0
      vertex -28.6196 91.9231 0
      vertex -37 118 0
    endloop
  endfacet
  facet normal 0 0 1
    outer loop
      vertex -28.6196 91.9231 0
      vertex -37 96 0
      vertex -29.4 92 0
    endloop
  endfacet
  facet normal 0 0 1
    outer loop
      vertex -29.4 92 0
      vertex -37 96 0
      vertex -30.1804 91.9231 0
    endloop
  endfacet
  facet normal 0 0 1
    outer loop
      vertex -30.1804 91.9231 0
      vertex -37 96 0
      vertex -30.9307 91.6955 0
    endloop
  endfacet
  facet normal 0 0 1
    outer loop
      vertex -30.9307 91.6955 0
      vertex -37 96 0
      vertex -31.6223 91.3259 0
    endloop
  endfacet
  facet normal 0 0 1
    outer loop
      vertex -33.3231 88.7804 0
      vertex -37 96 0
      vertex -33.4 88 0
    endloop
  endfacet
  facet normal 0 0 1
    outer loop
      vertex -33.0955 89.5307 0
      vertex -37 96 0
      vertex -33.3231 88.7804 0
    endloop
  endfacet
  facet normal 0 0 1
    outer loop
      vertex -32.7259 90.2223 0
      vertex -37 96 0
      vertex -33.0955 89.5307 0
    endloop
  endfacet
  facet normal 0 0 1
    outer loop
      vertex -32.2284 90.8284 0
      vertex -37 96 0
      vertex -32.7259 90.2223 0
    endloop
  endfacet
  facet normal 0 0 1
    outer loop
      vertex -31.6223 91.3259 0
      vertex -37 96 0
      vertex -32.2284 90.8284 0
    endloop
  endfacet
  facet normal -0 0 1
    outer loop
      vertex -70 260 0
      vertex -37 118 0
      vertex 70 260 0
    endloop
  endfacet
  facet normal 0 0 1
    outer loop
      vertex -37 118 0
      vertex -70 260 0
      vertex -70 118 0
    endloop
  endfacet
  facet normal -0 0 1
    outer loop
      vertex 33.3231 110.62 0
      vertex 70 0 0
      vertex 33.4 111.4 0
    endloop
  endfacet
  facet normal -0 0 1
    outer loop
      vertex 33.3231 42.8196 0
      vertex 70 0 0
      vertex 33.4 43.6 0
    endloop
  endfacet
  facet normal -0 0 1
    outer loop
      vertex 33.0955 42.0693 0
      vertex 70 0 0
      vertex 33.3231 42.8196 0
    endloop
  endfacet
  facet normal -0 0 1
    outer loop
      vertex 32.7259 41.3777 0
      vertex 70 0 0
      vertex 33.0955 42.0693 0
    endloop
  endfacet
  facet normal -0 0 1
    outer loop
      vertex 32.2284 40.7716 0
      vertex 70 0 0
      vertex 32.7259 41.3777 0
    endloop
  endfacet
  facet normal -0 0 1
    outer loop
      vertex 31.6223 40.2741 0
      vertex 70 0 0
      vertex 32.2284 40.7716 0
    endloop
  endfacet
  facet normal -0 0 1
    outer loop
      vertex 30.9307 39.9045 0
      vertex 70 0 0
      vertex 31.6223 40.2741 0
    endloop
  endfacet
  facet normal -0 0 1
    outer loop
      vertex 30.1804 39.6769 0
      vertex 70 0 0
      vertex 30.9307 39.9045 0
    endloop
  endfacet
  facet normal -0 0 1
    outer loop
      vertex 29.4 39.6 0
      vertex 70 0 0
      vertex 30.1804 39.6769 0
    endloop
  endfacet
  facet normal 0 0 1
    outer loop
      vertex 28.6196 39.6769 0
      vertex 70 0 0
      vertex 29.4 39.6 0
    endloop
  endfacet
  facet normal 0 0 1
    outer loop
      vertex 27.8693 39.9045 0
      vertex 70 0 0
      vertex 28.6196 39.6769 0
    endloop
  endfacet
  facet normal 0 0 1
    outer loop
      vertex -27.8693 39.9045 0
      vertex 27.8693 39.9045 0
      vertex 27.1777 40.2741 0
    endloop
  endfacet
  facet normal 0 0 1
    outer loop
      vertex -27.1777 40.2741 0
      vertex 27.1777 40.2741 0
      vertex 26.5716 40.7716 0
    endloop
  endfacet
  facet normal 0 0 1
    outer loop
      vertex 25.4769 44.3804 0
      vertex -25.4 43.6 0
      vertex 25.4 43.6 0
    endloop
  endfacet
  facet normal 0 0 1
    outer loop
      vertex 25.4 43.6 0
      vertex -25.4 43.6 0
      vertex 25.4769 42.8196 0
    endloop
  endfacet
  facet normal 0 0 1
    outer loop
      vertex -25.4769 42.8196 0
      vertex 25.4769 42.8196 0
      vertex -25.4 43.6 0
    endloop
  endfacet
  facet normal 0 0 1
    outer loop
      vertex 25.4769 42.8196 0
      vertex -25.4769 42.8196 0
      vertex 25.7045 42.0693 0
    endloop
  endfacet
  facet normal 0 0 1
    outer loop
      vertex -25.7045 42.0693 0
      vertex 25.7045 42.0693 0
      vertex -25.4769 42.8196 0
    endloop
  endfacet
  facet normal 0 0 1
    outer loop
      vertex 25.7045 42.0693 0
      vertex -25.7045 42.0693 0
      vertex 26.0741 41.3777 0
    endloop
  endfacet
  facet normal 0 0 1
    outer loop
      vertex -26.0741 41.3777 0
      vertex 26.0741 41.3777 0
      vertex -25.7045 42.0693 0
    endloop
  endfacet
  facet normal 0 0 1
    outer loop
      vertex 26.0741 41.3777 0
      vertex -26.0741 41.3777 0
      vertex 26.5716 40.7716 0
    endloop
  endfacet
  facet normal 0 0 1
    outer loop
      vertex -26.5716 40.7716 0
      vertex 26.5716 40.7716 0
      vertex -26.0741 41.3777 0
    endloop
  endfacet
  facet normal 0 0 1
    outer loop
      vertex -27.1777 40.2741 0
      vertex 26.5716 40.7716 0
      vertex -26.5716 40.7716 0
    endloop
  endfacet
  facet normal 0 0 1
    outer loop
      vertex 27.1777 40.2741 0
      vertex -27.1777 40.2741 0
      vertex -27.8693 39.9045 0
    endloop
  endfacet
  facet normal 0 0 1
    outer loop
      vertex 27.8693 39.9045 0
      vertex -27.8693 39.9045 0
      vertex 70 0 0
    endloop
  endfacet
  facet normal 0 0 1
    outer loop
      vertex -70 0 0
      vertex -27.8693 39.9045 0
      vertex -28.6196 39.6769 0
    endloop
  endfacet
  facet normal 0 0 1
    outer loop
      vertex -70 0 0
      vertex -28.6196 39.6769 0
      vertex -29.4 39.6 0
    endloop
  endfacet
  facet normal 0 0 1
    outer loop
      vertex -70 0 0
      vertex -29.4 39.6 0
      vertex -30.1804 39.6769 0
    endloop
  endfacet
  facet normal 0 0 1
    outer loop
      vertex -70 0 0
      vertex -30.1804 39.6769 0
      vertex -30.9307 39.9045 0
    endloop
  endfacet
  facet normal 0 0 1
    outer loop
      vertex -33.3231 87.2196 0
      vertex -37 96 0
      vertex -70 96 0
    endloop
  endfacet
  facet normal 0 0 1
    outer loop
      vertex -33.3231 44.3804 0
      vertex -70 96 0
      vertex -33.4 43.6 0
    endloop
  endfacet
  facet normal 0 0 1
    outer loop
      vertex -70 0 0
      vertex -33.4 43.6 0
      vertex -70 96 0
    endloop
  endfacet
  facet normal 0 0 1
    outer loop
      vertex -33.4 43.6 0
      vertex -70 0 0
      vertex -33.3231 42.8196 0
    endloop
  endfacet
  facet normal 0 0 1
    outer loop
      vertex -33.3231 42.8196 0
      vertex -70 0 0
      vertex -33.0955 42.0693 0
    endloop
  endfacet
  facet normal 0 0 1
    outer loop
      vertex -27.8693 39.9045 0
      vertex -70 0 0
      vertex 70 0 0
    endloop
  endfacet
  facet normal 0 0 1
    outer loop
      vertex -31.6223 40.2741 0
      vertex -70 0 0
      vertex -30.9307 39.9045 0
    endloop
  endfacet
  facet normal 0 0 1
    outer loop
      vertex -32.2284 40.7716 0
      vertex -70 0 0
      vertex -31.6223 40.2741 0
    endloop
  endfacet
  facet normal 0 0 1
    outer loop
      vertex -32.7259 41.3777 0
      vertex -70 0 0
      vertex -32.2284 40.7716 0
    endloop
  endfacet
  facet normal 0 0 1
    outer loop
      vertex -33.0955 42.0693 0
      vertex -70 0 0
      vertex -32.7259 41.3777 0
    endloop
  endfacet
  facet normal 0 0 -1
    outer loop
      vertex -30.1485 43.6 -6
      vertex -28.6515 72 -6
      vertex -28.6515 43.6 -6
    endloop
  endfacet
  facet normal -0 0 -1
    outer loop
      vertex -28.6515 72 -6
      vertex -30.1485 43.6 -6
      vertex -30.1485 72 -6
    endloop
  endfacet
  facet normal 0 0 -1
    outer loop
      vertex 28.6515 43.6 -6
      vertex 30.1485 95.4 -6
      vertex 30.1485 43.6 -6
    endloop
  endfacet
  facet normal -0 0 -1
    outer loop
      vertex 30.1485 95.4 -6
      vertex 28.6515 43.6 -6
      vertex 28.6515 95.4 -6
    endloop
  endfacet
  facet normal 0 0 -1
    outer loop
      vertex 35.2883 18 -6
      vertex 70 0 -6
      vertex 35.2883 10 -6
    endloop
  endfacet
  facet normal 0 0 -1
    outer loop
      vertex 70 0 -6
      vertex 30.7116 10 -6
      vertex 35.2883 10 -6
    endloop
  endfacet
  facet normal 0 0 -1
    outer loop
      vertex -30.7116 18 -6
      vertex 30.7116 18 -6
      vertex 30.7116 10 -6
    endloop
  endfacet
  facet normal 0 0 -1
    outer loop
      vertex 30.7116 18 -6
      vertex 28.6515 27.6 -6
      vertex 30.1485 27.6 -6
    endloop
  endfacet
  facet normal 0 0 -1
    outer loop
      vertex -28.6515 43.6 -6
      vertex 28.6515 43.6 -6
      vertex 28.6515 27.6 -6
    endloop
  endfacet
  facet normal 0 0 -1
    outer loop
      vertex 28.6515 43.6 -6
      vertex -28.6515 72 -6
      vertex 28.6515 95.4 -6
    endloop
  endfacet
  facet normal 0 0 -1
    outer loop
      vertex -28.6515 43.6 -6
      vertex 28.6515 27.6 -6
      vertex -28.6515 27.6 -6
    endloop
  endfacet
  facet normal 0 0 -1
    outer loop
      vertex 30.7116 18 -6
      vertex -30.7116 18 -6
      vertex 28.6515 27.6 -6
    endloop
  endfacet
  facet normal -0 0 -1
    outer loop
      vertex 28.6515 27.6 -6
      vertex -30.7116 18 -6
      vertex -28.6515 27.6 -6
    endloop
  endfacet
  facet normal 0 0 -1
    outer loop
      vertex -35.2883 18 -6
      vertex -30.1485 43.6 -6
      vertex -30.1485 27.6 -6
    endloop
  endfacet
  facet normal 0 0 -1
    outer loop
      vertex -30.1485 43.6 -6
      vertex -70 96 -6
      vertex -30.1485 72 -6
    endloop
  endfacet
  facet normal -0 0 -1
    outer loop
      vertex -28.6515 27.6 -6
      vertex -30.7116 18 -6
      vertex -30.1485 27.6 -6
    endloop
  endfacet
  facet normal 0 0 -1
    outer loop
      vertex -30.7116 18 -6
      vertex 30.7116 10 -6
      vertex -30.7116 10 -6
    endloop
  endfacet
  facet normal 0 0 -1
    outer loop
      vertex 70 0 -6
      vertex -30.7116 10 -6
      vertex 30.7116 10 -6
    endloop
  endfacet
  facet normal 0 0 -1
    outer loop
      vertex -70 0 -6
      vertex -30.7116 10 -6
      vertex 70 0 -6
    endloop
  endfacet
  facet normal 0 0 -1
    outer loop
      vertex -70 0 -6
      vertex -35.2883 18 -6
      vertex -35.2883 10 -6
    endloop
  endfacet
  facet normal -0 0 -1
    outer loop
      vertex -30.7116 10 -6
      vertex -70 0 -6
      vertex -35.2883 10 -6
    endloop
  endfacet
  facet normal -0 0 -1
    outer loop
      vertex -30.1485 43.6 -6
      vertex -70 0 -6
      vertex -70 96 -6
    endloop
  endfacet
  facet normal 0 0 -1
    outer loop
      vertex -30.1485 72 -6
      vertex -70 96 -6
      vertex -37 96 -6
    endloop
  endfacet
  facet normal 0 0 -1
    outer loop
      vertex 30.1485 43.6 -6
      vertex 70 0 -6
      vertex 35.2883 18 -6
    endloop
  endfacet
  facet normal 0 0 -1
    outer loop
      vertex 30.1485 27.6 -6
      vertex 35.2883 18 -6
      vertex 30.7116 18 -6
    endloop
  endfacet
  facet normal 0 0 -1
    outer loop
      vertex 35.2883 18 -6
      vertex 30.1485 27.6 -6
      vertex 30.1485 43.6 -6
    endloop
  endfacet
  facet normal 0 0 -1
    outer loop
      vertex 70 0 -6
      vertex 30.1485 43.6 -6
      vertex 30.1485 95.4 -6
    endloop
  endfacet
  facet normal 0 0 -1
    outer loop
      vertex 30.1485 111.4 -6
      vertex 70 0 -6
      vertex 30.1485 95.4 -6
    endloop
  endfacet
  facet normal 0 0 -1
    outer loop
      vertex 70 0 -6
      vertex 30.1485 111.4 -6
      vertex 70 260 -6
    endloop
  endfacet
  facet normal 0 0 -1
    outer loop
      vertex 28.6515 111.4 -6
      vertex 70 260 -6
      vertex 30.1485 111.4 -6
    endloop
  endfacet
  facet normal 0 0 -1
    outer loop
      vertex 28.6515 43.6 -6
      vertex -28.6515 43.6 -6
      vertex -28.6515 72 -6
    endloop
  endfacet
  facet normal 0 0 -1
    outer loop
      vertex -28.6515 88 -6
      vertex 28.6515 95.4 -6
      vertex -28.6515 72 -6
    endloop
  endfacet
  facet normal -0 0 -1
    outer loop
      vertex 28.6515 95.4 -6
      vertex -28.6515 88 -6
      vertex 28.6515 111.4 -6
    endloop
  endfacet
  facet normal 0 0 -1
    outer loop
      vertex -37 118 -6
      vertex 28.6515 111.4 -6
      vertex -28.6515 88 -6
    endloop
  endfacet
  facet normal 0 0 -1
    outer loop
      vertex -37 96 -6
      vertex -28.6515 88 -6
      vertex -30.1485 88 -6
    endloop
  endfacet
  facet normal 0 0 -1
    outer loop
      vertex -35.2883 18 -6
      vertex -30.1485 27.6 -6
      vertex -30.7116 18 -6
    endloop
  endfacet
  facet normal 0 0 -1
    outer loop
      vertex -30.1485 43.6 -6
      vertex -35.2883 18 -6
      vertex -70 0 -6
    endloop
  endfacet
  facet normal 0 0 -1
    outer loop
      vertex -30.1485 72 -6
      vertex -37 96 -6
      vertex -30.1485 88 -6
    endloop
  endfacet
  facet normal 0 0 -1
    outer loop
      vertex -28.6515 88 -6
      vertex -37 96 -6
      vertex -37 118 -6
    endloop
  endfacet
  facet normal 0 0 -1
    outer loop
      vertex 28.6515 111.4 -6
      vertex -37 118 -6
      vertex 70 260 -6
    endloop
  endfacet
  facet normal 0 0 -1
    outer loop
      vertex -70 260 -6
      vertex -37 118 -6
      vertex -70 118 -6
    endloop
  endfacet
  facet normal 0 0 -1
    outer loop
      vertex -37 118 -6
      vertex -70 260 -6
      vertex 70 260 -6
    endloop
  endfacet
  facet normal 0.99518 -0.0980643 -3.23114e-19
    outer loop
      vertex -25.4769 42.8196 8
      vertex -25.4 43.6 0
      vertex -25.4 43.6 8
    endloop
  endfacet
  facet normal 0.99518 -0.0980643 -3.23114e-19
    outer loop
      vertex -25.4 43.6 0
      vertex -25.4769 42.8196 8
      vertex -25.4769 42.8196 0
    endloop
  endfacet
  facet normal 0.290283 -0.956941 0
    outer loop
      vertex -28.6196 39.6769 0
      vertex -27.8693 39.9045 8
      vertex -28.6196 39.6769 8
    endloop
  endfacet
  facet normal 0.290283 -0.956941 0
    outer loop
      vertex -27.8693 39.9045 8
      vertex -28.6196 39.6769 0
      vertex -27.8693 39.9045 0
    endloop
  endfacet
  facet normal -0.772956 0.634459 2.28803e-19
    outer loop
      vertex -32.7259 45.8223 0
      vertex -32.2284 46.4284 8
      vertex -32.2284 46.4284 0
    endloop
  endfacet
  facet normal -0.772956 0.634459 2.28803e-19
    outer loop
      vertex -32.2284 46.4284 8
      vertex -32.7259 45.8223 0
      vertex -32.7259 45.8223 8
    endloop
  endfacet
  facet normal -0.290283 0.956941 0
    outer loop
      vertex -30.1804 47.5231 0
      vertex -30.9307 47.2955 8
      vertex -30.1804 47.5231 8
    endloop
  endfacet
  facet normal -0.290283 0.956941 0
    outer loop
      vertex -30.9307 47.2955 8
      vertex -30.1804 47.5231 0
      vertex -30.9307 47.2955 0
    endloop
  endfacet
  facet normal 0.956941 0.290283 8.0247e-20
    outer loop
      vertex -25.4769 44.3804 8
      vertex -25.7045 45.1307 0
      vertex -25.7045 45.1307 8
    endloop
  endfacet
  facet normal 0.956941 0.290283 8.0247e-20
    outer loop
      vertex -25.7045 45.1307 0
      vertex -25.4769 44.3804 8
      vertex -25.4769 44.3804 0
    endloop
  endfacet
  facet normal -0.956941 0.290283 -2.50166e-19
    outer loop
      vertex -33.3231 44.3804 0
      vertex -33.0955 45.1307 8
      vertex -33.0955 45.1307 0
    endloop
  endfacet
  facet normal -0.956941 0.290283 -2.50166e-19
    outer loop
      vertex -33.0955 45.1307 8
      vertex -33.3231 44.3804 0
      vertex -33.3231 44.3804 8
    endloop
  endfacet
  facet normal 0.772956 -0.634459 -3.93383e-18
    outer loop
      vertex -26.5716 40.7716 8
      vertex -26.0741 41.3777 0
      vertex -26.0741 41.3777 8
    endloop
  endfacet
  facet normal 0.772956 -0.634459 -3.93383e-18
    outer loop
      vertex -26.0741 41.3777 0
      vertex -26.5716 40.7716 8
      vertex -26.5716 40.7716 0
    endloop
  endfacet
  facet normal -0.956941 -0.290283 -9.25106e-19
    outer loop
      vertex -33.0955 42.0693 0
      vertex -33.3231 42.8196 8
      vertex -33.3231 42.8196 0
    endloop
  endfacet
  facet normal -0.956941 -0.290283 -9.25106e-19
    outer loop
      vertex -33.3231 42.8196 8
      vertex -33.0955 42.0693 0
      vertex -33.0955 42.0693 8
    endloop
  endfacet
  facet normal -0.634459 -0.772956 0
    outer loop
      vertex -32.2284 40.7716 0
      vertex -31.6223 40.2741 8
      vertex -32.2284 40.7716 8
    endloop
  endfacet
  facet normal -0.634459 -0.772956 -0
    outer loop
      vertex -31.6223 40.2741 8
      vertex -32.2284 40.7716 0
      vertex -31.6223 40.2741 0
    endloop
  endfacet
  facet normal 0.0980643 -0.99518 0
    outer loop
      vertex -29.4 39.6 0
      vertex -28.6196 39.6769 8
      vertex -29.4 39.6 8
    endloop
  endfacet
  facet normal 0.0980643 -0.99518 0
    outer loop
      vertex -28.6196 39.6769 8
      vertex -29.4 39.6 0
      vertex -28.6196 39.6769 0
    endloop
  endfacet
  facet normal -0.99518 -0.0980643 3.23114e-19
    outer loop
      vertex -33.3231 42.8196 0
      vertex -33.4 43.6 8
      vertex -33.4 43.6 0
    endloop
  endfacet
  facet normal -0.99518 -0.0980643 3.23114e-19
    outer loop
      vertex -33.4 43.6 8
      vertex -33.3231 42.8196 0
      vertex -33.3231 42.8196 8
    endloop
  endfacet
  facet normal -0.772956 -0.634459 -3.06053e-18
    outer loop
      vertex -32.2284 40.7716 0
      vertex -32.7259 41.3777 8
      vertex -32.7259 41.3777 0
    endloop
  endfacet
  facet normal -0.772956 -0.634459 -3.06053e-18
    outer loop
      vertex -32.7259 41.3777 8
      vertex -32.2284 40.7716 0
      vertex -32.2284 40.7716 8
    endloop
  endfacet
  facet normal -0.99518 0.0980643 -3.23114e-19
    outer loop
      vertex -33.4 43.6 0
      vertex -33.3231 44.3804 8
      vertex -33.3231 44.3804 0
    endloop
  endfacet
  facet normal -0.99518 0.0980643 -3.23114e-19
    outer loop
      vertex -33.3231 44.3804 8
      vertex -33.4 43.6 0
      vertex -33.4 43.6 8
    endloop
  endfacet
  facet normal 0.881957 0.471329 -9.19615e-19
    outer loop
      vertex -25.7045 45.1307 8
      vertex -26.0741 45.8223 0
      vertex -26.0741 45.8223 8
    endloop
  endfacet
  facet normal 0.881957 0.471329 -9.19615e-19
    outer loop
      vertex -26.0741 45.8223 0
      vertex -25.7045 45.1307 8
      vertex -25.7045 45.1307 0
    endloop
  endfacet
  facet normal 0.290283 0.956941 -0
    outer loop
      vertex -27.8693 47.2955 0
      vertex -28.6196 47.5231 8
      vertex -27.8693 47.2955 8
    endloop
  endfacet
  facet normal 0.290283 0.956941 0
    outer loop
      vertex -28.6196 47.5231 8
      vertex -27.8693 47.2955 0
      vertex -28.6196 47.5231 0
    endloop
  endfacet
  facet normal 0.471329 -0.881957 0
    outer loop
      vertex -27.8693 39.9045 0
      vertex -27.1777 40.2741 8
      vertex -27.8693 39.9045 8
    endloop
  endfacet
  facet normal 0.471329 -0.881957 0
    outer loop
      vertex -27.1777 40.2741 8
      vertex -27.8693 39.9045 0
      vertex -27.1777 40.2741 0
    endloop
  endfacet
  facet normal 0.634459 -0.772956 0
    outer loop
      vertex -27.1777 40.2741 0
      vertex -26.5716 40.7716 8
      vertex -27.1777 40.2741 8
    endloop
  endfacet
  facet normal 0.634459 -0.772956 0
    outer loop
      vertex -26.5716 40.7716 8
      vertex -27.1777 40.2741 0
      vertex -26.5716 40.7716 0
    endloop
  endfacet
  facet normal 0 0 1
    outer loop
      vertex -25.4769 44.3804 8
      vertex -25.4769 42.8196 8
      vertex -25.4 43.6 8
    endloop
  endfacet
  facet normal 0 0 1
    outer loop
      vertex -25.7045 45.1307 8
      vertex -25.4769 42.8196 8
      vertex -25.4769 44.3804 8
    endloop
  endfacet
  facet normal 0 0 1
    outer loop
      vertex -25.7045 45.1307 8
      vertex -25.7045 42.0693 8
      vertex -25.4769 42.8196 8
    endloop
  endfacet
  facet normal 0 0 1
    outer loop
      vertex -26.0741 45.8223 8
      vertex -25.7045 42.0693 8
      vertex -25.7045 45.1307 8
    endloop
  endfacet
  facet normal 0 0 1
    outer loop
      vertex -26.0741 45.8223 8
      vertex -26.0741 41.3777 8
      vertex -25.7045 42.0693 8
    endloop
  endfacet
  facet normal 0 0 1
    outer loop
      vertex -26.5716 46.4284 8
      vertex -26.0741 41.3777 8
      vertex -26.0741 45.8223 8
    endloop
  endfacet
  facet normal 0 0 1
    outer loop
      vertex -26.5716 46.4284 8
      vertex -26.5716 40.7716 8
      vertex -26.0741 41.3777 8
    endloop
  endfacet
  facet normal 0 0 1
    outer loop
      vertex -27.1777 46.9259 8
      vertex -26.5716 40.7716 8
      vertex -26.5716 46.4284 8
    endloop
  endfacet
  facet normal 0 0 1
    outer loop
      vertex -27.1777 46.9259 8
      vertex -27.1777 40.2741 8
      vertex -26.5716 40.7716 8
    endloop
  endfacet
  facet normal 0 0 1
    outer loop
      vertex -27.8693 47.2955 8
      vertex -27.1777 40.2741 8
      vertex -27.1777 46.9259 8
    endloop
  endfacet
  facet normal 0 0 1
    outer loop
      vertex -27.8693 47.2955 8
      vertex -27.8693 39.9045 8
      vertex -27.1777 40.2741 8
    endloop
  endfacet
  facet normal 0 0 1
    outer loop
      vertex -28.6196 47.5231 8
      vertex -27.8693 39.9045 8
      vertex -27.8693 47.2955 8
    endloop
  endfacet
  facet normal 0 0 1
    outer loop
      vertex -28.6196 47.5231 8
      vertex -28.6196 39.6769 8
      vertex -27.8693 39.9045 8
    endloop
  endfacet
  facet normal 0 0 1
    outer loop
      vertex -29.4 47.6 8
      vertex -28.6196 39.6769 8
      vertex -28.6196 47.5231 8
    endloop
  endfacet
  facet normal 0 0 1
    outer loop
      vertex -29.4 47.6 8
      vertex -29.4 39.6 8
      vertex -28.6196 39.6769 8
    endloop
  endfacet
  facet normal -0 0 1
    outer loop
      vertex -30.1804 47.5231 8
      vertex -29.4 39.6 8
      vertex -29.4 47.6 8
    endloop
  endfacet
  facet normal 0 0 1
    outer loop
      vertex -30.1804 47.5231 8
      vertex -30.1804 39.6769 8
      vertex -29.4 39.6 8
    endloop
  endfacet
  facet normal -0 0 1
    outer loop
      vertex -30.9307 47.2955 8
      vertex -30.1804 39.6769 8
      vertex -30.1804 47.5231 8
    endloop
  endfacet
  facet normal 0 0 1
    outer loop
      vertex -30.9307 47.2955 8
      vertex -30.9307 39.9045 8
      vertex -30.1804 39.6769 8
    endloop
  endfacet
  facet normal -0 0 1
    outer loop
      vertex -31.6223 46.9259 8
      vertex -30.9307 39.9045 8
      vertex -30.9307 47.2955 8
    endloop
  endfacet
  facet normal 0 0 1
    outer loop
      vertex -31.6223 46.9259 8
      vertex -31.6223 40.2741 8
      vertex -30.9307 39.9045 8
    endloop
  endfacet
  facet normal -0 0 1
    outer loop
      vertex -32.2284 46.4284 8
      vertex -31.6223 40.2741 8
      vertex -31.6223 46.9259 8
    endloop
  endfacet
  facet normal 0 0 1
    outer loop
      vertex -32.2284 46.4284 8
      vertex -32.2284 40.7716 8
      vertex -31.6223 40.2741 8
    endloop
  endfacet
  facet normal -0 0 1
    outer loop
      vertex -32.7259 45.8223 8
      vertex -32.2284 40.7716 8
      vertex -32.2284 46.4284 8
    endloop
  endfacet
  facet normal 0 0 1
    outer loop
      vertex -32.7259 45.8223 8
      vertex -32.7259 41.3777 8
      vertex -32.2284 40.7716 8
    endloop
  endfacet
  facet normal -0 0 1
    outer loop
      vertex -33.0955 45.1307 8
      vertex -32.7259 41.3777 8
      vertex -32.7259 45.8223 8
    endloop
  endfacet
  facet normal 0 0 1
    outer loop
      vertex -33.0955 45.1307 8
      vertex -33.0955 42.0693 8
      vertex -32.7259 41.3777 8
    endloop
  endfacet
  facet normal -0 0 1
    outer loop
      vertex -33.3231 44.3804 8
      vertex -33.0955 42.0693 8
      vertex -33.0955 45.1307 8
    endloop
  endfacet
  facet normal 0 0 1
    outer loop
      vertex -33.3231 44.3804 8
      vertex -33.3231 42.8196 8
      vertex -33.0955 42.0693 8
    endloop
  endfacet
  facet normal 0 -0 1
    outer loop
      vertex -33.3231 42.8196 8
      vertex -33.3231 44.3804 8
      vertex -33.4 43.6 8
    endloop
  endfacet
  facet normal -0.0980643 0.99518 0
    outer loop
      vertex -29.4 47.6 0
      vertex -30.1804 47.5231 8
      vertex -29.4 47.6 8
    endloop
  endfacet
  facet normal -0.0980643 0.99518 0
    outer loop
      vertex -30.1804 47.5231 8
      vertex -29.4 47.6 0
      vertex -30.1804 47.5231 0
    endloop
  endfacet
  facet normal -0.290283 -0.956941 0
    outer loop
      vertex -30.9307 39.9045 0
      vertex -30.1804 39.6769 8
      vertex -30.9307 39.9045 8
    endloop
  endfacet
  facet normal -0.290283 -0.956941 -0
    outer loop
      vertex -30.1804 39.6769 8
      vertex -30.9307 39.9045 0
      vertex -30.1804 39.6769 0
    endloop
  endfacet
  facet normal -0.881957 0.471329 -1.4023e-18
    outer loop
      vertex -33.0955 45.1307 0
      vertex -32.7259 45.8223 8
      vertex -32.7259 45.8223 0
    endloop
  endfacet
  facet normal -0.881957 0.471329 -1.4023e-18
    outer loop
      vertex -32.7259 45.8223 8
      vertex -33.0955 45.1307 0
      vertex -33.0955 45.1307 8
    endloop
  endfacet
  facet normal 0.881957 -0.471329 9.19615e-19
    outer loop
      vertex -26.0741 41.3777 8
      vertex -25.7045 42.0693 0
      vertex -25.7045 42.0693 8
    endloop
  endfacet
  facet normal 0.881957 -0.471329 9.19615e-19
    outer loop
      vertex -25.7045 42.0693 0
      vertex -26.0741 41.3777 8
      vertex -26.0741 41.3777 0
    endloop
  endfacet
  facet normal -0.881957 -0.471329 1.4023e-18
    outer loop
      vertex -32.7259 41.3777 0
      vertex -33.0955 42.0693 8
      vertex -33.0955 42.0693 0
    endloop
  endfacet
  facet normal -0.881957 -0.471329 1.4023e-18
    outer loop
      vertex -33.0955 42.0693 8
      vertex -32.7259 41.3777 0
      vertex -32.7259 41.3777 8
    endloop
  endfacet
  facet normal 0.634459 0.772956 -0
    outer loop
      vertex -26.5716 46.4284 0
      vertex -27.1777 46.9259 8
      vertex -26.5716 46.4284 8
    endloop
  endfacet
  facet normal 0.634459 0.772956 0
    outer loop
      vertex -27.1777 46.9259 8
      vertex -26.5716 46.4284 0
      vertex -27.1777 46.9259 0
    endloop
  endfacet
  facet normal -0.471329 0.881957 0
    outer loop
      vertex -30.9307 47.2955 0
      vertex -31.6223 46.9259 8
      vertex -30.9307 47.2955 8
    endloop
  endfacet
  facet normal -0.471329 0.881957 0
    outer loop
      vertex -31.6223 46.9259 8
      vertex -30.9307 47.2955 0
      vertex -31.6223 46.9259 0
    endloop
  endfacet
  facet normal 0.772956 0.634459 -2.08358e-18
    outer loop
      vertex -26.0741 45.8223 8
      vertex -26.5716 46.4284 0
      vertex -26.5716 46.4284 8
    endloop
  endfacet
  facet normal 0.772956 0.634459 -2.08358e-18
    outer loop
      vertex -26.5716 46.4284 0
      vertex -26.0741 45.8223 8
      vertex -26.0741 45.8223 0
    endloop
  endfacet
  facet normal -0.471329 -0.881957 0
    outer loop
      vertex -31.6223 40.2741 0
      vertex -30.9307 39.9045 8
      vertex -31.6223 40.2741 8
    endloop
  endfacet
  facet normal -0.471329 -0.881957 -0
    outer loop
      vertex -30.9307 39.9045 8
      vertex -31.6223 40.2741 0
      vertex -30.9307 39.9045 0
    endloop
  endfacet
  facet normal 0.956941 -0.290283 1.09503e-18
    outer loop
      vertex -25.7045 42.0693 8
      vertex -25.4769 42.8196 0
      vertex -25.4769 42.8196 8
    endloop
  endfacet
  facet normal 0.956941 -0.290283 1.09503e-18
    outer loop
      vertex -25.4769 42.8196 0
      vertex -25.7045 42.0693 8
      vertex -25.7045 42.0693 0
    endloop
  endfacet
  facet normal -0.634459 0.772956 0
    outer loop
      vertex -31.6223 46.9259 0
      vertex -32.2284 46.4284 8
      vertex -31.6223 46.9259 8
    endloop
  endfacet
  facet normal -0.634459 0.772956 0
    outer loop
      vertex -32.2284 46.4284 8
      vertex -31.6223 46.9259 0
      vertex -32.2284 46.4284 0
    endloop
  endfacet
  facet normal 0.99518 0.0980643 3.23114e-19
    outer loop
      vertex -25.4 43.6 8
      vertex -25.4769 44.3804 0
      vertex -25.4769 44.3804 8
    endloop
  endfacet
  facet normal 0.99518 0.0980643 3.23114e-19
    outer loop
      vertex -25.4769 44.3804 0
      vertex -25.4 43.6 8
      vertex -25.4 43.6 0
    endloop
  endfacet
  facet normal 0.0980643 0.99518 -0
    outer loop
      vertex -28.6196 47.5231 0
      vertex -29.4 47.6 8
      vertex -28.6196 47.5231 8
    endloop
  endfacet
  facet normal 0.0980643 0.99518 0
    outer loop
      vertex -29.4 47.6 8
      vertex -28.6196 47.5231 0
      vertex -29.4 47.6 0
    endloop
  endfacet
  facet normal 0.471329 0.881957 -0
    outer loop
      vertex -27.1777 46.9259 0
      vertex -27.8693 47.2955 8
      vertex -27.1777 46.9259 8
    endloop
  endfacet
  facet normal 0.471329 0.881957 0
    outer loop
      vertex -27.8693 47.2955 8
      vertex -27.1777 46.9259 0
      vertex -27.8693 47.2955 0
    endloop
  endfacet
  facet normal -0.0980643 -0.99518 0
    outer loop
      vertex -30.1804 39.6769 0
      vertex -29.4 39.6 8
      vertex -30.1804 39.6769 8
    endloop
  endfacet
  facet normal -0.0980643 -0.99518 -0
    outer loop
      vertex -29.4 39.6 8
      vertex -30.1804 39.6769 0
      vertex -29.4 39.6 0
    endloop
  endfacet
  facet normal 0.99518 -0.0980643 -3.23114e-19
    outer loop
      vertex 33.3231 42.8196 8
      vertex 33.4 43.6 0
      vertex 33.4 43.6 8
    endloop
  endfacet
  facet normal 0.99518 -0.0980643 -3.23114e-19
    outer loop
      vertex 33.4 43.6 0
      vertex 33.3231 42.8196 8
      vertex 33.3231 42.8196 0
    endloop
  endfacet
  facet normal -0.290283 0.956941 0
    outer loop
      vertex 28.6196 47.5231 0
      vertex 27.8693 47.2955 8
      vertex 28.6196 47.5231 8
    endloop
  endfacet
  facet normal -0.290283 0.956941 0
    outer loop
      vertex 27.8693 47.2955 8
      vertex 28.6196 47.5231 0
      vertex 27.8693 47.2955 0
    endloop
  endfacet
  facet normal -0.881957 -0.471329 -9.19615e-19
    outer loop
      vertex 26.0741 41.3777 0
      vertex 25.7045 42.0693 8
      vertex 25.7045 42.0693 0
    endloop
  endfacet
  facet normal -0.881957 -0.471329 -9.19615e-19
    outer loop
      vertex 25.7045 42.0693 8
      vertex 26.0741 41.3777 0
      vertex 26.0741 41.3777 8
    endloop
  endfacet
  facet normal -0.471329 -0.881957 0
    outer loop
      vertex 27.1777 40.2741 0
      vertex 27.8693 39.9045 8
      vertex 27.1777 40.2741 8
    endloop
  endfacet
  facet normal -0.471329 -0.881957 -0
    outer loop
      vertex 27.8693 39.9045 8
      vertex 27.1777 40.2741 0
      vertex 27.8693 39.9045 0
    endloop
  endfacet
  facet normal -0.956941 -0.290283 -1.09503e-18
    outer loop
      vertex 25.7045 42.0693 0
      vertex 25.4769 42.8196 8
      vertex 25.4769 42.8196 0
    endloop
  endfacet
  facet normal -0.956941 -0.290283 -1.09503e-18
    outer loop
      vertex 25.4769 42.8196 8
      vertex 25.7045 42.0693 0
      vertex 25.7045 42.0693 8
    endloop
  endfacet
  facet normal -0.772956 -0.634459 3.93383e-18
    outer loop
      vertex 26.5716 40.7716 0
      vertex 26.0741 41.3777 8
      vertex 26.0741 41.3777 0
    endloop
  endfacet
  facet normal -0.772956 -0.634459 3.93383e-18
    outer loop
      vertex 26.0741 41.3777 8
      vertex 26.5716 40.7716 0
      vertex 26.5716 40.7716 8
    endloop
  endfacet
  facet normal 0.290283 -0.956941 0
    outer loop
      vertex 30.1804 39.6769 0
      vertex 30.9307 39.9045 8
      vertex 30.1804 39.6769 8
    endloop
  endfacet
  facet normal 0.290283 -0.956941 0
    outer loop
      vertex 30.9307 39.9045 8
      vertex 30.1804 39.6769 0
      vertex 30.9307 39.9045 0
    endloop
  endfacet
  facet normal -0.290283 -0.956941 0
    outer loop
      vertex 27.8693 39.9045 0
      vertex 28.6196 39.6769 8
      vertex 27.8693 39.9045 8
    endloop
  endfacet
  facet normal -0.290283 -0.956941 -0
    outer loop
      vertex 28.6196 39.6769 8
      vertex 27.8693 39.9045 0
      vertex 28.6196 39.6769 0
    endloop
  endfacet
  facet normal -0.956941 0.290283 -8.0247e-20
    outer loop
      vertex 25.4769 44.3804 0
      vertex 25.7045 45.1307 8
      vertex 25.7045 45.1307 0
    endloop
  endfacet
  facet normal -0.956941 0.290283 -8.0247e-20
    outer loop
      vertex 25.7045 45.1307 8
      vertex 25.4769 44.3804 0
      vertex 25.4769 44.3804 8
    endloop
  endfacet
  facet normal -0.634459 0.772956 0
    outer loop
      vertex 27.1777 46.9259 0
      vertex 26.5716 46.4284 8
      vertex 27.1777 46.9259 8
    endloop
  endfacet
  facet normal -0.634459 0.772956 0
    outer loop
      vertex 26.5716 46.4284 8
      vertex 27.1777 46.9259 0
      vertex 26.5716 46.4284 0
    endloop
  endfacet
  facet normal 0.471329 0.881957 -0
    outer loop
      vertex 31.6223 46.9259 0
      vertex 30.9307 47.2955 8
      vertex 31.6223 46.9259 8
    endloop
  endfacet
  facet normal 0.471329 0.881957 0
    outer loop
      vertex 30.9307 47.2955 8
      vertex 31.6223 46.9259 0
      vertex 30.9307 47.2955 0
    endloop
  endfacet
  facet normal 0.290283 0.956941 -0
    outer loop
      vertex 30.9307 47.2955 0
      vertex 30.1804 47.5231 8
      vertex 30.9307 47.2955 8
    endloop
  endfacet
  facet normal 0.290283 0.956941 0
    outer loop
      vertex 30.1804 47.5231 8
      vertex 30.9307 47.2955 0
      vertex 30.1804 47.5231 0
    endloop
  endfacet
  facet normal -0.99518 -0.0980643 3.23114e-19
    outer loop
      vertex 25.4769 42.8196 0
      vertex 25.4 43.6 8
      vertex 25.4 43.6 0
    endloop
  endfacet
  facet normal -0.99518 -0.0980643 3.23114e-19
    outer loop
      vertex 25.4 43.6 8
      vertex 25.4769 42.8196 0
      vertex 25.4769 42.8196 8
    endloop
  endfacet
  facet normal 0.634459 -0.772956 0
    outer loop
      vertex 31.6223 40.2741 0
      vertex 32.2284 40.7716 8
      vertex 31.6223 40.2741 8
    endloop
  endfacet
  facet normal 0.634459 -0.772956 0
    outer loop
      vertex 32.2284 40.7716 8
      vertex 31.6223 40.2741 0
      vertex 32.2284 40.7716 0
    endloop
  endfacet
  facet normal -0.99518 0.0980643 -3.23114e-19
    outer loop
      vertex 25.4 43.6 0
      vertex 25.4769 44.3804 8
      vertex 25.4769 44.3804 0
    endloop
  endfacet
  facet normal -0.99518 0.0980643 -3.23114e-19
    outer loop
      vertex 25.4769 44.3804 8
      vertex 25.4 43.6 0
      vertex 25.4 43.6 8
    endloop
  endfacet
  facet normal 0.772956 -0.634459 3.06053e-18
    outer loop
      vertex 32.2284 40.7716 8
      vertex 32.7259 41.3777 0
      vertex 32.7259 41.3777 8
    endloop
  endfacet
  facet normal 0.772956 -0.634459 3.06053e-18
    outer loop
      vertex 32.7259 41.3777 0
      vertex 32.2284 40.7716 8
      vertex 32.2284 40.7716 0
    endloop
  endfacet
  facet normal -0.634459 -0.772956 0
    outer loop
      vertex 26.5716 40.7716 0
      vertex 27.1777 40.2741 8
      vertex 26.5716 40.7716 8
    endloop
  endfacet
  facet normal -0.634459 -0.772956 -0
    outer loop
      vertex 27.1777 40.2741 8
      vertex 26.5716 40.7716 0
      vertex 27.1777 40.2741 0
    endloop
  endfacet
  facet normal -0.471329 0.881957 0
    outer loop
      vertex 27.8693 47.2955 0
      vertex 27.1777 46.9259 8
      vertex 27.8693 47.2955 8
    endloop
  endfacet
  facet normal -0.471329 0.881957 0
    outer loop
      vertex 27.1777 46.9259 8
      vertex 27.8693 47.2955 0
      vertex 27.1777 46.9259 0
    endloop
  endfacet
  facet normal -0.0980643 -0.99518 0
    outer loop
      vertex 28.6196 39.6769 0
      vertex 29.4 39.6 8
      vertex 28.6196 39.6769 8
    endloop
  endfacet
  facet normal -0.0980643 -0.99518 -0
    outer loop
      vertex 29.4 39.6 8
      vertex 28.6196 39.6769 0
      vertex 29.4 39.6 0
    endloop
  endfacet
  facet normal -0.881957 0.471329 9.19615e-19
    outer loop
      vertex 25.7045 45.1307 0
      vertex 26.0741 45.8223 8
      vertex 26.0741 45.8223 0
    endloop
  endfacet
  facet normal -0.881957 0.471329 9.19615e-19
    outer loop
      vertex 26.0741 45.8223 8
      vertex 25.7045 45.1307 0
      vertex 25.7045 45.1307 8
    endloop
  endfacet
  facet normal 0.772956 0.634459 -2.28803e-19
    outer loop
      vertex 32.7259 45.8223 8
      vertex 32.2284 46.4284 0
      vertex 32.2284 46.4284 8
    endloop
  endfacet
  facet normal 0.772956 0.634459 -2.28803e-19
    outer loop
      vertex 32.2284 46.4284 0
      vertex 32.7259 45.8223 8
      vertex 32.7259 45.8223 0
    endloop
  endfacet
  facet normal -0.0980643 0.99518 0
    outer loop
      vertex 29.4 47.6 0
      vertex 28.6196 47.5231 8
      vertex 29.4 47.6 8
    endloop
  endfacet
  facet normal -0.0980643 0.99518 0
    outer loop
      vertex 28.6196 47.5231 8
      vertex 29.4 47.6 0
      vertex 28.6196 47.5231 0
    endloop
  endfacet
  facet normal 0.881957 -0.471329 -1.4023e-18
    outer loop
      vertex 32.7259 41.3777 8
      vertex 33.0955 42.0693 0
      vertex 33.0955 42.0693 8
    endloop
  endfacet
  facet normal 0.881957 -0.471329 -1.4023e-18
    outer loop
      vertex 33.0955 42.0693 0
      vertex 32.7259 41.3777 8
      vertex 32.7259 41.3777 0
    endloop
  endfacet
  facet normal 0.956941 0.290283 2.50166e-19
    outer loop
      vertex 33.3231 44.3804 8
      vertex 33.0955 45.1307 0
      vertex 33.0955 45.1307 8
    endloop
  endfacet
  facet normal 0.956941 0.290283 2.50166e-19
    outer loop
      vertex 33.0955 45.1307 0
      vertex 33.3231 44.3804 8
      vertex 33.3231 44.3804 0
    endloop
  endfacet
  facet normal 0.0980643 0.99518 -0
    outer loop
      vertex 30.1804 47.5231 0
      vertex 29.4 47.6 8
      vertex 30.1804 47.5231 8
    endloop
  endfacet
  facet normal 0.0980643 0.99518 0
    outer loop
      vertex 29.4 47.6 8
      vertex 30.1804 47.5231 0
      vertex 29.4 47.6 0
    endloop
  endfacet
  facet normal -0.772956 0.634459 2.08358e-18
    outer loop
      vertex 26.0741 45.8223 0
      vertex 26.5716 46.4284 8
      vertex 26.5716 46.4284 0
    endloop
  endfacet
  facet normal -0.772956 0.634459 2.08358e-18
    outer loop
      vertex 26.5716 46.4284 8
      vertex 26.0741 45.8223 0
      vertex 26.0741 45.8223 8
    endloop
  endfacet
  facet normal 0.471329 -0.881957 0
    outer loop
      vertex 30.9307 39.9045 0
      vertex 31.6223 40.2741 8
      vertex 30.9307 39.9045 8
    endloop
  endfacet
  facet normal 0.471329 -0.881957 0
    outer loop
      vertex 31.6223 40.2741 8
      vertex 30.9307 39.9045 0
      vertex 31.6223 40.2741 0
    endloop
  endfacet
  facet normal 0.956941 -0.290283 9.25106e-19
    outer loop
      vertex 33.0955 42.0693 8
      vertex 33.3231 42.8196 0
      vertex 33.3231 42.8196 8
    endloop
  endfacet
  facet normal 0.956941 -0.290283 9.25106e-19
    outer loop
      vertex 33.3231 42.8196 0
      vertex 33.0955 42.0693 8
      vertex 33.0955 42.0693 0
    endloop
  endfacet
  facet normal 0 0 1
    outer loop
      vertex 33.3231 44.3804 8
      vertex 33.3231 42.8196 8
      vertex 33.4 43.6 8
    endloop
  endfacet
  facet normal 0 0 1
    outer loop
      vertex 33.0955 45.1307 8
      vertex 33.3231 42.8196 8
      vertex 33.3231 44.3804 8
    endloop
  endfacet
  facet normal 0 0 1
    outer loop
      vertex 33.0955 45.1307 8
      vertex 33.0955 42.0693 8
      vertex 33.3231 42.8196 8
    endloop
  endfacet
  facet normal 0 0 1
    outer loop
      vertex 32.7259 45.8223 8
      vertex 33.0955 42.0693 8
      vertex 33.0955 45.1307 8
    endloop
  endfacet
  facet normal 0 0 1
    outer loop
      vertex 32.7259 45.8223 8
      vertex 32.7259 41.3777 8
      vertex 33.0955 42.0693 8
    endloop
  endfacet
  facet normal 0 0 1
    outer loop
      vertex 32.2284 46.4284 8
      vertex 32.7259 41.3777 8
      vertex 32.7259 45.8223 8
    endloop
  endfacet
  facet normal 0 0 1
    outer loop
      vertex 32.2284 46.4284 8
      vertex 32.2284 40.7716 8
      vertex 32.7259 41.3777 8
    endloop
  endfacet
  facet normal 0 0 1
    outer loop
      vertex 31.6223 46.9259 8
      vertex 32.2284 40.7716 8
      vertex 32.2284 46.4284 8
    endloop
  endfacet
  facet normal 0 0 1
    outer loop
      vertex 31.6223 46.9259 8
      vertex 31.6223 40.2741 8
      vertex 32.2284 40.7716 8
    endloop
  endfacet
  facet normal 0 0 1
    outer loop
      vertex 30.9307 47.2955 8
      vertex 31.6223 40.2741 8
      vertex 31.6223 46.9259 8
    endloop
  endfacet
  facet normal 0 0 1
    outer loop
      vertex 30.9307 47.2955 8
      vertex 30.9307 39.9045 8
      vertex 31.6223 40.2741 8
    endloop
  endfacet
  facet normal 0 0 1
    outer loop
      vertex 30.1804 47.5231 8
      vertex 30.9307 39.9045 8
      vertex 30.9307 47.2955 8
    endloop
  endfacet
  facet normal 0 0 1
    outer loop
      vertex 30.1804 47.5231 8
      vertex 30.1804 39.6769 8
      vertex 30.9307 39.9045 8
    endloop
  endfacet
  facet normal 0 0 1
    outer loop
      vertex 29.4 47.6 8
      vertex 30.1804 39.6769 8
      vertex 30.1804 47.5231 8
    endloop
  endfacet
  facet normal 0 0 1
    outer loop
      vertex 29.4 47.6 8
      vertex 29.4 39.6 8
      vertex 30.1804 39.6769 8
    endloop
  endfacet
  facet normal -0 0 1
    outer loop
      vertex 28.6196 47.5231 8
      vertex 29.4 39.6 8
      vertex 29.4 47.6 8
    endloop
  endfacet
  facet normal 0 0 1
    outer loop
      vertex 28.6196 47.5231 8
      vertex 28.6196 39.6769 8
      vertex 29.4 39.6 8
    endloop
  endfacet
  facet normal -0 0 1
    outer loop
      vertex 27.8693 47.2955 8
      vertex 28.6196 39.6769 8
      vertex 28.6196 47.5231 8
    endloop
  endfacet
  facet normal 0 0 1
    outer loop
      vertex 27.8693 47.2955 8
      vertex 27.8693 39.9045 8
      vertex 28.6196 39.6769 8
    endloop
  endfacet
  facet normal -0 0 1
    outer loop
      vertex 27.1777 46.9259 8
      vertex 27.8693 39.9045 8
      vertex 27.8693 47.2955 8
    endloop
  endfacet
  facet normal 0 0 1
    outer loop
      vertex 27.1777 46.9259 8
      vertex 27.1777 40.2741 8
      vertex 27.8693 39.9045 8
    endloop
  endfacet
  facet normal -0 0 1
    outer loop
      vertex 26.5716 46.4284 8
      vertex 27.1777 40.2741 8
      vertex 27.1777 46.9259 8
    endloop
  endfacet
  facet normal 0 0 1
    outer loop
      vertex 26.5716 46.4284 8
      vertex 26.5716 40.7716 8
      vertex 27.1777 40.2741 8
    endloop
  endfacet
  facet normal -0 0 1
    outer loop
      vertex 26.0741 45.8223 8
      vertex 26.5716 40.7716 8
      vertex 26.5716 46.4284 8
    endloop
  endfacet
  facet normal 0 0 1
    outer loop
      vertex 26.0741 45.8223 8
      vertex 26.0741 41.3777 8
      vertex 26.5716 40.7716 8
    endloop
  endfacet
  facet normal -0 0 1
    outer loop
      vertex 25.7045 45.1307 8
      vertex 26.0741 41.3777 8
      vertex 26.0741 45.8223 8
    endloop
  endfacet
  facet normal 0 0 1
    outer loop
      vertex 25.7045 45.1307 8
      vertex 25.7045 42.0693 8
      vertex 26.0741 41.3777 8
    endloop
  endfacet
  facet normal -0 0 1
    outer loop
      vertex 25.4769 44.3804 8
      vertex 25.7045 42.0693 8
      vertex 25.7045 45.1307 8
    endloop
  endfacet
  facet normal 0 0 1
    outer loop
      vertex 25.4769 44.3804 8
      vertex 25.4769 42.8196 8
      vertex 25.7045 42.0693 8
    endloop
  endfacet
  facet normal 0 -0 1
    outer loop
      vertex 25.4769 42.8196 8
      vertex 25.4769 44.3804 8
      vertex 25.4 43.6 8
    endloop
  endfacet
  facet normal 0.881957 0.471329 1.4023e-18
    outer loop
      vertex 33.0955 45.1307 8
      vertex 32.7259 45.8223 0
      vertex 32.7259 45.8223 8
    endloop
  endfacet
  facet normal 0.881957 0.471329 1.4023e-18
    outer loop
      vertex 32.7259 45.8223 0
      vertex 33.0955 45.1307 8
      vertex 33.0955 45.1307 0
    endloop
  endfacet
  facet normal 0.0980643 -0.99518 0
    outer loop
      vertex 29.4 39.6 0
      vertex 30.1804 39.6769 8
      vertex 29.4 39.6 8
    endloop
  endfacet
  facet normal 0.0980643 -0.99518 0
    outer loop
      vertex 30.1804 39.6769 8
      vertex 29.4 39.6 0
      vertex 30.1804 39.6769 0
    endloop
  endfacet
  facet normal 0.99518 0.0980643 3.23114e-19
    outer loop
      vertex 33.4 43.6 8
      vertex 33.3231 44.3804 0
      vertex 33.3231 44.3804 8
    endloop
  endfacet
  facet normal 0.99518 0.0980643 3.23114e-19
    outer loop
      vertex 33.3231 44.3804 0
      vertex 33.4 43.6 8
      vertex 33.4 43.6 0
    endloop
  endfacet
  facet normal 0.634459 0.772956 -0
    outer loop
      vertex 32.2284 46.4284 0
      vertex 31.6223 46.9259 8
      vertex 32.2284 46.4284 8
    endloop
  endfacet
  facet normal 0.634459 0.772956 0
    outer loop
      vertex 31.6223 46.9259 8
      vertex 32.2284 46.4284 0
      vertex 31.6223 46.9259 0
    endloop
  endfacet
  facet normal 0.995175 -0.0981141 -4.43434e-19
    outer loop
      vertex 33.3231 110.62 8
      vertex 33.4 111.4 0
      vertex 33.4 111.4 8
    endloop
  endfacet
  facet normal 0.995175 -0.0981141 -4.43434e-19
    outer loop
      vertex 33.4 111.4 0
      vertex 33.3231 110.62 8
      vertex 33.3231 110.62 0
    endloop
  endfacet
  facet normal -0.289582 0.957153 0
    outer loop
      vertex 28.6196 115.323 0
      vertex 27.8693 115.096 8
      vertex 28.6196 115.323 8
    endloop
  endfacet
  facet normal -0.289582 0.957153 0
    outer loop
      vertex 27.8693 115.096 8
      vertex 28.6196 115.323 0
      vertex 27.8693 115.096 0
    endloop
  endfacet
  facet normal -0.881787 -0.471648 2.9336e-18
    outer loop
      vertex 26.0741 109.178 0
      vertex 25.7045 109.869 8
      vertex 25.7045 109.869 0
    endloop
  endfacet
  facet normal -0.881787 -0.471648 2.9336e-18
    outer loop
      vertex 25.7045 109.869 8
      vertex 26.0741 109.178 0
      vertex 26.0741 109.178 8
    endloop
  endfacet
  facet normal -0.471726 -0.881745 0
    outer loop
      vertex 27.1777 108.074 0
      vertex 27.8693 107.704 8
      vertex 27.1777 108.074 8
    endloop
  endfacet
  facet normal -0.471726 -0.881745 -0
    outer loop
      vertex 27.8693 107.704 8
      vertex 27.1777 108.074 0
      vertex 27.8693 107.704 0
    endloop
  endfacet
  facet normal -0.957016 -0.290036 -1.39039e-18
    outer loop
      vertex 25.7045 109.869 0
      vertex 25.4769 110.62 8
      vertex 25.4769 110.62 0
    endloop
  endfacet
  facet normal -0.957016 -0.290036 -1.39039e-18
    outer loop
      vertex 25.4769 110.62 8
      vertex 25.7045 109.869 0
      vertex 25.7045 109.869 8
    endloop
  endfacet
  facet normal -0.772905 -0.634522 -6.88177e-19
    outer loop
      vertex 26.5716 108.572 0
      vertex 26.0741 109.178 8
      vertex 26.0741 109.178 0
    endloop
  endfacet
  facet normal -0.772905 -0.634522 -6.88177e-19
    outer loop
      vertex 26.0741 109.178 8
      vertex 26.5716 108.572 0
      vertex 26.5716 108.572 8
    endloop
  endfacet
  facet normal 0.289582 -0.957153 0
    outer loop
      vertex 30.1804 107.477 0
      vertex 30.9307 107.704 8
      vertex 30.1804 107.477 8
    endloop
  endfacet
  facet normal 0.289582 -0.957153 0
    outer loop
      vertex 30.9307 107.704 8
      vertex 30.1804 107.477 0
      vertex 30.9307 107.704 0
    endloop
  endfacet
  facet normal -0.289582 -0.957153 0
    outer loop
      vertex 27.8693 107.704 0
      vertex 28.6196 107.477 8
      vertex 27.8693 107.704 8
    endloop
  endfacet
  facet normal -0.289582 -0.957153 -0
    outer loop
      vertex 28.6196 107.477 8
      vertex 27.8693 107.704 0
      vertex 28.6196 107.477 0
    endloop
  endfacet
  facet normal -0.957016 0.290036 -9.58147e-19
    outer loop
      vertex 25.4769 112.18 0
      vertex 25.7045 112.931 8
      vertex 25.7045 112.931 0
    endloop
  endfacet
  facet normal -0.957016 0.290036 -9.58147e-19
    outer loop
      vertex 25.7045 112.931 8
      vertex 25.4769 112.18 0
      vertex 25.4769 112.18 8
    endloop
  endfacet
  facet normal -0.63484 0.772644 0
    outer loop
      vertex 27.1777 114.726 0
      vertex 26.5716 114.228 8
      vertex 27.1777 114.726 8
    endloop
  endfacet
  facet normal -0.63484 0.772644 0
    outer loop
      vertex 26.5716 114.228 8
      vertex 27.1777 114.726 0
      vertex 26.5716 114.228 0
    endloop
  endfacet
  facet normal 0.471726 0.881745 -0
    outer loop
      vertex 31.6223 114.726 0
      vertex 30.9307 115.096 8
      vertex 31.6223 114.726 8
    endloop
  endfacet
  facet normal 0.471726 0.881745 0
    outer loop
      vertex 30.9307 115.096 8
      vertex 31.6223 114.726 0
      vertex 30.9307 115.096 0
    endloop
  endfacet
  facet normal 0.289582 0.957153 -0
    outer loop
      vertex 30.9307 115.096 0
      vertex 30.1804 115.323 8
      vertex 30.9307 115.096 8
    endloop
  endfacet
  facet normal 0.289582 0.957153 0
    outer loop
      vertex 30.1804 115.323 8
      vertex 30.9307 115.096 0
      vertex 30.1804 115.323 0
    endloop
  endfacet
  facet normal -0.995175 -0.0981141 4.43434e-19
    outer loop
      vertex 25.4769 110.62 0
      vertex 25.4 111.4 8
      vertex 25.4 111.4 0
    endloop
  endfacet
  facet normal -0.995175 -0.0981141 4.43434e-19
    outer loop
      vertex 25.4 111.4 8
      vertex 25.4769 110.62 0
      vertex 25.4769 110.62 8
    endloop
  endfacet
  facet normal 0.63484 -0.772644 0
    outer loop
      vertex 31.6223 108.074 0
      vertex 32.2284 108.572 8
      vertex 31.6223 108.074 8
    endloop
  endfacet
  facet normal 0.63484 -0.772644 0
    outer loop
      vertex 32.2284 108.572 8
      vertex 31.6223 108.074 0
      vertex 32.2284 108.572 0
    endloop
  endfacet
  facet normal -0.995175 0.0981141 -4.43434e-19
    outer loop
      vertex 25.4 111.4 0
      vertex 25.4769 112.18 8
      vertex 25.4769 112.18 0
    endloop
  endfacet
  facet normal -0.995175 0.0981141 -4.43434e-19
    outer loop
      vertex 25.4769 112.18 8
      vertex 25.4 111.4 0
      vertex 25.4 111.4 8
    endloop
  endfacet
  facet normal 0.772905 -0.634522 -1.22343e-18
    outer loop
      vertex 32.2284 108.572 8
      vertex 32.7259 109.178 0
      vertex 32.7259 109.178 8
    endloop
  endfacet
  facet normal 0.772905 -0.634522 -1.22343e-18
    outer loop
      vertex 32.7259 109.178 0
      vertex 32.2284 108.572 8
      vertex 32.2284 108.572 0
    endloop
  endfacet
  facet normal -0.471726 0.881745 0
    outer loop
      vertex 27.8693 115.096 0
      vertex 27.1777 114.726 8
      vertex 27.8693 115.096 8
    endloop
  endfacet
  facet normal -0.471726 0.881745 0
    outer loop
      vertex 27.1777 114.726 8
      vertex 27.8693 115.096 0
      vertex 27.1777 114.726 0
    endloop
  endfacet
  facet normal -0.63484 -0.772644 0
    outer loop
      vertex 26.5716 108.572 0
      vertex 27.1777 108.074 8
      vertex 26.5716 108.572 8
    endloop
  endfacet
  facet normal -0.63484 -0.772644 -0
    outer loop
      vertex 27.1777 108.074 8
      vertex 26.5716 108.572 0
      vertex 27.1777 108.074 0
    endloop
  endfacet
  facet normal -0.0981906 -0.995168 0
    outer loop
      vertex 28.6196 107.477 0
      vertex 29.4 107.4 8
      vertex 28.6196 107.477 8
    endloop
  endfacet
  facet normal -0.0981906 -0.995168 -0
    outer loop
      vertex 29.4 107.4 8
      vertex 28.6196 107.477 0
      vertex 29.4 107.4 0
    endloop
  endfacet
  facet normal -0.881787 0.471648 -2.9336e-18
    outer loop
      vertex 25.7045 112.931 0
      vertex 26.0741 113.622 8
      vertex 26.0741 113.622 0
    endloop
  endfacet
  facet normal -0.881787 0.471648 -2.9336e-18
    outer loop
      vertex 26.0741 113.622 8
      vertex 25.7045 112.931 0
      vertex 25.7045 112.931 8
    endloop
  endfacet
  facet normal 0.772905 0.634522 1.22343e-18
    outer loop
      vertex 32.7259 113.622 8
      vertex 32.2284 114.228 0
      vertex 32.2284 114.228 8
    endloop
  endfacet
  facet normal 0.772905 0.634522 1.22343e-18
    outer loop
      vertex 32.2284 114.228 0
      vertex 32.7259 113.622 8
      vertex 32.7259 113.622 0
    endloop
  endfacet
  facet normal -0.0981906 0.995168 0
    outer loop
      vertex 29.4 115.4 0
      vertex 28.6196 115.323 8
      vertex 29.4 115.4 8
    endloop
  endfacet
  facet normal -0.0981906 0.995168 0
    outer loop
      vertex 28.6196 115.323 8
      vertex 29.4 115.4 0
      vertex 28.6196 115.323 0
    endloop
  endfacet
  facet normal 0.881787 -0.471648 3.93768e-18
    outer loop
      vertex 32.7259 109.178 8
      vertex 33.0955 109.869 0
      vertex 33.0955 109.869 8
    endloop
  endfacet
  facet normal 0.881787 -0.471648 3.93768e-18
    outer loop
      vertex 33.0955 109.869 0
      vertex 32.7259 109.178 8
      vertex 32.7259 109.178 0
    endloop
  endfacet
  facet normal 0.957016 0.290036 1.52406e-18
    outer loop
      vertex 33.3231 112.18 8
      vertex 33.0955 112.931 0
      vertex 33.0955 112.931 8
    endloop
  endfacet
  facet normal 0.957016 0.290036 1.52406e-18
    outer loop
      vertex 33.0955 112.931 0
      vertex 33.3231 112.18 8
      vertex 33.3231 112.18 0
    endloop
  endfacet
  facet normal 0.0981906 0.995168 -0
    outer loop
      vertex 30.1804 115.323 0
      vertex 29.4 115.4 8
      vertex 30.1804 115.323 8
    endloop
  endfacet
  facet normal 0.0981906 0.995168 0
    outer loop
      vertex 29.4 115.4 8
      vertex 30.1804 115.323 0
      vertex 29.4 115.4 0
    endloop
  endfacet
  facet normal -0.772905 0.634522 6.88177e-19
    outer loop
      vertex 26.0741 113.622 0
      vertex 26.5716 114.228 8
      vertex 26.5716 114.228 0
    endloop
  endfacet
  facet normal -0.772905 0.634522 6.88177e-19
    outer loop
      vertex 26.5716 114.228 8
      vertex 26.0741 113.622 0
      vertex 26.0741 113.622 8
    endloop
  endfacet
  facet normal 0.471726 -0.881745 0
    outer loop
      vertex 30.9307 107.704 0
      vertex 31.6223 108.074 8
      vertex 30.9307 107.704 8
    endloop
  endfacet
  facet normal 0.471726 -0.881745 0
    outer loop
      vertex 31.6223 108.074 8
      vertex 30.9307 107.704 0
      vertex 31.6223 108.074 0
    endloop
  endfacet
  facet normal 0.957016 -0.290036 8.24478e-19
    outer loop
      vertex 33.0955 109.869 8
      vertex 33.3231 110.62 0
      vertex 33.3231 110.62 8
    endloop
  endfacet
  facet normal 0.957016 -0.290036 8.24478e-19
    outer loop
      vertex 33.3231 110.62 0
      vertex 33.0955 109.869 8
      vertex 33.0955 109.869 0
    endloop
  endfacet
  facet normal 0 0 1
    outer loop
      vertex 33.3231 112.18 8
      vertex 33.3231 110.62 8
      vertex 33.4 111.4 8
    endloop
  endfacet
  facet normal 0 0 1
    outer loop
      vertex 33.0955 112.931 8
      vertex 33.3231 110.62 8
      vertex 33.3231 112.18 8
    endloop
  endfacet
  facet normal 0 0 1
    outer loop
      vertex 33.0955 112.931 8
      vertex 33.0955 109.869 8
      vertex 33.3231 110.62 8
    endloop
  endfacet
  facet normal 0 0 1
    outer loop
      vertex 32.7259 113.622 8
      vertex 33.0955 109.869 8
      vertex 33.0955 112.931 8
    endloop
  endfacet
  facet normal 0 0 1
    outer loop
      vertex 32.7259 113.622 8
      vertex 32.7259 109.178 8
      vertex 33.0955 109.869 8
    endloop
  endfacet
  facet normal 0 0 1
    outer loop
      vertex 32.2284 114.228 8
      vertex 32.7259 109.178 8
      vertex 32.7259 113.622 8
    endloop
  endfacet
  facet normal 0 0 1
    outer loop
      vertex 32.2284 114.228 8
      vertex 32.2284 108.572 8
      vertex 32.7259 109.178 8
    endloop
  endfacet
  facet normal 0 0 1
    outer loop
      vertex 31.6223 114.726 8
      vertex 32.2284 108.572 8
      vertex 32.2284 114.228 8
    endloop
  endfacet
  facet normal 0 0 1
    outer loop
      vertex 31.6223 114.726 8
      vertex 31.6223 108.074 8
      vertex 32.2284 108.572 8
    endloop
  endfacet
  facet normal 0 0 1
    outer loop
      vertex 30.9307 115.096 8
      vertex 31.6223 108.074 8
      vertex 31.6223 114.726 8
    endloop
  endfacet
  facet normal 0 0 1
    outer loop
      vertex 30.9307 115.096 8
      vertex 30.9307 107.704 8
      vertex 31.6223 108.074 8
    endloop
  endfacet
  facet normal 0 0 1
    outer loop
      vertex 30.1804 115.323 8
      vertex 30.9307 107.704 8
      vertex 30.9307 115.096 8
    endloop
  endfacet
  facet normal 0 0 1
    outer loop
      vertex 30.1804 115.323 8
      vertex 30.1804 107.477 8
      vertex 30.9307 107.704 8
    endloop
  endfacet
  facet normal 0 0 1
    outer loop
      vertex 29.4 115.4 8
      vertex 30.1804 107.477 8
      vertex 30.1804 115.323 8
    endloop
  endfacet
  facet normal 0 0 1
    outer loop
      vertex 29.4 115.4 8
      vertex 29.4 107.4 8
      vertex 30.1804 107.477 8
    endloop
  endfacet
  facet normal -0 0 1
    outer loop
      vertex 28.6196 115.323 8
      vertex 29.4 107.4 8
      vertex 29.4 115.4 8
    endloop
  endfacet
  facet normal 0 0 1
    outer loop
      vertex 28.6196 115.323 8
      vertex 28.6196 107.477 8
      vertex 29.4 107.4 8
    endloop
  endfacet
  facet normal -0 0 1
    outer loop
      vertex 27.8693 115.096 8
      vertex 28.6196 107.477 8
      vertex 28.6196 115.323 8
    endloop
  endfacet
  facet normal 0 0 1
    outer loop
      vertex 27.8693 115.096 8
      vertex 27.8693 107.704 8
      vertex 28.6196 107.477 8
    endloop
  endfacet
  facet normal -0 0 1
    outer loop
      vertex 27.1777 114.726 8
      vertex 27.8693 107.704 8
      vertex 27.8693 115.096 8
    endloop
  endfacet
  facet normal 0 0 1
    outer loop
      vertex 27.1777 114.726 8
      vertex 27.1777 108.074 8
      vertex 27.8693 107.704 8
    endloop
  endfacet
  facet normal -0 0 1
    outer loop
      vertex 26.5716 114.228 8
      vertex 27.1777 108.074 8
      vertex 27.1777 114.726 8
    endloop
  endfacet
  facet normal 0 0 1
    outer loop
      vertex 26.5716 114.228 8
      vertex 26.5716 108.572 8
      vertex 27.1777 108.074 8
    endloop
  endfacet
  facet normal -0 0 1
    outer loop
      vertex 26.0741 113.622 8
      vertex 26.5716 108.572 8
      vertex 26.5716 114.228 8
    endloop
  endfacet
  facet normal 0 0 1
    outer loop
      vertex 26.0741 113.622 8
      vertex 26.0741 109.178 8
      vertex 26.5716 108.572 8
    endloop
  endfacet
  facet normal -0 0 1
    outer loop
      vertex 25.7045 112.931 8
      vertex 26.0741 109.178 8
      vertex 26.0741 113.622 8
    endloop
  endfacet
  facet normal 0 0 1
    outer loop
      vertex 25.7045 112.931 8
      vertex 25.7045 109.869 8
      vertex 26.0741 109.178 8
    endloop
  endfacet
  facet normal -0 0 1
    outer loop
      vertex 25.4769 112.18 8
      vertex 25.7045 109.869 8
      vertex 25.7045 112.931 8
    endloop
  endfacet
  facet normal 0 0 1
    outer loop
      vertex 25.4769 112.18 8
      vertex 25.4769 110.62 8
      vertex 25.7045 109.869 8
    endloop
  endfacet
  facet normal 0 -0 1
    outer loop
      vertex 25.4769 110.62 8
      vertex 25.4769 112.18 8
      vertex 25.4 111.4 8
    endloop
  endfacet
  facet normal 0.881787 0.471648 -3.93768e-18
    outer loop
      vertex 33.0955 112.931 8
      vertex 32.7259 113.622 0
      vertex 32.7259 113.622 8
    endloop
  endfacet
  facet normal 0.881787 0.471648 -3.93768e-18
    outer loop
      vertex 32.7259 113.622 0
      vertex 33.0955 112.931 8
      vertex 33.0955 112.931 0
    endloop
  endfacet
  facet normal 0.0981906 -0.995168 0
    outer loop
      vertex 29.4 107.4 0
      vertex 30.1804 107.477 8
      vertex 29.4 107.4 8
    endloop
  endfacet
  facet normal 0.0981906 -0.995168 0
    outer loop
      vertex 30.1804 107.477 8
      vertex 29.4 107.4 0
      vertex 30.1804 107.477 0
    endloop
  endfacet
  facet normal 0.995175 0.0981141 4.43434e-19
    outer loop
      vertex 33.4 111.4 8
      vertex 33.3231 112.18 0
      vertex 33.3231 112.18 8
    endloop
  endfacet
  facet normal 0.995175 0.0981141 4.43434e-19
    outer loop
      vertex 33.3231 112.18 0
      vertex 33.4 111.4 8
      vertex 33.4 111.4 0
    endloop
  endfacet
  facet normal 0.63484 0.772644 -0
    outer loop
      vertex 32.2284 114.228 0
      vertex 31.6223 114.726 8
      vertex 32.2284 114.228 8
    endloop
  endfacet
  facet normal 0.63484 0.772644 0
    outer loop
      vertex 31.6223 114.726 8
      vertex 32.2284 114.228 0
      vertex 31.6223 114.726 0
    endloop
  endfacet
  facet normal 0.99518 -0.0980643 -3.23114e-19
    outer loop
      vertex -25.4769 87.2196 8
      vertex -25.4 88 0
      vertex -25.4 88 8
    endloop
  endfacet
  facet normal 0.99518 -0.0980643 -3.23114e-19
    outer loop
      vertex -25.4 88 0
      vertex -25.4769 87.2196 8
      vertex -25.4769 87.2196 0
    endloop
  endfacet
  facet normal -0.956941 -0.290283 2.50166e-19
    outer loop
      vertex -33.0955 86.4693 0
      vertex -33.3231 87.2196 8
      vertex -33.3231 87.2196 0
    endloop
  endfacet
  facet normal -0.956941 -0.290283 2.50166e-19
    outer loop
      vertex -33.3231 87.2196 8
      vertex -33.0955 86.4693 0
      vertex -33.0955 86.4693 8
    endloop
  endfacet
  facet normal 0.290283 0.956941 -0
    outer loop
      vertex -27.8693 91.6955 0
      vertex -28.6196 91.9231 8
      vertex -27.8693 91.6955 8
    endloop
  endfacet
  facet normal 0.290283 0.956941 0
    outer loop
      vertex -28.6196 91.9231 8
      vertex -27.8693 91.6955 0
      vertex -28.6196 91.9231 0
    endloop
  endfacet
  facet normal -0.634459 -0.772956 0
    outer loop
      vertex -32.2284 85.1716 0
      vertex -31.6223 84.6741 8
      vertex -32.2284 85.1716 8
    endloop
  endfacet
  facet normal -0.634459 -0.772956 -0
    outer loop
      vertex -31.6223 84.6741 8
      vertex -32.2284 85.1716 0
      vertex -31.6223 84.6741 0
    endloop
  endfacet
  facet normal -0.471329 -0.881957 0
    outer loop
      vertex -31.6223 84.6741 0
      vertex -30.9307 84.3045 8
      vertex -31.6223 84.6741 8
    endloop
  endfacet
  facet normal -0.471329 -0.881957 -0
    outer loop
      vertex -30.9307 84.3045 8
      vertex -31.6223 84.6741 0
      vertex -30.9307 84.3045 0
    endloop
  endfacet
  facet normal 0.0980643 -0.99518 0
    outer loop
      vertex -29.4 84 0
      vertex -28.6196 84.0769 8
      vertex -29.4 84 8
    endloop
  endfacet
  facet normal 0.0980643 -0.99518 0
    outer loop
      vertex -28.6196 84.0769 8
      vertex -29.4 84 0
      vertex -28.6196 84.0769 0
    endloop
  endfacet
  facet normal -0.99518 -0.0980643 3.23114e-19
    outer loop
      vertex -33.3231 87.2196 0
      vertex -33.4 88 8
      vertex -33.4 88 0
    endloop
  endfacet
  facet normal -0.99518 -0.0980643 3.23114e-19
    outer loop
      vertex -33.4 88 8
      vertex -33.3231 87.2196 0
      vertex -33.3231 87.2196 8
    endloop
  endfacet
  facet normal -0.881957 -0.471329 -1.3302e-18
    outer loop
      vertex -32.7259 85.7777 0
      vertex -33.0955 86.4693 8
      vertex -33.0955 86.4693 0
    endloop
  endfacet
  facet normal -0.881957 -0.471329 -1.3302e-18
    outer loop
      vertex -33.0955 86.4693 8
      vertex -32.7259 85.7777 0
      vertex -32.7259 85.7777 8
    endloop
  endfacet
  facet normal 0.634459 -0.772956 0
    outer loop
      vertex -27.1777 84.6741 0
      vertex -26.5716 85.1716 8
      vertex -27.1777 84.6741 8
    endloop
  endfacet
  facet normal 0.634459 -0.772956 0
    outer loop
      vertex -26.5716 85.1716 8
      vertex -27.1777 84.6741 0
      vertex -26.5716 85.1716 0
    endloop
  endfacet
  facet normal -0.99518 0.0980643 -3.23114e-19
    outer loop
      vertex -33.4 88 0
      vertex -33.3231 88.7804 8
      vertex -33.3231 88.7804 0
    endloop
  endfacet
  facet normal -0.99518 0.0980643 -3.23114e-19
    outer loop
      vertex -33.3231 88.7804 8
      vertex -33.4 88 0
      vertex -33.4 88 8
    endloop
  endfacet
  facet normal 0.881957 0.471329 -3.65211e-18
    outer loop
      vertex -25.7045 89.5307 8
      vertex -26.0741 90.2223 0
      vertex -26.0741 90.2223 8
    endloop
  endfacet
  facet normal 0.881957 0.471329 -3.65211e-18
    outer loop
      vertex -26.0741 90.2223 0
      vertex -25.7045 89.5307 8
      vertex -25.7045 89.5307 0
    endloop
  endfacet
  facet normal -0.881957 0.471329 1.3302e-18
    outer loop
      vertex -33.0955 89.5307 0
      vertex -32.7259 90.2223 8
      vertex -32.7259 90.2223 0
    endloop
  endfacet
  facet normal -0.881957 0.471329 1.3302e-18
    outer loop
      vertex -32.7259 90.2223 8
      vertex -33.0955 89.5307 0
      vertex -33.0955 89.5307 8
    endloop
  endfacet
  facet normal -0.0980643 0.99518 0
    outer loop
      vertex -29.4 92 0
      vertex -30.1804 91.9231 8
      vertex -29.4 92 8
    endloop
  endfacet
  facet normal -0.0980643 0.99518 0
    outer loop
      vertex -30.1804 91.9231 8
      vertex -29.4 92 0
      vertex -30.1804 91.9231 0
    endloop
  endfacet
  facet normal -0.290283 -0.956941 0
    outer loop
      vertex -30.9307 84.3045 0
      vertex -30.1804 84.0769 8
      vertex -30.9307 84.3045 8
    endloop
  endfacet
  facet normal -0.290283 -0.956941 -0
    outer loop
      vertex -30.1804 84.0769 8
      vertex -30.9307 84.3045 0
      vertex -30.1804 84.0769 0
    endloop
  endfacet
  facet normal -0.772956 -0.634459 -3.06053e-18
    outer loop
      vertex -32.2284 85.1716 0
      vertex -32.7259 85.7777 8
      vertex -32.7259 85.7777 0
    endloop
  endfacet
  facet normal -0.772956 -0.634459 -3.06053e-18
    outer loop
      vertex -32.7259 85.7777 8
      vertex -32.2284 85.1716 0
      vertex -32.2284 85.1716 8
    endloop
  endfacet
  facet normal 0.290283 -0.956941 0
    outer loop
      vertex -28.6196 84.0769 0
      vertex -27.8693 84.3045 8
      vertex -28.6196 84.0769 8
    endloop
  endfacet
  facet normal 0.290283 -0.956941 0
    outer loop
      vertex -27.8693 84.3045 8
      vertex -28.6196 84.0769 0
      vertex -27.8693 84.3045 0
    endloop
  endfacet
  facet normal 0.471329 -0.881957 0
    outer loop
      vertex -27.8693 84.3045 0
      vertex -27.1777 84.6741 8
      vertex -27.8693 84.3045 8
    endloop
  endfacet
  facet normal 0.471329 -0.881957 0
    outer loop
      vertex -27.1777 84.6741 8
      vertex -27.8693 84.3045 0
      vertex -27.1777 84.6741 0
    endloop
  endfacet
  facet normal 0.634459 0.772956 -0
    outer loop
      vertex -26.5716 90.8284 0
      vertex -27.1777 91.3259 8
      vertex -26.5716 90.8284 8
    endloop
  endfacet
  facet normal 0.634459 0.772956 0
    outer loop
      vertex -27.1777 91.3259 8
      vertex -26.5716 90.8284 0
      vertex -27.1777 91.3259 0
    endloop
  endfacet
  facet normal 0 0 1
    outer loop
      vertex -25.4769 88.7804 8
      vertex -25.4769 87.2196 8
      vertex -25.4 88 8
    endloop
  endfacet
  facet normal 0 0 1
    outer loop
      vertex -25.7045 89.5307 8
      vertex -25.4769 87.2196 8
      vertex -25.4769 88.7804 8
    endloop
  endfacet
  facet normal 0 0 1
    outer loop
      vertex -25.7045 89.5307 8
      vertex -25.7045 86.4693 8
      vertex -25.4769 87.2196 8
    endloop
  endfacet
  facet normal 0 0 1
    outer loop
      vertex -26.0741 90.2223 8
      vertex -25.7045 86.4693 8
      vertex -25.7045 89.5307 8
    endloop
  endfacet
  facet normal 0 0 1
    outer loop
      vertex -26.0741 90.2223 8
      vertex -26.0741 85.7777 8
      vertex -25.7045 86.4693 8
    endloop
  endfacet
  facet normal 0 0 1
    outer loop
      vertex -26.5716 90.8284 8
      vertex -26.0741 85.7777 8
      vertex -26.0741 90.2223 8
    endloop
  endfacet
  facet normal 0 0 1
    outer loop
      vertex -26.5716 90.8284 8
      vertex -26.5716 85.1716 8
      vertex -26.0741 85.7777 8
    endloop
  endfacet
  facet normal 0 0 1
    outer loop
      vertex -27.1777 91.3259 8
      vertex -26.5716 85.1716 8
      vertex -26.5716 90.8284 8
    endloop
  endfacet
  facet normal 0 0 1
    outer loop
      vertex -27.1777 91.3259 8
      vertex -27.1777 84.6741 8
      vertex -26.5716 85.1716 8
    endloop
  endfacet
  facet normal 0 0 1
    outer loop
      vertex -27.8693 91.6955 8
      vertex -27.1777 84.6741 8
      vertex -27.1777 91.3259 8
    endloop
  endfacet
  facet normal 0 0 1
    outer loop
      vertex -27.8693 91.6955 8
      vertex -27.8693 84.3045 8
      vertex -27.1777 84.6741 8
    endloop
  endfacet
  facet normal 0 0 1
    outer loop
      vertex -28.6196 91.9231 8
      vertex -27.8693 84.3045 8
      vertex -27.8693 91.6955 8
    endloop
  endfacet
  facet normal 0 0 1
    outer loop
      vertex -28.6196 91.9231 8
      vertex -28.6196 84.0769 8
      vertex -27.8693 84.3045 8
    endloop
  endfacet
  facet normal 0 0 1
    outer loop
      vertex -29.4 92 8
      vertex -28.6196 84.0769 8
      vertex -28.6196 91.9231 8
    endloop
  endfacet
  facet normal 0 0 1
    outer loop
      vertex -29.4 92 8
      vertex -29.4 84 8
      vertex -28.6196 84.0769 8
    endloop
  endfacet
  facet normal -0 0 1
    outer loop
      vertex -30.1804 91.9231 8
      vertex -29.4 84 8
      vertex -29.4 92 8
    endloop
  endfacet
  facet normal 0 0 1
    outer loop
      vertex -30.1804 91.9231 8
      vertex -30.1804 84.0769 8
      vertex -29.4 84 8
    endloop
  endfacet
  facet normal -0 0 1
    outer loop
      vertex -30.9307 91.6955 8
      vertex -30.1804 84.0769 8
      vertex -30.1804 91.9231 8
    endloop
  endfacet
  facet normal 0 0 1
    outer loop
      vertex -30.9307 91.6955 8
      vertex -30.9307 84.3045 8
      vertex -30.1804 84.0769 8
    endloop
  endfacet
  facet normal -0 0 1
    outer loop
      vertex -31.6223 91.3259 8
      vertex -30.9307 84.3045 8
      vertex -30.9307 91.6955 8
    endloop
  endfacet
  facet normal 0 0 1
    outer loop
      vertex -31.6223 91.3259 8
      vertex -31.6223 84.6741 8
      vertex -30.9307 84.3045 8
    endloop
  endfacet
  facet normal -0 0 1
    outer loop
      vertex -32.2284 90.8284 8
      vertex -31.6223 84.6741 8
      vertex -31.6223 91.3259 8
    endloop
  endfacet
  facet normal 0 0 1
    outer loop
      vertex -32.2284 90.8284 8
      vertex -32.2284 85.1716 8
      vertex -31.6223 84.6741 8
    endloop
  endfacet
  facet normal -0 0 1
    outer loop
      vertex -32.7259 90.2223 8
      vertex -32.2284 85.1716 8
      vertex -32.2284 90.8284 8
    endloop
  endfacet
  facet normal 0 0 1
    outer loop
      vertex -32.7259 90.2223 8
      vertex -32.7259 85.7777 8
      vertex -32.2284 85.1716 8
    endloop
  endfacet
  facet normal -0 0 1
    outer loop
      vertex -33.0955 89.5307 8
      vertex -32.7259 85.7777 8
      vertex -32.7259 90.2223 8
    endloop
  endfacet
  facet normal 0 0 1
    outer loop
      vertex -33.0955 89.5307 8
      vertex -33.0955 86.4693 8
      vertex -32.7259 85.7777 8
    endloop
  endfacet
  facet normal -0 0 1
    outer loop
      vertex -33.3231 88.7804 8
      vertex -33.0955 86.4693 8
      vertex -33.0955 89.5307 8
    endloop
  endfacet
  facet normal 0 0 1
    outer loop
      vertex -33.3231 88.7804 8
      vertex -33.3231 87.2196 8
      vertex -33.0955 86.4693 8
    endloop
  endfacet
  facet normal 0 -0 1
    outer loop
      vertex -33.3231 87.2196 8
      vertex -33.3231 88.7804 8
      vertex -33.4 88 8
    endloop
  endfacet
  facet normal 0.772956 -0.634459 -3.93383e-18
    outer loop
      vertex -26.5716 85.1716 8
      vertex -26.0741 85.7777 0
      vertex -26.0741 85.7777 8
    endloop
  endfacet
  facet normal 0.772956 -0.634459 -3.93383e-18
    outer loop
      vertex -26.0741 85.7777 0
      vertex -26.5716 85.1716 8
      vertex -26.5716 85.1716 0
    endloop
  endfacet
  facet normal 0.772956 0.634459 3.93383e-18
    outer loop
      vertex -26.0741 90.2223 8
      vertex -26.5716 90.8284 0
      vertex -26.5716 90.8284 8
    endloop
  endfacet
  facet normal 0.772956 0.634459 3.93383e-18
    outer loop
      vertex -26.5716 90.8284 0
      vertex -26.0741 90.2223 8
      vertex -26.0741 90.2223 0
    endloop
  endfacet
  facet normal 0.99518 0.0980643 3.23114e-19
    outer loop
      vertex -25.4 88 8
      vertex -25.4769 88.7804 0
      vertex -25.4769 88.7804 8
    endloop
  endfacet
  facet normal 0.99518 0.0980643 3.23114e-19
    outer loop
      vertex -25.4769 88.7804 0
      vertex -25.4 88 8
      vertex -25.4 88 0
    endloop
  endfacet
  facet normal -0.0980643 -0.99518 0
    outer loop
      vertex -30.1804 84.0769 0
      vertex -29.4 84 8
      vertex -30.1804 84.0769 8
    endloop
  endfacet
  facet normal -0.0980643 -0.99518 -0
    outer loop
      vertex -29.4 84 8
      vertex -30.1804 84.0769 0
      vertex -29.4 84 0
    endloop
  endfacet
  facet normal 0.881957 -0.471329 3.65211e-18
    outer loop
      vertex -26.0741 85.7777 8
      vertex -25.7045 86.4693 0
      vertex -25.7045 86.4693 8
    endloop
  endfacet
  facet normal 0.881957 -0.471329 3.65211e-18
    outer loop
      vertex -25.7045 86.4693 0
      vertex -26.0741 85.7777 8
      vertex -26.0741 85.7777 0
    endloop
  endfacet
  facet normal -0.471329 0.881957 0
    outer loop
      vertex -30.9307 91.6955 0
      vertex -31.6223 91.3259 8
      vertex -30.9307 91.6955 8
    endloop
  endfacet
  facet normal -0.471329 0.881957 0
    outer loop
      vertex -31.6223 91.3259 8
      vertex -30.9307 91.6955 0
      vertex -31.6223 91.3259 0
    endloop
  endfacet
  facet normal 0.956941 -0.290283 -8.0247e-20
    outer loop
      vertex -25.7045 86.4693 8
      vertex -25.4769 87.2196 0
      vertex -25.4769 87.2196 8
    endloop
  endfacet
  facet normal 0.956941 -0.290283 -8.0247e-20
    outer loop
      vertex -25.4769 87.2196 0
      vertex -25.7045 86.4693 8
      vertex -25.7045 86.4693 0
    endloop
  endfacet
  facet normal -0.772956 0.634459 3.06053e-18
    outer loop
      vertex -32.7259 90.2223 0
      vertex -32.2284 90.8284 8
      vertex -32.2284 90.8284 0
    endloop
  endfacet
  facet normal -0.772956 0.634459 3.06053e-18
    outer loop
      vertex -32.2284 90.8284 8
      vertex -32.7259 90.2223 0
      vertex -32.7259 90.2223 8
    endloop
  endfacet
  facet normal -0.956941 0.290283 -2.50166e-19
    outer loop
      vertex -33.3231 88.7804 0
      vertex -33.0955 89.5307 8
      vertex -33.0955 89.5307 0
    endloop
  endfacet
  facet normal -0.956941 0.290283 -2.50166e-19
    outer loop
      vertex -33.0955 89.5307 8
      vertex -33.3231 88.7804 0
      vertex -33.3231 88.7804 8
    endloop
  endfacet
  facet normal 0.956941 0.290283 8.0247e-20
    outer loop
      vertex -25.4769 88.7804 8
      vertex -25.7045 89.5307 0
      vertex -25.7045 89.5307 8
    endloop
  endfacet
  facet normal 0.956941 0.290283 8.0247e-20
    outer loop
      vertex -25.7045 89.5307 0
      vertex -25.4769 88.7804 8
      vertex -25.4769 88.7804 0
    endloop
  endfacet
  facet normal -0.290283 0.956941 0
    outer loop
      vertex -30.1804 91.9231 0
      vertex -30.9307 91.6955 8
      vertex -30.1804 91.9231 8
    endloop
  endfacet
  facet normal -0.290283 0.956941 0
    outer loop
      vertex -30.9307 91.6955 8
      vertex -30.1804 91.9231 0
      vertex -30.9307 91.6955 0
    endloop
  endfacet
  facet normal 0.471329 0.881957 -0
    outer loop
      vertex -27.1777 91.3259 0
      vertex -27.8693 91.6955 8
      vertex -27.1777 91.3259 8
    endloop
  endfacet
  facet normal 0.471329 0.881957 0
    outer loop
      vertex -27.8693 91.6955 8
      vertex -27.1777 91.3259 0
      vertex -27.8693 91.6955 0
    endloop
  endfacet
  facet normal -0.634459 0.772956 0
    outer loop
      vertex -31.6223 91.3259 0
      vertex -32.2284 90.8284 8
      vertex -31.6223 91.3259 8
    endloop
  endfacet
  facet normal -0.634459 0.772956 0
    outer loop
      vertex -32.2284 90.8284 8
      vertex -31.6223 91.3259 0
      vertex -32.2284 90.8284 0
    endloop
  endfacet
  facet normal 0.0980643 0.99518 -0
    outer loop
      vertex -28.6196 91.9231 0
      vertex -29.4 92 8
      vertex -28.6196 91.9231 8
    endloop
  endfacet
  facet normal 0.0980643 0.99518 0
    outer loop
      vertex -29.4 92 8
      vertex -28.6196 91.9231 0
      vertex -29.4 92 0
    endloop
  endfacet
  facet normal 1 -0 0
    outer loop
      vertex 70 0 0
      vertex 70 260 -6
      vertex 70 260 0
    endloop
  endfacet
  facet normal 1 0 0
    outer loop
      vertex 70 260 -6
      vertex 70 0 0
      vertex 70 0 -6
    endloop
  endfacet
  facet normal -1 0 0
    outer loop
      vertex -70 118 -6
      vertex -70 260 0
      vertex -70 260 -6
    endloop
  endfacet
  facet normal -1 -0 0
    outer loop
      vertex -70 260 0
      vertex -70 118 -6
      vertex -70 118 0
    endloop
  endfacet
  facet normal -1 0 0
    outer loop
      vertex -70 0 -6
      vertex -70 96 0
      vertex -70 96 -6
    endloop
  endfacet
  facet normal -1 -0 0
    outer loop
      vertex -70 96 0
      vertex -70 0 -6
      vertex -70 0 0
    endloop
  endfacet
  facet normal 0 1 -0
    outer loop
      vertex 70 260 -6
      vertex -70 260 0
      vertex 70 260 0
    endloop
  endfacet
  facet normal 0 1 0
    outer loop
      vertex -70 260 0
      vertex 70 260 -6
      vertex -70 260 -6
    endloop
  endfacet
  facet normal 0 -1 0
    outer loop
      vertex -70 0 -6
      vertex 70 0 0
      vertex -70 0 0
    endloop
  endfacet
  facet normal 0 -1 -0
    outer loop
      vertex 70 0 0
      vertex -70 0 -6
      vertex 70 0 -6
    endloop
  endfacet
  facet normal 0.0654128 4.78276e-20 -0.997858
    outer loop
      vertex -33.3263 10 -4.52139
      vertex -33 18 -4.5
      vertex -33 10 -4.5
    endloop
  endfacet
  facet normal 0.0654128 4.78276e-20 -0.997858
    outer loop
      vertex -33 18 -4.5
      vertex -33.3263 10 -4.52139
      vertex -33.3263 18 -4.52139
    endloop
  endfacet
  facet normal -0.659279 -5.13032e-20 -0.751898
    outer loop
      vertex -31.4781 10 -5.01662
      vertex -31.2322 18 -5.23223
      vertex -31.2322 10 -5.23223
    endloop
  endfacet
  facet normal -0.659279 -5.13032e-20 -0.751898
    outer loop
      vertex -31.2322 18 -5.23223
      vertex -31.4781 10 -5.01662
      vertex -31.4781 18 -5.01662
    endloop
  endfacet
  facet normal 0.195116 -5.99477e-19 -0.98078
    outer loop
      vertex -33.647 10 -4.58519
      vertex -33.3263 18 -4.52139
      vertex -33.3263 10 -4.52139
    endloop
  endfacet
  facet normal 0.195116 -5.99477e-19 -0.98078
    outer loop
      vertex -33.3263 18 -4.52139
      vertex -33.647 10 -4.58519
      vertex -33.647 18 -4.58519
    endloop
  endfacet
  facet normal -0.321387 -8.00863e-19 -0.946948
    outer loop
      vertex -32.353 10 -4.58519
      vertex -32.0433 18 -4.6903
      vertex -32.0433 10 -4.6903
    endloop
  endfacet
  facet normal -0.321387 -8.00863e-19 -0.946948
    outer loop
      vertex -32.0433 18 -4.6903
      vertex -32.353 10 -4.58519
      vertex -32.353 18 -4.58519
    endloop
  endfacet
  facet normal -0.0654128 -4.78276e-20 -0.997858
    outer loop
      vertex -33 10 -4.5
      vertex -32.6737 18 -4.52139
      vertex -32.6737 10 -4.52139
    endloop
  endfacet
  facet normal -0.0654128 -4.78276e-20 -0.997858
    outer loop
      vertex -32.6737 18 -4.52139
      vertex -33 10 -4.5
      vertex -33 18 -4.5
    endloop
  endfacet
  facet normal 0.896996 0 -0.442039
    outer loop
      vertex -35.1651 10 -5.75
      vertex -35.2883 18 -6
      vertex -35.1651 18 -5.75
    endloop
  endfacet
  facet normal 0.896996 0 -0.442039
    outer loop
      vertex -35.2883 18 -6
      vertex -35.1651 10 -5.75
      vertex -35.2883 10 -6
    endloop
  endfacet
  facet normal -0.896853 0 -0.442328
    outer loop
      vertex -30.7116 10 -6
      vertex -30.8349 18 -5.75
      vertex -30.7116 18 -6
    endloop
  endfacet
  facet normal -0.896853 -0 -0.442328
    outer loop
      vertex -30.8349 18 -5.75
      vertex -30.7116 10 -6
      vertex -30.8349 10 -5.75
    endloop
  endfacet
  facet normal -0.44229 5.63854e-20 -0.896872
    outer loop
      vertex -32.0433 10 -4.6903
      vertex -31.75 18 -4.83494
      vertex -31.75 10 -4.83494
    endloop
  endfacet
  facet normal -0.44229 5.63854e-20 -0.896872
    outer loop
      vertex -31.75 18 -4.83494
      vertex -32.0433 10 -4.6903
      vertex -32.0433 18 -4.6903
    endloop
  endfacet
  facet normal 0.659279 -9.89195e-19 -0.751898
    outer loop
      vertex -34.7678 10 -5.23223
      vertex -34.5219 18 -5.01662
      vertex -34.5219 10 -5.01662
    endloop
  endfacet
  facet normal 0.659279 -9.89195e-19 -0.751898
    outer loop
      vertex -34.5219 18 -5.01662
      vertex -34.7678 10 -5.23223
      vertex -34.7678 18 -5.23223
    endloop
  endfacet
  facet normal -0.751873 0 -0.659307
    outer loop
      vertex -31.0166 10 -5.4781
      vertex -31.2322 18 -5.23223
      vertex -31.0166 18 -5.4781
    endloop
  endfacet
  facet normal -0.751873 -0 -0.659307
    outer loop
      vertex -31.2322 18 -5.23223
      vertex -31.0166 10 -5.4781
      vertex -31.2322 10 -5.23223
    endloop
  endfacet
  facet normal -0.555575 3.8456e-19 -0.831466
    outer loop
      vertex -31.75 10 -4.83494
      vertex -31.4781 18 -5.01662
      vertex -31.4781 10 -5.01662
    endloop
  endfacet
  facet normal -0.555575 3.8456e-19 -0.831466
    outer loop
      vertex -31.4781 18 -5.01662
      vertex -31.75 10 -4.83494
      vertex -31.75 18 -4.83494
    endloop
  endfacet
  facet normal 0.44229 -5.63854e-20 -0.896872
    outer loop
      vertex -34.25 10 -4.83494
      vertex -33.9567 18 -4.6903
      vertex -33.9567 10 -4.6903
    endloop
  endfacet
  facet normal 0.44229 -5.63854e-20 -0.896872
    outer loop
      vertex -33.9567 18 -4.6903
      vertex -34.25 10 -4.83494
      vertex -34.25 18 -4.83494
    endloop
  endfacet
  facet normal 0.555575 -3.31088e-19 -0.831466
    outer loop
      vertex -34.5219 10 -5.01662
      vertex -34.25 18 -4.83494
      vertex -34.25 10 -4.83494
    endloop
  endfacet
  facet normal 0.555575 -3.31088e-19 -0.831466
    outer loop
      vertex -34.25 18 -4.83494
      vertex -34.5219 10 -5.01662
      vertex -34.5219 18 -5.01662
    endloop
  endfacet
  facet normal 0.751873 0 -0.659307
    outer loop
      vertex -34.7678 10 -5.23223
      vertex -34.9834 18 -5.4781
      vertex -34.7678 18 -5.23223
    endloop
  endfacet
  facet normal 0.751873 0 -0.659307
    outer loop
      vertex -34.9834 18 -5.4781
      vertex -34.7678 10 -5.23223
      vertex -34.9834 10 -5.4781
    endloop
  endfacet
  facet normal 0.831438 0 -0.555617
    outer loop
      vertex -34.9834 10 -5.4781
      vertex -35.1651 18 -5.75
      vertex -34.9834 18 -5.4781
    endloop
  endfacet
  facet normal 0.831438 0 -0.555617
    outer loop
      vertex -35.1651 18 -5.75
      vertex -34.9834 10 -5.4781
      vertex -35.1651 10 -5.75
    endloop
  endfacet
  facet normal -0.831438 0 -0.555617
    outer loop
      vertex -30.8349 10 -5.75
      vertex -31.0166 18 -5.4781
      vertex -30.8349 18 -5.75
    endloop
  endfacet
  facet normal -0.831438 -0 -0.555617
    outer loop
      vertex -31.0166 18 -5.4781
      vertex -30.8349 10 -5.75
      vertex -31.0166 10 -5.4781
    endloop
  endfacet
  facet normal 0.321387 8.00863e-19 -0.946948
    outer loop
      vertex -33.9567 10 -4.6903
      vertex -33.647 18 -4.58519
      vertex -33.647 10 -4.58519
    endloop
  endfacet
  facet normal 0.321387 8.00863e-19 -0.946948
    outer loop
      vertex -33.647 18 -4.58519
      vertex -33.9567 10 -4.6903
      vertex -33.9567 18 -4.6903
    endloop
  endfacet
  facet normal -0.195116 5.99477e-19 -0.98078
    outer loop
      vertex -32.6737 10 -4.52139
      vertex -32.353 18 -4.58519
      vertex -32.353 10 -4.58519
    endloop
  endfacet
  facet normal -0.195116 5.99477e-19 -0.98078
    outer loop
      vertex -32.353 18 -4.58519
      vertex -32.6737 10 -4.52139
      vertex -32.6737 18 -4.52139
    endloop
  endfacet
  facet normal 0 1 0
    outer loop
      vertex -32.6737 10 -4.52139
      vertex -33.3263 10 -4.52139
      vertex -33 10 -4.5
    endloop
  endfacet
  facet normal 0 1 0
    outer loop
      vertex -32.353 10 -4.58519
      vertex -33.3263 10 -4.52139
      vertex -32.6737 10 -4.52139
    endloop
  endfacet
  facet normal 0 1 0
    outer loop
      vertex -32.353 10 -4.58519
      vertex -33.647 10 -4.58519
      vertex -33.3263 10 -4.52139
    endloop
  endfacet
  facet normal 0 1 0
    outer loop
      vertex -32.0433 10 -4.6903
      vertex -33.647 10 -4.58519
      vertex -32.353 10 -4.58519
    endloop
  endfacet
  facet normal 0 1 0
    outer loop
      vertex -32.0433 10 -4.6903
      vertex -33.9567 10 -4.6903
      vertex -33.647 10 -4.58519
    endloop
  endfacet
  facet normal 0 1 0
    outer loop
      vertex -31.75 10 -4.83494
      vertex -33.9567 10 -4.6903
      vertex -32.0433 10 -4.6903
    endloop
  endfacet
  facet normal 0 1 0
    outer loop
      vertex -31.75 10 -4.83494
      vertex -34.25 10 -4.83494
      vertex -33.9567 10 -4.6903
    endloop
  endfacet
  facet normal 0 1 0
    outer loop
      vertex -31.4781 10 -5.01662
      vertex -34.25 10 -4.83494
      vertex -31.75 10 -4.83494
    endloop
  endfacet
  facet normal 0 1 0
    outer loop
      vertex -31.4781 10 -5.01662
      vertex -34.5219 10 -5.01662
      vertex -34.25 10 -4.83494
    endloop
  endfacet
  facet normal 0 1 0
    outer loop
      vertex -31.2322 10 -5.23223
      vertex -34.5219 10 -5.01662
      vertex -31.4781 10 -5.01662
    endloop
  endfacet
  facet normal 0 1 0
    outer loop
      vertex -31.2322 10 -5.23223
      vertex -34.7678 10 -5.23223
      vertex -34.5219 10 -5.01662
    endloop
  endfacet
  facet normal 0 1 0
    outer loop
      vertex -31.0166 10 -5.4781
      vertex -34.7678 10 -5.23223
      vertex -31.2322 10 -5.23223
    endloop
  endfacet
  facet normal 0 1 0
    outer loop
      vertex -31.0166 10 -5.4781
      vertex -34.9834 10 -5.4781
      vertex -34.7678 10 -5.23223
    endloop
  endfacet
  facet normal 0 1 0
    outer loop
      vertex -30.8349 10 -5.75
      vertex -34.9834 10 -5.4781
      vertex -31.0166 10 -5.4781
    endloop
  endfacet
  facet normal 0 1 0
    outer loop
      vertex -30.8349 10 -5.75
      vertex -35.1651 10 -5.75
      vertex -34.9834 10 -5.4781
    endloop
  endfacet
  facet normal 0 1 0
    outer loop
      vertex -30.7116 10 -6
      vertex -35.1651 10 -5.75
      vertex -30.8349 10 -5.75
    endloop
  endfacet
  facet normal 0 1 0
    outer loop
      vertex -35.1651 10 -5.75
      vertex -30.7116 10 -6
      vertex -35.2883 10 -6
    endloop
  endfacet
  facet normal 0 -1 0
    outer loop
      vertex -33.3263 18 -4.52139
      vertex -32.6737 18 -4.52139
      vertex -33 18 -4.5
    endloop
  endfacet
  facet normal 0 -1 0
    outer loop
      vertex -33.647 18 -4.58519
      vertex -32.6737 18 -4.52139
      vertex -33.3263 18 -4.52139
    endloop
  endfacet
  facet normal 0 -1 0
    outer loop
      vertex -33.647 18 -4.58519
      vertex -32.353 18 -4.58519
      vertex -32.6737 18 -4.52139
    endloop
  endfacet
  facet normal 0 -1 0
    outer loop
      vertex -33.9567 18 -4.6903
      vertex -32.353 18 -4.58519
      vertex -33.647 18 -4.58519
    endloop
  endfacet
  facet normal 0 -1 0
    outer loop
      vertex -33.9567 18 -4.6903
      vertex -32.0433 18 -4.6903
      vertex -32.353 18 -4.58519
    endloop
  endfacet
  facet normal 0 -1 0
    outer loop
      vertex -34.25 18 -4.83494
      vertex -32.0433 18 -4.6903
      vertex -33.9567 18 -4.6903
    endloop
  endfacet
  facet normal 0 -1 0
    outer loop
      vertex -34.25 18 -4.83494
      vertex -31.75 18 -4.83494
      vertex -32.0433 18 -4.6903
    endloop
  endfacet
  facet normal 0 -1 0
    outer loop
      vertex -34.5219 18 -5.01662
      vertex -31.75 18 -4.83494
      vertex -34.25 18 -4.83494
    endloop
  endfacet
  facet normal 0 -1 0
    outer loop
      vertex -34.5219 18 -5.01662
      vertex -31.4781 18 -5.01662
      vertex -31.75 18 -4.83494
    endloop
  endfacet
  facet normal 0 -1 0
    outer loop
      vertex -34.7678 18 -5.23223
      vertex -31.4781 18 -5.01662
      vertex -34.5219 18 -5.01662
    endloop
  endfacet
  facet normal 0 -1 0
    outer loop
      vertex -34.7678 18 -5.23223
      vertex -31.2322 18 -5.23223
      vertex -31.4781 18 -5.01662
    endloop
  endfacet
  facet normal 0 -1 0
    outer loop
      vertex -34.9834 18 -5.4781
      vertex -31.2322 18 -5.23223
      vertex -34.7678 18 -5.23223
    endloop
  endfacet
  facet normal 0 -1 0
    outer loop
      vertex -34.9834 18 -5.4781
      vertex -31.0166 18 -5.4781
      vertex -31.2322 18 -5.23223
    endloop
  endfacet
  facet normal 0 -1 0
    outer loop
      vertex -35.1651 18 -5.75
      vertex -31.0166 18 -5.4781
      vertex -34.9834 18 -5.4781
    endloop
  endfacet
  facet normal 0 -1 0
    outer loop
      vertex -35.1651 18 -5.75
      vertex -30.8349 18 -5.75
      vertex -31.0166 18 -5.4781
    endloop
  endfacet
  facet normal 0 -1 0
    outer loop
      vertex -35.2883 18 -6
      vertex -30.8349 18 -5.75
      vertex -35.1651 18 -5.75
    endloop
  endfacet
  facet normal 0 -1 -0
    outer loop
      vertex -30.8349 18 -5.75
      vertex -35.2883 18 -6
      vertex -30.7116 18 -6
    endloop
  endfacet
  facet normal -0.659279 9.89195e-19 -0.751898
    outer loop
      vertex 34.5219 10 -5.01662
      vertex 34.7678 18 -5.23223
      vertex 34.7678 10 -5.23223
    endloop
  endfacet
  facet normal -0.659279 9.89195e-19 -0.751898
    outer loop
      vertex 34.7678 18 -5.23223
      vertex 34.5219 10 -5.01662
      vertex 34.5219 18 -5.01662
    endloop
  endfacet
  facet normal -0.831438 0 -0.555617
    outer loop
      vertex 35.1651 10 -5.75
      vertex 34.9834 18 -5.4781
      vertex 35.1651 18 -5.75
    endloop
  endfacet
  facet normal -0.831438 -0 -0.555617
    outer loop
      vertex 34.9834 18 -5.4781
      vertex 35.1651 10 -5.75
      vertex 34.9834 10 -5.4781
    endloop
  endfacet
  facet normal 0.44229 -5.63854e-20 -0.896872
    outer loop
      vertex 31.75 10 -4.83494
      vertex 32.0433 18 -4.6903
      vertex 32.0433 10 -4.6903
    endloop
  endfacet
  facet normal 0.44229 -5.63854e-20 -0.896872
    outer loop
      vertex 32.0433 18 -4.6903
      vertex 31.75 10 -4.83494
      vertex 31.75 18 -4.83494
    endloop
  endfacet
  facet normal 0.321387 8.00863e-19 -0.946948
    outer loop
      vertex 32.0433 10 -4.6903
      vertex 32.353 18 -4.58519
      vertex 32.353 10 -4.58519
    endloop
  endfacet
  facet normal 0.321387 8.00863e-19 -0.946948
    outer loop
      vertex 32.353 18 -4.58519
      vertex 32.0433 10 -4.6903
      vertex 32.0433 18 -4.6903
    endloop
  endfacet
  facet normal 0.751873 0 -0.659307
    outer loop
      vertex 31.2322 10 -5.23223
      vertex 31.0166 18 -5.4781
      vertex 31.2322 18 -5.23223
    endloop
  endfacet
  facet normal 0.751873 0 -0.659307
    outer loop
      vertex 31.0166 18 -5.4781
      vertex 31.2322 10 -5.23223
      vertex 31.0166 10 -5.4781
    endloop
  endfacet
  facet normal -0.896996 0 -0.442039
    outer loop
      vertex 35.2883 10 -6
      vertex 35.1651 18 -5.75
      vertex 35.2883 18 -6
    endloop
  endfacet
  facet normal -0.896996 -0 -0.442039
    outer loop
      vertex 35.1651 18 -5.75
      vertex 35.2883 10 -6
      vertex 35.1651 10 -5.75
    endloop
  endfacet
  facet normal -0.0654128 -4.78276e-20 -0.997858
    outer loop
      vertex 33 10 -4.5
      vertex 33.3263 18 -4.52139
      vertex 33.3263 10 -4.52139
    endloop
  endfacet
  facet normal -0.0654128 -4.78276e-20 -0.997858
    outer loop
      vertex 33.3263 18 -4.52139
      vertex 33 10 -4.5
      vertex 33 18 -4.5
    endloop
  endfacet
  facet normal -0.321387 -8.00863e-19 -0.946948
    outer loop
      vertex 33.647 10 -4.58519
      vertex 33.9567 18 -4.6903
      vertex 33.9567 10 -4.6903
    endloop
  endfacet
  facet normal -0.321387 -8.00863e-19 -0.946948
    outer loop
      vertex 33.9567 18 -4.6903
      vertex 33.647 10 -4.58519
      vertex 33.647 18 -4.58519
    endloop
  endfacet
  facet normal 0.659279 5.13032e-20 -0.751898
    outer loop
      vertex 31.2322 10 -5.23223
      vertex 31.4781 18 -5.01662
      vertex 31.4781 10 -5.01662
    endloop
  endfacet
  facet normal 0.659279 5.13032e-20 -0.751898
    outer loop
      vertex 31.4781 18 -5.01662
      vertex 31.2322 10 -5.23223
      vertex 31.2322 18 -5.23223
    endloop
  endfacet
  facet normal -0.555575 3.31088e-19 -0.831466
    outer loop
      vertex 34.25 10 -4.83494
      vertex 34.5219 18 -5.01662
      vertex 34.5219 10 -5.01662
    endloop
  endfacet
  facet normal -0.555575 3.31088e-19 -0.831466
    outer loop
      vertex 34.5219 18 -5.01662
      vertex 34.25 10 -4.83494
      vertex 34.25 18 -4.83494
    endloop
  endfacet
  facet normal 0.0654128 4.78276e-20 -0.997858
    outer loop
      vertex 32.6737 10 -4.52139
      vertex 33 18 -4.5
      vertex 33 10 -4.5
    endloop
  endfacet
  facet normal 0.0654128 4.78276e-20 -0.997858
    outer loop
      vertex 33 18 -4.5
      vertex 32.6737 10 -4.52139
      vertex 32.6737 18 -4.52139
    endloop
  endfacet
  facet normal 0.896853 0 -0.442328
    outer loop
      vertex 30.8349 10 -5.75
      vertex 30.7116 18 -6
      vertex 30.8349 18 -5.75
    endloop
  endfacet
  facet normal 0.896853 0 -0.442328
    outer loop
      vertex 30.7116 18 -6
      vertex 30.8349 10 -5.75
      vertex 30.7116 10 -6
    endloop
  endfacet
  facet normal -0.44229 5.63854e-20 -0.896872
    outer loop
      vertex 33.9567 10 -4.6903
      vertex 34.25 18 -4.83494
      vertex 34.25 10 -4.83494
    endloop
  endfacet
  facet normal -0.44229 5.63854e-20 -0.896872
    outer loop
      vertex 34.25 18 -4.83494
      vertex 33.9567 10 -4.6903
      vertex 33.9567 18 -4.6903
    endloop
  endfacet
  facet normal 0.555575 -3.8456e-19 -0.831466
    outer loop
      vertex 31.4781 10 -5.01662
      vertex 31.75 18 -4.83494
      vertex 31.75 10 -4.83494
    endloop
  endfacet
  facet normal 0.555575 -3.8456e-19 -0.831466
    outer loop
      vertex 31.75 18 -4.83494
      vertex 31.4781 10 -5.01662
      vertex 31.4781 18 -5.01662
    endloop
  endfacet
  facet normal -0.751873 0 -0.659307
    outer loop
      vertex 34.9834 10 -5.4781
      vertex 34.7678 18 -5.23223
      vertex 34.9834 18 -5.4781
    endloop
  endfacet
  facet normal -0.751873 -0 -0.659307
    outer loop
      vertex 34.7678 18 -5.23223
      vertex 34.9834 10 -5.4781
      vertex 34.7678 10 -5.23223
    endloop
  endfacet
  facet normal -0.195116 5.99477e-19 -0.98078
    outer loop
      vertex 33.3263 10 -4.52139
      vertex 33.647 18 -4.58519
      vertex 33.647 10 -4.58519
    endloop
  endfacet
  facet normal -0.195116 5.99477e-19 -0.98078
    outer loop
      vertex 33.647 18 -4.58519
      vertex 33.3263 10 -4.52139
      vertex 33.3263 18 -4.52139
    endloop
  endfacet
  facet normal 0 -1 0
    outer loop
      vertex 32.6737 18 -4.52139
      vertex 33.3263 18 -4.52139
      vertex 33 18 -4.5
    endloop
  endfacet
  facet normal 0 -1 0
    outer loop
      vertex 32.353 18 -4.58519
      vertex 33.3263 18 -4.52139
      vertex 32.6737 18 -4.52139
    endloop
  endfacet
  facet normal 0 -1 0
    outer loop
      vertex 32.353 18 -4.58519
      vertex 33.647 18 -4.58519
      vertex 33.3263 18 -4.52139
    endloop
  endfacet
  facet normal 0 -1 0
    outer loop
      vertex 32.0433 18 -4.6903
      vertex 33.647 18 -4.58519
      vertex 32.353 18 -4.58519
    endloop
  endfacet
  facet normal 0 -1 0
    outer loop
      vertex 32.0433 18 -4.6903
      vertex 33.9567 18 -4.6903
      vertex 33.647 18 -4.58519
    endloop
  endfacet
  facet normal 0 -1 0
    outer loop
      vertex 31.75 18 -4.83494
      vertex 33.9567 18 -4.6903
      vertex 32.0433 18 -4.6903
    endloop
  endfacet
  facet normal 0 -1 0
    outer loop
      vertex 31.75 18 -4.83494
      vertex 34.25 18 -4.83494
      vertex 33.9567 18 -4.6903
    endloop
  endfacet
  facet normal 0 -1 0
    outer loop
      vertex 31.4781 18 -5.01662
      vertex 34.25 18 -4.83494
      vertex 31.75 18 -4.83494
    endloop
  endfacet
  facet normal 0 -1 0
    outer loop
      vertex 31.4781 18 -5.01662
      vertex 34.5219 18 -5.01662
      vertex 34.25 18 -4.83494
    endloop
  endfacet
  facet normal 0 -1 0
    outer loop
      vertex 31.2322 18 -5.23223
      vertex 34.5219 18 -5.01662
      vertex 31.4781 18 -5.01662
    endloop
  endfacet
  facet normal 0 -1 0
    outer loop
      vertex 31.2322 18 -5.23223
      vertex 34.7678 18 -5.23223
      vertex 34.5219 18 -5.01662
    endloop
  endfacet
  facet normal 0 -1 0
    outer loop
      vertex 31.0166 18 -5.4781
      vertex 34.7678 18 -5.23223
      vertex 31.2322 18 -5.23223
    endloop
  endfacet
  facet normal 0 -1 0
    outer loop
      vertex 31.0166 18 -5.4781
      vertex 34.9834 18 -5.4781
      vertex 34.7678 18 -5.23223
    endloop
  endfacet
  facet normal 0 -1 0
    outer loop
      vertex 30.8349 18 -5.75
      vertex 34.9834 18 -5.4781
      vertex 31.0166 18 -5.4781
    endloop
  endfacet
  facet normal 0 -1 0
    outer loop
      vertex 30.8349 18 -5.75
      vertex 35.1651 18 -5.75
      vertex 34.9834 18 -5.4781
    endloop
  endfacet
  facet normal 0 -1 0
    outer loop
      vertex 30.7116 18 -6
      vertex 35.1651 18 -5.75
      vertex 30.8349 18 -5.75
    endloop
  endfacet
  facet normal 0 -1 -0
    outer loop
      vertex 35.1651 18 -5.75
      vertex 30.7116 18 -6
      vertex 35.2883 18 -6
    endloop
  endfacet
  facet normal 0.195116 -5.99477e-19 -0.98078
    outer loop
      vertex 32.353 10 -4.58519
      vertex 32.6737 18 -4.52139
      vertex 32.6737 10 -4.52139
    endloop
  endfacet
  facet normal 0.195116 -5.99477e-19 -0.98078
    outer loop
      vertex 32.6737 18 -4.52139
      vertex 32.353 10 -4.58519
      vertex 32.353 18 -4.58519
    endloop
  endfacet
  facet normal 0 1 0
    outer loop
      vertex 33.3263 10 -4.52139
      vertex 32.6737 10 -4.52139
      vertex 33 10 -4.5
    endloop
  endfacet
  facet normal 0 1 0
    outer loop
      vertex 33.647 10 -4.58519
      vertex 32.6737 10 -4.52139
      vertex 33.3263 10 -4.52139
    endloop
  endfacet
  facet normal 0 1 0
    outer loop
      vertex 33.647 10 -4.58519
      vertex 32.353 10 -4.58519
      vertex 32.6737 10 -4.52139
    endloop
  endfacet
  facet normal 0 1 0
    outer loop
      vertex 33.9567 10 -4.6903
      vertex 32.353 10 -4.58519
      vertex 33.647 10 -4.58519
    endloop
  endfacet
  facet normal 0 1 0
    outer loop
      vertex 33.9567 10 -4.6903
      vertex 32.0433 10 -4.6903
      vertex 32.353 10 -4.58519
    endloop
  endfacet
  facet normal 0 1 0
    outer loop
      vertex 34.25 10 -4.83494
      vertex 32.0433 10 -4.6903
      vertex 33.9567 10 -4.6903
    endloop
  endfacet
  facet normal 0 1 0
    outer loop
      vertex 34.25 10 -4.83494
      vertex 31.75 10 -4.83494
      vertex 32.0433 10 -4.6903
    endloop
  endfacet
  facet normal 0 1 0
    outer loop
      vertex 34.5219 10 -5.01662
      vertex 31.75 10 -4.83494
      vertex 34.25 10 -4.83494
    endloop
  endfacet
  facet normal 0 1 0
    outer loop
      vertex 34.5219 10 -5.01662
      vertex 31.4781 10 -5.01662
      vertex 31.75 10 -4.83494
    endloop
  endfacet
  facet normal 0 1 0
    outer loop
      vertex 34.7678 10 -5.23223
      vertex 31.4781 10 -5.01662
      vertex 34.5219 10 -5.01662
    endloop
  endfacet
  facet normal 0 1 0
    outer loop
      vertex 34.7678 10 -5.23223
      vertex 31.2322 10 -5.23223
      vertex 31.4781 10 -5.01662
    endloop
  endfacet
  facet normal 0 1 0
    outer loop
      vertex 34.9834 10 -5.4781
      vertex 31.2322 10 -5.23223
      vertex 34.7678 10 -5.23223
    endloop
  endfacet
  facet normal 0 1 0
    outer loop
      vertex 34.9834 10 -5.4781
      vertex 31.0166 10 -5.4781
      vertex 31.2322 10 -5.23223
    endloop
  endfacet
  facet normal 0 1 0
    outer loop
      vertex 35.1651 10 -5.75
      vertex 31.0166 10 -5.4781
      vertex 34.9834 10 -5.4781
    endloop
  endfacet
  facet normal 0 1 0
    outer loop
      vertex 35.1651 10 -5.75
      vertex 30.8349 10 -5.75
      vertex 31.0166 10 -5.4781
    endloop
  endfacet
  facet normal 0 1 0
    outer loop
      vertex 35.2883 10 -6
      vertex 30.8349 10 -5.75
      vertex 35.1651 10 -5.75
    endloop
  endfacet
  facet normal 0 1 0
    outer loop
      vertex 30.8349 10 -5.75
      vertex 35.2883 10 -6
      vertex 30.7116 10 -6
    endloop
  endfacet
  facet normal 0.831438 0 -0.555617
    outer loop
      vertex 31.0166 10 -5.4781
      vertex 30.8349 18 -5.75
      vertex 31.0166 18 -5.4781
    endloop
  endfacet
  facet normal 0.831438 0 -0.555617
    outer loop
      vertex 30.8349 18 -5.75
      vertex 31.0166 10 -5.4781
      vertex 30.8349 10 -5.75
    endloop
  endfacet
  facet normal -0.195175 -6.00119e-20 -0.980768
    outer loop
      vertex -29.2368 27.6 -5.76069
      vertex -29.0765 43.6 -5.79259
      vertex -29.0765 27.6 -5.79259
    endloop
  endfacet
  facet normal -0.195175 -6.00119e-20 -0.980768
    outer loop
      vertex -29.0765 43.6 -5.79259
      vertex -29.2368 27.6 -5.76069
      vertex -29.2368 43.6 -5.76069
    endloop
  endfacet
  facet normal -0.442411 -1.22883e-19 -0.896812
    outer loop
      vertex -28.9216 27.6 -5.84515
      vertex -28.775 43.6 -5.91747
      vertex -28.775 27.6 -5.91747
    endloop
  endfacet
  facet normal -0.442411 -1.22883e-19 -0.896812
    outer loop
      vertex -28.775 43.6 -5.91747
      vertex -28.9216 27.6 -5.84515
      vertex -28.9216 43.6 -5.84515
    endloop
  endfacet
  facet normal 0.321322 -2.15141e-19 -0.94697
    outer loop
      vertex -29.8784 27.6 -5.84515
      vertex -29.7235 43.6 -5.79259
      vertex -29.7235 27.6 -5.79259
    endloop
  endfacet
  facet normal 0.321322 -2.15141e-19 -0.94697
    outer loop
      vertex -29.7235 43.6 -5.79259
      vertex -29.8784 27.6 -5.84515
      vertex -29.8784 43.6 -5.84515
    endloop
  endfacet
  facet normal 0.0653624 -3.50503e-20 -0.997862
    outer loop
      vertex -29.5632 27.6 -5.76069
      vertex -29.4 43.6 -5.75
      vertex -29.4 27.6 -5.75
    endloop
  endfacet
  facet normal 0.0653624 -3.50503e-20 -0.997862
    outer loop
      vertex -29.4 43.6 -5.75
      vertex -29.5632 27.6 -5.76069
      vertex -29.5632 43.6 -5.76069
    endloop
  endfacet
  facet normal -0.321322 2.15141e-19 -0.94697
    outer loop
      vertex -29.0765 27.6 -5.79259
      vertex -28.9216 43.6 -5.84515
      vertex -28.9216 27.6 -5.84515
    endloop
  endfacet
  facet normal -0.321322 2.15141e-19 -0.94697
    outer loop
      vertex -28.9216 43.6 -5.84515
      vertex -29.0765 27.6 -5.79259
      vertex -29.0765 43.6 -5.79259
    endloop
  endfacet
  facet normal 0.555616 -1.46234e-19 -0.831439
    outer loop
      vertex -30.1485 27.6 -6
      vertex -30.025 43.6 -5.91747
      vertex -30.025 27.6 -5.91747
    endloop
  endfacet
  facet normal 0.555616 -1.46234e-19 -0.831439
    outer loop
      vertex -30.025 43.6 -5.91747
      vertex -30.1485 27.6 -6
      vertex -30.1485 43.6 -6
    endloop
  endfacet
  facet normal -0.0653624 3.50503e-20 -0.997862
    outer loop
      vertex -29.4 27.6 -5.75
      vertex -29.2368 43.6 -5.76069
      vertex -29.2368 27.6 -5.76069
    endloop
  endfacet
  facet normal -0.0653624 3.50503e-20 -0.997862
    outer loop
      vertex -29.2368 43.6 -5.76069
      vertex -29.4 27.6 -5.75
      vertex -29.4 43.6 -5.75
    endloop
  endfacet
  facet normal 0.442411 4.90231e-20 -0.896812
    outer loop
      vertex -30.025 27.6 -5.91747
      vertex -29.8784 43.6 -5.84515
      vertex -29.8784 27.6 -5.84515
    endloop
  endfacet
  facet normal 0.442411 4.90231e-20 -0.896812
    outer loop
      vertex -29.8784 43.6 -5.84515
      vertex -30.025 27.6 -5.91747
      vertex -30.025 43.6 -5.91747
    endloop
  endfacet
  facet normal 0.195175 -5.19617e-20 -0.980768
    outer loop
      vertex -29.7235 27.6 -5.79259
      vertex -29.5632 43.6 -5.76069
      vertex -29.5632 27.6 -5.76069
    endloop
  endfacet
  facet normal 0.195175 -5.19617e-20 -0.980768
    outer loop
      vertex -29.5632 43.6 -5.76069
      vertex -29.7235 27.6 -5.79259
      vertex -29.7235 43.6 -5.79259
    endloop
  endfacet
  facet normal -0.555616 1.46234e-19 -0.831439
    outer loop
      vertex -28.775 27.6 -5.91747
      vertex -28.6515 43.6 -6
      vertex -28.6515 27.6 -6
    endloop
  endfacet
  facet normal -0.555616 1.46234e-19 -0.831439
    outer loop
      vertex -28.6515 43.6 -6
      vertex -28.775 27.6 -5.91747
      vertex -28.775 43.6 -5.91747
    endloop
  endfacet
  facet normal 0 1 0
    outer loop
      vertex -29.2368 27.6 -5.76069
      vertex -29.5632 27.6 -5.76069
      vertex -29.4 27.6 -5.75
    endloop
  endfacet
  facet normal 0 1 0
    outer loop
      vertex -29.0765 27.6 -5.79259
      vertex -29.5632 27.6 -5.76069
      vertex -29.2368 27.6 -5.76069
    endloop
  endfacet
  facet normal 0 1 0
    outer loop
      vertex -29.0765 27.6 -5.79259
      vertex -29.7235 27.6 -5.79259
      vertex -29.5632 27.6 -5.76069
    endloop
  endfacet
  facet normal 0 1 0
    outer loop
      vertex -28.9216 27.6 -5.84515
      vertex -29.7235 27.6 -5.79259
      vertex -29.0765 27.6 -5.79259
    endloop
  endfacet
  facet normal 0 1 0
    outer loop
      vertex -28.9216 27.6 -5.84515
      vertex -29.8784 27.6 -5.84515
      vertex -29.7235 27.6 -5.79259
    endloop
  endfacet
  facet normal 0 1 0
    outer loop
      vertex -28.775 27.6 -5.91747
      vertex -29.8784 27.6 -5.84515
      vertex -28.9216 27.6 -5.84515
    endloop
  endfacet
  facet normal 0 1 0
    outer loop
      vertex -28.775 27.6 -5.91747
      vertex -30.025 27.6 -5.91747
      vertex -29.8784 27.6 -5.84515
    endloop
  endfacet
  facet normal 0 1 0
    outer loop
      vertex -28.6515 27.6 -6
      vertex -30.025 27.6 -5.91747
      vertex -28.775 27.6 -5.91747
    endloop
  endfacet
  facet normal 0 1 0
    outer loop
      vertex -30.025 27.6 -5.91747
      vertex -28.6515 27.6 -6
      vertex -30.1485 27.6 -6
    endloop
  endfacet
  facet normal 0 -1 0
    outer loop
      vertex -29.5632 43.6 -5.76069
      vertex -29.2368 43.6 -5.76069
      vertex -29.4 43.6 -5.75
    endloop
  endfacet
  facet normal 0 -1 0
    outer loop
      vertex -29.7235 43.6 -5.79259
      vertex -29.2368 43.6 -5.76069
      vertex -29.5632 43.6 -5.76069
    endloop
  endfacet
  facet normal 0 -1 0
    outer loop
      vertex -29.7235 43.6 -5.79259
      vertex -29.0765 43.6 -5.79259
      vertex -29.2368 43.6 -5.76069
    endloop
  endfacet
  facet normal 0 -1 0
    outer loop
      vertex -29.8784 43.6 -5.84515
      vertex -29.0765 43.6 -5.79259
      vertex -29.7235 43.6 -5.79259
    endloop
  endfacet
  facet normal 0 -1 0
    outer loop
      vertex -29.8784 43.6 -5.84515
      vertex -28.9216 43.6 -5.84515
      vertex -29.0765 43.6 -5.79259
    endloop
  endfacet
  facet normal 0 -1 0
    outer loop
      vertex -30.025 43.6 -5.91747
      vertex -28.9216 43.6 -5.84515
      vertex -29.8784 43.6 -5.84515
    endloop
  endfacet
  facet normal 0 -1 0
    outer loop
      vertex -30.025 43.6 -5.91747
      vertex -28.775 43.6 -5.91747
      vertex -28.9216 43.6 -5.84515
    endloop
  endfacet
  facet normal 0 -1 0
    outer loop
      vertex -30.1485 43.6 -6
      vertex -28.775 43.6 -5.91747
      vertex -30.025 43.6 -5.91747
    endloop
  endfacet
  facet normal 0 -1 -0
    outer loop
      vertex -28.775 43.6 -5.91747
      vertex -30.1485 43.6 -6
      vertex -28.6515 43.6 -6
    endloop
  endfacet
  facet normal -0.195175 5.19617e-20 -0.980768
    outer loop
      vertex 29.5632 27.6 -5.76069
      vertex 29.7235 43.6 -5.79259
      vertex 29.7235 27.6 -5.79259
    endloop
  endfacet
  facet normal -0.195175 5.19617e-20 -0.980768
    outer loop
      vertex 29.7235 43.6 -5.79259
      vertex 29.5632 27.6 -5.76069
      vertex 29.5632 43.6 -5.76069
    endloop
  endfacet
  facet normal -0.442411 -4.90231e-20 -0.896812
    outer loop
      vertex 29.8784 27.6 -5.84515
      vertex 30.025 43.6 -5.91747
      vertex 30.025 27.6 -5.91747
    endloop
  endfacet
  facet normal -0.442411 -4.90231e-20 -0.896812
    outer loop
      vertex 30.025 43.6 -5.91747
      vertex 29.8784 27.6 -5.84515
      vertex 29.8784 43.6 -5.84515
    endloop
  endfacet
  facet normal 0.321322 -2.15141e-19 -0.94697
    outer loop
      vertex 28.9216 27.6 -5.84515
      vertex 29.0765 43.6 -5.79259
      vertex 29.0765 27.6 -5.79259
    endloop
  endfacet
  facet normal 0.321322 -2.15141e-19 -0.94697
    outer loop
      vertex 29.0765 43.6 -5.79259
      vertex 28.9216 27.6 -5.84515
      vertex 28.9216 43.6 -5.84515
    endloop
  endfacet
  facet normal 0.0653624 -3.50503e-20 -0.997862
    outer loop
      vertex 29.2368 27.6 -5.76069
      vertex 29.4 43.6 -5.75
      vertex 29.4 27.6 -5.75
    endloop
  endfacet
  facet normal 0.0653624 -3.50503e-20 -0.997862
    outer loop
      vertex 29.4 43.6 -5.75
      vertex 29.2368 27.6 -5.76069
      vertex 29.2368 43.6 -5.76069
    endloop
  endfacet
  facet normal -0.321322 2.15141e-19 -0.94697
    outer loop
      vertex 29.7235 27.6 -5.79259
      vertex 29.8784 43.6 -5.84515
      vertex 29.8784 27.6 -5.84515
    endloop
  endfacet
  facet normal -0.321322 2.15141e-19 -0.94697
    outer loop
      vertex 29.8784 43.6 -5.84515
      vertex 29.7235 27.6 -5.79259
      vertex 29.7235 43.6 -5.79259
    endloop
  endfacet
  facet normal 0.555616 -1.46234e-19 -0.831439
    outer loop
      vertex 28.6515 27.6 -6
      vertex 28.775 43.6 -5.91747
      vertex 28.775 27.6 -5.91747
    endloop
  endfacet
  facet normal 0.555616 -1.46234e-19 -0.831439
    outer loop
      vertex 28.775 43.6 -5.91747
      vertex 28.6515 27.6 -6
      vertex 28.6515 43.6 -6
    endloop
  endfacet
  facet normal -0.0653624 3.50503e-20 -0.997862
    outer loop
      vertex 29.4 27.6 -5.75
      vertex 29.5632 43.6 -5.76069
      vertex 29.5632 27.6 -5.76069
    endloop
  endfacet
  facet normal -0.0653624 3.50503e-20 -0.997862
    outer loop
      vertex 29.5632 43.6 -5.76069
      vertex 29.4 27.6 -5.75
      vertex 29.4 43.6 -5.75
    endloop
  endfacet
  facet normal 0.442411 1.22883e-19 -0.896812
    outer loop
      vertex 28.775 27.6 -5.91747
      vertex 28.9216 43.6 -5.84515
      vertex 28.9216 27.6 -5.84515
    endloop
  endfacet
  facet normal 0.442411 1.22883e-19 -0.896812
    outer loop
      vertex 28.9216 43.6 -5.84515
      vertex 28.775 27.6 -5.91747
      vertex 28.775 43.6 -5.91747
    endloop
  endfacet
  facet normal 0.195175 6.00119e-20 -0.980768
    outer loop
      vertex 29.0765 27.6 -5.79259
      vertex 29.2368 43.6 -5.76069
      vertex 29.2368 27.6 -5.76069
    endloop
  endfacet
  facet normal 0.195175 6.00119e-20 -0.980768
    outer loop
      vertex 29.2368 43.6 -5.76069
      vertex 29.0765 27.6 -5.79259
      vertex 29.0765 43.6 -5.79259
    endloop
  endfacet
  facet normal -0.555616 1.46234e-19 -0.831439
    outer loop
      vertex 30.025 27.6 -5.91747
      vertex 30.1485 43.6 -6
      vertex 30.1485 27.6 -6
    endloop
  endfacet
  facet normal -0.555616 1.46234e-19 -0.831439
    outer loop
      vertex 30.1485 43.6 -6
      vertex 30.025 27.6 -5.91747
      vertex 30.025 43.6 -5.91747
    endloop
  endfacet
  facet normal 0 1 0
    outer loop
      vertex 29.5632 27.6 -5.76069
      vertex 29.2368 27.6 -5.76069
      vertex 29.4 27.6 -5.75
    endloop
  endfacet
  facet normal 0 1 0
    outer loop
      vertex 29.7235 27.6 -5.79259
      vertex 29.2368 27.6 -5.76069
      vertex 29.5632 27.6 -5.76069
    endloop
  endfacet
  facet normal 0 1 0
    outer loop
      vertex 29.7235 27.6 -5.79259
      vertex 29.0765 27.6 -5.79259
      vertex 29.2368 27.6 -5.76069
    endloop
  endfacet
  facet normal 0 1 0
    outer loop
      vertex 29.8784 27.6 -5.84515
      vertex 29.0765 27.6 -5.79259
      vertex 29.7235 27.6 -5.79259
    endloop
  endfacet
  facet normal 0 1 0
    outer loop
      vertex 29.8784 27.6 -5.84515
      vertex 28.9216 27.6 -5.84515
      vertex 29.0765 27.6 -5.79259
    endloop
  endfacet
  facet normal 0 1 0
    outer loop
      vertex 30.025 27.6 -5.91747
      vertex 28.9216 27.6 -5.84515
      vertex 29.8784 27.6 -5.84515
    endloop
  endfacet
  facet normal 0 1 0
    outer loop
      vertex 30.025 27.6 -5.91747
      vertex 28.775 27.6 -5.91747
      vertex 28.9216 27.6 -5.84515
    endloop
  endfacet
  facet normal 0 1 0
    outer loop
      vertex 30.1485 27.6 -6
      vertex 28.775 27.6 -5.91747
      vertex 30.025 27.6 -5.91747
    endloop
  endfacet
  facet normal 0 1 0
    outer loop
      vertex 28.775 27.6 -5.91747
      vertex 30.1485 27.6 -6
      vertex 28.6515 27.6 -6
    endloop
  endfacet
  facet normal 0 -1 0
    outer loop
      vertex 29.2368 43.6 -5.76069
      vertex 29.5632 43.6 -5.76069
      vertex 29.4 43.6 -5.75
    endloop
  endfacet
  facet normal 0 -1 0
    outer loop
      vertex 29.0765 43.6 -5.79259
      vertex 29.5632 43.6 -5.76069
      vertex 29.2368 43.6 -5.76069
    endloop
  endfacet
  facet normal 0 -1 0
    outer loop
      vertex 29.0765 43.6 -5.79259
      vertex 29.7235 43.6 -5.79259
      vertex 29.5632 43.6 -5.76069
    endloop
  endfacet
  facet normal 0 -1 0
    outer loop
      vertex 28.9216 43.6 -5.84515
      vertex 29.7235 43.6 -5.79259
      vertex 29.0765 43.6 -5.79259
    endloop
  endfacet
  facet normal 0 -1 0
    outer loop
      vertex 28.9216 43.6 -5.84515
      vertex 29.8784 43.6 -5.84515
      vertex 29.7235 43.6 -5.79259
    endloop
  endfacet
  facet normal 0 -1 0
    outer loop
      vertex 28.775 43.6 -5.91747
      vertex 29.8784 43.6 -5.84515
      vertex 28.9216 43.6 -5.84515
    endloop
  endfacet
  facet normal 0 -1 0
    outer loop
      vertex 28.775 43.6 -5.91747
      vertex 30.025 43.6 -5.91747
      vertex 29.8784 43.6 -5.84515
    endloop
  endfacet
  facet normal 0 -1 0
    outer loop
      vertex 28.6515 43.6 -6
      vertex 30.025 43.6 -5.91747
      vertex 28.775 43.6 -5.91747
    endloop
  endfacet
  facet normal 0 -1 -0
    outer loop
      vertex 30.025 43.6 -5.91747
      vertex 28.6515 43.6 -6
      vertex 30.1485 43.6 -6
    endloop
  endfacet
  facet normal -0.195175 5.19617e-20 -0.980768
    outer loop
      vertex 29.5632 95.4 -5.76069
      vertex 29.7235 111.4 -5.79259
      vertex 29.7235 95.4 -5.79259
    endloop
  endfacet
  facet normal -0.195175 5.19617e-20 -0.980768
    outer loop
      vertex 29.7235 111.4 -5.79259
      vertex 29.5632 95.4 -5.76069
      vertex 29.5632 111.4 -5.76069
    endloop
  endfacet
  facet normal -0.442411 -4.90231e-20 -0.896812
    outer loop
      vertex 29.8784 95.4 -5.84515
      vertex 30.025 111.4 -5.91747
      vertex 30.025 95.4 -5.91747
    endloop
  endfacet
  facet normal -0.442411 -4.90231e-20 -0.896812
    outer loop
      vertex 30.025 111.4 -5.91747
      vertex 29.8784 95.4 -5.84515
      vertex 29.8784 111.4 -5.84515
    endloop
  endfacet
  facet normal 0.321322 -2.15141e-19 -0.94697
    outer loop
      vertex 28.9216 95.4 -5.84515
      vertex 29.0765 111.4 -5.79259
      vertex 29.0765 95.4 -5.79259
    endloop
  endfacet
  facet normal 0.321322 -2.15141e-19 -0.94697
    outer loop
      vertex 29.0765 111.4 -5.79259
      vertex 28.9216 95.4 -5.84515
      vertex 28.9216 111.4 -5.84515
    endloop
  endfacet
  facet normal 0.0653624 -3.50503e-20 -0.997862
    outer loop
      vertex 29.2368 95.4 -5.76069
      vertex 29.4 111.4 -5.75
      vertex 29.4 95.4 -5.75
    endloop
  endfacet
  facet normal 0.0653624 -3.50503e-20 -0.997862
    outer loop
      vertex 29.4 111.4 -5.75
      vertex 29.2368 95.4 -5.76069
      vertex 29.2368 111.4 -5.76069
    endloop
  endfacet
  facet normal -0.321322 2.15141e-19 -0.94697
    outer loop
      vertex 29.7235 95.4 -5.79259
      vertex 29.8784 111.4 -5.84515
      vertex 29.8784 95.4 -5.84515
    endloop
  endfacet
  facet normal -0.321322 2.15141e-19 -0.94697
    outer loop
      vertex 29.8784 111.4 -5.84515
      vertex 29.7235 95.4 -5.79259
      vertex 29.7235 111.4 -5.79259
    endloop
  endfacet
  facet normal 0.555616 -1.46234e-19 -0.831439
    outer loop
      vertex 28.6515 95.4 -6
      vertex 28.775 111.4 -5.91747
      vertex 28.775 95.4 -5.91747
    endloop
  endfacet
  facet normal 0.555616 -1.46234e-19 -0.831439
    outer loop
      vertex 28.775 111.4 -5.91747
      vertex 28.6515 95.4 -6
      vertex 28.6515 111.4 -6
    endloop
  endfacet
  facet normal -0.0653624 3.50503e-20 -0.997862
    outer loop
      vertex 29.4 95.4 -5.75
      vertex 29.5632 111.4 -5.76069
      vertex 29.5632 95.4 -5.76069
    endloop
  endfacet
  facet normal -0.0653624 3.50503e-20 -0.997862
    outer loop
      vertex 29.5632 111.4 -5.76069
      vertex 29.4 95.4 -5.75
      vertex 29.4 111.4 -5.75
    endloop
  endfacet
  facet normal 0.442411 1.22883e-19 -0.896812
    outer loop
      vertex 28.775 95.4 -5.91747
      vertex 28.9216 111.4 -5.84515
      vertex 28.9216 95.4 -5.84515
    endloop
  endfacet
  facet normal 0.442411 1.22883e-19 -0.896812
    outer loop
      vertex 28.9216 111.4 -5.84515
      vertex 28.775 95.4 -5.91747
      vertex 28.775 111.4 -5.91747
    endloop
  endfacet
  facet normal 0.195175 6.00119e-20 -0.980768
    outer loop
      vertex 29.0765 95.4 -5.79259
      vertex 29.2368 111.4 -5.76069
      vertex 29.2368 95.4 -5.76069
    endloop
  endfacet
  facet normal 0.195175 6.00119e-20 -0.980768
    outer loop
      vertex 29.2368 111.4 -5.76069
      vertex 29.0765 95.4 -5.79259
      vertex 29.0765 111.4 -5.79259
    endloop
  endfacet
  facet normal -0.555616 1.46234e-19 -0.831439
    outer loop
      vertex 30.025 95.4 -5.91747
      vertex 30.1485 111.4 -6
      vertex 30.1485 95.4 -6
    endloop
  endfacet
  facet normal -0.555616 1.46234e-19 -0.831439
    outer loop
      vertex 30.1485 111.4 -6
      vertex 30.025 95.4 -5.91747
      vertex 30.025 111.4 -5.91747
    endloop
  endfacet
  facet normal 0 1 0
    outer loop
      vertex 29.5632 95.4 -5.76069
      vertex 29.2368 95.4 -5.76069
      vertex 29.4 95.4 -5.75
    endloop
  endfacet
  facet normal 0 1 0
    outer loop
      vertex 29.7235 95.4 -5.79259
      vertex 29.2368 95.4 -5.76069
      vertex 29.5632 95.4 -5.76069
    endloop
  endfacet
  facet normal 0 1 0
    outer loop
      vertex 29.7235 95.4 -5.79259
      vertex 29.0765 95.4 -5.79259
      vertex 29.2368 95.4 -5.76069
    endloop
  endfacet
  facet normal 0 1 0
    outer loop
      vertex 29.8784 95.4 -5.84515
      vertex 29.0765 95.4 -5.79259
      vertex 29.7235 95.4 -5.79259
    endloop
  endfacet
  facet normal 0 1 0
    outer loop
      vertex 29.8784 95.4 -5.84515
      vertex 28.9216 95.4 -5.84515
      vertex 29.0765 95.4 -5.79259
    endloop
  endfacet
  facet normal 0 1 0
    outer loop
      vertex 30.025 95.4 -5.91747
      vertex 28.9216 95.4 -5.84515
      vertex 29.8784 95.4 -5.84515
    endloop
  endfacet
  facet normal 0 1 0
    outer loop
      vertex 30.025 95.4 -5.91747
      vertex 28.775 95.4 -5.91747
      vertex 28.9216 95.4 -5.84515
    endloop
  endfacet
  facet normal 0 1 0
    outer loop
      vertex 30.1485 95.4 -6
      vertex 28.775 95.4 -5.91747
      vertex 30.025 95.4 -5.91747
    endloop
  endfacet
  facet normal 0 1 0
    outer loop
      vertex 28.775 95.4 -5.91747
      vertex 30.1485 95.4 -6
      vertex 28.6515 95.4 -6
    endloop
  endfacet
  facet normal 0 -1 0
    outer loop
      vertex 29.2368 111.4 -5.76069
      vertex 29.5632 111.4 -5.76069
      vertex 29.4 111.4 -5.75
    endloop
  endfacet
  facet normal 0 -1 0
    outer loop
      vertex 29.0765 111.4 -5.79259
      vertex 29.5632 111.4 -5.76069
      vertex 29.2368 111.4 -5.76069
    endloop
  endfacet
  facet normal 0 -1 0
    outer loop
      vertex 29.0765 111.4 -5.79259
      vertex 29.7235 111.4 -5.79259
      vertex 29.5632 111.4 -5.76069
    endloop
  endfacet
  facet normal 0 -1 0
    outer loop
      vertex 28.9216 111.4 -5.84515
      vertex 29.7235 111.4 -5.79259
      vertex 29.0765 111.4 -5.79259
    endloop
  endfacet
  facet normal 0 -1 0
    outer loop
      vertex 28.9216 111.4 -5.84515
      vertex 29.8784 111.4 -5.84515
      vertex 29.7235 111.4 -5.79259
    endloop
  endfacet
  facet normal 0 -1 0
    outer loop
      vertex 28.775 111.4 -5.91747
      vertex 29.8784 111.4 -5.84515
      vertex 28.9216 111.4 -5.84515
    endloop
  endfacet
  facet normal 0 -1 0
    outer loop
      vertex 28.775 111.4 -5.91747
      vertex 30.025 111.4 -5.91747
      vertex 29.8784 111.4 -5.84515
    endloop
  endfacet
  facet normal 0 -1 0
    outer loop
      vertex 28.6515 111.4 -6
      vertex 30.025 111.4 -5.91747
      vertex 28.775 111.4 -5.91747
    endloop
  endfacet
  facet normal 0 -1 -0
    outer loop
      vertex 30.025 111.4 -5.91747
      vertex 28.6515 111.4 -6
      vertex 30.1485 111.4 -6
    endloop
  endfacet
  facet normal -0.195175 -6.00119e-20 -0.980768
    outer loop
      vertex -29.2368 72 -5.76069
      vertex -29.0765 88 -5.79259
      vertex -29.0765 72 -5.79259
    endloop
  endfacet
  facet normal -0.195175 -6.00119e-20 -0.980768
    outer loop
      vertex -29.0765 88 -5.79259
      vertex -29.2368 72 -5.76069
      vertex -29.2368 88 -5.76069
    endloop
  endfacet
  facet normal -0.442411 -1.22883e-19 -0.896812
    outer loop
      vertex -28.9216 72 -5.84515
      vertex -28.775 88 -5.91747
      vertex -28.775 72 -5.91747
    endloop
  endfacet
  facet normal -0.442411 -1.22883e-19 -0.896812
    outer loop
      vertex -28.775 88 -5.91747
      vertex -28.9216 72 -5.84515
      vertex -28.9216 88 -5.84515
    endloop
  endfacet
  facet normal 0.321322 -2.15141e-19 -0.94697
    outer loop
      vertex -29.8784 72 -5.84515
      vertex -29.7235 88 -5.79259
      vertex -29.7235 72 -5.79259
    endloop
  endfacet
  facet normal 0.321322 -2.15141e-19 -0.94697
    outer loop
      vertex -29.7235 88 -5.79259
      vertex -29.8784 72 -5.84515
      vertex -29.8784 88 -5.84515
    endloop
  endfacet
  facet normal 0.0653624 -3.50503e-20 -0.997862
    outer loop
      vertex -29.5632 72 -5.76069
      vertex -29.4 88 -5.75
      vertex -29.4 72 -5.75
    endloop
  endfacet
  facet normal 0.0653624 -3.50503e-20 -0.997862
    outer loop
      vertex -29.4 88 -5.75
      vertex -29.5632 72 -5.76069
      vertex -29.5632 88 -5.76069
    endloop
  endfacet
  facet normal -0.321322 2.15141e-19 -0.94697
    outer loop
      vertex -29.0765 72 -5.79259
      vertex -28.9216 88 -5.84515
      vertex -28.9216 72 -5.84515
    endloop
  endfacet
  facet normal -0.321322 2.15141e-19 -0.94697
    outer loop
      vertex -28.9216 88 -5.84515
      vertex -29.0765 72 -5.79259
      vertex -29.0765 88 -5.79259
    endloop
  endfacet
  facet normal 0.555616 -1.46234e-19 -0.831439
    outer loop
      vertex -30.1485 72 -6
      vertex -30.025 88 -5.91747
      vertex -30.025 72 -5.91747
    endloop
  endfacet
  facet normal 0.555616 -1.46234e-19 -0.831439
    outer loop
      vertex -30.025 88 -5.91747
      vertex -30.1485 72 -6
      vertex -30.1485 88 -6
    endloop
  endfacet
  facet normal -0.0653624 3.50503e-20 -0.997862
    outer loop
      vertex -29.4 72 -5.75
      vertex -29.2368 88 -5.76069
      vertex -29.2368 72 -5.76069
    endloop
  endfacet
  facet normal -0.0653624 3.50503e-20 -0.997862
    outer loop
      vertex -29.2368 88 -5.76069
      vertex -29.4 72 -5.75
      vertex -29.4 88 -5.75
    endloop
  endfacet
  facet normal 0.442411 4.90231e-20 -0.896812
    outer loop
      vertex -30.025 72 -5.91747
      vertex -29.8784 88 -5.84515
      vertex -29.8784 72 -5.84515
    endloop
  endfacet
  facet normal 0.442411 4.90231e-20 -0.896812
    outer loop
      vertex -29.8784 88 -5.84515
      vertex -30.025 72 -5.91747
      vertex -30.025 88 -5.91747
    endloop
  endfacet
  facet normal 0.195175 -5.19617e-20 -0.980768
    outer loop
      vertex -29.7235 72 -5.79259
      vertex -29.5632 88 -5.76069
      vertex -29.5632 72 -5.76069
    endloop
  endfacet
  facet normal 0.195175 -5.19617e-20 -0.980768
    outer loop
      vertex -29.5632 88 -5.76069
      vertex -29.7235 72 -5.79259
      vertex -29.7235 88 -5.79259
    endloop
  endfacet
  facet normal -0.555616 1.46234e-19 -0.831439
    outer loop
      vertex -28.775 72 -5.91747
      vertex -28.6515 88 -6
      vertex -28.6515 72 -6
    endloop
  endfacet
  facet normal -0.555616 1.46234e-19 -0.831439
    outer loop
      vertex -28.6515 88 -6
      vertex -28.775 72 -5.91747
      vertex -28.775 88 -5.91747
    endloop
  endfacet
  facet normal 0 1 0
    outer loop
      vertex -29.2368 72 -5.76069
      vertex -29.5632 72 -5.76069
      vertex -29.4 72 -5.75
    endloop
  endfacet
  facet normal 0 1 0
    outer loop
      vertex -29.0765 72 -5.79259
      vertex -29.5632 72 -5.76069
      vertex -29.2368 72 -5.76069
    endloop
  endfacet
  facet normal 0 1 0
    outer loop
      vertex -29.0765 72 -5.79259
      vertex -29.7235 72 -5.79259
      vertex -29.5632 72 -5.76069
    endloop
  endfacet
  facet normal 0 1 0
    outer loop
      vertex -28.9216 72 -5.84515
      vertex -29.7235 72 -5.79259
      vertex -29.0765 72 -5.79259
    endloop
  endfacet
  facet normal 0 1 0
    outer loop
      vertex -28.9216 72 -5.84515
      vertex -29.8784 72 -5.84515
      vertex -29.7235 72 -5.79259
    endloop
  endfacet
  facet normal 0 1 0
    outer loop
      vertex -28.775 72 -5.91747
      vertex -29.8784 72 -5.84515
      vertex -28.9216 72 -5.84515
    endloop
  endfacet
  facet normal 0 1 0
    outer loop
      vertex -28.775 72 -5.91747
      vertex -30.025 72 -5.91747
      vertex -29.8784 72 -5.84515
    endloop
  endfacet
  facet normal 0 1 0
    outer loop
      vertex -28.6515 72 -6
      vertex -30.025 72 -5.91747
      vertex -28.775 72 -5.91747
    endloop
  endfacet
  facet normal 0 1 0
    outer loop
      vertex -30.025 72 -5.91747
      vertex -28.6515 72 -6
      vertex -30.1485 72 -6
    endloop
  endfacet
  facet normal 0 -1 0
    outer loop
      vertex -29.5632 88 -5.76069
      vertex -29.2368 88 -5.76069
      vertex -29.4 88 -5.75
    endloop
  endfacet
  facet normal 0 -1 0
    outer loop
      vertex -29.7235 88 -5.79259
      vertex -29.2368 88 -5.76069
      vertex -29.5632 88 -5.76069
    endloop
  endfacet
  facet normal 0 -1 0
    outer loop
      vertex -29.7235 88 -5.79259
      vertex -29.0765 88 -5.79259
      vertex -29.2368 88 -5.76069
    endloop
  endfacet
  facet normal 0 -1 0
    outer loop
      vertex -29.8784 88 -5.84515
      vertex -29.0765 88 -5.79259
      vertex -29.7235 88 -5.79259
    endloop
  endfacet
  facet normal 0 -1 0
    outer loop
      vertex -29.8784 88 -5.84515
      vertex -28.9216 88 -5.84515
      vertex -29.0765 88 -5.79259
    endloop
  endfacet
  facet normal 0 -1 0
    outer loop
      vertex -30.025 88 -5.91747
      vertex -28.9216 88 -5.84515
      vertex -29.8784 88 -5.84515
    endloop
  endfacet
  facet normal 0 -1 0
    outer loop
      vertex -30.025 88 -5.91747
      vertex -28.775 88 -5.91747
      vertex -28.9216 88 -5.84515
    endloop
  endfacet
  facet normal 0 -1 0
    outer loop
      vertex -30.1485 88 -6
      vertex -28.775 88 -5.91747
      vertex -30.025 88 -5.91747
    endloop
  endfacet
  facet normal 0 -1 -0
    outer loop
      vertex -28.775 88 -5.91747
      vertex -30.1485 88 -6
      vertex -28.6515 88 -6
    endloop
  endfacet
  facet normal -1 0 0
    outer loop
      vertex -37 96 -6
      vertex -37 118 0
      vertex -37 118 -6
    endloop
  endfacet
  facet normal -1 -0 0
    outer loop
      vertex -37 118 0
      vertex -37 96 -6
      vertex -37 96 0
    endloop
  endfacet
  facet normal 0 -1 0
    outer loop
      vertex -70 118 -6
      vertex -37 118 0
      vertex -70 118 0
    endloop
  endfacet
  facet normal 0 -1 -0
    outer loop
      vertex -37 118 0
      vertex -70 118 -6
      vertex -37 118 -6
    endloop
  endfacet
  facet normal 0 1 -0
    outer loop
      vertex -37 96 -6
      vertex -70 96 0
      vertex -37 96 0
    endloop
  endfacet
  facet normal 0 1 0
    outer loop
      vertex -70 96 0
      vertex -37 96 -6
      vertex -70 96 -6
    endloop
  endfacet
endsolid OpenSCAD_Model
