solid OpenSCAD_Model
  facet normal 0.995178 0.0980855 -4.86176e-18
    outer loop
      vertex 107.27 7.03084 8
      vertex 106.58 14.0316 0
      vertex 106.58 14.0316 8
    endloop
  endfacet
  facet normal 0.995178 0.0980855 -4.86176e-18
    outer loop
      vertex 106.58 14.0316 0
      vertex 107.27 7.03084 8
      vertex 107.27 7.03084 0
    endloop
  endfacet
  facet normal 0.999465 0.0326955 -1.54924e-18
    outer loop
      vertex 107.5 0 8
      vertex 107.27 7.03084 0
      vertex 107.27 7.03084 8
    endloop
  endfacet
  facet normal 0.999465 0.0326955 -1.54924e-18
    outer loop
      vertex 107.27 7.03084 0
      vertex 107.5 0 8
      vertex 107.5 0 0
    endloop
  endfacet
  facet normal 0.227025 -0.973889 0
    outer loop
      vertex 20.9722 -105.434 0
      vertex 27.823 -103.837 8
      vertex 20.9722 -105.434 8
    endloop
  endfacet
  facet normal 0.227025 -0.973889 0
    outer loop
      vertex 27.823 -103.837 8
      vertex 20.9722 -105.434 0
      vertex 27.823 -103.837 0
    endloop
  endfacet
  facet normal -0.634394 0.77301 0
    outer loop
      vertex -65.4419 85.2855 0
      vertex -70.8797 80.8228 8
      vertex -65.4419 85.2855 8
    endloop
  endfacet
  facet normal -0.634394 0.77301 0
    outer loop
      vertex -70.8797 80.8228 8
      vertex -65.4419 85.2855 0
      vertex -70.8797 80.8228 0
    endloop
  endfacet
  facet normal 0.528063 -0.849205 0
    outer loop
      vertex 53.75 -93.0977 0
      vertex 59.7238 -89.383 8
      vertex 53.75 -93.0977 8
    endloop
  endfacet
  facet normal 0.528063 -0.849205 0
    outer loop
      vertex 59.7238 -89.383 8
      vertex 53.75 -93.0977 0
      vertex 59.7238 -89.383 0
    endloop
  endfacet
  facet normal 0.935904 -0.352254 2.62489e-17
    outer loop
      vertex 99.317 -41.1385 8
      vertex 101.795 -34.5547 0
      vertex 101.795 -34.5547 8
    endloop
  endfacet
  facet normal 0.935904 -0.352254 2.62489e-17
    outer loop
      vertex 101.795 -34.5547 0
      vertex 99.317 -41.1385 8
      vertex 99.317 -41.1385 0
    endloop
  endfacet
  facet normal 0.0326955 0.999465 -0
    outer loop
      vertex 7.03084 107.27 0
      vertex 0 107.5 8
      vertex 7.03084 107.27 8
    endloop
  endfacet
  facet normal 0.0326955 0.999465 0
    outer loop
      vertex 0 107.5 8
      vertex 7.03084 107.27 0
      vertex 0 107.5 0
    endloop
  endfacet
  facet normal -0.812849 0.582475 -6.2735e-18
    outer loop
      vertex -89.383 59.7238 0
      vertex -85.2855 65.4419 8
      vertex -85.2855 65.4419 0
    endloop
  endfacet
  facet normal -0.812849 0.582475 -6.2735e-18
    outer loop
      vertex -85.2855 65.4419 8
      vertex -89.383 59.7238 0
      vertex -89.383 59.7238 8
    endloop
  endfacet
  facet normal -0.910864 -0.412707 -1.83693e-17
    outer loop
      vertex -96.4138 -47.546 0
      vertex -99.317 -41.1385 8
      vertex -99.317 -41.1385 0
    endloop
  endfacet
  facet normal -0.910864 -0.412707 -1.83693e-17
    outer loop
      vertex -99.317 -41.1385 8
      vertex -96.4138 -47.546 0
      vertex -96.4138 -47.546 8
    endloop
  endfacet
  facet normal 0.634394 0.77301 -0
    outer loop
      vertex 70.8797 80.8228 0
      vertex 65.4419 85.2855 8
      vertex 70.8797 80.8228 8
    endloop
  endfacet
  facet normal 0.634394 0.77301 0
    outer loop
      vertex 65.4419 85.2855 8
      vertex 70.8797 80.8228 0
      vertex 65.4419 85.2855 0
    endloop
  endfacet
  facet normal 0.16291 -0.986641 0
    outer loop
      vertex 14.0316 -106.58 0
      vertex 20.9722 -105.434 8
      vertex 14.0316 -106.58 8
    endloop
  endfacet
  facet normal 0.16291 -0.986641 0
    outer loop
      vertex 20.9722 -105.434 8
      vertex 14.0316 -106.58 0
      vertex 20.9722 -105.434 0
    endloop
  endfacet
  facet normal 0.973889 0.227025 4.19852e-18
    outer loop
      vertex 105.434 20.9722 8
      vertex 103.837 27.823 0
      vertex 103.837 27.823 8
    endloop
  endfacet
  facet normal 0.973889 0.227025 4.19852e-18
    outer loop
      vertex 103.837 27.823 0
      vertex 105.434 20.9722 8
      vertex 105.434 20.9722 0
    endloop
  endfacet
  facet normal 0.935904 0.352254 -2.62489e-17
    outer loop
      vertex 101.795 34.5547 8
      vertex 99.317 41.1385 0
      vertex 99.317 41.1385 8
    endloop
  endfacet
  facet normal 0.935904 0.352254 -2.62489e-17
    outer loop
      vertex 99.317 41.1385 0
      vertex 101.795 34.5547 8
      vertex 101.795 34.5547 0
    endloop
  endfacet
  facet normal 0.634394 -0.77301 0
    outer loop
      vertex 65.4419 -85.2855 0
      vertex 70.8797 -80.8228 8
      vertex 65.4419 -85.2855 8
    endloop
  endfacet
  facet normal 0.634394 -0.77301 0
    outer loop
      vertex 70.8797 -80.8228 8
      vertex 65.4419 -85.2855 0
      vertex 70.8797 -80.8228 0
    endloop
  endfacet
  facet normal -0.352254 0.935904 0
    outer loop
      vertex -34.5547 101.795 0
      vertex -41.1385 99.317 8
      vertex -34.5547 101.795 8
    endloop
  endfacet
  facet normal -0.352254 0.935904 0
    outer loop
      vertex -41.1385 99.317 8
      vertex -34.5547 101.795 0
      vertex -41.1385 99.317 0
    endloop
  endfacet
  facet normal 0.812849 -0.582475 -6.2735e-18
    outer loop
      vertex 85.2855 -65.4419 8
      vertex 89.383 -59.7238 0
      vertex 89.383 -59.7238 8
    endloop
  endfacet
  facet normal 0.812849 -0.582475 -6.2735e-18
    outer loop
      vertex 89.383 -59.7238 0
      vertex 85.2855 -65.4419 8
      vertex 85.2855 -65.4419 0
    endloop
  endfacet
  facet normal -0.77301 -0.634394 -2.53932e-17
    outer loop
      vertex -80.8228 -70.8797 0
      vertex -85.2855 -65.4419 8
      vertex -85.2855 -65.4419 0
    endloop
  endfacet
  facet normal -0.77301 -0.634394 -2.53932e-17
    outer loop
      vertex -85.2855 -65.4419 8
      vertex -80.8228 -70.8797 0
      vertex -80.8228 -70.8797 8
    endloop
  endfacet
  facet normal 0.582475 0.812849 -0
    outer loop
      vertex 65.4419 85.2855 0
      vertex 59.7238 89.383 8
      vertex 65.4419 85.2855 8
    endloop
  endfacet
  facet normal 0.582475 0.812849 0
    outer loop
      vertex 59.7238 89.383 8
      vertex 65.4419 85.2855 0
      vertex 59.7238 89.383 0
    endloop
  endfacet
  facet normal -0.849205 -0.528063 2.59152e-17
    outer loop
      vertex -89.383 -59.7238 0
      vertex -93.0977 -53.75 8
      vertex -93.0977 -53.75 0
    endloop
  endfacet
  facet normal -0.849205 -0.528063 2.59152e-17
    outer loop
      vertex -93.0977 -53.75 8
      vertex -89.383 -59.7238 0
      vertex -89.383 -59.7238 8
    endloop
  endfacet
  facet normal -0.0980855 -0.995178 0
    outer loop
      vertex -14.0316 -106.58 0
      vertex -7.03084 -107.27 8
      vertex -14.0316 -106.58 8
    endloop
  endfacet
  facet normal -0.0980855 -0.995178 -0
    outer loop
      vertex -7.03084 -107.27 8
      vertex -14.0316 -106.58 0
      vertex -7.03084 -107.27 0
    endloop
  endfacet
  facet normal -0.935904 -0.352254 -2.62489e-17
    outer loop
      vertex -99.317 -41.1385 0
      vertex -101.795 -34.5547 8
      vertex -101.795 -34.5547 0
    endloop
  endfacet
  facet normal -0.935904 -0.352254 -2.62489e-17
    outer loop
      vertex -101.795 -34.5547 8
      vertex -99.317 -41.1385 0
      vertex -99.317 -41.1385 8
    endloop
  endfacet
  facet normal -0.956942 -0.29028 -8.82558e-18
    outer loop
      vertex -101.795 -34.5547 0
      vertex -103.837 -27.823 8
      vertex -103.837 -27.823 0
    endloop
  endfacet
  facet normal -0.956942 -0.29028 -8.82558e-18
    outer loop
      vertex -103.837 -27.823 8
      vertex -101.795 -34.5547 0
      vertex -101.795 -34.5547 8
    endloop
  endfacet
  facet normal -0.16291 -0.986641 0
    outer loop
      vertex -20.9722 -105.434 0
      vertex -14.0316 -106.58 8
      vertex -20.9722 -105.434 8
    endloop
  endfacet
  facet normal -0.16291 -0.986641 -0
    outer loop
      vertex -14.0316 -106.58 8
      vertex -20.9722 -105.434 0
      vertex -14.0316 -106.58 0
    endloop
  endfacet
  facet normal 0.986641 0.16291 -3.89474e-18
    outer loop
      vertex 106.58 14.0316 8
      vertex 105.434 20.9722 0
      vertex 105.434 20.9722 8
    endloop
  endfacet
  facet normal 0.986641 0.16291 -3.89474e-18
    outer loop
      vertex 105.434 20.9722 0
      vertex 106.58 14.0316 8
      vertex 106.58 14.0316 0
    endloop
  endfacet
  facet normal 0.412707 0.910864 -0
    outer loop
      vertex 47.546 96.4138 0
      vertex 41.1385 99.317 8
      vertex 47.546 96.4138 8
    endloop
  endfacet
  facet normal 0.412707 0.910864 0
    outer loop
      vertex 41.1385 99.317 8
      vertex 47.546 96.4138 0
      vertex 41.1385 99.317 0
    endloop
  endfacet
  facet normal 0.412707 -0.910864 0
    outer loop
      vertex 41.1385 -99.317 0
      vertex 47.546 -96.4138 8
      vertex 41.1385 -99.317 8
    endloop
  endfacet
  facet normal 0.412707 -0.910864 0
    outer loop
      vertex 47.546 -96.4138 8
      vertex 41.1385 -99.317 0
      vertex 47.546 -96.4138 0
    endloop
  endfacet
  facet normal -0.29028 0.956942 0
    outer loop
      vertex -27.823 103.837 0
      vertex -34.5547 101.795 8
      vertex -27.823 103.837 8
    endloop
  endfacet
  facet normal -0.29028 0.956942 0
    outer loop
      vertex -34.5547 101.795 8
      vertex -27.823 103.837 0
      vertex -34.5547 101.795 0
    endloop
  endfacet
  facet normal 0.729864 0.683593 6.08106e-18
    outer loop
      vertex 80.8228 70.8797 8
      vertex 76.014 76.014 0
      vertex 76.014 76.014 8
    endloop
  endfacet
  facet normal 0.729864 0.683593 6.08106e-18
    outer loop
      vertex 76.014 76.014 0
      vertex 80.8228 70.8797 8
      vertex 80.8228 70.8797 0
    endloop
  endfacet
  facet normal 0.528063 0.849205 -0
    outer loop
      vertex 59.7238 89.383 0
      vertex 53.75 93.0977 8
      vertex 59.7238 89.383 8
    endloop
  endfacet
  facet normal 0.528063 0.849205 0
    outer loop
      vertex 53.75 93.0977 8
      vertex 59.7238 89.383 0
      vertex 53.75 93.0977 0
    endloop
  endfacet
  facet normal -0.910864 0.412707 1.83693e-17
    outer loop
      vertex -99.317 41.1385 0
      vertex -96.4138 47.546 8
      vertex -96.4138 47.546 0
    endloop
  endfacet
  facet normal -0.910864 0.412707 1.83693e-17
    outer loop
      vertex -96.4138 47.546 8
      vertex -99.317 41.1385 0
      vertex -99.317 41.1385 8
    endloop
  endfacet
  facet normal 0.956942 -0.29028 8.82558e-18
    outer loop
      vertex 101.795 -34.5547 8
      vertex 103.837 -27.823 0
      vertex 103.837 -27.823 8
    endloop
  endfacet
  facet normal 0.956942 -0.29028 8.82558e-18
    outer loop
      vertex 103.837 -27.823 0
      vertex 101.795 -34.5547 8
      vertex 101.795 -34.5547 0
    endloop
  endfacet
  facet normal -0.881922 -0.471396 -1.26027e-17
    outer loop
      vertex -93.0977 -53.75 0
      vertex -96.4138 -47.546 8
      vertex -96.4138 -47.546 0
    endloop
  endfacet
  facet normal -0.881922 -0.471396 -1.26027e-17
    outer loop
      vertex -96.4138 -47.546 8
      vertex -93.0977 -53.75 0
      vertex -93.0977 -53.75 8
    endloop
  endfacet
  facet normal -0.582475 -0.812849 0
    outer loop
      vertex -65.4419 -85.2855 0
      vertex -59.7238 -89.383 8
      vertex -65.4419 -85.2855 8
    endloop
  endfacet
  facet normal -0.582475 -0.812849 -0
    outer loop
      vertex -59.7238 -89.383 8
      vertex -65.4419 -85.2855 0
      vertex -59.7238 -89.383 0
    endloop
  endfacet
  facet normal -0.999465 -0.0326955 -1.54924e-18
    outer loop
      vertex -107.27 -7.03084 0
      vertex -107.5 0 8
      vertex -107.5 0 0
    endloop
  endfacet
  facet normal -0.999465 -0.0326955 -1.54924e-18
    outer loop
      vertex -107.5 0 8
      vertex -107.27 -7.03084 0
      vertex -107.27 -7.03084 8
    endloop
  endfacet
  facet normal 0.910864 -0.412707 1.83693e-17
    outer loop
      vertex 96.4138 -47.546 8
      vertex 99.317 -41.1385 0
      vertex 99.317 -41.1385 8
    endloop
  endfacet
  facet normal 0.910864 -0.412707 1.83693e-17
    outer loop
      vertex 99.317 -41.1385 0
      vertex 96.4138 -47.546 8
      vertex 96.4138 -47.546 0
    endloop
  endfacet
  facet normal -0.634394 -0.77301 0
    outer loop
      vertex -70.8797 -80.8228 0
      vertex -65.4419 -85.2855 8
      vertex -70.8797 -80.8228 8
    endloop
  endfacet
  facet normal -0.634394 -0.77301 -0
    outer loop
      vertex -65.4419 -85.2855 8
      vertex -70.8797 -80.8228 0
      vertex -65.4419 -85.2855 0
    endloop
  endfacet
  facet normal -0.995178 0.0980855 4.86176e-18
    outer loop
      vertex -107.27 7.03084 0
      vertex -106.58 14.0316 8
      vertex -106.58 14.0316 0
    endloop
  endfacet
  facet normal -0.995178 0.0980855 4.86176e-18
    outer loop
      vertex -106.58 14.0316 8
      vertex -107.27 7.03084 0
      vertex -107.27 7.03084 8
    endloop
  endfacet
  facet normal 0.0326955 -0.999465 0
    outer loop
      vertex 0 -107.5 0
      vertex 7.03084 -107.27 8
      vertex 0 -107.5 8
    endloop
  endfacet
  facet normal 0.0326955 -0.999465 0
    outer loop
      vertex 7.03084 -107.27 8
      vertex 0 -107.5 0
      vertex 7.03084 -107.27 0
    endloop
  endfacet
  facet normal -0.0980855 0.995178 0
    outer loop
      vertex -7.03084 107.27 0
      vertex -14.0316 106.58 8
      vertex -7.03084 107.27 8
    endloop
  endfacet
  facet normal -0.0980855 0.995178 0
    outer loop
      vertex -14.0316 106.58 8
      vertex -7.03084 107.27 0
      vertex -14.0316 106.58 0
    endloop
  endfacet
  facet normal -0.973889 -0.227025 4.19852e-18
    outer loop
      vertex -103.837 -27.823 0
      vertex -105.434 -20.9722 8
      vertex -105.434 -20.9722 0
    endloop
  endfacet
  facet normal -0.973889 -0.227025 4.19852e-18
    outer loop
      vertex -105.434 -20.9722 8
      vertex -103.837 -27.823 0
      vertex -103.837 -27.823 8
    endloop
  endfacet
  facet normal 0.849205 0.528063 2.59152e-17
    outer loop
      vertex 93.0977 53.75 8
      vertex 89.383 59.7238 0
      vertex 89.383 59.7238 8
    endloop
  endfacet
  facet normal 0.849205 0.528063 2.59152e-17
    outer loop
      vertex 89.383 59.7238 0
      vertex 93.0977 53.75 8
      vertex 93.0977 53.75 0
    endloop
  endfacet
  facet normal -0.986641 0.16291 3.89474e-18
    outer loop
      vertex -106.58 14.0316 0
      vertex -105.434 20.9722 8
      vertex -105.434 20.9722 0
    endloop
  endfacet
  facet normal -0.986641 0.16291 3.89474e-18
    outer loop
      vertex -105.434 20.9722 8
      vertex -106.58 14.0316 0
      vertex -106.58 14.0316 8
    endloop
  endfacet
  facet normal -0.16291 0.986641 0
    outer loop
      vertex -14.0316 106.58 0
      vertex -20.9722 105.434 8
      vertex -14.0316 106.58 8
    endloop
  endfacet
  facet normal -0.16291 0.986641 0
    outer loop
      vertex -20.9722 105.434 8
      vertex -14.0316 106.58 0
      vertex -20.9722 105.434 0
    endloop
  endfacet
  facet normal 0.881922 -0.471396 1.26027e-17
    outer loop
      vertex 93.0977 -53.75 8
      vertex 96.4138 -47.546 0
      vertex 96.4138 -47.546 8
    endloop
  endfacet
  facet normal 0.881922 -0.471396 1.26027e-17
    outer loop
      vertex 96.4138 -47.546 0
      vertex 93.0977 -53.75 8
      vertex 93.0977 -53.75 0
    endloop
  endfacet
  facet normal 0.999465 -0.0326955 1.54924e-18
    outer loop
      vertex 107.27 -7.03084 8
      vertex 107.5 0 0
      vertex 107.5 0 8
    endloop
  endfacet
  facet normal 0.999465 -0.0326955 1.54924e-18
    outer loop
      vertex 107.5 0 0
      vertex 107.27 -7.03084 8
      vertex 107.27 -7.03084 0
    endloop
  endfacet
  facet normal 0.956942 0.29028 -8.82558e-18
    outer loop
      vertex 103.837 27.823 8
      vertex 101.795 34.5547 0
      vertex 101.795 34.5547 8
    endloop
  endfacet
  facet normal 0.956942 0.29028 -8.82558e-18
    outer loop
      vertex 101.795 34.5547 0
      vertex 103.837 27.823 8
      vertex 103.837 27.823 0
    endloop
  endfacet
  facet normal 0.910864 0.412707 -1.83693e-17
    outer loop
      vertex 99.317 41.1385 8
      vertex 96.4138 47.546 0
      vertex 96.4138 47.546 8
    endloop
  endfacet
  facet normal 0.910864 0.412707 -1.83693e-17
    outer loop
      vertex 96.4138 47.546 0
      vertex 99.317 41.1385 8
      vertex 99.317 41.1385 0
    endloop
  endfacet
  facet normal 0.0980855 0.995178 -0
    outer loop
      vertex 14.0316 106.58 0
      vertex 7.03084 107.27 8
      vertex 14.0316 106.58 8
    endloop
  endfacet
  facet normal 0.0980855 0.995178 0
    outer loop
      vertex 7.03084 107.27 8
      vertex 14.0316 106.58 0
      vertex 7.03084 107.27 0
    endloop
  endfacet
  facet normal 0.683593 0.729864 -0
    outer loop
      vertex 76.014 76.014 0
      vertex 70.8797 80.8228 8
      vertex 76.014 76.014 8
    endloop
  endfacet
  facet normal 0.683593 0.729864 0
    outer loop
      vertex 70.8797 80.8228 8
      vertex 76.014 76.014 0
      vertex 70.8797 80.8228 0
    endloop
  endfacet
  facet normal 0.471396 0.881922 -0
    outer loop
      vertex 53.75 93.0977 0
      vertex 47.546 96.4138 8
      vertex 53.75 93.0977 8
    endloop
  endfacet
  facet normal 0.471396 0.881922 0
    outer loop
      vertex 47.546 96.4138 8
      vertex 53.75 93.0977 0
      vertex 47.546 96.4138 0
    endloop
  endfacet
  facet normal -0.582475 0.812849 0
    outer loop
      vertex -59.7238 89.383 0
      vertex -65.4419 85.2855 8
      vertex -59.7238 89.383 8
    endloop
  endfacet
  facet normal -0.582475 0.812849 0
    outer loop
      vertex -65.4419 85.2855 8
      vertex -59.7238 89.383 0
      vertex -65.4419 85.2855 0
    endloop
  endfacet
  facet normal 0.729864 -0.683593 -6.08106e-18
    outer loop
      vertex 76.014 -76.014 8
      vertex 80.8228 -70.8797 0
      vertex 80.8228 -70.8797 8
    endloop
  endfacet
  facet normal 0.729864 -0.683593 -6.08106e-18
    outer loop
      vertex 80.8228 -70.8797 0
      vertex 76.014 -76.014 8
      vertex 76.014 -76.014 0
    endloop
  endfacet
  facet normal 0.683593 -0.729864 0
    outer loop
      vertex 70.8797 -80.8228 0
      vertex 76.014 -76.014 8
      vertex 70.8797 -80.8228 8
    endloop
  endfacet
  facet normal 0.683593 -0.729864 0
    outer loop
      vertex 76.014 -76.014 8
      vertex 70.8797 -80.8228 0
      vertex 76.014 -76.014 0
    endloop
  endfacet
  facet normal -0.528063 0.849205 0
    outer loop
      vertex -53.75 93.0977 0
      vertex -59.7238 89.383 8
      vertex -53.75 93.0977 8
    endloop
  endfacet
  facet normal -0.528063 0.849205 0
    outer loop
      vertex -59.7238 89.383 8
      vertex -53.75 93.0977 0
      vertex -59.7238 89.383 0
    endloop
  endfacet
  facet normal -0.986641 -0.16291 -3.89474e-18
    outer loop
      vertex -105.434 -20.9722 0
      vertex -106.58 -14.0316 8
      vertex -106.58 -14.0316 0
    endloop
  endfacet
  facet normal -0.986641 -0.16291 -3.89474e-18
    outer loop
      vertex -106.58 -14.0316 8
      vertex -105.434 -20.9722 0
      vertex -105.434 -20.9722 8
    endloop
  endfacet
  facet normal 0.881922 0.471396 -1.26027e-17
    outer loop
      vertex 96.4138 47.546 8
      vertex 93.0977 53.75 0
      vertex 93.0977 53.75 8
    endloop
  endfacet
  facet normal 0.881922 0.471396 -1.26027e-17
    outer loop
      vertex 93.0977 53.75 0
      vertex 96.4138 47.546 8
      vertex 96.4138 47.546 0
    endloop
  endfacet
  facet normal -0.935904 0.352254 2.62489e-17
    outer loop
      vertex -101.795 34.5547 0
      vertex -99.317 41.1385 8
      vertex -99.317 41.1385 0
    endloop
  endfacet
  facet normal -0.935904 0.352254 2.62489e-17
    outer loop
      vertex -99.317 41.1385 8
      vertex -101.795 34.5547 0
      vertex -101.795 34.5547 8
    endloop
  endfacet
  facet normal 0.16291 0.986641 -0
    outer loop
      vertex 20.9722 105.434 0
      vertex 14.0316 106.58 8
      vertex 20.9722 105.434 8
    endloop
  endfacet
  facet normal 0.16291 0.986641 0
    outer loop
      vertex 14.0316 106.58 8
      vertex 20.9722 105.434 0
      vertex 14.0316 106.58 0
    endloop
  endfacet
  facet normal -0.29028 -0.956942 0
    outer loop
      vertex -34.5547 -101.795 0
      vertex -27.823 -103.837 8
      vertex -34.5547 -101.795 8
    endloop
  endfacet
  facet normal -0.29028 -0.956942 -0
    outer loop
      vertex -27.823 -103.837 8
      vertex -34.5547 -101.795 0
      vertex -27.823 -103.837 0
    endloop
  endfacet
  facet normal -0.227025 -0.973889 0
    outer loop
      vertex -27.823 -103.837 0
      vertex -20.9722 -105.434 8
      vertex -27.823 -103.837 8
    endloop
  endfacet
  facet normal -0.227025 -0.973889 -0
    outer loop
      vertex -20.9722 -105.434 8
      vertex -27.823 -103.837 0
      vertex -20.9722 -105.434 0
    endloop
  endfacet
  facet normal 0.352254 -0.935904 0
    outer loop
      vertex 34.5547 -101.795 0
      vertex 41.1385 -99.317 8
      vertex 34.5547 -101.795 8
    endloop
  endfacet
  facet normal 0.352254 -0.935904 0
    outer loop
      vertex 41.1385 -99.317 8
      vertex 34.5547 -101.795 0
      vertex 41.1385 -99.317 0
    endloop
  endfacet
  facet normal 0.29028 -0.956942 0
    outer loop
      vertex 27.823 -103.837 0
      vertex 34.5547 -101.795 8
      vertex 27.823 -103.837 8
    endloop
  endfacet
  facet normal 0.29028 -0.956942 0
    outer loop
      vertex 34.5547 -101.795 8
      vertex 27.823 -103.837 0
      vertex 34.5547 -101.795 0
    endloop
  endfacet
  facet normal 0.77301 -0.634394 2.53932e-17
    outer loop
      vertex 80.8228 -70.8797 8
      vertex 85.2855 -65.4419 0
      vertex 85.2855 -65.4419 8
    endloop
  endfacet
  facet normal 0.77301 -0.634394 2.53932e-17
    outer loop
      vertex 85.2855 -65.4419 0
      vertex 80.8228 -70.8797 8
      vertex 80.8228 -70.8797 0
    endloop
  endfacet
  facet normal 0.352254 0.935904 -0
    outer loop
      vertex 41.1385 99.317 0
      vertex 34.5547 101.795 8
      vertex 41.1385 99.317 8
    endloop
  endfacet
  facet normal 0.352254 0.935904 0
    outer loop
      vertex 34.5547 101.795 8
      vertex 41.1385 99.317 0
      vertex 34.5547 101.795 0
    endloop
  endfacet
  facet normal 0.471396 -0.881922 0
    outer loop
      vertex 47.546 -96.4138 0
      vertex 53.75 -93.0977 8
      vertex 47.546 -96.4138 8
    endloop
  endfacet
  facet normal 0.471396 -0.881922 0
    outer loop
      vertex 53.75 -93.0977 8
      vertex 47.546 -96.4138 0
      vertex 53.75 -93.0977 0
    endloop
  endfacet
  facet normal -0.812849 -0.582475 6.2735e-18
    outer loop
      vertex -85.2855 -65.4419 0
      vertex -89.383 -59.7238 8
      vertex -89.383 -59.7238 0
    endloop
  endfacet
  facet normal -0.812849 -0.582475 6.2735e-18
    outer loop
      vertex -89.383 -59.7238 8
      vertex -85.2855 -65.4419 0
      vertex -85.2855 -65.4419 8
    endloop
  endfacet
  facet normal 0.0980855 -0.995178 0
    outer loop
      vertex 7.03084 -107.27 0
      vertex 14.0316 -106.58 8
      vertex 7.03084 -107.27 8
    endloop
  endfacet
  facet normal 0.0980855 -0.995178 0
    outer loop
      vertex 14.0316 -106.58 8
      vertex 7.03084 -107.27 0
      vertex 14.0316 -106.58 0
    endloop
  endfacet
  facet normal 0.973889 -0.227025 -4.19852e-18
    outer loop
      vertex 103.837 -27.823 8
      vertex 105.434 -20.9722 0
      vertex 105.434 -20.9722 8
    endloop
  endfacet
  facet normal 0.973889 -0.227025 -4.19852e-18
    outer loop
      vertex 105.434 -20.9722 0
      vertex 103.837 -27.823 8
      vertex 103.837 -27.823 0
    endloop
  endfacet
  facet normal 0.995178 -0.0980855 4.86176e-18
    outer loop
      vertex 106.58 -14.0316 8
      vertex 107.27 -7.03084 0
      vertex 107.27 -7.03084 8
    endloop
  endfacet
  facet normal 0.995178 -0.0980855 4.86176e-18
    outer loop
      vertex 107.27 -7.03084 0
      vertex 106.58 -14.0316 8
      vertex 106.58 -14.0316 0
    endloop
  endfacet
  facet normal -0.881922 0.471396 1.26027e-17
    outer loop
      vertex -96.4138 47.546 0
      vertex -93.0977 53.75 8
      vertex -93.0977 53.75 0
    endloop
  endfacet
  facet normal -0.881922 0.471396 1.26027e-17
    outer loop
      vertex -93.0977 53.75 8
      vertex -96.4138 47.546 0
      vertex -96.4138 47.546 8
    endloop
  endfacet
  facet normal 0 0 -1
    outer loop
      vertex 107.27 -7.03084 0
      vertex 107.27 7.03084 0
      vertex 107.5 0 0
    endloop
  endfacet
  facet normal 0 0 -1
    outer loop
      vertex 106.58 -14.0316 0
      vertex 107.27 7.03084 0
      vertex 107.27 -7.03084 0
    endloop
  endfacet
  facet normal 0 0 -1
    outer loop
      vertex 106.58 -14.0316 0
      vertex 106.58 14.0316 0
      vertex 107.27 7.03084 0
    endloop
  endfacet
  facet normal 0 0 -1
    outer loop
      vertex 105.434 -20.9722 0
      vertex 106.58 14.0316 0
      vertex 106.58 -14.0316 0
    endloop
  endfacet
  facet normal 0 0 -1
    outer loop
      vertex 105.434 -20.9722 0
      vertex 105.434 20.9722 0
      vertex 106.58 14.0316 0
    endloop
  endfacet
  facet normal 0 0 -1
    outer loop
      vertex 103.837 -27.823 0
      vertex 105.434 20.9722 0
      vertex 105.434 -20.9722 0
    endloop
  endfacet
  facet normal 0 0 -1
    outer loop
      vertex 103.837 -27.823 0
      vertex 103.837 27.823 0
      vertex 105.434 20.9722 0
    endloop
  endfacet
  facet normal 0 0 -1
    outer loop
      vertex 101.795 -34.5547 0
      vertex 103.837 27.823 0
      vertex 103.837 -27.823 0
    endloop
  endfacet
  facet normal 0 0 -1
    outer loop
      vertex 101.795 -34.5547 0
      vertex 101.795 34.5547 0
      vertex 103.837 27.823 0
    endloop
  endfacet
  facet normal 0 0 -1
    outer loop
      vertex 99.317 -41.1385 0
      vertex 101.795 34.5547 0
      vertex 101.795 -34.5547 0
    endloop
  endfacet
  facet normal 0 0 -1
    outer loop
      vertex 99.317 -41.1385 0
      vertex 99.317 41.1385 0
      vertex 101.795 34.5547 0
    endloop
  endfacet
  facet normal 0 0 -1
    outer loop
      vertex 96.4138 -47.546 0
      vertex 99.317 41.1385 0
      vertex 99.317 -41.1385 0
    endloop
  endfacet
  facet normal 0 0 -1
    outer loop
      vertex 96.4138 -47.546 0
      vertex 96.4138 47.546 0
      vertex 99.317 41.1385 0
    endloop
  endfacet
  facet normal 0 0 -1
    outer loop
      vertex 93.0977 -53.75 0
      vertex 96.4138 47.546 0
      vertex 96.4138 -47.546 0
    endloop
  endfacet
  facet normal 0 0 -1
    outer loop
      vertex 93.0977 -53.75 0
      vertex 93.0977 53.75 0
      vertex 96.4138 47.546 0
    endloop
  endfacet
  facet normal 0 0 -1
    outer loop
      vertex 89.383 -59.7238 0
      vertex 93.0977 53.75 0
      vertex 93.0977 -53.75 0
    endloop
  endfacet
  facet normal 0 0 -1
    outer loop
      vertex 89.383 -59.7238 0
      vertex 89.383 59.7238 0
      vertex 93.0977 53.75 0
    endloop
  endfacet
  facet normal 0 0 -1
    outer loop
      vertex 85.2855 -65.4419 0
      vertex 89.383 59.7238 0
      vertex 89.383 -59.7238 0
    endloop
  endfacet
  facet normal 0 0 -1
    outer loop
      vertex 85.2855 -65.4419 0
      vertex 85.2855 65.4419 0
      vertex 89.383 59.7238 0
    endloop
  endfacet
  facet normal 0 0 -1
    outer loop
      vertex 80.8228 -70.8797 0
      vertex 85.2855 65.4419 0
      vertex 85.2855 -65.4419 0
    endloop
  endfacet
  facet normal 0 0 -1
    outer loop
      vertex 80.8228 -70.8797 0
      vertex 80.8228 70.8797 0
      vertex 85.2855 65.4419 0
    endloop
  endfacet
  facet normal 0 0 -1
    outer loop
      vertex 76.014 -76.014 0
      vertex 80.8228 70.8797 0
      vertex 80.8228 -70.8797 0
    endloop
  endfacet
  facet normal 0 0 -1
    outer loop
      vertex 76.014 -76.014 0
      vertex 76.014 76.014 0
      vertex 80.8228 70.8797 0
    endloop
  endfacet
  facet normal 0 0 -1
    outer loop
      vertex 70.8797 -80.8228 0
      vertex 76.014 76.014 0
      vertex 76.014 -76.014 0
    endloop
  endfacet
  facet normal 0 0 -1
    outer loop
      vertex 70.8797 -80.8228 0
      vertex 70.8797 80.8228 0
      vertex 76.014 76.014 0
    endloop
  endfacet
  facet normal 0 0 -1
    outer loop
      vertex 65.4419 -85.2855 0
      vertex 70.8797 80.8228 0
      vertex 70.8797 -80.8228 0
    endloop
  endfacet
  facet normal 0 0 -1
    outer loop
      vertex 65.4419 -85.2855 0
      vertex 65.4419 85.2855 0
      vertex 70.8797 80.8228 0
    endloop
  endfacet
  facet normal 0 0 -1
    outer loop
      vertex 59.7238 -89.383 0
      vertex 65.4419 85.2855 0
      vertex 65.4419 -85.2855 0
    endloop
  endfacet
  facet normal 0 0 -1
    outer loop
      vertex 59.7238 -89.383 0
      vertex 59.7238 89.383 0
      vertex 65.4419 85.2855 0
    endloop
  endfacet
  facet normal 0 0 -1
    outer loop
      vertex 53.75 -93.0977 0
      vertex 59.7238 89.383 0
      vertex 59.7238 -89.383 0
    endloop
  endfacet
  facet normal 0 0 -1
    outer loop
      vertex 53.75 -93.0977 0
      vertex 53.75 93.0977 0
      vertex 59.7238 89.383 0
    endloop
  endfacet
  facet normal 0 0 -1
    outer loop
      vertex 47.546 -96.4138 0
      vertex 53.75 93.0977 0
      vertex 53.75 -93.0977 0
    endloop
  endfacet
  facet normal 0 0 -1
    outer loop
      vertex 47.546 -96.4138 0
      vertex 47.546 96.4138 0
      vertex 53.75 93.0977 0
    endloop
  endfacet
  facet normal 0 0 -1
    outer loop
      vertex 41.1385 -99.317 0
      vertex 47.546 96.4138 0
      vertex 47.546 -96.4138 0
    endloop
  endfacet
  facet normal 0 0 -1
    outer loop
      vertex 41.1385 -99.317 0
      vertex 41.1385 99.317 0
      vertex 47.546 96.4138 0
    endloop
  endfacet
  facet normal 0 0 -1
    outer loop
      vertex 34.5547 -101.795 0
      vertex 41.1385 99.317 0
      vertex 41.1385 -99.317 0
    endloop
  endfacet
  facet normal 0 0 -1
    outer loop
      vertex 34.5547 -101.795 0
      vertex 34.5547 101.795 0
      vertex 41.1385 99.317 0
    endloop
  endfacet
  facet normal 0 0 -1
    outer loop
      vertex 27.823 -103.837 0
      vertex 34.5547 101.795 0
      vertex 34.5547 -101.795 0
    endloop
  endfacet
  facet normal 0 0 -1
    outer loop
      vertex 27.823 -103.837 0
      vertex 27.823 103.837 0
      vertex 34.5547 101.795 0
    endloop
  endfacet
  facet normal 0 0 -1
    outer loop
      vertex 20.9722 -105.434 0
      vertex 27.823 103.837 0
      vertex 27.823 -103.837 0
    endloop
  endfacet
  facet normal 0 0 -1
    outer loop
      vertex 20.9722 -105.434 0
      vertex 20.9722 105.434 0
      vertex 27.823 103.837 0
    endloop
  endfacet
  facet normal 0 0 -1
    outer loop
      vertex 14.0316 -106.58 0
      vertex 20.9722 105.434 0
      vertex 20.9722 -105.434 0
    endloop
  endfacet
  facet normal 0 0 -1
    outer loop
      vertex 14.0316 -106.58 0
      vertex 14.0316 106.58 0
      vertex 20.9722 105.434 0
    endloop
  endfacet
  facet normal 0 0 -1
    outer loop
      vertex 7.03084 -107.27 0
      vertex 14.0316 106.58 0
      vertex 14.0316 -106.58 0
    endloop
  endfacet
  facet normal 0 0 -1
    outer loop
      vertex 7.03084 -107.27 0
      vertex 7.03084 107.27 0
      vertex 14.0316 106.58 0
    endloop
  endfacet
  facet normal 0 0 -1
    outer loop
      vertex 0 -107.5 0
      vertex 7.03084 107.27 0
      vertex 7.03084 -107.27 0
    endloop
  endfacet
  facet normal 0 0 -1
    outer loop
      vertex 0 -107.5 0
      vertex 0 107.5 0
      vertex 7.03084 107.27 0
    endloop
  endfacet
  facet normal 0 0 -1
    outer loop
      vertex -7.03084 -107.27 0
      vertex 0 107.5 0
      vertex 0 -107.5 0
    endloop
  endfacet
  facet normal 0 0 -1
    outer loop
      vertex -7.03084 -107.27 0
      vertex -7.03084 107.27 0
      vertex 0 107.5 0
    endloop
  endfacet
  facet normal 0 0 -1
    outer loop
      vertex -14.0316 -106.58 0
      vertex -7.03084 107.27 0
      vertex -7.03084 -107.27 0
    endloop
  endfacet
  facet normal 0 0 -1
    outer loop
      vertex -14.0316 -106.58 0
      vertex -14.0316 106.58 0
      vertex -7.03084 107.27 0
    endloop
  endfacet
  facet normal 0 0 -1
    outer loop
      vertex -20.9722 -105.434 0
      vertex -14.0316 106.58 0
      vertex -14.0316 -106.58 0
    endloop
  endfacet
  facet normal 0 0 -1
    outer loop
      vertex -20.9722 -105.434 0
      vertex -20.9722 105.434 0
      vertex -14.0316 106.58 0
    endloop
  endfacet
  facet normal 0 0 -1
    outer loop
      vertex -27.823 -103.837 0
      vertex -20.9722 105.434 0
      vertex -20.9722 -105.434 0
    endloop
  endfacet
  facet normal 0 0 -1
    outer loop
      vertex -27.823 -103.837 0
      vertex -27.823 103.837 0
      vertex -20.9722 105.434 0
    endloop
  endfacet
  facet normal 0 0 -1
    outer loop
      vertex -34.5547 -101.795 0
      vertex -27.823 103.837 0
      vertex -27.823 -103.837 0
    endloop
  endfacet
  facet normal 0 0 -1
    outer loop
      vertex -34.5547 -101.795 0
      vertex -34.5547 101.795 0
      vertex -27.823 103.837 0
    endloop
  endfacet
  facet normal 0 0 -1
    outer loop
      vertex -41.1385 -99.317 0
      vertex -34.5547 101.795 0
      vertex -34.5547 -101.795 0
    endloop
  endfacet
  facet normal 0 0 -1
    outer loop
      vertex -41.1385 -99.317 0
      vertex -41.1385 99.317 0
      vertex -34.5547 101.795 0
    endloop
  endfacet
  facet normal 0 0 -1
    outer loop
      vertex -47.546 -96.4138 0
      vertex -41.1385 99.317 0
      vertex -41.1385 -99.317 0
    endloop
  endfacet
  facet normal 0 0 -1
    outer loop
      vertex -47.546 -96.4138 0
      vertex -47.546 96.4138 0
      vertex -41.1385 99.317 0
    endloop
  endfacet
  facet normal 0 0 -1
    outer loop
      vertex -53.75 -93.0977 0
      vertex -47.546 96.4138 0
      vertex -47.546 -96.4138 0
    endloop
  endfacet
  facet normal 0 0 -1
    outer loop
      vertex -53.75 -93.0977 0
      vertex -53.75 93.0977 0
      vertex -47.546 96.4138 0
    endloop
  endfacet
  facet normal 0 0 -1
    outer loop
      vertex -59.7238 -89.383 0
      vertex -53.75 93.0977 0
      vertex -53.75 -93.0977 0
    endloop
  endfacet
  facet normal 0 0 -1
    outer loop
      vertex -59.7238 -89.383 0
      vertex -59.7238 89.383 0
      vertex -53.75 93.0977 0
    endloop
  endfacet
  facet normal 0 0 -1
    outer loop
      vertex -65.4419 -85.2855 0
      vertex -59.7238 89.383 0
      vertex -59.7238 -89.383 0
    endloop
  endfacet
  facet normal 0 0 -1
    outer loop
      vertex -65.4419 -85.2855 0
      vertex -65.4419 85.2855 0
      vertex -59.7238 89.383 0
    endloop
  endfacet
  facet normal 0 0 -1
    outer loop
      vertex -70.8797 -80.8228 0
      vertex -65.4419 85.2855 0
      vertex -65.4419 -85.2855 0
    endloop
  endfacet
  facet normal 0 0 -1
    outer loop
      vertex -70.8797 -80.8228 0
      vertex -70.8797 80.8228 0
      vertex -65.4419 85.2855 0
    endloop
  endfacet
  facet normal 0 0 -1
    outer loop
      vertex -76.014 -76.014 0
      vertex -70.8797 80.8228 0
      vertex -70.8797 -80.8228 0
    endloop
  endfacet
  facet normal 0 0 -1
    outer loop
      vertex -76.014 -76.014 0
      vertex -76.014 76.014 0
      vertex -70.8797 80.8228 0
    endloop
  endfacet
  facet normal 0 0 -1
    outer loop
      vertex -80.8228 -70.8797 0
      vertex -76.014 76.014 0
      vertex -76.014 -76.014 0
    endloop
  endfacet
  facet normal 0 0 -1
    outer loop
      vertex -80.8228 -70.8797 0
      vertex -80.8228 70.8797 0
      vertex -76.014 76.014 0
    endloop
  endfacet
  facet normal 0 0 -1
    outer loop
      vertex -85.2855 -65.4419 0
      vertex -80.8228 70.8797 0
      vertex -80.8228 -70.8797 0
    endloop
  endfacet
  facet normal 0 0 -1
    outer loop
      vertex -85.2855 -65.4419 0
      vertex -85.2855 65.4419 0
      vertex -80.8228 70.8797 0
    endloop
  endfacet
  facet normal 0 0 -1
    outer loop
      vertex -89.383 -59.7238 0
      vertex -85.2855 65.4419 0
      vertex -85.2855 -65.4419 0
    endloop
  endfacet
  facet normal 0 0 -1
    outer loop
      vertex -89.383 -59.7238 0
      vertex -89.383 59.7238 0
      vertex -85.2855 65.4419 0
    endloop
  endfacet
  facet normal 0 0 -1
    outer loop
      vertex -93.0977 -53.75 0
      vertex -89.383 59.7238 0
      vertex -89.383 -59.7238 0
    endloop
  endfacet
  facet normal 0 0 -1
    outer loop
      vertex -93.0977 -53.75 0
      vertex -93.0977 53.75 0
      vertex -89.383 59.7238 0
    endloop
  endfacet
  facet normal 0 0 -1
    outer loop
      vertex -96.4138 -47.546 0
      vertex -93.0977 53.75 0
      vertex -93.0977 -53.75 0
    endloop
  endfacet
  facet normal 0 0 -1
    outer loop
      vertex -96.4138 -47.546 0
      vertex -96.4138 47.546 0
      vertex -93.0977 53.75 0
    endloop
  endfacet
  facet normal 0 0 -1
    outer loop
      vertex -99.317 -41.1385 0
      vertex -96.4138 47.546 0
      vertex -96.4138 -47.546 0
    endloop
  endfacet
  facet normal 0 0 -1
    outer loop
      vertex -99.317 -41.1385 0
      vertex -99.317 41.1385 0
      vertex -96.4138 47.546 0
    endloop
  endfacet
  facet normal 0 0 -1
    outer loop
      vertex -101.795 -34.5547 0
      vertex -99.317 41.1385 0
      vertex -99.317 -41.1385 0
    endloop
  endfacet
  facet normal 0 0 -1
    outer loop
      vertex -101.795 -34.5547 0
      vertex -101.795 34.5547 0
      vertex -99.317 41.1385 0
    endloop
  endfacet
  facet normal 0 0 -1
    outer loop
      vertex -103.837 -27.823 0
      vertex -101.795 34.5547 0
      vertex -101.795 -34.5547 0
    endloop
  endfacet
  facet normal 0 0 -1
    outer loop
      vertex -103.837 -27.823 0
      vertex -103.837 27.823 0
      vertex -101.795 34.5547 0
    endloop
  endfacet
  facet normal 0 0 -1
    outer loop
      vertex -105.434 -20.9722 0
      vertex -103.837 27.823 0
      vertex -103.837 -27.823 0
    endloop
  endfacet
  facet normal 0 0 -1
    outer loop
      vertex -105.434 -20.9722 0
      vertex -105.434 20.9722 0
      vertex -103.837 27.823 0
    endloop
  endfacet
  facet normal 0 0 -1
    outer loop
      vertex -106.58 -14.0316 0
      vertex -105.434 20.9722 0
      vertex -105.434 -20.9722 0
    endloop
  endfacet
  facet normal 0 0 -1
    outer loop
      vertex -106.58 -14.0316 0
      vertex -106.58 14.0316 0
      vertex -105.434 20.9722 0
    endloop
  endfacet
  facet normal 0 0 -1
    outer loop
      vertex -107.27 -7.03084 0
      vertex -106.58 14.0316 0
      vertex -106.58 -14.0316 0
    endloop
  endfacet
  facet normal 0 0 -1
    outer loop
      vertex -107.27 -7.03084 0
      vertex -107.27 7.03084 0
      vertex -106.58 14.0316 0
    endloop
  endfacet
  facet normal 0 -0 -1
    outer loop
      vertex -107.27 7.03084 0
      vertex -107.27 -7.03084 0
      vertex -107.5 0 0
    endloop
  endfacet
  facet normal -0.412707 -0.910864 0
    outer loop
      vertex -47.546 -96.4138 0
      vertex -41.1385 -99.317 8
      vertex -47.546 -96.4138 8
    endloop
  endfacet
  facet normal -0.412707 -0.910864 -0
    outer loop
      vertex -41.1385 -99.317 8
      vertex -47.546 -96.4138 0
      vertex -41.1385 -99.317 0
    endloop
  endfacet
  facet normal 0.812849 0.582475 6.2735e-18
    outer loop
      vertex 89.383 59.7238 8
      vertex 85.2855 65.4419 0
      vertex 85.2855 65.4419 8
    endloop
  endfacet
  facet normal 0.812849 0.582475 6.2735e-18
    outer loop
      vertex 85.2855 65.4419 0
      vertex 89.383 59.7238 8
      vertex 89.383 59.7238 0
    endloop
  endfacet
  facet normal -0.352254 -0.935904 0
    outer loop
      vertex -41.1385 -99.317 0
      vertex -34.5547 -101.795 8
      vertex -41.1385 -99.317 8
    endloop
  endfacet
  facet normal -0.352254 -0.935904 -0
    outer loop
      vertex -34.5547 -101.795 8
      vertex -41.1385 -99.317 0
      vertex -34.5547 -101.795 0
    endloop
  endfacet
  facet normal -0.995178 -0.0980855 -4.86176e-18
    outer loop
      vertex -106.58 -14.0316 0
      vertex -107.27 -7.03084 8
      vertex -107.27 -7.03084 0
    endloop
  endfacet
  facet normal -0.995178 -0.0980855 -4.86176e-18
    outer loop
      vertex -107.27 -7.03084 8
      vertex -106.58 -14.0316 0
      vertex -106.58 -14.0316 8
    endloop
  endfacet
  facet normal -0.729864 0.683593 -6.08106e-18
    outer loop
      vertex -80.8228 70.8797 0
      vertex -76.014 76.014 8
      vertex -76.014 76.014 0
    endloop
  endfacet
  facet normal -0.729864 0.683593 -6.08106e-18
    outer loop
      vertex -76.014 76.014 8
      vertex -80.8228 70.8797 0
      vertex -80.8228 70.8797 8
    endloop
  endfacet
  facet normal 0 0 -1
    outer loop
      vertex 34.4315 -5.17638 8
      vertex 60 0 8
      vertex 59.8715 -3.92419 8
    endloop
  endfacet
  facet normal 0 0 -1
    outer loop
      vertex 37.8829 -12.1752 8
      vertex 59.8715 -3.92419 8
      vertex 59.4867 -7.83157 8
    endloop
  endfacet
  facet normal 0 0 -1
    outer loop
      vertex 60 0 8
      vertex 34.4315 -5.17638 8
      vertex 33.9211 -2.61052 8
    endloop
  endfacet
  facet normal 0 0 -1
    outer loop
      vertex 43.75 -17.3205 8
      vertex 59.4867 -7.83157 8
      vertex 58.8471 -11.7054 8
    endloop
  endfacet
  facet normal -0 0 -1
    outer loop
      vertex 60 0 8
      vertex 33.9211 -2.61052 8
      vertex 33.75 0 8
    endloop
  endfacet
  facet normal 0 0 -1
    outer loop
      vertex 48.5736 -19.3185 8
      vertex 58.8471 -11.7054 8
      vertex 57.9556 -15.5291 8
    endloop
  endfacet
  facet normal 0 0 -1
    outer loop
      vertex 59.8715 -3.92419 8
      vertex 35.2724 -7.65367 8
      vertex 34.4315 -5.17638 8
    endloop
  endfacet
  facet normal 0 0 -1
    outer loop
      vertex 53.75 -20 8
      vertex 57.9556 -15.5291 8
      vertex 56.8158 -19.2864 8
    endloop
  endfacet
  facet normal 0 0 -1
    outer loop
      vertex 59.4867 -7.83157 8
      vertex 41.5748 -15.8671 8
      vertex 39.6079 -14.1421 8
    endloop
  endfacet
  facet normal 0 0 -1
    outer loop
      vertex 56.3605 -19.8289 8
      vertex 56.8158 -19.2864 8
      vertex 56.6319 -19.7749 8
    endloop
  endfacet
  facet normal 0 0 -1
    outer loop
      vertex 57.9556 -15.5291 8
      vertex 53.75 -20 8
      vertex 51.1395 -19.8289 8
    endloop
  endfacet
  facet normal 0 0 -1
    outer loop
      vertex 56.8158 -19.2864 8
      vertex 56.3605 -19.8289 8
      vertex 53.75 -20 8
    endloop
  endfacet
  facet normal 0 0 -1
    outer loop
      vertex 57.9556 -15.5291 8
      vertex 51.1395 -19.8289 8
      vertex 48.5736 -19.3185 8
    endloop
  endfacet
  facet normal -0 -0 -1
    outer loop
      vertex 56.3605 19.8289 8
      vertex 56.8158 19.2864 8
      vertex 53.75 20 8
    endloop
  endfacet
  facet normal 0 0 -1
    outer loop
      vertex 56.8158 19.2864 8
      vertex 56.3605 19.8289 8
      vertex 56.6319 19.7749 8
    endloop
  endfacet
  facet normal 0 0 -1
    outer loop
      vertex 58.8471 -11.7054 8
      vertex 48.5736 -19.3185 8
      vertex 46.0963 -18.4776 8
    endloop
  endfacet
  facet normal 0 0 -1
    outer loop
      vertex 57.9556 15.5291 8
      vertex 53.75 20 8
      vertex 56.8158 19.2864 8
    endloop
  endfacet
  facet normal 0 0 -1
    outer loop
      vertex 58.8471 -11.7054 8
      vertex 46.0963 -18.4776 8
      vertex 43.75 -17.3205 8
    endloop
  endfacet
  facet normal 0 -0 -1
    outer loop
      vertex 53.75 20 8
      vertex 57.9556 15.5291 8
      vertex 51.1395 19.8289 8
    endloop
  endfacet
  facet normal 0 0 -1
    outer loop
      vertex 59.4867 -7.83157 8
      vertex 43.75 -17.3205 8
      vertex 41.5748 -15.8671 8
    endloop
  endfacet
  facet normal 0 -0 -1
    outer loop
      vertex 51.1395 19.8289 8
      vertex 57.9556 15.5291 8
      vertex 48.5736 19.3185 8
    endloop
  endfacet
  facet normal 0 0 -1
    outer loop
      vertex 59.4867 -7.83157 8
      vertex 39.6079 -14.1421 8
      vertex 37.8829 -12.1752 8
    endloop
  endfacet
  facet normal 0 0 -1
    outer loop
      vertex 58.8471 11.7054 8
      vertex 48.5736 19.3185 8
      vertex 57.9556 15.5291 8
    endloop
  endfacet
  facet normal 0 0 -1
    outer loop
      vertex 59.8715 -3.92419 8
      vertex 37.8829 -12.1752 8
      vertex 36.4295 -10 8
    endloop
  endfacet
  facet normal 0 -0 -1
    outer loop
      vertex 48.5736 19.3185 8
      vertex 58.8471 11.7054 8
      vertex 46.0963 18.4776 8
    endloop
  endfacet
  facet normal 0 0 -1
    outer loop
      vertex 59.8715 -3.92419 8
      vertex 36.4295 -10 8
      vertex 35.2724 -7.65367 8
    endloop
  endfacet
  facet normal 0 -0 -1
    outer loop
      vertex 46.0963 18.4776 8
      vertex 58.8471 11.7054 8
      vertex 43.75 17.3205 8
    endloop
  endfacet
  facet normal 0 -0 -1
    outer loop
      vertex 33.9211 2.61052 8
      vertex 60 0 8
      vertex 33.75 0 8
    endloop
  endfacet
  facet normal 0 0 -1
    outer loop
      vertex 59.4867 7.83157 8
      vertex 43.75 17.3205 8
      vertex 58.8471 11.7054 8
    endloop
  endfacet
  facet normal 0 -0 -1
    outer loop
      vertex 34.4315 5.17638 8
      vertex 60 0 8
      vertex 33.9211 2.61052 8
    endloop
  endfacet
  facet normal 0 -0 -1
    outer loop
      vertex 43.75 17.3205 8
      vertex 59.4867 7.83157 8
      vertex 41.5748 15.8671 8
    endloop
  endfacet
  facet normal 0 -0 -1
    outer loop
      vertex 39.6079 14.1421 8
      vertex 59.4867 7.83157 8
      vertex 37.8829 12.1752 8
    endloop
  endfacet
  facet normal 0 -0 -1
    outer loop
      vertex 41.5748 15.8671 8
      vertex 59.4867 7.83157 8
      vertex 39.6079 14.1421 8
    endloop
  endfacet
  facet normal 0 0 -1
    outer loop
      vertex 60 0 8
      vertex 34.4315 5.17638 8
      vertex 59.8715 3.92419 8
    endloop
  endfacet
  facet normal 0 0 -1
    outer loop
      vertex 59.8715 3.92419 8
      vertex 37.8829 12.1752 8
      vertex 59.4867 7.83157 8
    endloop
  endfacet
  facet normal 0 -0 -1
    outer loop
      vertex 35.2724 7.65367 8
      vertex 59.8715 3.92419 8
      vertex 34.4315 5.17638 8
    endloop
  endfacet
  facet normal 0 -0 -1
    outer loop
      vertex 37.8829 12.1752 8
      vertex 59.8715 3.92419 8
      vertex 36.4295 10 8
    endloop
  endfacet
  facet normal 0 -0 -1
    outer loop
      vertex 36.4295 10 8
      vertex 59.8715 3.92419 8
      vertex 35.2724 7.65367 8
    endloop
  endfacet
  facet normal 0 0 -1
    outer loop
      vertex 19.2864 -56.8158 8
      vertex 20 -53.75 8
      vertex 19.8289 -56.3605 8
    endloop
  endfacet
  facet normal 0 0 -1
    outer loop
      vertex 19.2864 -56.8158 8
      vertex 19.8289 -56.3605 8
      vertex 19.7749 -56.6319 8
    endloop
  endfacet
  facet normal 0 0 -1
    outer loop
      vertex 15.5291 -57.9556 8
      vertex 20 -53.75 8
      vertex 19.2864 -56.8158 8
    endloop
  endfacet
  facet normal -0 0 -1
    outer loop
      vertex 20 -53.75 8
      vertex 15.5291 -57.9556 8
      vertex 19.8289 -51.1395 8
    endloop
  endfacet
  facet normal -0 0 -1
    outer loop
      vertex 19.8289 -51.1395 8
      vertex 15.5291 -57.9556 8
      vertex 19.3185 -48.5736 8
    endloop
  endfacet
  facet normal 0 0 -1
    outer loop
      vertex 11.7054 -58.8471 8
      vertex 19.3185 -48.5736 8
      vertex 15.5291 -57.9556 8
    endloop
  endfacet
  facet normal -0 0 -1
    outer loop
      vertex 19.3185 -48.5736 8
      vertex 11.7054 -58.8471 8
      vertex 18.4776 -46.0963 8
    endloop
  endfacet
  facet normal -0 0 -1
    outer loop
      vertex 18.4776 -46.0963 8
      vertex 11.7054 -58.8471 8
      vertex 17.3205 -43.75 8
    endloop
  endfacet
  facet normal 0 0 -1
    outer loop
      vertex 7.83157 -59.4867 8
      vertex 17.3205 -43.75 8
      vertex 11.7054 -58.8471 8
    endloop
  endfacet
  facet normal -0 0 -1
    outer loop
      vertex 17.3205 -43.75 8
      vertex 7.83157 -59.4867 8
      vertex 15.8671 -41.5748 8
    endloop
  endfacet
  facet normal -0 0 -1
    outer loop
      vertex 15.8671 -41.5748 8
      vertex 7.83157 -59.4867 8
      vertex 14.1421 -39.6079 8
    endloop
  endfacet
  facet normal -0 0 -1
    outer loop
      vertex 14.1421 -39.6079 8
      vertex 7.83157 -59.4867 8
      vertex 12.1752 -37.8829 8
    endloop
  endfacet
  facet normal 0 0 -1
    outer loop
      vertex 3.92419 -59.8715 8
      vertex 12.1752 -37.8829 8
      vertex 7.83157 -59.4867 8
    endloop
  endfacet
  facet normal -0 0 -1
    outer loop
      vertex 12.1752 -37.8829 8
      vertex 3.92419 -59.8715 8
      vertex 10 -36.4295 8
    endloop
  endfacet
  facet normal -0 0 -1
    outer loop
      vertex 10 -36.4295 8
      vertex 3.92419 -59.8715 8
      vertex 7.65367 -35.2724 8
    endloop
  endfacet
  facet normal -0 0 -1
    outer loop
      vertex 7.65367 -35.2724 8
      vertex 3.92419 -59.8715 8
      vertex 5.17638 -34.4315 8
    endloop
  endfacet
  facet normal 0 0 -1
    outer loop
      vertex 0 -60 8
      vertex 5.17638 -34.4315 8
      vertex 3.92419 -59.8715 8
    endloop
  endfacet
  facet normal -0 0 -1
    outer loop
      vertex 5.17638 -34.4315 8
      vertex 0 -60 8
      vertex 2.61052 -33.9211 8
    endloop
  endfacet
  facet normal 0 0 -1
    outer loop
      vertex 0 -60 8
      vertex 0 -33.75 8
      vertex 2.61052 -33.9211 8
    endloop
  endfacet
  facet normal 0 0 -1
    outer loop
      vertex 0 -60 8
      vertex -2.61052 -33.9211 8
      vertex 0 -33.75 8
    endloop
  endfacet
  facet normal 0 0 -1
    outer loop
      vertex -5.17638 -34.4315 8
      vertex 0 -60 8
      vertex -3.92419 -59.8715 8
    endloop
  endfacet
  facet normal 0 0 -1
    outer loop
      vertex 0 -60 8
      vertex -5.17638 -34.4315 8
      vertex -2.61052 -33.9211 8
    endloop
  endfacet
  facet normal 0 0 -1
    outer loop
      vertex -3.92419 -59.8715 8
      vertex -7.65367 -35.2724 8
      vertex -5.17638 -34.4315 8
    endloop
  endfacet
  facet normal 0 0 -1
    outer loop
      vertex -12.1752 -37.8829 8
      vertex -3.92419 -59.8715 8
      vertex -7.83157 -59.4867 8
    endloop
  endfacet
  facet normal 0 0 -1
    outer loop
      vertex -3.92419 -59.8715 8
      vertex -10 -36.4295 8
      vertex -7.65367 -35.2724 8
    endloop
  endfacet
  facet normal 0 0 -1
    outer loop
      vertex -17.3205 -43.75 8
      vertex -7.83157 -59.4867 8
      vertex -11.7054 -58.8471 8
    endloop
  endfacet
  facet normal 0 0 -1
    outer loop
      vertex -3.92419 -59.8715 8
      vertex -12.1752 -37.8829 8
      vertex -10 -36.4295 8
    endloop
  endfacet
  facet normal 0 0 -1
    outer loop
      vertex -7.83157 -59.4867 8
      vertex -14.1421 -39.6079 8
      vertex -12.1752 -37.8829 8
    endloop
  endfacet
  facet normal 0 0 -1
    outer loop
      vertex -19.3185 -48.5736 8
      vertex -11.7054 -58.8471 8
      vertex -15.5291 -57.9556 8
    endloop
  endfacet
  facet normal 0 0 -1
    outer loop
      vertex -7.83157 -59.4867 8
      vertex -15.8671 -41.5748 8
      vertex -14.1421 -39.6079 8
    endloop
  endfacet
  facet normal 0 0 -1
    outer loop
      vertex -7.83157 -59.4867 8
      vertex -17.3205 -43.75 8
      vertex -15.8671 -41.5748 8
    endloop
  endfacet
  facet normal 0 0 -1
    outer loop
      vertex -11.7054 -58.8471 8
      vertex -18.4776 -46.0963 8
      vertex -17.3205 -43.75 8
    endloop
  endfacet
  facet normal 0 0 -1
    outer loop
      vertex -20 -53.75 8
      vertex -15.5291 -57.9556 8
      vertex -19.2864 -56.8158 8
    endloop
  endfacet
  facet normal 0 0 -1
    outer loop
      vertex -11.7054 -58.8471 8
      vertex -19.3185 -48.5736 8
      vertex -18.4776 -46.0963 8
    endloop
  endfacet
  facet normal 0 0 -1
    outer loop
      vertex -19.8289 -56.3605 8
      vertex -19.2864 -56.8158 8
      vertex -19.7749 -56.6319 8
    endloop
  endfacet
  facet normal 0 0 -1
    outer loop
      vertex -19.2864 -56.8158 8
      vertex -19.8289 -56.3605 8
      vertex -20 -53.75 8
    endloop
  endfacet
  facet normal 0 0 -1
    outer loop
      vertex -15.5291 -57.9556 8
      vertex -19.8289 -51.1395 8
      vertex -19.3185 -48.5736 8
    endloop
  endfacet
  facet normal 0 0 -1
    outer loop
      vertex -15.5291 -57.9556 8
      vertex -20 -53.75 8
      vertex -19.8289 -51.1395 8
    endloop
  endfacet
  facet normal 0 0 -1
    outer loop
      vertex 15.5291 57.9556 8
      vertex 20 53.75 8
      vertex 19.8289 51.1395 8
    endloop
  endfacet
  facet normal 0 0 -1
    outer loop
      vertex 20 53.75 8
      vertex 19.2864 56.8158 8
      vertex 19.8289 56.3605 8
    endloop
  endfacet
  facet normal 0 0 -1
    outer loop
      vertex 15.5291 57.9556 8
      vertex 19.8289 51.1395 8
      vertex 19.3185 48.5736 8
    endloop
  endfacet
  facet normal 0 0 -1
    outer loop
      vertex 19.8289 56.3605 8
      vertex 19.2864 56.8158 8
      vertex 19.7749 56.6319 8
    endloop
  endfacet
  facet normal 0 0 -1
    outer loop
      vertex 11.7054 58.8471 8
      vertex 19.3185 48.5736 8
      vertex 18.4776 46.0963 8
    endloop
  endfacet
  facet normal 0 0 -1
    outer loop
      vertex 11.7054 58.8471 8
      vertex 18.4776 46.0963 8
      vertex 17.3205 43.75 8
    endloop
  endfacet
  facet normal 0 0 -1
    outer loop
      vertex 7.83157 59.4867 8
      vertex 17.3205 43.75 8
      vertex 15.8671 41.5748 8
    endloop
  endfacet
  facet normal 0 0 -1
    outer loop
      vertex 20 53.75 8
      vertex 15.5291 57.9556 8
      vertex 19.2864 56.8158 8
    endloop
  endfacet
  facet normal 0 0 -1
    outer loop
      vertex 7.83157 59.4867 8
      vertex 15.8671 41.5748 8
      vertex 14.1421 39.6079 8
    endloop
  endfacet
  facet normal 0 0 -1
    outer loop
      vertex 7.83157 59.4867 8
      vertex 14.1421 39.6079 8
      vertex 12.1752 37.8829 8
    endloop
  endfacet
  facet normal 0 0 -1
    outer loop
      vertex 19.3185 48.5736 8
      vertex 11.7054 58.8471 8
      vertex 15.5291 57.9556 8
    endloop
  endfacet
  facet normal 0 0 -1
    outer loop
      vertex 3.92419 59.8715 8
      vertex 12.1752 37.8829 8
      vertex 10 36.4295 8
    endloop
  endfacet
  facet normal 0 0 -1
    outer loop
      vertex 17.3205 43.75 8
      vertex 7.83157 59.4867 8
      vertex 11.7054 58.8471 8
    endloop
  endfacet
  facet normal 0 0 -1
    outer loop
      vertex 3.92419 59.8715 8
      vertex 10 36.4295 8
      vertex 7.65367 35.2724 8
    endloop
  endfacet
  facet normal 0 0 -1
    outer loop
      vertex 3.92419 59.8715 8
      vertex 7.65367 35.2724 8
      vertex 5.17638 34.4315 8
    endloop
  endfacet
  facet normal 0 0 -1
    outer loop
      vertex 12.1752 37.8829 8
      vertex 3.92419 59.8715 8
      vertex 7.83157 59.4867 8
    endloop
  endfacet
  facet normal 0 0 -1
    outer loop
      vertex 0 60 8
      vertex 5.17638 34.4315 8
      vertex 2.61052 33.9211 8
    endloop
  endfacet
  facet normal 0 0 -1
    outer loop
      vertex 0 60 8
      vertex 2.61052 33.9211 8
      vertex 0 33.75 8
    endloop
  endfacet
  facet normal 0 0 -1
    outer loop
      vertex 5.17638 34.4315 8
      vertex 0 60 8
      vertex 3.92419 59.8715 8
    endloop
  endfacet
  facet normal 0 0 -1
    outer loop
      vertex -2.61052 33.9211 8
      vertex 0 60 8
      vertex 0 33.75 8
    endloop
  endfacet
  facet normal 0 0 -1
    outer loop
      vertex -5.17638 34.4315 8
      vertex 0 60 8
      vertex -2.61052 33.9211 8
    endloop
  endfacet
  facet normal 0 0 -1
    outer loop
      vertex 0 60 8
      vertex -5.17638 34.4315 8
      vertex -3.92419 59.8715 8
    endloop
  endfacet
  facet normal 0 0 -1
    outer loop
      vertex -7.65367 35.2724 8
      vertex -3.92419 59.8715 8
      vertex -5.17638 34.4315 8
    endloop
  endfacet
  facet normal 0 0 -1
    outer loop
      vertex -10 36.4295 8
      vertex -3.92419 59.8715 8
      vertex -7.65367 35.2724 8
    endloop
  endfacet
  facet normal 0 0 -1
    outer loop
      vertex -12.1752 37.8829 8
      vertex -3.92419 59.8715 8
      vertex -10 36.4295 8
    endloop
  endfacet
  facet normal 0 0 -1
    outer loop
      vertex -3.92419 59.8715 8
      vertex -12.1752 37.8829 8
      vertex -7.83157 59.4867 8
    endloop
  endfacet
  facet normal 0 0 -1
    outer loop
      vertex -14.1421 39.6079 8
      vertex -7.83157 59.4867 8
      vertex -12.1752 37.8829 8
    endloop
  endfacet
  facet normal 0 0 -1
    outer loop
      vertex -15.8671 41.5748 8
      vertex -7.83157 59.4867 8
      vertex -14.1421 39.6079 8
    endloop
  endfacet
  facet normal 0 0 -1
    outer loop
      vertex -17.3205 43.75 8
      vertex -7.83157 59.4867 8
      vertex -15.8671 41.5748 8
    endloop
  endfacet
  facet normal 0 0 -1
    outer loop
      vertex -7.83157 59.4867 8
      vertex -17.3205 43.75 8
      vertex -11.7054 58.8471 8
    endloop
  endfacet
  facet normal 0 0 -1
    outer loop
      vertex -18.4776 46.0963 8
      vertex -11.7054 58.8471 8
      vertex -17.3205 43.75 8
    endloop
  endfacet
  facet normal 0 0 -1
    outer loop
      vertex -19.3185 48.5736 8
      vertex -11.7054 58.8471 8
      vertex -18.4776 46.0963 8
    endloop
  endfacet
  facet normal 0 0 -1
    outer loop
      vertex -11.7054 58.8471 8
      vertex -19.3185 48.5736 8
      vertex -15.5291 57.9556 8
    endloop
  endfacet
  facet normal 0 0 -1
    outer loop
      vertex -19.8289 51.1395 8
      vertex -15.5291 57.9556 8
      vertex -19.3185 48.5736 8
    endloop
  endfacet
  facet normal 0 0 -1
    outer loop
      vertex -20 53.75 8
      vertex -15.5291 57.9556 8
      vertex -19.8289 51.1395 8
    endloop
  endfacet
  facet normal 0 0 -1
    outer loop
      vertex -15.5291 57.9556 8
      vertex -20 53.75 8
      vertex -19.2864 56.8158 8
    endloop
  endfacet
  facet normal 0 -0 -1
    outer loop
      vertex -19.8289 56.3605 8
      vertex -19.2864 56.8158 8
      vertex -20 53.75 8
    endloop
  endfacet
  facet normal 0 0 -1
    outer loop
      vertex -19.2864 56.8158 8
      vertex -19.8289 56.3605 8
      vertex -19.7749 56.6319 8
    endloop
  endfacet
  facet normal 0 0 -1
    outer loop
      vertex -60 0 8
      vertex -33.75 0 8
      vertex -33.9211 -2.61052 8
    endloop
  endfacet
  facet normal 0 0 -1
    outer loop
      vertex -60 0 8
      vertex -33.9211 -2.61052 8
      vertex -34.4315 -5.17638 8
    endloop
  endfacet
  facet normal 0 0 -1
    outer loop
      vertex -33.75 0 8
      vertex -60 0 8
      vertex -33.9211 2.61052 8
    endloop
  endfacet
  facet normal 0 0 -1
    outer loop
      vertex -59.8715 -3.92419 8
      vertex -34.4315 -5.17638 8
      vertex -35.2724 -7.65367 8
    endloop
  endfacet
  facet normal -0 0 -1
    outer loop
      vertex -33.9211 2.61052 8
      vertex -60 0 8
      vertex -34.4315 5.17638 8
    endloop
  endfacet
  facet normal 0 0 -1
    outer loop
      vertex -59.8715 -3.92419 8
      vertex -35.2724 -7.65367 8
      vertex -36.4295 -10 8
    endloop
  endfacet
  facet normal 0 -0 -1
    outer loop
      vertex -59.8715 3.92419 8
      vertex -34.4315 5.17638 8
      vertex -60 0 8
    endloop
  endfacet
  facet normal 0 0 -1
    outer loop
      vertex -59.8715 -3.92419 8
      vertex -36.4295 -10 8
      vertex -37.8829 -12.1752 8
    endloop
  endfacet
  facet normal -0 0 -1
    outer loop
      vertex -34.4315 5.17638 8
      vertex -59.8715 3.92419 8
      vertex -35.2724 7.65367 8
    endloop
  endfacet
  facet normal 0 0 -1
    outer loop
      vertex -59.4867 -7.83157 8
      vertex -37.8829 -12.1752 8
      vertex -39.6079 -14.1421 8
    endloop
  endfacet
  facet normal -0 0 -1
    outer loop
      vertex -35.2724 7.65367 8
      vertex -59.8715 3.92419 8
      vertex -36.4295 10 8
    endloop
  endfacet
  facet normal 0 0 -1
    outer loop
      vertex -59.4867 -7.83157 8
      vertex -39.6079 -14.1421 8
      vertex -41.5748 -15.8671 8
    endloop
  endfacet
  facet normal -0 0 -1
    outer loop
      vertex -36.4295 10 8
      vertex -59.8715 3.92419 8
      vertex -37.8829 12.1752 8
    endloop
  endfacet
  facet normal 0 0 -1
    outer loop
      vertex -59.4867 -7.83157 8
      vertex -41.5748 -15.8671 8
      vertex -43.75 -17.3205 8
    endloop
  endfacet
  facet normal 0 -0 -1
    outer loop
      vertex -59.4867 7.83157 8
      vertex -37.8829 12.1752 8
      vertex -59.8715 3.92419 8
    endloop
  endfacet
  facet normal 0 0 -1
    outer loop
      vertex -58.8471 -11.7054 8
      vertex -43.75 -17.3205 8
      vertex -46.0963 -18.4776 8
    endloop
  endfacet
  facet normal -0 0 -1
    outer loop
      vertex -37.8829 12.1752 8
      vertex -59.4867 7.83157 8
      vertex -39.6079 14.1421 8
    endloop
  endfacet
  facet normal 0 0 -1
    outer loop
      vertex -58.8471 -11.7054 8
      vertex -46.0963 -18.4776 8
      vertex -48.5736 -19.3185 8
    endloop
  endfacet
  facet normal -0 0 -1
    outer loop
      vertex -39.6079 14.1421 8
      vertex -59.4867 7.83157 8
      vertex -41.5748 15.8671 8
    endloop
  endfacet
  facet normal 0 0 -1
    outer loop
      vertex -57.9556 -15.5291 8
      vertex -48.5736 -19.3185 8
      vertex -51.1395 -19.8289 8
    endloop
  endfacet
  facet normal -0 0 -1
    outer loop
      vertex -41.5748 15.8671 8
      vertex -59.4867 7.83157 8
      vertex -43.75 17.3205 8
    endloop
  endfacet
  facet normal 0 0 -1
    outer loop
      vertex -57.9556 -15.5291 8
      vertex -51.1395 -19.8289 8
      vertex -53.75 -20 8
    endloop
  endfacet
  facet normal 0 0 -1
    outer loop
      vertex -34.4315 -5.17638 8
      vertex -59.8715 -3.92419 8
      vertex -60 0 8
    endloop
  endfacet
  facet normal 0 0 -1
    outer loop
      vertex -56.8158 -19.2864 8
      vertex -53.75 -20 8
      vertex -56.3605 -19.8289 8
    endloop
  endfacet
  facet normal 0 0 -1
    outer loop
      vertex -37.8829 -12.1752 8
      vertex -59.4867 -7.83157 8
      vertex -59.8715 -3.92419 8
    endloop
  endfacet
  facet normal 0 0 -1
    outer loop
      vertex -56.8158 -19.2864 8
      vertex -56.3605 -19.8289 8
      vertex -56.6319 -19.7749 8
    endloop
  endfacet
  facet normal 0 0 -1
    outer loop
      vertex -48.5736 -19.3185 8
      vertex -57.9556 -15.5291 8
      vertex -58.8471 -11.7054 8
    endloop
  endfacet
  facet normal 0 0 -1
    outer loop
      vertex -53.75 -20 8
      vertex -56.8158 -19.2864 8
      vertex -57.9556 -15.5291 8
    endloop
  endfacet
  facet normal 0 0 -1
    outer loop
      vertex -43.75 -17.3205 8
      vertex -58.8471 -11.7054 8
      vertex -59.4867 -7.83157 8
    endloop
  endfacet
  facet normal 0 0 -1
    outer loop
      vertex -53.75 20 8
      vertex -56.8158 19.2864 8
      vertex -56.3605 19.8289 8
    endloop
  endfacet
  facet normal 0 0 -1
    outer loop
      vertex -56.3605 19.8289 8
      vertex -56.8158 19.2864 8
      vertex -56.6319 19.7749 8
    endloop
  endfacet
  facet normal 0 -0 -1
    outer loop
      vertex -58.8471 11.7054 8
      vertex -43.75 17.3205 8
      vertex -59.4867 7.83157 8
    endloop
  endfacet
  facet normal 0 -0 -1
    outer loop
      vertex -56.8158 19.2864 8
      vertex -53.75 20 8
      vertex -57.9556 15.5291 8
    endloop
  endfacet
  facet normal -0 0 -1
    outer loop
      vertex -43.75 17.3205 8
      vertex -58.8471 11.7054 8
      vertex -46.0963 18.4776 8
    endloop
  endfacet
  facet normal -0 0 -1
    outer loop
      vertex -51.1395 19.8289 8
      vertex -57.9556 15.5291 8
      vertex -53.75 20 8
    endloop
  endfacet
  facet normal -0 0 -1
    outer loop
      vertex -48.5736 19.3185 8
      vertex -57.9556 15.5291 8
      vertex -51.1395 19.8289 8
    endloop
  endfacet
  facet normal 0 -0 -1
    outer loop
      vertex -57.9556 15.5291 8
      vertex -48.5736 19.3185 8
      vertex -58.8471 11.7054 8
    endloop
  endfacet
  facet normal -0 0 -1
    outer loop
      vertex -46.0963 18.4776 8
      vertex -58.8471 11.7054 8
      vertex -48.5736 19.3185 8
    endloop
  endfacet
  facet normal -0 0 1
    outer loop
      vertex 73.5789 2.61052 8
      vertex 107.5 0 8
      vertex 107.27 7.03084 8
    endloop
  endfacet
  facet normal 0 0 1
    outer loop
      vertex 73.0685 5.17638 8
      vertex 107.27 7.03084 8
      vertex 106.58 14.0316 8
    endloop
  endfacet
  facet normal 0 0 1
    outer loop
      vertex 107.5 0 8
      vertex 73.5789 2.61052 8
      vertex 73.75 0 8
    endloop
  endfacet
  facet normal 0 0 1
    outer loop
      vertex 72.2276 7.65367 8
      vertex 106.58 14.0316 8
      vertex 105.434 20.9722 8
    endloop
  endfacet
  facet normal 0 0 1
    outer loop
      vertex 73.5789 -2.61052 8
      vertex 107.5 0 8
      vertex 73.75 0 8
    endloop
  endfacet
  facet normal 0 0 1
    outer loop
      vertex 71.0705 10 8
      vertex 105.434 20.9722 8
      vertex 103.837 27.823 8
    endloop
  endfacet
  facet normal 0 0 1
    outer loop
      vertex 107.5 0 8
      vertex 73.5789 -2.61052 8
      vertex 107.27 -7.03084 8
    endloop
  endfacet
  facet normal 0 0 1
    outer loop
      vertex 69.6171 12.1752 8
      vertex 103.837 27.823 8
      vertex 101.795 34.5547 8
    endloop
  endfacet
  facet normal 0 0 1
    outer loop
      vertex 107.27 -7.03084 8
      vertex 73.0685 -5.17638 8
      vertex 106.58 -14.0316 8
    endloop
  endfacet
  facet normal 0 0 1
    outer loop
      vertex 67.8921 14.1421 8
      vertex 101.795 34.5547 8
      vertex 99.317 41.1385 8
    endloop
  endfacet
  facet normal -0 0 1
    outer loop
      vertex 72.2276 -7.65367 8
      vertex 106.58 -14.0316 8
      vertex 73.0685 -5.17638 8
    endloop
  endfacet
  facet normal 0 0 1
    outer loop
      vertex 65.9252 15.8671 8
      vertex 99.317 41.1385 8
      vertex 96.4138 47.546 8
    endloop
  endfacet
  facet normal 0 0 1
    outer loop
      vertex 106.58 -14.0316 8
      vertex 72.2276 -7.65367 8
      vertex 105.434 -20.9722 8
    endloop
  endfacet
  facet normal 0 0 1
    outer loop
      vertex 53.8124 26.5373 8
      vertex 96.4138 47.546 8
      vertex 93.0977 53.75 8
    endloop
  endfacet
  facet normal -0 0 1
    outer loop
      vertex 71.0705 -10 8
      vertex 105.434 -20.9722 8
      vertex 72.2276 -7.65367 8
    endloop
  endfacet
  facet normal 0 0 1
    outer loop
      vertex 51.9615 30 8
      vertex 93.0977 53.75 8
      vertex 89.383 59.7238 8
    endloop
  endfacet
  facet normal 0 0 1
    outer loop
      vertex 105.434 -20.9722 8
      vertex 71.0705 -10 8
      vertex 103.837 -27.823 8
    endloop
  endfacet
  facet normal 0 0 1
    outer loop
      vertex 49.8882 33.3342 8
      vertex 89.383 59.7238 8
      vertex 85.2855 65.4419 8
    endloop
  endfacet
  facet normal -0 0 1
    outer loop
      vertex 69.6171 -12.1752 8
      vertex 103.837 -27.823 8
      vertex 71.0705 -10 8
    endloop
  endfacet
  facet normal 0 0 1
    outer loop
      vertex 47.6012 36.5257 8
      vertex 85.2855 65.4419 8
      vertex 80.8228 70.8797 8
    endloop
  endfacet
  facet normal 0 0 1
    outer loop
      vertex 103.837 -27.823 8
      vertex 69.6171 -12.1752 8
      vertex 101.795 -34.5547 8
    endloop
  endfacet
  facet normal 0 0 1
    outer loop
      vertex 45.1104 39.5607 8
      vertex 80.8228 70.8797 8
      vertex 76.014 76.014 8
    endloop
  endfacet
  facet normal -0 0 1
    outer loop
      vertex 67.8921 -14.1421 8
      vertex 101.795 -34.5547 8
      vertex 69.6171 -12.1752 8
    endloop
  endfacet
  facet normal 0 0 1
    outer loop
      vertex 101.795 -34.5547 8
      vertex 67.8921 -14.1421 8
      vertex 99.317 -41.1385 8
    endloop
  endfacet
  facet normal -0 0 1
    outer loop
      vertex 73.0685 -5.17638 8
      vertex 107.27 -7.03084 8
      vertex 73.5789 -2.61052 8
    endloop
  endfacet
  facet normal 0 0 1
    outer loop
      vertex 107.27 7.03084 8
      vertex 73.0685 5.17638 8
      vertex 73.5789 2.61052 8
    endloop
  endfacet
  facet normal 0 0 1
    outer loop
      vertex 106.58 14.0316 8
      vertex 72.2276 7.65367 8
      vertex 73.0685 5.17638 8
    endloop
  endfacet
  facet normal 0 0 1
    outer loop
      vertex 105.434 20.9722 8
      vertex 71.0705 10 8
      vertex 72.2276 7.65367 8
    endloop
  endfacet
  facet normal 0 0 1
    outer loop
      vertex 42.4264 42.4264 8
      vertex 76.014 76.014 8
      vertex 70.8797 80.8228 8
    endloop
  endfacet
  facet normal 0 0 1
    outer loop
      vertex 103.837 27.823 8
      vertex 69.6171 12.1752 8
      vertex 71.0705 10 8
    endloop
  endfacet
  facet normal 0 0 1
    outer loop
      vertex 101.795 34.5547 8
      vertex 67.8921 14.1421 8
      vertex 69.6171 12.1752 8
    endloop
  endfacet
  facet normal 0 0 1
    outer loop
      vertex 99.317 41.1385 8
      vertex 65.9252 15.8671 8
      vertex 67.8921 14.1421 8
    endloop
  endfacet
  facet normal 0 0 1
    outer loop
      vertex 39.5607 45.1104 8
      vertex 70.8797 80.8228 8
      vertex 65.4419 85.2855 8
    endloop
  endfacet
  facet normal 0 0 1
    outer loop
      vertex 96.4138 47.546 8
      vertex 63.75 17.3205 8
      vertex 65.9252 15.8671 8
    endloop
  endfacet
  facet normal 0 0 1
    outer loop
      vertex 93.0977 53.75 8
      vertex 51.9615 30 8
      vertex 53.8124 26.5373 8
    endloop
  endfacet
  facet normal 0 0 1
    outer loop
      vertex 36.5257 47.6012 8
      vertex 65.4419 85.2855 8
      vertex 59.7238 89.383 8
    endloop
  endfacet
  facet normal 0 0 1
    outer loop
      vertex 96.4138 47.546 8
      vertex 53.8124 26.5373 8
      vertex 63.75 17.3205 8
    endloop
  endfacet
  facet normal -0 -0 1
    outer loop
      vertex 55.4328 22.961 8
      vertex 61.4037 18.4776 8
      vertex 53.8124 26.5373 8
    endloop
  endfacet
  facet normal 0 0 1
    outer loop
      vertex 58.9264 19.3185 8
      vertex 55.4328 22.961 8
      vertex 56.6319 19.7749 8
    endloop
  endfacet
  facet normal 0 0 1
    outer loop
      vertex 61.4037 18.4776 8
      vertex 55.4328 22.961 8
      vertex 58.9264 19.3185 8
    endloop
  endfacet
  facet normal 0 0 1
    outer loop
      vertex 33.3342 49.8882 8
      vertex 59.7238 89.383 8
      vertex 53.75 93.0977 8
    endloop
  endfacet
  facet normal 0 0 1
    outer loop
      vertex 63.75 17.3205 8
      vertex 53.8124 26.5373 8
      vertex 61.4037 18.4776 8
    endloop
  endfacet
  facet normal 0 0 1
    outer loop
      vertex 89.383 59.7238 8
      vertex 49.8882 33.3342 8
      vertex 51.9615 30 8
    endloop
  endfacet
  facet normal 0 0 1
    outer loop
      vertex 85.2855 65.4419 8
      vertex 47.6012 36.5257 8
      vertex 49.8882 33.3342 8
    endloop
  endfacet
  facet normal 0 0 1
    outer loop
      vertex 30 51.9615 8
      vertex 53.75 93.0977 8
      vertex 47.546 96.4138 8
    endloop
  endfacet
  facet normal 0 0 1
    outer loop
      vertex 80.8228 70.8797 8
      vertex 45.1104 39.5607 8
      vertex 47.6012 36.5257 8
    endloop
  endfacet
  facet normal 0 0 1
    outer loop
      vertex 76.014 76.014 8
      vertex 42.4264 42.4264 8
      vertex 45.1104 39.5607 8
    endloop
  endfacet
  facet normal 0 0 1
    outer loop
      vertex 15.8671 65.9252 8
      vertex 47.546 96.4138 8
      vertex 41.1385 99.317 8
    endloop
  endfacet
  facet normal 0 0 1
    outer loop
      vertex 70.8797 80.8228 8
      vertex 39.5607 45.1104 8
      vertex 42.4264 42.4264 8
    endloop
  endfacet
  facet normal 0 0 1
    outer loop
      vertex 65.4419 85.2855 8
      vertex 36.5257 47.6012 8
      vertex 39.5607 45.1104 8
    endloop
  endfacet
  facet normal 0 0 1
    outer loop
      vertex 14.1421 67.8921 8
      vertex 41.1385 99.317 8
      vertex 34.5547 101.795 8
    endloop
  endfacet
  facet normal 0 0 1
    outer loop
      vertex 59.7238 89.383 8
      vertex 33.3342 49.8882 8
      vertex 36.5257 47.6012 8
    endloop
  endfacet
  facet normal 0 0 1
    outer loop
      vertex 53.75 93.0977 8
      vertex 30 51.9615 8
      vertex 33.3342 49.8882 8
    endloop
  endfacet
  facet normal 0 0 1
    outer loop
      vertex 12.1752 69.6171 8
      vertex 34.5547 101.795 8
      vertex 27.823 103.837 8
    endloop
  endfacet
  facet normal 0 0 1
    outer loop
      vertex 47.546 96.4138 8
      vertex 17.3205 63.75 8
      vertex 26.5373 53.8124 8
    endloop
  endfacet
  facet normal 0 0 1
    outer loop
      vertex 47.546 96.4138 8
      vertex 26.5373 53.8124 8
      vertex 30 51.9615 8
    endloop
  endfacet
  facet normal 0 0 1
    outer loop
      vertex 10 71.0705 8
      vertex 27.823 103.837 8
      vertex 20.9722 105.434 8
    endloop
  endfacet
  facet normal -0 -0 1
    outer loop
      vertex 18.4776 61.4037 8
      vertex 26.5373 53.8124 8
      vertex 17.3205 63.75 8
    endloop
  endfacet
  facet normal 0 0 1
    outer loop
      vertex 22.961 55.4328 8
      vertex 19.3185 58.9264 8
      vertex 19.7749 56.6319 8
    endloop
  endfacet
  facet normal 0 0 1
    outer loop
      vertex 22.961 55.4328 8
      vertex 18.4776 61.4037 8
      vertex 19.3185 58.9264 8
    endloop
  endfacet
  facet normal 0 0 1
    outer loop
      vertex 26.5373 53.8124 8
      vertex 18.4776 61.4037 8
      vertex 22.961 55.4328 8
    endloop
  endfacet
  facet normal 0 0 1
    outer loop
      vertex 47.546 96.4138 8
      vertex 15.8671 65.9252 8
      vertex 17.3205 63.75 8
    endloop
  endfacet
  facet normal 0 0 1
    outer loop
      vertex 41.1385 99.317 8
      vertex 14.1421 67.8921 8
      vertex 15.8671 65.9252 8
    endloop
  endfacet
  facet normal 0 0 1
    outer loop
      vertex 7.65367 72.2276 8
      vertex 20.9722 105.434 8
      vertex 14.0316 106.58 8
    endloop
  endfacet
  facet normal 0 0 1
    outer loop
      vertex 34.5547 101.795 8
      vertex 12.1752 69.6171 8
      vertex 14.1421 67.8921 8
    endloop
  endfacet
  facet normal 0 0 1
    outer loop
      vertex 27.823 103.837 8
      vertex 10 71.0705 8
      vertex 12.1752 69.6171 8
    endloop
  endfacet
  facet normal 0 0 1
    outer loop
      vertex 20.9722 105.434 8
      vertex 7.65367 72.2276 8
      vertex 10 71.0705 8
    endloop
  endfacet
  facet normal 0 0 1
    outer loop
      vertex 5.17638 73.0685 8
      vertex 14.0316 106.58 8
      vertex 7.03084 107.27 8
    endloop
  endfacet
  facet normal 0 0 1
    outer loop
      vertex 14.0316 106.58 8
      vertex 5.17638 73.0685 8
      vertex 7.65367 72.2276 8
    endloop
  endfacet
  facet normal 0 0 1
    outer loop
      vertex 7.03084 107.27 8
      vertex 2.61052 73.5789 8
      vertex 5.17638 73.0685 8
    endloop
  endfacet
  facet normal 0 0 1
    outer loop
      vertex 0 107.5 8
      vertex 2.61052 73.5789 8
      vertex 7.03084 107.27 8
    endloop
  endfacet
  facet normal 0 0 1
    outer loop
      vertex 0 107.5 8
      vertex 0 73.75 8
      vertex 2.61052 73.5789 8
    endloop
  endfacet
  facet normal 0 0 1
    outer loop
      vertex 0 107.5 8
      vertex -2.61052 73.5789 8
      vertex 0 73.75 8
    endloop
  endfacet
  facet normal -0 0 1
    outer loop
      vertex -7.03084 107.27 8
      vertex -2.61052 73.5789 8
      vertex 0 107.5 8
    endloop
  endfacet
  facet normal 0 0 1
    outer loop
      vertex -2.61052 73.5789 8
      vertex -7.03084 107.27 8
      vertex -5.17638 73.0685 8
    endloop
  endfacet
  facet normal -0 0 1
    outer loop
      vertex -14.0316 106.58 8
      vertex -5.17638 73.0685 8
      vertex -7.03084 107.27 8
    endloop
  endfacet
  facet normal 0 0 1
    outer loop
      vertex -5.17638 73.0685 8
      vertex -14.0316 106.58 8
      vertex -7.65367 72.2276 8
    endloop
  endfacet
  facet normal -0 0 1
    outer loop
      vertex -20.9722 105.434 8
      vertex -7.65367 72.2276 8
      vertex -14.0316 106.58 8
    endloop
  endfacet
  facet normal 0 0 1
    outer loop
      vertex -7.65367 72.2276 8
      vertex -20.9722 105.434 8
      vertex -10 71.0705 8
    endloop
  endfacet
  facet normal -0 0 1
    outer loop
      vertex -27.823 103.837 8
      vertex -10 71.0705 8
      vertex -20.9722 105.434 8
    endloop
  endfacet
  facet normal 0 0 1
    outer loop
      vertex -10 71.0705 8
      vertex -27.823 103.837 8
      vertex -12.1752 69.6171 8
    endloop
  endfacet
  facet normal -0 0 1
    outer loop
      vertex -34.5547 101.795 8
      vertex -12.1752 69.6171 8
      vertex -27.823 103.837 8
    endloop
  endfacet
  facet normal 0 0 1
    outer loop
      vertex -12.1752 69.6171 8
      vertex -34.5547 101.795 8
      vertex -14.1421 67.8921 8
    endloop
  endfacet
  facet normal -0 0 1
    outer loop
      vertex -41.1385 99.317 8
      vertex -14.1421 67.8921 8
      vertex -34.5547 101.795 8
    endloop
  endfacet
  facet normal 0 0 1
    outer loop
      vertex -14.1421 67.8921 8
      vertex -41.1385 99.317 8
      vertex -15.8671 65.9252 8
    endloop
  endfacet
  facet normal -0 0 1
    outer loop
      vertex -47.546 96.4138 8
      vertex -15.8671 65.9252 8
      vertex -41.1385 99.317 8
    endloop
  endfacet
  facet normal 0 0 1
    outer loop
      vertex -15.8671 65.9252 8
      vertex -47.546 96.4138 8
      vertex -17.3205 63.75 8
    endloop
  endfacet
  facet normal 0 -0 1
    outer loop
      vertex -26.5373 53.8124 8
      vertex -17.3205 63.75 8
      vertex -47.546 96.4138 8
    endloop
  endfacet
  facet normal 0 0 1
    outer loop
      vertex -17.3205 63.75 8
      vertex -26.5373 53.8124 8
      vertex -18.4776 61.4037 8
    endloop
  endfacet
  facet normal 0 0 1
    outer loop
      vertex -19.3185 58.9264 8
      vertex -22.961 55.4328 8
      vertex -19.7749 56.6319 8
    endloop
  endfacet
  facet normal 0 0 1
    outer loop
      vertex -18.4776 61.4037 8
      vertex -22.961 55.4328 8
      vertex -19.3185 58.9264 8
    endloop
  endfacet
  facet normal 0 -0 1
    outer loop
      vertex -22.961 55.4328 8
      vertex -18.4776 61.4037 8
      vertex -26.5373 53.8124 8
    endloop
  endfacet
  facet normal 0 0 1
    outer loop
      vertex -26.5373 53.8124 8
      vertex -47.546 96.4138 8
      vertex -30 51.9615 8
    endloop
  endfacet
  facet normal -0 0 1
    outer loop
      vertex -53.75 93.0977 8
      vertex -30 51.9615 8
      vertex -47.546 96.4138 8
    endloop
  endfacet
  facet normal 0 0 1
    outer loop
      vertex -30 51.9615 8
      vertex -53.75 93.0977 8
      vertex -33.3342 49.8882 8
    endloop
  endfacet
  facet normal -0 0 1
    outer loop
      vertex -59.7238 89.383 8
      vertex -33.3342 49.8882 8
      vertex -53.75 93.0977 8
    endloop
  endfacet
  facet normal 0 0 1
    outer loop
      vertex -33.3342 49.8882 8
      vertex -59.7238 89.383 8
      vertex -36.5257 47.6012 8
    endloop
  endfacet
  facet normal -0 0 1
    outer loop
      vertex -65.4419 85.2855 8
      vertex -36.5257 47.6012 8
      vertex -59.7238 89.383 8
    endloop
  endfacet
  facet normal 0 0 1
    outer loop
      vertex -36.5257 47.6012 8
      vertex -65.4419 85.2855 8
      vertex -39.5607 45.1104 8
    endloop
  endfacet
  facet normal -0 0 1
    outer loop
      vertex -70.8797 80.8228 8
      vertex -39.5607 45.1104 8
      vertex -65.4419 85.2855 8
    endloop
  endfacet
  facet normal 0 0 1
    outer loop
      vertex -39.5607 45.1104 8
      vertex -70.8797 80.8228 8
      vertex -42.4264 42.4264 8
    endloop
  endfacet
  facet normal -0 0 1
    outer loop
      vertex -76.014 76.014 8
      vertex -42.4264 42.4264 8
      vertex -70.8797 80.8228 8
    endloop
  endfacet
  facet normal 0 0 1
    outer loop
      vertex -42.4264 42.4264 8
      vertex -76.014 76.014 8
      vertex -45.1104 39.5607 8
    endloop
  endfacet
  facet normal -0 0 1
    outer loop
      vertex -80.8228 70.8797 8
      vertex -45.1104 39.5607 8
      vertex -76.014 76.014 8
    endloop
  endfacet
  facet normal 0 0 1
    outer loop
      vertex -45.1104 39.5607 8
      vertex -80.8228 70.8797 8
      vertex -47.6012 36.5257 8
    endloop
  endfacet
  facet normal -0 0 1
    outer loop
      vertex -85.2855 65.4419 8
      vertex -47.6012 36.5257 8
      vertex -80.8228 70.8797 8
    endloop
  endfacet
  facet normal 0 0 1
    outer loop
      vertex -47.6012 36.5257 8
      vertex -85.2855 65.4419 8
      vertex -49.8882 33.3342 8
    endloop
  endfacet
  facet normal -0 0 1
    outer loop
      vertex -89.383 59.7238 8
      vertex -49.8882 33.3342 8
      vertex -85.2855 65.4419 8
    endloop
  endfacet
  facet normal 0 0 1
    outer loop
      vertex -49.8882 33.3342 8
      vertex -89.383 59.7238 8
      vertex -51.9615 30 8
    endloop
  endfacet
  facet normal -0 0 1
    outer loop
      vertex -93.0977 53.75 8
      vertex -51.9615 30 8
      vertex -89.383 59.7238 8
    endloop
  endfacet
  facet normal 0 0 1
    outer loop
      vertex -51.9615 30 8
      vertex -93.0977 53.75 8
      vertex -53.8124 26.5373 8
    endloop
  endfacet
  facet normal 0 0 1
    outer loop
      vertex -55.4328 22.961 8
      vertex -58.9264 19.3185 8
      vertex -56.6319 19.7749 8
    endloop
  endfacet
  facet normal -0 0 1
    outer loop
      vertex -96.4138 47.546 8
      vertex -53.8124 26.5373 8
      vertex -93.0977 53.75 8
    endloop
  endfacet
  facet normal 0 0 1
    outer loop
      vertex -55.4328 22.961 8
      vertex -61.4037 18.4776 8
      vertex -58.9264 19.3185 8
    endloop
  endfacet
  facet normal 0 0 1
    outer loop
      vertex -53.8124 26.5373 8
      vertex -61.4037 18.4776 8
      vertex -55.4328 22.961 8
    endloop
  endfacet
  facet normal 0 0 1
    outer loop
      vertex -53.8124 26.5373 8
      vertex -63.75 17.3205 8
      vertex -61.4037 18.4776 8
    endloop
  endfacet
  facet normal 0 0 1
    outer loop
      vertex -53.8124 26.5373 8
      vertex -96.4138 47.546 8
      vertex -63.75 17.3205 8
    endloop
  endfacet
  facet normal 0 0 1
    outer loop
      vertex -63.75 17.3205 8
      vertex -96.4138 47.546 8
      vertex -65.9252 15.8671 8
    endloop
  endfacet
  facet normal -0 0 1
    outer loop
      vertex -99.317 41.1385 8
      vertex -65.9252 15.8671 8
      vertex -96.4138 47.546 8
    endloop
  endfacet
  facet normal 0 0 1
    outer loop
      vertex -65.9252 15.8671 8
      vertex -99.317 41.1385 8
      vertex -67.8921 14.1421 8
    endloop
  endfacet
  facet normal -0 0 1
    outer loop
      vertex 65.9252 -15.8671 8
      vertex 99.317 -41.1385 8
      vertex 67.8921 -14.1421 8
    endloop
  endfacet
  facet normal 0 0 1
    outer loop
      vertex 99.317 -41.1385 8
      vertex 65.9252 -15.8671 8
      vertex 96.4138 -47.546 8
    endloop
  endfacet
  facet normal -0 0 1
    outer loop
      vertex 63.75 -17.3205 8
      vertex 96.4138 -47.546 8
      vertex 65.9252 -15.8671 8
    endloop
  endfacet
  facet normal -0 0 1
    outer loop
      vertex 53.8124 -26.5373 8
      vertex 96.4138 -47.546 8
      vertex 63.75 -17.3205 8
    endloop
  endfacet
  facet normal 0 0 1
    outer loop
      vertex 96.4138 -47.546 8
      vertex 53.8124 -26.5373 8
      vertex 93.0977 -53.75 8
    endloop
  endfacet
  facet normal -0 0 1
    outer loop
      vertex 51.9615 -30 8
      vertex 93.0977 -53.75 8
      vertex 53.8124 -26.5373 8
    endloop
  endfacet
  facet normal -0 0 1
    outer loop
      vertex 49.8882 -33.3342 8
      vertex 89.383 -59.7238 8
      vertex 51.9615 -30 8
    endloop
  endfacet
  facet normal 0 0 1
    outer loop
      vertex 89.383 -59.7238 8
      vertex 49.8882 -33.3342 8
      vertex 85.2855 -65.4419 8
    endloop
  endfacet
  facet normal -0 0 1
    outer loop
      vertex 47.6012 -36.5257 8
      vertex 85.2855 -65.4419 8
      vertex 49.8882 -33.3342 8
    endloop
  endfacet
  facet normal 0 0 1
    outer loop
      vertex 85.2855 -65.4419 8
      vertex 47.6012 -36.5257 8
      vertex 80.8228 -70.8797 8
    endloop
  endfacet
  facet normal 0 0 1
    outer loop
      vertex 53.8124 -26.5373 8
      vertex 63.75 -17.3205 8
      vertex 61.4037 -18.4776 8
    endloop
  endfacet
  facet normal -0 0 1
    outer loop
      vertex 45.1104 -39.5607 8
      vertex 80.8228 -70.8797 8
      vertex 47.6012 -36.5257 8
    endloop
  endfacet
  facet normal 0 0 1
    outer loop
      vertex 55.4328 -22.961 8
      vertex 61.4037 -18.4776 8
      vertex 58.9264 -19.3185 8
    endloop
  endfacet
  facet normal 0 0 1
    outer loop
      vertex 55.4328 -22.961 8
      vertex 58.9264 -19.3185 8
      vertex 56.6319 -19.7749 8
    endloop
  endfacet
  facet normal 0 0 1
    outer loop
      vertex 61.4037 -18.4776 8
      vertex 55.4328 -22.961 8
      vertex 53.8124 -26.5373 8
    endloop
  endfacet
  facet normal 0 0 1
    outer loop
      vertex 93.0977 -53.75 8
      vertex 51.9615 -30 8
      vertex 89.383 -59.7238 8
    endloop
  endfacet
  facet normal 0 0 1
    outer loop
      vertex 80.8228 -70.8797 8
      vertex 45.1104 -39.5607 8
      vertex 76.014 -76.014 8
    endloop
  endfacet
  facet normal -0 0 1
    outer loop
      vertex 42.4264 -42.4264 8
      vertex 76.014 -76.014 8
      vertex 45.1104 -39.5607 8
    endloop
  endfacet
  facet normal 0 0 1
    outer loop
      vertex 76.014 -76.014 8
      vertex 42.4264 -42.4264 8
      vertex 70.8797 -80.8228 8
    endloop
  endfacet
  facet normal -0 0 1
    outer loop
      vertex 39.5607 -45.1104 8
      vertex 70.8797 -80.8228 8
      vertex 42.4264 -42.4264 8
    endloop
  endfacet
  facet normal 0 0 1
    outer loop
      vertex 70.8797 -80.8228 8
      vertex 39.5607 -45.1104 8
      vertex 65.4419 -85.2855 8
    endloop
  endfacet
  facet normal -0 0 1
    outer loop
      vertex 36.5257 -47.6012 8
      vertex 65.4419 -85.2855 8
      vertex 39.5607 -45.1104 8
    endloop
  endfacet
  facet normal 0 0 1
    outer loop
      vertex 65.4419 -85.2855 8
      vertex 36.5257 -47.6012 8
      vertex 59.7238 -89.383 8
    endloop
  endfacet
  facet normal -0 0 1
    outer loop
      vertex 33.3342 -49.8882 8
      vertex 59.7238 -89.383 8
      vertex 36.5257 -47.6012 8
    endloop
  endfacet
  facet normal 0 0 1
    outer loop
      vertex 59.7238 -89.383 8
      vertex 33.3342 -49.8882 8
      vertex 53.75 -93.0977 8
    endloop
  endfacet
  facet normal -0 0 1
    outer loop
      vertex 30 -51.9615 8
      vertex 53.75 -93.0977 8
      vertex 33.3342 -49.8882 8
    endloop
  endfacet
  facet normal 0 0 1
    outer loop
      vertex 53.75 -93.0977 8
      vertex 30 -51.9615 8
      vertex 47.546 -96.4138 8
    endloop
  endfacet
  facet normal -0 0 1
    outer loop
      vertex 26.5373 -53.8124 8
      vertex 47.546 -96.4138 8
      vertex 30 -51.9615 8
    endloop
  endfacet
  facet normal -0 0 1
    outer loop
      vertex 17.3205 -63.75 8
      vertex 47.546 -96.4138 8
      vertex 26.5373 -53.8124 8
    endloop
  endfacet
  facet normal 0 0 1
    outer loop
      vertex 47.546 -96.4138 8
      vertex 15.8671 -65.9252 8
      vertex 41.1385 -99.317 8
    endloop
  endfacet
  facet normal -0 0 1
    outer loop
      vertex 15.8671 -65.9252 8
      vertex 47.546 -96.4138 8
      vertex 17.3205 -63.75 8
    endloop
  endfacet
  facet normal 0 0 1
    outer loop
      vertex 18.4776 -61.4037 8
      vertex 26.5373 -53.8124 8
      vertex 22.961 -55.4328 8
    endloop
  endfacet
  facet normal -0 0 1
    outer loop
      vertex 14.1421 -67.8921 8
      vertex 41.1385 -99.317 8
      vertex 15.8671 -65.9252 8
    endloop
  endfacet
  facet normal 0 0 1
    outer loop
      vertex 19.3185 -58.9264 8
      vertex 22.961 -55.4328 8
      vertex 19.7749 -56.6319 8
    endloop
  endfacet
  facet normal 0 0 1
    outer loop
      vertex 18.4776 -61.4037 8
      vertex 22.961 -55.4328 8
      vertex 19.3185 -58.9264 8
    endloop
  endfacet
  facet normal 0 0 1
    outer loop
      vertex 26.5373 -53.8124 8
      vertex 18.4776 -61.4037 8
      vertex 17.3205 -63.75 8
    endloop
  endfacet
  facet normal 0 0 1
    outer loop
      vertex 41.1385 -99.317 8
      vertex 14.1421 -67.8921 8
      vertex 34.5547 -101.795 8
    endloop
  endfacet
  facet normal -0 0 1
    outer loop
      vertex 12.1752 -69.6171 8
      vertex 34.5547 -101.795 8
      vertex 14.1421 -67.8921 8
    endloop
  endfacet
  facet normal 0 0 1
    outer loop
      vertex 34.5547 -101.795 8
      vertex 12.1752 -69.6171 8
      vertex 27.823 -103.837 8
    endloop
  endfacet
  facet normal -0 0 1
    outer loop
      vertex 10 -71.0705 8
      vertex 27.823 -103.837 8
      vertex 12.1752 -69.6171 8
    endloop
  endfacet
  facet normal 0 0 1
    outer loop
      vertex 27.823 -103.837 8
      vertex 10 -71.0705 8
      vertex 20.9722 -105.434 8
    endloop
  endfacet
  facet normal -0 0 1
    outer loop
      vertex 7.65367 -72.2276 8
      vertex 20.9722 -105.434 8
      vertex 10 -71.0705 8
    endloop
  endfacet
  facet normal 0 0 1
    outer loop
      vertex 20.9722 -105.434 8
      vertex 7.65367 -72.2276 8
      vertex 14.0316 -106.58 8
    endloop
  endfacet
  facet normal -0 0 1
    outer loop
      vertex 5.17638 -73.0685 8
      vertex 14.0316 -106.58 8
      vertex 7.65367 -72.2276 8
    endloop
  endfacet
  facet normal 0 0 1
    outer loop
      vertex 14.0316 -106.58 8
      vertex 5.17638 -73.0685 8
      vertex 7.03084 -107.27 8
    endloop
  endfacet
  facet normal -0 0 1
    outer loop
      vertex 2.61052 -73.5789 8
      vertex 7.03084 -107.27 8
      vertex 5.17638 -73.0685 8
    endloop
  endfacet
  facet normal 0 0 1
    outer loop
      vertex 0 -107.5 8
      vertex 2.61052 -73.5789 8
      vertex 0 -73.75 8
    endloop
  endfacet
  facet normal 0 0 1
    outer loop
      vertex 2.61052 -73.5789 8
      vertex 0 -107.5 8
      vertex 7.03084 -107.27 8
    endloop
  endfacet
  facet normal 0 0 1
    outer loop
      vertex -2.61052 -73.5789 8
      vertex 0 -107.5 8
      vertex 0 -73.75 8
    endloop
  endfacet
  facet normal 0 0 1
    outer loop
      vertex -7.03084 -107.27 8
      vertex -2.61052 -73.5789 8
      vertex -5.17638 -73.0685 8
    endloop
  endfacet
  facet normal 0 0 1
    outer loop
      vertex -2.61052 -73.5789 8
      vertex -7.03084 -107.27 8
      vertex 0 -107.5 8
    endloop
  endfacet
  facet normal 0 0 1
    outer loop
      vertex -14.0316 -106.58 8
      vertex -5.17638 -73.0685 8
      vertex -7.65367 -72.2276 8
    endloop
  endfacet
  facet normal 0 0 1
    outer loop
      vertex -20.9722 -105.434 8
      vertex -7.65367 -72.2276 8
      vertex -10 -71.0705 8
    endloop
  endfacet
  facet normal 0 0 1
    outer loop
      vertex -27.823 -103.837 8
      vertex -10 -71.0705 8
      vertex -12.1752 -69.6171 8
    endloop
  endfacet
  facet normal 0 0 1
    outer loop
      vertex -5.17638 -73.0685 8
      vertex -14.0316 -106.58 8
      vertex -7.03084 -107.27 8
    endloop
  endfacet
  facet normal 0 0 1
    outer loop
      vertex -34.5547 -101.795 8
      vertex -12.1752 -69.6171 8
      vertex -14.1421 -67.8921 8
    endloop
  endfacet
  facet normal 0 0 1
    outer loop
      vertex -41.1385 -99.317 8
      vertex -14.1421 -67.8921 8
      vertex -15.8671 -65.9252 8
    endloop
  endfacet
  facet normal 0 0 1
    outer loop
      vertex -47.546 -96.4138 8
      vertex -15.8671 -65.9252 8
      vertex -17.3205 -63.75 8
    endloop
  endfacet
  facet normal 0 0 1
    outer loop
      vertex -26.5373 -53.8124 8
      vertex -17.3205 -63.75 8
      vertex -18.4776 -61.4037 8
    endloop
  endfacet
  facet normal 0 0 1
    outer loop
      vertex -22.961 -55.4328 8
      vertex -18.4776 -61.4037 8
      vertex -19.3185 -58.9264 8
    endloop
  endfacet
  facet normal 0 0 1
    outer loop
      vertex -22.961 -55.4328 8
      vertex -19.3185 -58.9264 8
      vertex -19.7749 -56.6319 8
    endloop
  endfacet
  facet normal 0 0 1
    outer loop
      vertex -7.65367 -72.2276 8
      vertex -20.9722 -105.434 8
      vertex -14.0316 -106.58 8
    endloop
  endfacet
  facet normal 0 0 1
    outer loop
      vertex -18.4776 -61.4037 8
      vertex -22.961 -55.4328 8
      vertex -26.5373 -53.8124 8
    endloop
  endfacet
  facet normal 0 0 1
    outer loop
      vertex -17.3205 -63.75 8
      vertex -26.5373 -53.8124 8
      vertex -47.546 -96.4138 8
    endloop
  endfacet
  facet normal 0 0 1
    outer loop
      vertex -10 -71.0705 8
      vertex -27.823 -103.837 8
      vertex -20.9722 -105.434 8
    endloop
  endfacet
  facet normal 0 0 1
    outer loop
      vertex -47.546 -96.4138 8
      vertex -26.5373 -53.8124 8
      vertex -30 -51.9615 8
    endloop
  endfacet
  facet normal 0 0 1
    outer loop
      vertex -53.75 -93.0977 8
      vertex -30 -51.9615 8
      vertex -33.3342 -49.8882 8
    endloop
  endfacet
  facet normal 0 0 1
    outer loop
      vertex -12.1752 -69.6171 8
      vertex -34.5547 -101.795 8
      vertex -27.823 -103.837 8
    endloop
  endfacet
  facet normal 0 0 1
    outer loop
      vertex -59.7238 -89.383 8
      vertex -33.3342 -49.8882 8
      vertex -36.5257 -47.6012 8
    endloop
  endfacet
  facet normal 0 0 1
    outer loop
      vertex -65.4419 -85.2855 8
      vertex -36.5257 -47.6012 8
      vertex -39.5607 -45.1104 8
    endloop
  endfacet
  facet normal 0 0 1
    outer loop
      vertex -14.1421 -67.8921 8
      vertex -41.1385 -99.317 8
      vertex -34.5547 -101.795 8
    endloop
  endfacet
  facet normal 0 0 1
    outer loop
      vertex -70.8797 -80.8228 8
      vertex -39.5607 -45.1104 8
      vertex -42.4264 -42.4264 8
    endloop
  endfacet
  facet normal 0 0 1
    outer loop
      vertex -76.014 -76.014 8
      vertex -42.4264 -42.4264 8
      vertex -45.1104 -39.5607 8
    endloop
  endfacet
  facet normal 0 0 1
    outer loop
      vertex -15.8671 -65.9252 8
      vertex -47.546 -96.4138 8
      vertex -41.1385 -99.317 8
    endloop
  endfacet
  facet normal 0 0 1
    outer loop
      vertex -80.8228 -70.8797 8
      vertex -45.1104 -39.5607 8
      vertex -47.6012 -36.5257 8
    endloop
  endfacet
  facet normal 0 0 1
    outer loop
      vertex -85.2855 -65.4419 8
      vertex -47.6012 -36.5257 8
      vertex -49.8882 -33.3342 8
    endloop
  endfacet
  facet normal 0 0 1
    outer loop
      vertex -89.383 -59.7238 8
      vertex -49.8882 -33.3342 8
      vertex -51.9615 -30 8
    endloop
  endfacet
  facet normal 0 0 1
    outer loop
      vertex -30 -51.9615 8
      vertex -53.75 -93.0977 8
      vertex -47.546 -96.4138 8
    endloop
  endfacet
  facet normal 0 0 1
    outer loop
      vertex -93.0977 -53.75 8
      vertex -51.9615 -30 8
      vertex -53.8124 -26.5373 8
    endloop
  endfacet
  facet normal 0 0 1
    outer loop
      vertex -61.4037 -18.4776 8
      vertex -53.8124 -26.5373 8
      vertex -55.4328 -22.961 8
    endloop
  endfacet
  facet normal 0 0 1
    outer loop
      vertex -58.9264 -19.3185 8
      vertex -55.4328 -22.961 8
      vertex -56.6319 -19.7749 8
    endloop
  endfacet
  facet normal 0 0 1
    outer loop
      vertex -61.4037 -18.4776 8
      vertex -55.4328 -22.961 8
      vertex -58.9264 -19.3185 8
    endloop
  endfacet
  facet normal 0 0 1
    outer loop
      vertex -33.3342 -49.8882 8
      vertex -59.7238 -89.383 8
      vertex -53.75 -93.0977 8
    endloop
  endfacet
  facet normal 0 0 1
    outer loop
      vertex -63.75 -17.3205 8
      vertex -53.8124 -26.5373 8
      vertex -61.4037 -18.4776 8
    endloop
  endfacet
  facet normal 0 0 1
    outer loop
      vertex -96.4138 -47.546 8
      vertex -53.8124 -26.5373 8
      vertex -63.75 -17.3205 8
    endloop
  endfacet
  facet normal 0 0 1
    outer loop
      vertex -36.5257 -47.6012 8
      vertex -65.4419 -85.2855 8
      vertex -59.7238 -89.383 8
    endloop
  endfacet
  facet normal 0 0 1
    outer loop
      vertex -96.4138 -47.546 8
      vertex -63.75 -17.3205 8
      vertex -65.9252 -15.8671 8
    endloop
  endfacet
  facet normal 0 0 1
    outer loop
      vertex -99.317 -41.1385 8
      vertex -65.9252 -15.8671 8
      vertex -67.8921 -14.1421 8
    endloop
  endfacet
  facet normal 0 0 1
    outer loop
      vertex -101.795 -34.5547 8
      vertex -67.8921 -14.1421 8
      vertex -69.6171 -12.1752 8
    endloop
  endfacet
  facet normal 0 0 1
    outer loop
      vertex -39.5607 -45.1104 8
      vertex -70.8797 -80.8228 8
      vertex -65.4419 -85.2855 8
    endloop
  endfacet
  facet normal 0 0 1
    outer loop
      vertex -103.837 -27.823 8
      vertex -69.6171 -12.1752 8
      vertex -71.0705 -10 8
    endloop
  endfacet
  facet normal 0 0 1
    outer loop
      vertex -105.434 -20.9722 8
      vertex -71.0705 -10 8
      vertex -72.2276 -7.65367 8
    endloop
  endfacet
  facet normal 0 0 1
    outer loop
      vertex -106.58 -14.0316 8
      vertex -72.2276 -7.65367 8
      vertex -73.0685 -5.17638 8
    endloop
  endfacet
  facet normal 0 0 1
    outer loop
      vertex -107.27 -7.03084 8
      vertex -73.0685 -5.17638 8
      vertex -73.5789 -2.61052 8
    endloop
  endfacet
  facet normal -0 0 1
    outer loop
      vertex -107.5 0 8
      vertex -73.5789 -2.61052 8
      vertex -73.75 0 8
    endloop
  endfacet
  facet normal 0 0 1
    outer loop
      vertex -42.4264 -42.4264 8
      vertex -76.014 -76.014 8
      vertex -70.8797 -80.8228 8
    endloop
  endfacet
  facet normal -0 0 1
    outer loop
      vertex -101.795 34.5547 8
      vertex -67.8921 14.1421 8
      vertex -99.317 41.1385 8
    endloop
  endfacet
  facet normal 0 0 1
    outer loop
      vertex -67.8921 14.1421 8
      vertex -101.795 34.5547 8
      vertex -69.6171 12.1752 8
    endloop
  endfacet
  facet normal 0 0 1
    outer loop
      vertex -45.1104 -39.5607 8
      vertex -80.8228 -70.8797 8
      vertex -76.014 -76.014 8
    endloop
  endfacet
  facet normal -0 0 1
    outer loop
      vertex -103.837 27.823 8
      vertex -69.6171 12.1752 8
      vertex -101.795 34.5547 8
    endloop
  endfacet
  facet normal 0 0 1
    outer loop
      vertex -47.6012 -36.5257 8
      vertex -85.2855 -65.4419 8
      vertex -80.8228 -70.8797 8
    endloop
  endfacet
  facet normal 0 0 1
    outer loop
      vertex -69.6171 12.1752 8
      vertex -103.837 27.823 8
      vertex -71.0705 10 8
    endloop
  endfacet
  facet normal 0 0 1
    outer loop
      vertex -49.8882 -33.3342 8
      vertex -89.383 -59.7238 8
      vertex -85.2855 -65.4419 8
    endloop
  endfacet
  facet normal -0 0 1
    outer loop
      vertex -105.434 20.9722 8
      vertex -71.0705 10 8
      vertex -103.837 27.823 8
    endloop
  endfacet
  facet normal 0 0 1
    outer loop
      vertex -51.9615 -30 8
      vertex -93.0977 -53.75 8
      vertex -89.383 -59.7238 8
    endloop
  endfacet
  facet normal 0 0 1
    outer loop
      vertex -71.0705 10 8
      vertex -105.434 20.9722 8
      vertex -72.2276 7.65367 8
    endloop
  endfacet
  facet normal 0 0 1
    outer loop
      vertex -53.8124 -26.5373 8
      vertex -96.4138 -47.546 8
      vertex -93.0977 -53.75 8
    endloop
  endfacet
  facet normal -0 0 1
    outer loop
      vertex -106.58 14.0316 8
      vertex -72.2276 7.65367 8
      vertex -105.434 20.9722 8
    endloop
  endfacet
  facet normal 0 0 1
    outer loop
      vertex -65.9252 -15.8671 8
      vertex -99.317 -41.1385 8
      vertex -96.4138 -47.546 8
    endloop
  endfacet
  facet normal 0 0 1
    outer loop
      vertex -72.2276 7.65367 8
      vertex -106.58 14.0316 8
      vertex -73.0685 5.17638 8
    endloop
  endfacet
  facet normal 0 0 1
    outer loop
      vertex -67.8921 -14.1421 8
      vertex -101.795 -34.5547 8
      vertex -99.317 -41.1385 8
    endloop
  endfacet
  facet normal -0 0 1
    outer loop
      vertex -107.27 7.03084 8
      vertex -73.0685 5.17638 8
      vertex -106.58 14.0316 8
    endloop
  endfacet
  facet normal 0 0 1
    outer loop
      vertex -69.6171 -12.1752 8
      vertex -103.837 -27.823 8
      vertex -101.795 -34.5547 8
    endloop
  endfacet
  facet normal 0 0 1
    outer loop
      vertex -73.0685 5.17638 8
      vertex -107.27 7.03084 8
      vertex -73.5789 2.61052 8
    endloop
  endfacet
  facet normal 0 0 1
    outer loop
      vertex -71.0705 -10 8
      vertex -105.434 -20.9722 8
      vertex -103.837 -27.823 8
    endloop
  endfacet
  facet normal 0 0 1
    outer loop
      vertex -107.5 0 8
      vertex -73.5789 2.61052 8
      vertex -107.27 7.03084 8
    endloop
  endfacet
  facet normal 0 0 1
    outer loop
      vertex -72.2276 -7.65367 8
      vertex -106.58 -14.0316 8
      vertex -105.434 -20.9722 8
    endloop
  endfacet
  facet normal 0 0 1
    outer loop
      vertex -73.5789 2.61052 8
      vertex -107.5 0 8
      vertex -73.75 0 8
    endloop
  endfacet
  facet normal 0 0 1
    outer loop
      vertex -73.0685 -5.17638 8
      vertex -107.27 -7.03084 8
      vertex -106.58 -14.0316 8
    endloop
  endfacet
  facet normal 0 0 1
    outer loop
      vertex -73.5789 -2.61052 8
      vertex -107.5 0 8
      vertex -107.27 -7.03084 8
    endloop
  endfacet
  facet normal -0.683593 0.729864 0
    outer loop
      vertex -70.8797 80.8228 0
      vertex -76.014 76.014 8
      vertex -70.8797 80.8228 8
    endloop
  endfacet
  facet normal -0.683593 0.729864 0
    outer loop
      vertex -76.014 76.014 8
      vertex -70.8797 80.8228 0
      vertex -76.014 76.014 0
    endloop
  endfacet
  facet normal -0.0326955 0.999465 0
    outer loop
      vertex 0 107.5 0
      vertex -7.03084 107.27 8
      vertex 0 107.5 8
    endloop
  endfacet
  facet normal -0.0326955 0.999465 0
    outer loop
      vertex -7.03084 107.27 8
      vertex 0 107.5 0
      vertex -7.03084 107.27 0
    endloop
  endfacet
  facet normal -0.849205 0.528063 -2.59152e-17
    outer loop
      vertex -93.0977 53.75 0
      vertex -89.383 59.7238 8
      vertex -89.383 59.7238 0
    endloop
  endfacet
  facet normal -0.849205 0.528063 -2.59152e-17
    outer loop
      vertex -89.383 59.7238 8
      vertex -93.0977 53.75 0
      vertex -93.0977 53.75 8
    endloop
  endfacet
  facet normal 0.849205 -0.528063 -2.59152e-17
    outer loop
      vertex 89.383 -59.7238 8
      vertex 93.0977 -53.75 0
      vertex 93.0977 -53.75 8
    endloop
  endfacet
  facet normal 0.849205 -0.528063 -2.59152e-17
    outer loop
      vertex 93.0977 -53.75 0
      vertex 89.383 -59.7238 8
      vertex 89.383 -59.7238 0
    endloop
  endfacet
  facet normal -0.729864 -0.683593 6.08106e-18
    outer loop
      vertex -76.014 -76.014 0
      vertex -80.8228 -70.8797 8
      vertex -80.8228 -70.8797 0
    endloop
  endfacet
  facet normal -0.729864 -0.683593 6.08106e-18
    outer loop
      vertex -80.8228 -70.8797 8
      vertex -76.014 -76.014 0
      vertex -76.014 -76.014 8
    endloop
  endfacet
  facet normal -0.412707 0.910864 0
    outer loop
      vertex -41.1385 99.317 0
      vertex -47.546 96.4138 8
      vertex -41.1385 99.317 8
    endloop
  endfacet
  facet normal -0.412707 0.910864 0
    outer loop
      vertex -47.546 96.4138 8
      vertex -41.1385 99.317 0
      vertex -47.546 96.4138 0
    endloop
  endfacet
  facet normal 0.582475 -0.812849 0
    outer loop
      vertex 59.7238 -89.383 0
      vertex 65.4419 -85.2855 8
      vertex 59.7238 -89.383 8
    endloop
  endfacet
  facet normal 0.582475 -0.812849 0
    outer loop
      vertex 65.4419 -85.2855 8
      vertex 59.7238 -89.383 0
      vertex 65.4419 -85.2855 0
    endloop
  endfacet
  facet normal -0.227025 0.973889 0
    outer loop
      vertex -20.9722 105.434 0
      vertex -27.823 103.837 8
      vertex -20.9722 105.434 8
    endloop
  endfacet
  facet normal -0.227025 0.973889 0
    outer loop
      vertex -27.823 103.837 8
      vertex -20.9722 105.434 0
      vertex -27.823 103.837 0
    endloop
  endfacet
  facet normal -0.683593 -0.729864 0
    outer loop
      vertex -76.014 -76.014 0
      vertex -70.8797 -80.8228 8
      vertex -76.014 -76.014 8
    endloop
  endfacet
  facet normal -0.683593 -0.729864 -0
    outer loop
      vertex -70.8797 -80.8228 8
      vertex -76.014 -76.014 0
      vertex -70.8797 -80.8228 0
    endloop
  endfacet
  facet normal -0.77301 0.634394 2.53932e-17
    outer loop
      vertex -85.2855 65.4419 0
      vertex -80.8228 70.8797 8
      vertex -80.8228 70.8797 0
    endloop
  endfacet
  facet normal -0.77301 0.634394 2.53932e-17
    outer loop
      vertex -80.8228 70.8797 8
      vertex -85.2855 65.4419 0
      vertex -85.2855 65.4419 8
    endloop
  endfacet
  facet normal 0.986641 -0.16291 3.89474e-18
    outer loop
      vertex 105.434 -20.9722 8
      vertex 106.58 -14.0316 0
      vertex 106.58 -14.0316 8
    endloop
  endfacet
  facet normal 0.986641 -0.16291 3.89474e-18
    outer loop
      vertex 106.58 -14.0316 0
      vertex 105.434 -20.9722 8
      vertex 105.434 -20.9722 0
    endloop
  endfacet
  facet normal 0.77301 0.634394 -2.53932e-17
    outer loop
      vertex 85.2855 65.4419 8
      vertex 80.8228 70.8797 0
      vertex 80.8228 70.8797 8
    endloop
  endfacet
  facet normal 0.77301 0.634394 -2.53932e-17
    outer loop
      vertex 80.8228 70.8797 0
      vertex 85.2855 65.4419 8
      vertex 85.2855 65.4419 0
    endloop
  endfacet
  facet normal -0.0326955 -0.999465 0
    outer loop
      vertex -7.03084 -107.27 0
      vertex 0 -107.5 8
      vertex -7.03084 -107.27 8
    endloop
  endfacet
  facet normal -0.0326955 -0.999465 -0
    outer loop
      vertex 0 -107.5 8
      vertex -7.03084 -107.27 0
      vertex 0 -107.5 0
    endloop
  endfacet
  facet normal -0.973889 0.227025 -4.19852e-18
    outer loop
      vertex -105.434 20.9722 0
      vertex -103.837 27.823 8
      vertex -103.837 27.823 0
    endloop
  endfacet
  facet normal -0.973889 0.227025 -4.19852e-18
    outer loop
      vertex -103.837 27.823 8
      vertex -105.434 20.9722 0
      vertex -105.434 20.9722 8
    endloop
  endfacet
  facet normal -0.956942 0.29028 8.82558e-18
    outer loop
      vertex -103.837 27.823 0
      vertex -101.795 34.5547 8
      vertex -101.795 34.5547 0
    endloop
  endfacet
  facet normal -0.956942 0.29028 8.82558e-18
    outer loop
      vertex -101.795 34.5547 8
      vertex -103.837 27.823 0
      vertex -103.837 27.823 8
    endloop
  endfacet
  facet normal -0.528063 -0.849205 0
    outer loop
      vertex -59.7238 -89.383 0
      vertex -53.75 -93.0977 8
      vertex -59.7238 -89.383 8
    endloop
  endfacet
  facet normal -0.528063 -0.849205 -0
    outer loop
      vertex -53.75 -93.0977 8
      vertex -59.7238 -89.383 0
      vertex -53.75 -93.0977 0
    endloop
  endfacet
  facet normal -0.999465 0.0326955 1.54924e-18
    outer loop
      vertex -107.5 0 0
      vertex -107.27 7.03084 8
      vertex -107.27 7.03084 0
    endloop
  endfacet
  facet normal -0.999465 0.0326955 1.54924e-18
    outer loop
      vertex -107.27 7.03084 8
      vertex -107.5 0 0
      vertex -107.5 0 8
    endloop
  endfacet
  facet normal 0.227025 0.973889 -0
    outer loop
      vertex 27.823 103.837 0
      vertex 20.9722 105.434 8
      vertex 27.823 103.837 8
    endloop
  endfacet
  facet normal 0.227025 0.973889 0
    outer loop
      vertex 20.9722 105.434 8
      vertex 27.823 103.837 0
      vertex 20.9722 105.434 0
    endloop
  endfacet
  facet normal 0.29028 0.956942 -0
    outer loop
      vertex 34.5547 101.795 0
      vertex 27.823 103.837 8
      vertex 34.5547 101.795 8
    endloop
  endfacet
  facet normal 0.29028 0.956942 0
    outer loop
      vertex 27.823 103.837 8
      vertex 34.5547 101.795 0
      vertex 27.823 103.837 0
    endloop
  endfacet
  facet normal -0.471396 0.881922 0
    outer loop
      vertex -47.546 96.4138 0
      vertex -53.75 93.0977 8
      vertex -47.546 96.4138 8
    endloop
  endfacet
  facet normal -0.471396 0.881922 0
    outer loop
      vertex -53.75 93.0977 8
      vertex -47.546 96.4138 0
      vertex -53.75 93.0977 0
    endloop
  endfacet
  facet normal -0.471396 -0.881922 0
    outer loop
      vertex -53.75 -93.0977 0
      vertex -47.546 -96.4138 8
      vertex -53.75 -93.0977 8
    endloop
  endfacet
  facet normal -0.471396 -0.881922 -0
    outer loop
      vertex -47.546 -96.4138 8
      vertex -53.75 -93.0977 0
      vertex -47.546 -96.4138 0
    endloop
  endfacet
  facet normal -0.998796 0.0490603 6.3415e-19
    outer loop
      vertex -27.5 0 11
      vertex -27.3676 2.69547 20
      vertex -27.3676 2.69547 11
    endloop
  endfacet
  facet normal -0.998796 0.0490603 6.3415e-19
    outer loop
      vertex -27.3676 2.69547 20
      vertex -27.5 0 11
      vertex -27.5 0 20
    endloop
  endfacet
  facet normal 0.989176 0.146736 8.08846e-19
    outer loop
      vertex 27.3676 2.69547 20
      vertex 26.9716 5.36498 11
      vertex 26.9716 5.36498 20
    endloop
  endfacet
  facet normal 0.989176 0.146736 8.08846e-19
    outer loop
      vertex 26.9716 5.36498 11
      vertex 27.3676 2.69547 20
      vertex 27.3676 2.69547 11
    endloop
  endfacet
  facet normal 0.998796 -0.0490603 6.3415e-19
    outer loop
      vertex 27.3676 -2.69547 20
      vertex 27.5 0 11
      vertex 27.5 0 20
    endloop
  endfacet
  facet normal 0.998796 -0.0490603 6.3415e-19
    outer loop
      vertex 27.5 0 11
      vertex 27.3676 -2.69547 20
      vertex 27.3676 -2.69547 11
    endloop
  endfacet
  facet normal -0.242967 0.970035 0
    outer loop
      vertex -5.36498 26.9716 11
      vertex -7.98283 26.3159 20
      vertex -5.36498 26.9716 20
    endloop
  endfacet
  facet normal -0.242967 0.970035 0
    outer loop
      vertex -7.98283 26.3159 20
      vertex -5.36498 26.9716 11
      vertex -7.98283 26.3159 11
    endloop
  endfacet
  facet normal 0.740939 0.671573 8.28275e-18
    outer loop
      vertex 21.2578 17.4458 20
      vertex 19.4454 19.4454 11
      vertex 19.4454 19.4454 20
    endloop
  endfacet
  facet normal 0.740939 0.671573 8.28275e-18
    outer loop
      vertex 19.4454 19.4454 11
      vertex 21.2578 17.4458 20
      vertex 21.2578 17.4458 11
    endloop
  endfacet
  facet normal -0.595699 -0.803208 0
    outer loop
      vertex -17.4458 -21.2578 11
      vertex -15.2782 -22.8654 20
      vertex -17.4458 -21.2578 20
    endloop
  endfacet
  facet normal -0.595699 -0.803208 -0
    outer loop
      vertex -15.2782 -22.8654 20
      vertex -17.4458 -21.2578 11
      vertex -15.2782 -22.8654 11
    endloop
  endfacet
  facet normal -0.514092 0.857735 0
    outer loop
      vertex -12.9634 24.2528 11
      vertex -15.2782 22.8654 20
      vertex -12.9634 24.2528 20
    endloop
  endfacet
  facet normal -0.514092 0.857735 0
    outer loop
      vertex -15.2782 22.8654 20
      vertex -12.9634 24.2528 11
      vertex -15.2782 22.8654 11
    endloop
  endfacet
  facet normal 0.998796 0.0490603 -6.3415e-19
    outer loop
      vertex 27.5 0 20
      vertex 27.3676 2.69547 11
      vertex 27.3676 2.69547 20
    endloop
  endfacet
  facet normal 0.998796 0.0490603 -6.3415e-19
    outer loop
      vertex 27.3676 2.69547 11
      vertex 27.5 0 20
      vertex 27.5 0 11
    endloop
  endfacet
  facet normal -0.740939 -0.671573 8.28275e-18
    outer loop
      vertex -19.4454 -19.4454 11
      vertex -21.2578 -17.4458 20
      vertex -21.2578 -17.4458 11
    endloop
  endfacet
  facet normal -0.740939 -0.671573 8.28275e-18
    outer loop
      vertex -21.2578 -17.4458 20
      vertex -19.4454 -19.4454 11
      vertex -19.4454 -19.4454 20
    endloop
  endfacet
  facet normal 0.803208 -0.595699 -6.39897e-18
    outer loop
      vertex 21.2578 -17.4458 20
      vertex 22.8654 -15.2782 11
      vertex 22.8654 -15.2782 20
    endloop
  endfacet
  facet normal 0.803208 -0.595699 -6.39897e-18
    outer loop
      vertex 22.8654 -15.2782 11
      vertex 21.2578 -17.4458 20
      vertex 21.2578 -17.4458 11
    endloop
  endfacet
  facet normal -0.903981 -0.427572 -1.58519e-18
    outer loop
      vertex -24.2528 -12.9634 11
      vertex -25.4067 -10.5238 20
      vertex -25.4067 -10.5238 11
    endloop
  endfacet
  facet normal -0.903981 -0.427572 -1.58519e-18
    outer loop
      vertex -25.4067 -10.5238 20
      vertex -24.2528 -12.9634 11
      vertex -24.2528 -12.9634 20
    endloop
  endfacet
  facet normal 0.427572 -0.903981 0
    outer loop
      vertex 10.5238 -25.4067 11
      vertex 12.9634 -24.2528 20
      vertex 10.5238 -25.4067 20
    endloop
  endfacet
  facet normal 0.427572 -0.903981 0
    outer loop
      vertex 12.9634 -24.2528 20
      vertex 10.5238 -25.4067 11
      vertex 12.9634 -24.2528 11
    endloop
  endfacet
  facet normal -0.903981 0.427572 1.58519e-18
    outer loop
      vertex -25.4067 10.5238 11
      vertex -24.2528 12.9634 20
      vertex -24.2528 12.9634 11
    endloop
  endfacet
  facet normal -0.903981 0.427572 1.58519e-18
    outer loop
      vertex -24.2528 12.9634 20
      vertex -25.4067 10.5238 11
      vertex -25.4067 10.5238 20
    endloop
  endfacet
  facet normal -0.242967 -0.970035 0
    outer loop
      vertex -7.98283 -26.3159 11
      vertex -5.36498 -26.9716 20
      vertex -7.98283 -26.3159 20
    endloop
  endfacet
  facet normal -0.242967 -0.970035 -0
    outer loop
      vertex -5.36498 -26.9716 20
      vertex -7.98283 -26.3159 11
      vertex -5.36498 -26.9716 11
    endloop
  endfacet
  facet normal -0.989176 -0.146736 8.08846e-19
    outer loop
      vertex -26.9716 -5.36498 11
      vertex -27.3676 -2.69547 20
      vertex -27.3676 -2.69547 11
    endloop
  endfacet
  facet normal -0.989176 -0.146736 8.08846e-19
    outer loop
      vertex -27.3676 -2.69547 20
      vertex -26.9716 -5.36498 11
      vertex -26.9716 -5.36498 20
    endloop
  endfacet
  facet normal 0.970035 0.242967 4.33399e-18
    outer loop
      vertex 26.9716 5.36498 20
      vertex 26.3159 7.98283 11
      vertex 26.3159 7.98283 20
    endloop
  endfacet
  facet normal 0.970035 0.242967 4.33399e-18
    outer loop
      vertex 26.3159 7.98283 11
      vertex 26.9716 5.36498 20
      vertex 26.9716 5.36498 11
    endloop
  endfacet
  facet normal -0.336899 0.941541 0
    outer loop
      vertex -7.98283 26.3159 11
      vertex -10.5238 25.4067 20
      vertex -7.98283 26.3159 20
    endloop
  endfacet
  facet normal -0.336899 0.941541 0
    outer loop
      vertex -10.5238 25.4067 20
      vertex -7.98283 26.3159 11
      vertex -10.5238 25.4067 11
    endloop
  endfacet
  facet normal 0.146736 -0.989176 0
    outer loop
      vertex 2.69547 -27.3676 11
      vertex 5.36498 -26.9716 20
      vertex 2.69547 -27.3676 20
    endloop
  endfacet
  facet normal 0.146736 -0.989176 0
    outer loop
      vertex 5.36498 -26.9716 20
      vertex 2.69547 -27.3676 11
      vertex 5.36498 -26.9716 11
    endloop
  endfacet
  facet normal 0.336899 0.941541 -0
    outer loop
      vertex 10.5238 25.4067 11
      vertex 7.98283 26.3159 20
      vertex 10.5238 25.4067 20
    endloop
  endfacet
  facet normal 0.336899 0.941541 0
    outer loop
      vertex 7.98283 26.3159 20
      vertex 10.5238 25.4067 11
      vertex 7.98283 26.3159 11
    endloop
  endfacet
  facet normal -0.941541 0.336899 -9.11288e-19
    outer loop
      vertex -26.3159 7.98283 11
      vertex -25.4067 10.5238 20
      vertex -25.4067 10.5238 11
    endloop
  endfacet
  facet normal -0.941541 0.336899 -9.11288e-19
    outer loop
      vertex -25.4067 10.5238 20
      vertex -26.3159 7.98283 11
      vertex -26.3159 7.98283 20
    endloop
  endfacet
  facet normal -0.427572 -0.903981 0
    outer loop
      vertex -12.9634 -24.2528 11
      vertex -10.5238 -25.4067 20
      vertex -12.9634 -24.2528 20
    endloop
  endfacet
  facet normal -0.427572 -0.903981 -0
    outer loop
      vertex -10.5238 -25.4067 20
      vertex -12.9634 -24.2528 11
      vertex -10.5238 -25.4067 11
    endloop
  endfacet
  facet normal 0.595699 -0.803208 0
    outer loop
      vertex 15.2782 -22.8654 11
      vertex 17.4458 -21.2578 20
      vertex 15.2782 -22.8654 20
    endloop
  endfacet
  facet normal 0.595699 -0.803208 0
    outer loop
      vertex 17.4458 -21.2578 20
      vertex 15.2782 -22.8654 11
      vertex 17.4458 -21.2578 11
    endloop
  endfacet
  facet normal 0.671573 0.740939 -0
    outer loop
      vertex 19.4454 19.4454 11
      vertex 17.4458 21.2578 20
      vertex 19.4454 19.4454 20
    endloop
  endfacet
  facet normal 0.671573 0.740939 0
    outer loop
      vertex 17.4458 21.2578 20
      vertex 19.4454 19.4454 11
      vertex 17.4458 21.2578 11
    endloop
  endfacet
  facet normal -0.0490603 -0.998796 0
    outer loop
      vertex -2.69547 -27.3676 11
      vertex 0 -27.5 20
      vertex -2.69547 -27.3676 20
    endloop
  endfacet
  facet normal -0.0490603 -0.998796 -0
    outer loop
      vertex 0 -27.5 20
      vertex -2.69547 -27.3676 11
      vertex 0 -27.5 11
    endloop
  endfacet
  facet normal 0.740939 -0.671573 -8.28275e-18
    outer loop
      vertex 19.4454 -19.4454 20
      vertex 21.2578 -17.4458 11
      vertex 21.2578 -17.4458 20
    endloop
  endfacet
  facet normal 0.740939 -0.671573 -8.28275e-18
    outer loop
      vertex 21.2578 -17.4458 11
      vertex 19.4454 -19.4454 20
      vertex 19.4454 -19.4454 11
    endloop
  endfacet
  facet normal -0.0490603 0.998796 0
    outer loop
      vertex 0 27.5 11
      vertex -2.69547 27.3676 20
      vertex 0 27.5 20
    endloop
  endfacet
  facet normal -0.0490603 0.998796 0
    outer loop
      vertex -2.69547 27.3676 20
      vertex 0 27.5 11
      vertex -2.69547 27.3676 11
    endloop
  endfacet
  facet normal 0.941541 -0.336899 -9.11288e-19
    outer loop
      vertex 25.4067 -10.5238 20
      vertex 26.3159 -7.98283 11
      vertex 26.3159 -7.98283 20
    endloop
  endfacet
  facet normal 0.941541 -0.336899 -9.11288e-19
    outer loop
      vertex 26.3159 -7.98283 11
      vertex 25.4067 -10.5238 20
      vertex 25.4067 -10.5238 11
    endloop
  endfacet
  facet normal -0.803208 -0.595699 6.39897e-18
    outer loop
      vertex -21.2578 -17.4458 11
      vertex -22.8654 -15.2782 20
      vertex -22.8654 -15.2782 11
    endloop
  endfacet
  facet normal -0.803208 -0.595699 6.39897e-18
    outer loop
      vertex -22.8654 -15.2782 20
      vertex -21.2578 -17.4458 11
      vertex -21.2578 -17.4458 20
    endloop
  endfacet
  facet normal 0.427572 0.903981 -0
    outer loop
      vertex 12.9634 24.2528 11
      vertex 10.5238 25.4067 20
      vertex 12.9634 24.2528 20
    endloop
  endfacet
  facet normal 0.427572 0.903981 0
    outer loop
      vertex 10.5238 25.4067 20
      vertex 12.9634 24.2528 11
      vertex 10.5238 25.4067 11
    endloop
  endfacet
  facet normal -0.427572 0.903981 0
    outer loop
      vertex -10.5238 25.4067 11
      vertex -12.9634 24.2528 20
      vertex -10.5238 25.4067 20
    endloop
  endfacet
  facet normal -0.427572 0.903981 0
    outer loop
      vertex -12.9634 24.2528 20
      vertex -10.5238 25.4067 11
      vertex -12.9634 24.2528 11
    endloop
  endfacet
  facet normal -0.970035 0.242967 -4.33399e-18
    outer loop
      vertex -26.9716 5.36498 11
      vertex -26.3159 7.98283 20
      vertex -26.3159 7.98283 11
    endloop
  endfacet
  facet normal -0.970035 0.242967 -4.33399e-18
    outer loop
      vertex -26.3159 7.98283 20
      vertex -26.9716 5.36498 11
      vertex -26.9716 5.36498 20
    endloop
  endfacet
  facet normal 0.970035 -0.242967 -4.33399e-18
    outer loop
      vertex 26.3159 -7.98283 20
      vertex 26.9716 -5.36498 11
      vertex 26.9716 -5.36498 20
    endloop
  endfacet
  facet normal 0.970035 -0.242967 -4.33399e-18
    outer loop
      vertex 26.9716 -5.36498 11
      vertex 26.3159 -7.98283 20
      vertex 26.3159 -7.98283 11
    endloop
  endfacet
  facet normal 0.595699 0.803208 -0
    outer loop
      vertex 17.4458 21.2578 11
      vertex 15.2782 22.8654 20
      vertex 17.4458 21.2578 20
    endloop
  endfacet
  facet normal 0.595699 0.803208 0
    outer loop
      vertex 15.2782 22.8654 20
      vertex 17.4458 21.2578 11
      vertex 15.2782 22.8654 11
    endloop
  endfacet
  facet normal 0.903981 0.427572 -1.58519e-18
    outer loop
      vertex 25.4067 10.5238 20
      vertex 24.2528 12.9634 11
      vertex 24.2528 12.9634 20
    endloop
  endfacet
  facet normal 0.903981 0.427572 -1.58519e-18
    outer loop
      vertex 24.2528 12.9634 11
      vertex 25.4067 10.5238 20
      vertex 25.4067 10.5238 11
    endloop
  endfacet
  facet normal -0.941541 -0.336899 9.11288e-19
    outer loop
      vertex -25.4067 -10.5238 11
      vertex -26.3159 -7.98283 20
      vertex -26.3159 -7.98283 11
    endloop
  endfacet
  facet normal -0.941541 -0.336899 9.11288e-19
    outer loop
      vertex -26.3159 -7.98283 20
      vertex -25.4067 -10.5238 11
      vertex -25.4067 -10.5238 20
    endloop
  endfacet
  facet normal 0.242967 -0.970035 0
    outer loop
      vertex 5.36498 -26.9716 11
      vertex 7.98283 -26.3159 20
      vertex 5.36498 -26.9716 20
    endloop
  endfacet
  facet normal 0.242967 -0.970035 0
    outer loop
      vertex 7.98283 -26.3159 20
      vertex 5.36498 -26.9716 11
      vertex 7.98283 -26.3159 11
    endloop
  endfacet
  facet normal -0.146736 0.989176 0
    outer loop
      vertex -2.69547 27.3676 11
      vertex -5.36498 26.9716 20
      vertex -2.69547 27.3676 20
    endloop
  endfacet
  facet normal -0.146736 0.989176 0
    outer loop
      vertex -5.36498 26.9716 20
      vertex -2.69547 27.3676 11
      vertex -5.36498 26.9716 11
    endloop
  endfacet
  facet normal 0.0490603 -0.998796 0
    outer loop
      vertex 0 -27.5 11
      vertex 2.69547 -27.3676 20
      vertex 0 -27.5 20
    endloop
  endfacet
  facet normal 0.0490603 -0.998796 0
    outer loop
      vertex 2.69547 -27.3676 20
      vertex 0 -27.5 11
      vertex 2.69547 -27.3676 11
    endloop
  endfacet
  facet normal 0.242967 0.970035 -0
    outer loop
      vertex 7.98283 26.3159 11
      vertex 5.36498 26.9716 20
      vertex 7.98283 26.3159 20
    endloop
  endfacet
  facet normal 0.242967 0.970035 0
    outer loop
      vertex 5.36498 26.9716 20
      vertex 7.98283 26.3159 11
      vertex 5.36498 26.9716 11
    endloop
  endfacet
  facet normal 0.514092 0.857735 -0
    outer loop
      vertex 15.2782 22.8654 11
      vertex 12.9634 24.2528 20
      vertex 15.2782 22.8654 20
    endloop
  endfacet
  facet normal 0.514092 0.857735 0
    outer loop
      vertex 12.9634 24.2528 20
      vertex 15.2782 22.8654 11
      vertex 12.9634 24.2528 11
    endloop
  endfacet
  facet normal -0.514092 -0.857735 0
    outer loop
      vertex -15.2782 -22.8654 11
      vertex -12.9634 -24.2528 20
      vertex -15.2782 -22.8654 20
    endloop
  endfacet
  facet normal -0.514092 -0.857735 -0
    outer loop
      vertex -12.9634 -24.2528 20
      vertex -15.2782 -22.8654 11
      vertex -12.9634 -24.2528 11
    endloop
  endfacet
  facet normal -0.998796 -0.0490603 -6.3415e-19
    outer loop
      vertex -27.3676 -2.69547 11
      vertex -27.5 0 20
      vertex -27.5 0 11
    endloop
  endfacet
  facet normal -0.998796 -0.0490603 -6.3415e-19
    outer loop
      vertex -27.5 0 20
      vertex -27.3676 -2.69547 11
      vertex -27.3676 -2.69547 20
    endloop
  endfacet
  facet normal 0.857735 -0.514092 -3.6581e-18
    outer loop
      vertex 22.8654 -15.2782 20
      vertex 24.2528 -12.9634 11
      vertex 24.2528 -12.9634 20
    endloop
  endfacet
  facet normal 0.857735 -0.514092 -3.6581e-18
    outer loop
      vertex 24.2528 -12.9634 11
      vertex 22.8654 -15.2782 20
      vertex 22.8654 -15.2782 11
    endloop
  endfacet
  facet normal 0.803208 0.595699 6.39897e-18
    outer loop
      vertex 22.8654 15.2782 20
      vertex 21.2578 17.4458 11
      vertex 21.2578 17.4458 20
    endloop
  endfacet
  facet normal 0.803208 0.595699 6.39897e-18
    outer loop
      vertex 21.2578 17.4458 11
      vertex 22.8654 15.2782 20
      vertex 22.8654 15.2782 11
    endloop
  endfacet
  facet normal 0.941541 0.336899 9.11288e-19
    outer loop
      vertex 26.3159 7.98283 20
      vertex 25.4067 10.5238 11
      vertex 25.4067 10.5238 20
    endloop
  endfacet
  facet normal 0.941541 0.336899 9.11288e-19
    outer loop
      vertex 25.4067 10.5238 11
      vertex 26.3159 7.98283 20
      vertex 26.3159 7.98283 11
    endloop
  endfacet
  facet normal 0.857735 0.514092 3.6581e-18
    outer loop
      vertex 24.2528 12.9634 20
      vertex 22.8654 15.2782 11
      vertex 22.8654 15.2782 20
    endloop
  endfacet
  facet normal 0.857735 0.514092 3.6581e-18
    outer loop
      vertex 22.8654 15.2782 11
      vertex 24.2528 12.9634 20
      vertex 24.2528 12.9634 11
    endloop
  endfacet
  facet normal 0.146736 0.989176 -0
    outer loop
      vertex 5.36498 26.9716 11
      vertex 2.69547 27.3676 20
      vertex 5.36498 26.9716 20
    endloop
  endfacet
  facet normal 0.146736 0.989176 0
    outer loop
      vertex 2.69547 27.3676 20
      vertex 5.36498 26.9716 11
      vertex 2.69547 27.3676 11
    endloop
  endfacet
  facet normal 0.0490603 0.998796 -0
    outer loop
      vertex 2.69547 27.3676 11
      vertex 0 27.5 20
      vertex 2.69547 27.3676 20
    endloop
  endfacet
  facet normal 0.0490603 0.998796 0
    outer loop
      vertex 0 27.5 20
      vertex 2.69547 27.3676 11
      vertex 0 27.5 11
    endloop
  endfacet
  facet normal -0.803208 0.595699 -6.39897e-18
    outer loop
      vertex -22.8654 15.2782 11
      vertex -21.2578 17.4458 20
      vertex -21.2578 17.4458 11
    endloop
  endfacet
  facet normal -0.803208 0.595699 -6.39897e-18
    outer loop
      vertex -21.2578 17.4458 20
      vertex -22.8654 15.2782 11
      vertex -22.8654 15.2782 20
    endloop
  endfacet
  facet normal -0.740939 0.671573 -8.28275e-18
    outer loop
      vertex -21.2578 17.4458 11
      vertex -19.4454 19.4454 20
      vertex -19.4454 19.4454 11
    endloop
  endfacet
  facet normal -0.740939 0.671573 -8.28275e-18
    outer loop
      vertex -19.4454 19.4454 20
      vertex -21.2578 17.4458 11
      vertex -21.2578 17.4458 20
    endloop
  endfacet
  facet normal -0.671573 0.740939 0
    outer loop
      vertex -17.4458 21.2578 11
      vertex -19.4454 19.4454 20
      vertex -17.4458 21.2578 20
    endloop
  endfacet
  facet normal -0.671573 0.740939 0
    outer loop
      vertex -19.4454 19.4454 20
      vertex -17.4458 21.2578 11
      vertex -19.4454 19.4454 11
    endloop
  endfacet
  facet normal -0.595699 0.803208 0
    outer loop
      vertex -15.2782 22.8654 11
      vertex -17.4458 21.2578 20
      vertex -15.2782 22.8654 20
    endloop
  endfacet
  facet normal -0.595699 0.803208 0
    outer loop
      vertex -17.4458 21.2578 20
      vertex -15.2782 22.8654 11
      vertex -17.4458 21.2578 11
    endloop
  endfacet
  facet normal 0.989176 -0.146736 -8.08846e-19
    outer loop
      vertex 26.9716 -5.36498 20
      vertex 27.3676 -2.69547 11
      vertex 27.3676 -2.69547 20
    endloop
  endfacet
  facet normal 0.989176 -0.146736 -8.08846e-19
    outer loop
      vertex 27.3676 -2.69547 11
      vertex 26.9716 -5.36498 20
      vertex 26.9716 -5.36498 11
    endloop
  endfacet
  facet normal -0.970035 -0.242967 4.33399e-18
    outer loop
      vertex -26.3159 -7.98283 11
      vertex -26.9716 -5.36498 20
      vertex -26.9716 -5.36498 11
    endloop
  endfacet
  facet normal -0.970035 -0.242967 4.33399e-18
    outer loop
      vertex -26.9716 -5.36498 20
      vertex -26.3159 -7.98283 11
      vertex -26.3159 -7.98283 20
    endloop
  endfacet
  facet normal -0.989176 0.146736 -8.08846e-19
    outer loop
      vertex -27.3676 2.69547 11
      vertex -26.9716 5.36498 20
      vertex -26.9716 5.36498 11
    endloop
  endfacet
  facet normal -0.989176 0.146736 -8.08846e-19
    outer loop
      vertex -26.9716 5.36498 20
      vertex -27.3676 2.69547 11
      vertex -27.3676 2.69547 20
    endloop
  endfacet
  facet normal -0.336899 -0.941541 0
    outer loop
      vertex -10.5238 -25.4067 11
      vertex -7.98283 -26.3159 20
      vertex -10.5238 -25.4067 20
    endloop
  endfacet
  facet normal -0.336899 -0.941541 -0
    outer loop
      vertex -7.98283 -26.3159 20
      vertex -10.5238 -25.4067 11
      vertex -7.98283 -26.3159 11
    endloop
  endfacet
  facet normal 0.903981 -0.427572 1.58519e-18
    outer loop
      vertex 24.2528 -12.9634 20
      vertex 25.4067 -10.5238 11
      vertex 25.4067 -10.5238 20
    endloop
  endfacet
  facet normal 0.903981 -0.427572 1.58519e-18
    outer loop
      vertex 25.4067 -10.5238 11
      vertex 24.2528 -12.9634 20
      vertex 24.2528 -12.9634 11
    endloop
  endfacet
  facet normal 0.336899 -0.941541 0
    outer loop
      vertex 7.98283 -26.3159 11
      vertex 10.5238 -25.4067 20
      vertex 7.98283 -26.3159 20
    endloop
  endfacet
  facet normal 0.336899 -0.941541 0
    outer loop
      vertex 10.5238 -25.4067 20
      vertex 7.98283 -26.3159 11
      vertex 10.5238 -25.4067 11
    endloop
  endfacet
  facet normal 0.514092 -0.857735 0
    outer loop
      vertex 12.9634 -24.2528 11
      vertex 15.2782 -22.8654 20
      vertex 12.9634 -24.2528 20
    endloop
  endfacet
  facet normal 0.514092 -0.857735 0
    outer loop
      vertex 15.2782 -22.8654 20
      vertex 12.9634 -24.2528 11
      vertex 15.2782 -22.8654 11
    endloop
  endfacet
  facet normal 0 0 1
    outer loop
      vertex 27.3676 2.69547 20
      vertex 27.3676 -2.69547 20
      vertex 27.5 0 20
    endloop
  endfacet
  facet normal 0 0 1
    outer loop
      vertex 26.9716 5.36498 20
      vertex 27.3676 -2.69547 20
      vertex 27.3676 2.69547 20
    endloop
  endfacet
  facet normal 0 0 1
    outer loop
      vertex 26.9716 5.36498 20
      vertex 26.9716 -5.36498 20
      vertex 27.3676 -2.69547 20
    endloop
  endfacet
  facet normal 0 0 1
    outer loop
      vertex 26.3159 7.98283 20
      vertex 26.9716 -5.36498 20
      vertex 26.9716 5.36498 20
    endloop
  endfacet
  facet normal 0 0 1
    outer loop
      vertex 26.3159 7.98283 20
      vertex 26.3159 -7.98283 20
      vertex 26.9716 -5.36498 20
    endloop
  endfacet
  facet normal 0 0 1
    outer loop
      vertex 25.4067 10.5238 20
      vertex 26.3159 -7.98283 20
      vertex 26.3159 7.98283 20
    endloop
  endfacet
  facet normal 0 0 1
    outer loop
      vertex 25.4067 10.5238 20
      vertex 25.4067 -10.5238 20
      vertex 26.3159 -7.98283 20
    endloop
  endfacet
  facet normal 0 0 1
    outer loop
      vertex 24.2528 12.9634 20
      vertex 25.4067 -10.5238 20
      vertex 25.4067 10.5238 20
    endloop
  endfacet
  facet normal 0 0 1
    outer loop
      vertex 24.2528 12.9634 20
      vertex 24.2528 -12.9634 20
      vertex 25.4067 -10.5238 20
    endloop
  endfacet
  facet normal 0 0 1
    outer loop
      vertex 22.8654 15.2782 20
      vertex 24.2528 -12.9634 20
      vertex 24.2528 12.9634 20
    endloop
  endfacet
  facet normal 0 0 1
    outer loop
      vertex 22.8654 15.2782 20
      vertex 22.8654 -15.2782 20
      vertex 24.2528 -12.9634 20
    endloop
  endfacet
  facet normal 0 0 1
    outer loop
      vertex 21.2578 17.4458 20
      vertex 22.8654 -15.2782 20
      vertex 22.8654 15.2782 20
    endloop
  endfacet
  facet normal 0 0 1
    outer loop
      vertex 21.2578 17.4458 20
      vertex 21.2578 -17.4458 20
      vertex 22.8654 -15.2782 20
    endloop
  endfacet
  facet normal 0 0 1
    outer loop
      vertex 19.4454 19.4454 20
      vertex 21.2578 -17.4458 20
      vertex 21.2578 17.4458 20
    endloop
  endfacet
  facet normal 0 0 1
    outer loop
      vertex 19.4454 19.4454 20
      vertex 19.4454 -19.4454 20
      vertex 21.2578 -17.4458 20
    endloop
  endfacet
  facet normal 0 0 1
    outer loop
      vertex 17.4458 21.2578 20
      vertex 19.4454 -19.4454 20
      vertex 19.4454 19.4454 20
    endloop
  endfacet
  facet normal 0 0 1
    outer loop
      vertex 17.4458 21.2578 20
      vertex 17.4458 -21.2578 20
      vertex 19.4454 -19.4454 20
    endloop
  endfacet
  facet normal 0 0 1
    outer loop
      vertex 15.2782 22.8654 20
      vertex 17.4458 -21.2578 20
      vertex 17.4458 21.2578 20
    endloop
  endfacet
  facet normal 0 0 1
    outer loop
      vertex 15.2782 22.8654 20
      vertex 15.2782 -22.8654 20
      vertex 17.4458 -21.2578 20
    endloop
  endfacet
  facet normal 0 0 1
    outer loop
      vertex 12.9634 24.2528 20
      vertex 15.2782 -22.8654 20
      vertex 15.2782 22.8654 20
    endloop
  endfacet
  facet normal 0 0 1
    outer loop
      vertex 12.9634 24.2528 20
      vertex 12.9634 -24.2528 20
      vertex 15.2782 -22.8654 20
    endloop
  endfacet
  facet normal 0 0 1
    outer loop
      vertex 10.5238 25.4067 20
      vertex 12.9634 -24.2528 20
      vertex 12.9634 24.2528 20
    endloop
  endfacet
  facet normal 0 0 1
    outer loop
      vertex 10.5238 25.4067 20
      vertex 10.5238 -25.4067 20
      vertex 12.9634 -24.2528 20
    endloop
  endfacet
  facet normal 0 0 1
    outer loop
      vertex 7.98283 26.3159 20
      vertex 10.5238 -25.4067 20
      vertex 10.5238 25.4067 20
    endloop
  endfacet
  facet normal 0 0 1
    outer loop
      vertex 7.98283 26.3159 20
      vertex 7.98283 -26.3159 20
      vertex 10.5238 -25.4067 20
    endloop
  endfacet
  facet normal 0 0 1
    outer loop
      vertex 5.36498 26.9716 20
      vertex 7.98283 -26.3159 20
      vertex 7.98283 26.3159 20
    endloop
  endfacet
  facet normal 0 0 1
    outer loop
      vertex 5.36498 26.9716 20
      vertex 5.36498 -26.9716 20
      vertex 7.98283 -26.3159 20
    endloop
  endfacet
  facet normal 0 0 1
    outer loop
      vertex 2.69547 27.3676 20
      vertex 5.36498 -26.9716 20
      vertex 5.36498 26.9716 20
    endloop
  endfacet
  facet normal 0 0 1
    outer loop
      vertex 2.69547 27.3676 20
      vertex 2.69547 -27.3676 20
      vertex 5.36498 -26.9716 20
    endloop
  endfacet
  facet normal 0 0 1
    outer loop
      vertex 0 27.5 20
      vertex 2.69547 -27.3676 20
      vertex 2.69547 27.3676 20
    endloop
  endfacet
  facet normal 0 0 1
    outer loop
      vertex 0 27.5 20
      vertex 0 -27.5 20
      vertex 2.69547 -27.3676 20
    endloop
  endfacet
  facet normal -0 0 1
    outer loop
      vertex -2.69547 27.3676 20
      vertex 0 -27.5 20
      vertex 0 27.5 20
    endloop
  endfacet
  facet normal 0 0 1
    outer loop
      vertex -2.69547 27.3676 20
      vertex -2.69547 -27.3676 20
      vertex 0 -27.5 20
    endloop
  endfacet
  facet normal -0 0 1
    outer loop
      vertex -5.36498 26.9716 20
      vertex -2.69547 -27.3676 20
      vertex -2.69547 27.3676 20
    endloop
  endfacet
  facet normal 0 0 1
    outer loop
      vertex -5.36498 26.9716 20
      vertex -5.36498 -26.9716 20
      vertex -2.69547 -27.3676 20
    endloop
  endfacet
  facet normal -0 0 1
    outer loop
      vertex -7.98283 26.3159 20
      vertex -5.36498 -26.9716 20
      vertex -5.36498 26.9716 20
    endloop
  endfacet
  facet normal 0 0 1
    outer loop
      vertex -7.98283 26.3159 20
      vertex -7.98283 -26.3159 20
      vertex -5.36498 -26.9716 20
    endloop
  endfacet
  facet normal -0 0 1
    outer loop
      vertex -10.5238 25.4067 20
      vertex -7.98283 -26.3159 20
      vertex -7.98283 26.3159 20
    endloop
  endfacet
  facet normal 0 0 1
    outer loop
      vertex -10.5238 25.4067 20
      vertex -10.5238 -25.4067 20
      vertex -7.98283 -26.3159 20
    endloop
  endfacet
  facet normal -0 0 1
    outer loop
      vertex -12.9634 24.2528 20
      vertex -10.5238 -25.4067 20
      vertex -10.5238 25.4067 20
    endloop
  endfacet
  facet normal 0 0 1
    outer loop
      vertex -12.9634 24.2528 20
      vertex -12.9634 -24.2528 20
      vertex -10.5238 -25.4067 20
    endloop
  endfacet
  facet normal -0 0 1
    outer loop
      vertex -15.2782 22.8654 20
      vertex -12.9634 -24.2528 20
      vertex -12.9634 24.2528 20
    endloop
  endfacet
  facet normal 0 0 1
    outer loop
      vertex -15.2782 22.8654 20
      vertex -15.2782 -22.8654 20
      vertex -12.9634 -24.2528 20
    endloop
  endfacet
  facet normal -0 0 1
    outer loop
      vertex -17.4458 21.2578 20
      vertex -15.2782 -22.8654 20
      vertex -15.2782 22.8654 20
    endloop
  endfacet
  facet normal 0 0 1
    outer loop
      vertex -17.4458 21.2578 20
      vertex -17.4458 -21.2578 20
      vertex -15.2782 -22.8654 20
    endloop
  endfacet
  facet normal -0 0 1
    outer loop
      vertex -19.4454 19.4454 20
      vertex -17.4458 -21.2578 20
      vertex -17.4458 21.2578 20
    endloop
  endfacet
  facet normal 0 0 1
    outer loop
      vertex -19.4454 19.4454 20
      vertex -19.4454 -19.4454 20
      vertex -17.4458 -21.2578 20
    endloop
  endfacet
  facet normal -0 0 1
    outer loop
      vertex -21.2578 17.4458 20
      vertex -19.4454 -19.4454 20
      vertex -19.4454 19.4454 20
    endloop
  endfacet
  facet normal 0 0 1
    outer loop
      vertex -21.2578 17.4458 20
      vertex -21.2578 -17.4458 20
      vertex -19.4454 -19.4454 20
    endloop
  endfacet
  facet normal -0 0 1
    outer loop
      vertex -22.8654 15.2782 20
      vertex -21.2578 -17.4458 20
      vertex -21.2578 17.4458 20
    endloop
  endfacet
  facet normal 0 0 1
    outer loop
      vertex -22.8654 15.2782 20
      vertex -22.8654 -15.2782 20
      vertex -21.2578 -17.4458 20
    endloop
  endfacet
  facet normal -0 0 1
    outer loop
      vertex -24.2528 12.9634 20
      vertex -22.8654 -15.2782 20
      vertex -22.8654 15.2782 20
    endloop
  endfacet
  facet normal 0 0 1
    outer loop
      vertex -24.2528 12.9634 20
      vertex -24.2528 -12.9634 20
      vertex -22.8654 -15.2782 20
    endloop
  endfacet
  facet normal -0 0 1
    outer loop
      vertex -25.4067 10.5238 20
      vertex -24.2528 -12.9634 20
      vertex -24.2528 12.9634 20
    endloop
  endfacet
  facet normal 0 0 1
    outer loop
      vertex -25.4067 10.5238 20
      vertex -25.4067 -10.5238 20
      vertex -24.2528 -12.9634 20
    endloop
  endfacet
  facet normal -0 0 1
    outer loop
      vertex -26.3159 7.98283 20
      vertex -25.4067 -10.5238 20
      vertex -25.4067 10.5238 20
    endloop
  endfacet
  facet normal 0 0 1
    outer loop
      vertex -26.3159 7.98283 20
      vertex -26.3159 -7.98283 20
      vertex -25.4067 -10.5238 20
    endloop
  endfacet
  facet normal -0 0 1
    outer loop
      vertex -26.9716 5.36498 20
      vertex -26.3159 -7.98283 20
      vertex -26.3159 7.98283 20
    endloop
  endfacet
  facet normal 0 0 1
    outer loop
      vertex -26.9716 5.36498 20
      vertex -26.9716 -5.36498 20
      vertex -26.3159 -7.98283 20
    endloop
  endfacet
  facet normal -0 0 1
    outer loop
      vertex -27.3676 2.69547 20
      vertex -26.9716 -5.36498 20
      vertex -26.9716 5.36498 20
    endloop
  endfacet
  facet normal 0 0 1
    outer loop
      vertex -27.3676 2.69547 20
      vertex -27.3676 -2.69547 20
      vertex -26.9716 -5.36498 20
    endloop
  endfacet
  facet normal 0 -0 1
    outer loop
      vertex -27.3676 -2.69547 20
      vertex -27.3676 2.69547 20
      vertex -27.5 0 20
    endloop
  endfacet
  facet normal -0.671573 -0.740939 0
    outer loop
      vertex -19.4454 -19.4454 11
      vertex -17.4458 -21.2578 20
      vertex -19.4454 -19.4454 20
    endloop
  endfacet
  facet normal -0.671573 -0.740939 -0
    outer loop
      vertex -17.4458 -21.2578 20
      vertex -19.4454 -19.4454 11
      vertex -17.4458 -21.2578 11
    endloop
  endfacet
  facet normal -0.857735 -0.514092 3.6581e-18
    outer loop
      vertex -22.8654 -15.2782 11
      vertex -24.2528 -12.9634 20
      vertex -24.2528 -12.9634 11
    endloop
  endfacet
  facet normal -0.857735 -0.514092 3.6581e-18
    outer loop
      vertex -24.2528 -12.9634 20
      vertex -22.8654 -15.2782 11
      vertex -22.8654 -15.2782 20
    endloop
  endfacet
  facet normal -0.146736 -0.989176 0
    outer loop
      vertex -5.36498 -26.9716 11
      vertex -2.69547 -27.3676 20
      vertex -5.36498 -26.9716 20
    endloop
  endfacet
  facet normal -0.146736 -0.989176 -0
    outer loop
      vertex -2.69547 -27.3676 20
      vertex -5.36498 -26.9716 11
      vertex -2.69547 -27.3676 11
    endloop
  endfacet
  facet normal 0.671573 -0.740939 0
    outer loop
      vertex 17.4458 -21.2578 11
      vertex 19.4454 -19.4454 20
      vertex 17.4458 -21.2578 20
    endloop
  endfacet
  facet normal 0.671573 -0.740939 0
    outer loop
      vertex 19.4454 -19.4454 20
      vertex 17.4458 -21.2578 11
      vertex 19.4454 -19.4454 11
    endloop
  endfacet
  facet normal -0.857735 0.514092 -3.6581e-18
    outer loop
      vertex -24.2528 12.9634 11
      vertex -22.8654 15.2782 20
      vertex -22.8654 15.2782 11
    endloop
  endfacet
  facet normal -0.857735 0.514092 -3.6581e-18
    outer loop
      vertex -22.8654 15.2782 20
      vertex -24.2528 12.9634 11
      vertex -24.2528 12.9634 20
    endloop
  endfacet
  facet normal 0.986642 0.162902 5.9703e-18
    outer loop
      vertex 59.4867 7.83157 11
      vertex 58.8471 11.7054 8
      vertex 58.8471 11.7054 11
    endloop
  endfacet
  facet normal 0.986642 0.162902 5.9703e-18
    outer loop
      vertex 58.8471 11.7054 8
      vertex 59.4867 7.83157 11
      vertex 59.4867 7.83157 8
    endloop
  endfacet
  facet normal 0.999464 -0.0327281 8.12032e-19
    outer loop
      vertex 59.8715 -3.92419 11
      vertex 60 0 8
      vertex 60 0 11
    endloop
  endfacet
  facet normal 0.999464 -0.0327281 8.12032e-19
    outer loop
      vertex 60 0 8
      vertex 59.8715 -3.92419 11
      vertex 59.8715 -3.92419 8
    endloop
  endfacet
  facet normal -0.729867 -0.683589 1.97415e-17
    outer loop
      vertex -42.4264 -42.4264 8
      vertex -45.1104 -39.5607 11
      vertex -45.1104 -39.5607 8
    endloop
  endfacet
  facet normal -0.729867 -0.683589 1.97415e-17
    outer loop
      vertex -45.1104 -39.5607 11
      vertex -42.4264 -42.4264 8
      vertex -42.4264 -42.4264 11
    endloop
  endfacet
  facet normal -0.729867 0.683589 -1.97415e-17
    outer loop
      vertex -45.1104 39.5607 8
      vertex -42.4264 42.4264 11
      vertex -42.4264 42.4264 8
    endloop
  endfacet
  facet normal -0.729867 0.683589 -1.97415e-17
    outer loop
      vertex -42.4264 42.4264 11
      vertex -45.1104 39.5607 8
      vertex -45.1104 39.5607 11
    endloop
  endfacet
  facet normal 0.995186 0.0980062 -4.83055e-18
    outer loop
      vertex 59.8715 3.92419 11
      vertex 59.4867 7.83157 8
      vertex 59.4867 7.83157 11
    endloop
  endfacet
  facet normal 0.995186 0.0980062 -4.83055e-18
    outer loop
      vertex 59.4867 7.83157 8
      vertex 59.8715 3.92419 11
      vertex 59.8715 3.92419 8
    endloop
  endfacet
  facet normal -0.0980062 -0.995186 0
    outer loop
      vertex -7.83157 -59.4867 8
      vertex -3.92419 -59.8715 11
      vertex -7.83157 -59.4867 11
    endloop
  endfacet
  facet normal -0.0980062 -0.995186 -0
    outer loop
      vertex -3.92419 -59.8715 11
      vertex -7.83157 -59.4867 8
      vertex -3.92419 -59.8715 8
    endloop
  endfacet
  facet normal -0.471406 -0.881916 0
    outer loop
      vertex -30 -51.9615 8
      vertex -26.5373 -53.8124 11
      vertex -30 -51.9615 11
    endloop
  endfacet
  facet normal -0.471406 -0.881916 -0
    outer loop
      vertex -26.5373 -53.8124 11
      vertex -30 -51.9615 8
      vertex -26.5373 -53.8124 8
    endloop
  endfacet
  facet normal 0.528061 0.849207 -0
    outer loop
      vertex 33.3342 49.8882 8
      vertex 30 51.9615 11
      vertex 33.3342 49.8882 11
    endloop
  endfacet
  facet normal 0.528061 0.849207 0
    outer loop
      vertex 30 51.9615 11
      vertex 33.3342 49.8882 8
      vertex 30 51.9615 8
    endloop
  endfacet
  facet normal -0.227061 -0.97388 0
    outer loop
      vertex -15.5291 -57.9556 8
      vertex -11.7054 -58.8471 11
      vertex -15.5291 -57.9556 11
    endloop
  endfacet
  facet normal -0.227061 -0.97388 -0
    outer loop
      vertex -11.7054 -58.8471 11
      vertex -15.5291 -57.9556 8
      vertex -11.7054 -58.8471 8
    endloop
  endfacet
  facet normal 0.729867 0.683589 1.97415e-17
    outer loop
      vertex 45.1104 39.5607 11
      vertex 42.4264 42.4264 8
      vertex 42.4264 42.4264 11
    endloop
  endfacet
  facet normal 0.729867 0.683589 1.97415e-17
    outer loop
      vertex 42.4264 42.4264 8
      vertex 45.1104 39.5607 11
      vertex 45.1104 39.5607 8
    endloop
  endfacet
  facet normal 0.634399 0.773005 -0
    outer loop
      vertex 39.5607 45.1104 8
      vertex 36.5257 47.6012 11
      vertex 39.5607 45.1104 11
    endloop
  endfacet
  facet normal 0.634399 0.773005 0
    outer loop
      vertex 36.5257 47.6012 11
      vertex 39.5607 45.1104 8
      vertex 36.5257 47.6012 8
    endloop
  endfacet
  facet normal -0.881916 -0.471406 2.47016e-17
    outer loop
      vertex -51.9615 -30 8
      vertex -53.8124 -26.5373 11
      vertex -53.8124 -26.5373 8
    endloop
  endfacet
  facet normal -0.881916 -0.471406 2.47016e-17
    outer loop
      vertex -53.8124 -26.5373 11
      vertex -51.9615 -30 8
      vertex -51.9615 -30 11
    endloop
  endfacet
  facet normal 0.0327281 -0.999464 0
    outer loop
      vertex 0 -60 8
      vertex 3.92419 -59.8715 11
      vertex 0 -60 11
    endloop
  endfacet
  facet normal 0.0327281 -0.999464 0
    outer loop
      vertex 3.92419 -59.8715 11
      vertex 0 -60 8
      vertex 3.92419 -59.8715 8
    endloop
  endfacet
  facet normal -0.93588 -0.35232 3.79092e-18
    outer loop
      vertex -56.6319 -19.7749 8
      vertex -56.8158 -19.2864 11
      vertex -56.8158 -19.2864 8
    endloop
  endfacet
  facet normal -0.935912 -0.352234 -0
    outer loop
      vertex -55.4328 -22.961 11
      vertex -56.6319 -19.7749 8
      vertex -55.4328 -22.961 8
    endloop
  endfacet
  facet normal -0.935908 -0.352245 -1.38759e-05
    outer loop
      vertex -56.6319 -19.7749 8
      vertex -55.4328 -22.961 11
      vertex -56.8158 -19.2864 11
    endloop
  endfacet
  facet normal -0.290293 0.956938 0
    outer loop
      vertex -15.5291 57.9556 8
      vertex -19.2864 56.8158 11
      vertex -15.5291 57.9556 11
    endloop
  endfacet
  facet normal -0.290293 0.956938 0
    outer loop
      vertex -19.2864 56.8158 11
      vertex -15.5291 57.9556 8
      vertex -19.2864 56.8158 8
    endloop
  endfacet
  facet normal -0.956938 -0.290293 -1.80743e-17
    outer loop
      vertex -56.8158 -19.2864 8
      vertex -57.9556 -15.5291 11
      vertex -57.9556 -15.5291 8
    endloop
  endfacet
  facet normal -0.956938 -0.290293 -1.80743e-17
    outer loop
      vertex -57.9556 -15.5291 11
      vertex -56.8158 -19.2864 8
      vertex -56.8158 -19.2864 11
    endloop
  endfacet
  facet normal 0.162902 0.986642 -0
    outer loop
      vertex 11.7054 58.8471 8
      vertex 7.83157 59.4867 11
      vertex 11.7054 58.8471 11
    endloop
  endfacet
  facet normal 0.162902 0.986642 0
    outer loop
      vertex 7.83157 59.4867 11
      vertex 11.7054 58.8471 8
      vertex 7.83157 59.4867 8
    endloop
  endfacet
  facet normal 0.881916 -0.471406 -2.47016e-17
    outer loop
      vertex 51.9615 -30 11
      vertex 53.8124 -26.5373 8
      vertex 53.8124 -26.5373 11
    endloop
  endfacet
  facet normal 0.881916 -0.471406 -2.47016e-17
    outer loop
      vertex 53.8124 -26.5373 8
      vertex 51.9615 -30 11
      vertex 51.9615 -30 8
    endloop
  endfacet
  facet normal 0 0 1
    outer loop
      vertex 27.5 0 11
      vertex 60 0 11
      vertex 59.8715 3.92419 11
    endloop
  endfacet
  facet normal 0 0 1
    outer loop
      vertex 27.3676 2.69547 11
      vertex 59.8715 3.92419 11
      vertex 59.4867 7.83157 11
    endloop
  endfacet
  facet normal 0 0 1
    outer loop
      vertex 60 0 11
      vertex 27.5 0 11
      vertex 59.8715 -3.92419 11
    endloop
  endfacet
  facet normal 0 0 1
    outer loop
      vertex 26.9716 5.36498 11
      vertex 59.4867 7.83157 11
      vertex 58.8471 11.7054 11
    endloop
  endfacet
  facet normal -0 0 1
    outer loop
      vertex 27.3676 -2.69547 11
      vertex 59.8715 -3.92419 11
      vertex 27.5 0 11
    endloop
  endfacet
  facet normal 0 0 1
    outer loop
      vertex 26.9716 5.36498 11
      vertex 58.8471 11.7054 11
      vertex 57.9556 15.5291 11
    endloop
  endfacet
  facet normal 0 0 1
    outer loop
      vertex 59.8715 -3.92419 11
      vertex 27.3676 -2.69547 11
      vertex 59.4867 -7.83157 11
    endloop
  endfacet
  facet normal 0 0 1
    outer loop
      vertex 26.3159 7.98283 11
      vertex 57.9556 15.5291 11
      vertex 56.8158 19.2864 11
    endloop
  endfacet
  facet normal -0 0 1
    outer loop
      vertex 26.9716 -5.36498 11
      vertex 59.4867 -7.83157 11
      vertex 27.3676 -2.69547 11
    endloop
  endfacet
  facet normal 0 0 1
    outer loop
      vertex 25.4067 10.5238 11
      vertex 56.8158 19.2864 11
      vertex 55.4328 22.961 11
    endloop
  endfacet
  facet normal 0 0 1
    outer loop
      vertex 59.4867 -7.83157 11
      vertex 26.9716 -5.36498 11
      vertex 58.8471 -11.7054 11
    endloop
  endfacet
  facet normal 0 0 1
    outer loop
      vertex 25.4067 10.5238 11
      vertex 55.4328 22.961 11
      vertex 53.8124 26.5373 11
    endloop
  endfacet
  facet normal 0 0 1
    outer loop
      vertex 58.8471 -11.7054 11
      vertex 26.9716 -5.36498 11
      vertex 57.9556 -15.5291 11
    endloop
  endfacet
  facet normal 0 0 1
    outer loop
      vertex 24.2528 12.9634 11
      vertex 53.8124 26.5373 11
      vertex 51.9615 30 11
    endloop
  endfacet
  facet normal -0 0 1
    outer loop
      vertex 26.3159 -7.98283 11
      vertex 57.9556 -15.5291 11
      vertex 26.9716 -5.36498 11
    endloop
  endfacet
  facet normal 0 0 1
    outer loop
      vertex 22.8654 15.2782 11
      vertex 51.9615 30 11
      vertex 49.8882 33.3342 11
    endloop
  endfacet
  facet normal 0 0 1
    outer loop
      vertex 57.9556 -15.5291 11
      vertex 26.3159 -7.98283 11
      vertex 56.8158 -19.2864 11
    endloop
  endfacet
  facet normal 0 0 1
    outer loop
      vertex 22.8654 15.2782 11
      vertex 49.8882 33.3342 11
      vertex 47.6012 36.5257 11
    endloop
  endfacet
  facet normal -0 0 1
    outer loop
      vertex 25.4067 -10.5238 11
      vertex 56.8158 -19.2864 11
      vertex 26.3159 -7.98283 11
    endloop
  endfacet
  facet normal 0 0 1
    outer loop
      vertex 21.2578 17.4458 11
      vertex 47.6012 36.5257 11
      vertex 45.1104 39.5607 11
    endloop
  endfacet
  facet normal 0 0 1
    outer loop
      vertex 56.8158 -19.2864 11
      vertex 25.4067 -10.5238 11
      vertex 55.4328 -22.961 11
    endloop
  endfacet
  facet normal 0 0 1
    outer loop
      vertex 19.4454 19.4454 11
      vertex 45.1104 39.5607 11
      vertex 42.4264 42.4264 11
    endloop
  endfacet
  facet normal 0 0 1
    outer loop
      vertex 55.4328 -22.961 11
      vertex 25.4067 -10.5238 11
      vertex 53.8124 -26.5373 11
    endloop
  endfacet
  facet normal 0 0 1
    outer loop
      vertex 19.4454 19.4454 11
      vertex 42.4264 42.4264 11
      vertex 39.5607 45.1104 11
    endloop
  endfacet
  facet normal -0 0 1
    outer loop
      vertex 24.2528 -12.9634 11
      vertex 53.8124 -26.5373 11
      vertex 25.4067 -10.5238 11
    endloop
  endfacet
  facet normal 0 0 1
    outer loop
      vertex 17.4458 21.2578 11
      vertex 39.5607 45.1104 11
      vertex 36.5257 47.6012 11
    endloop
  endfacet
  facet normal 0 0 1
    outer loop
      vertex 53.8124 -26.5373 11
      vertex 24.2528 -12.9634 11
      vertex 51.9615 -30 11
    endloop
  endfacet
  facet normal 0 0 1
    outer loop
      vertex 15.2782 22.8654 11
      vertex 36.5257 47.6012 11
      vertex 33.3342 49.8882 11
    endloop
  endfacet
  facet normal -0 0 1
    outer loop
      vertex 22.8654 -15.2782 11
      vertex 51.9615 -30 11
      vertex 24.2528 -12.9634 11
    endloop
  endfacet
  facet normal 0 0 1
    outer loop
      vertex 15.2782 22.8654 11
      vertex 33.3342 49.8882 11
      vertex 30 51.9615 11
    endloop
  endfacet
  facet normal 0 0 1
    outer loop
      vertex 51.9615 -30 11
      vertex 22.8654 -15.2782 11
      vertex 49.8882 -33.3342 11
    endloop
  endfacet
  facet normal 0 0 1
    outer loop
      vertex 49.8882 -33.3342 11
      vertex 22.8654 -15.2782 11
      vertex 47.6012 -36.5257 11
    endloop
  endfacet
  facet normal 0 0 1
    outer loop
      vertex 59.8715 3.92419 11
      vertex 27.3676 2.69547 11
      vertex 27.5 0 11
    endloop
  endfacet
  facet normal 0 0 1
    outer loop
      vertex 59.4867 7.83157 11
      vertex 26.9716 5.36498 11
      vertex 27.3676 2.69547 11
    endloop
  endfacet
  facet normal 0 0 1
    outer loop
      vertex 12.9634 24.2528 11
      vertex 30 51.9615 11
      vertex 26.5373 53.8124 11
    endloop
  endfacet
  facet normal 0 0 1
    outer loop
      vertex 57.9556 15.5291 11
      vertex 26.3159 7.98283 11
      vertex 26.9716 5.36498 11
    endloop
  endfacet
  facet normal 0 0 1
    outer loop
      vertex 56.8158 19.2864 11
      vertex 25.4067 10.5238 11
      vertex 26.3159 7.98283 11
    endloop
  endfacet
  facet normal 0 0 1
    outer loop
      vertex 53.8124 26.5373 11
      vertex 24.2528 12.9634 11
      vertex 25.4067 10.5238 11
    endloop
  endfacet
  facet normal 0 0 1
    outer loop
      vertex 10.5238 25.4067 11
      vertex 26.5373 53.8124 11
      vertex 22.961 55.4328 11
    endloop
  endfacet
  facet normal 0 0 1
    outer loop
      vertex 51.9615 30 11
      vertex 22.8654 15.2782 11
      vertex 24.2528 12.9634 11
    endloop
  endfacet
  facet normal 0 0 1
    outer loop
      vertex 47.6012 36.5257 11
      vertex 21.2578 17.4458 11
      vertex 22.8654 15.2782 11
    endloop
  endfacet
  facet normal 0 0 1
    outer loop
      vertex 45.1104 39.5607 11
      vertex 19.4454 19.4454 11
      vertex 21.2578 17.4458 11
    endloop
  endfacet
  facet normal 0 0 1
    outer loop
      vertex 10.5238 25.4067 11
      vertex 22.961 55.4328 11
      vertex 19.2864 56.8158 11
    endloop
  endfacet
  facet normal 0 0 1
    outer loop
      vertex 39.5607 45.1104 11
      vertex 17.4458 21.2578 11
      vertex 19.4454 19.4454 11
    endloop
  endfacet
  facet normal 0 0 1
    outer loop
      vertex 7.98283 26.3159 11
      vertex 19.2864 56.8158 11
      vertex 15.5291 57.9556 11
    endloop
  endfacet
  facet normal 0 0 1
    outer loop
      vertex 36.5257 47.6012 11
      vertex 15.2782 22.8654 11
      vertex 17.4458 21.2578 11
    endloop
  endfacet
  facet normal 0 0 1
    outer loop
      vertex 30 51.9615 11
      vertex 12.9634 24.2528 11
      vertex 15.2782 22.8654 11
    endloop
  endfacet
  facet normal 0 0 1
    outer loop
      vertex 5.36498 26.9716 11
      vertex 15.5291 57.9556 11
      vertex 11.7054 58.8471 11
    endloop
  endfacet
  facet normal 0 0 1
    outer loop
      vertex 26.5373 53.8124 11
      vertex 10.5238 25.4067 11
      vertex 12.9634 24.2528 11
    endloop
  endfacet
  facet normal 0 0 1
    outer loop
      vertex 19.2864 56.8158 11
      vertex 7.98283 26.3159 11
      vertex 10.5238 25.4067 11
    endloop
  endfacet
  facet normal 0 0 1
    outer loop
      vertex 5.36498 26.9716 11
      vertex 11.7054 58.8471 11
      vertex 7.83157 59.4867 11
    endloop
  endfacet
  facet normal 0 0 1
    outer loop
      vertex 15.5291 57.9556 11
      vertex 5.36498 26.9716 11
      vertex 7.98283 26.3159 11
    endloop
  endfacet
  facet normal 0 0 1
    outer loop
      vertex 2.69547 27.3676 11
      vertex 7.83157 59.4867 11
      vertex 3.92419 59.8715 11
    endloop
  endfacet
  facet normal 0 0 1
    outer loop
      vertex 7.83157 59.4867 11
      vertex 2.69547 27.3676 11
      vertex 5.36498 26.9716 11
    endloop
  endfacet
  facet normal 0 0 1
    outer loop
      vertex 0 27.5 11
      vertex 3.92419 59.8715 11
      vertex 0 60 11
    endloop
  endfacet
  facet normal 0 0 1
    outer loop
      vertex 3.92419 59.8715 11
      vertex 0 27.5 11
      vertex 2.69547 27.3676 11
    endloop
  endfacet
  facet normal -0 0 1
    outer loop
      vertex -3.92419 59.8715 11
      vertex 0 27.5 11
      vertex 0 60 11
    endloop
  endfacet
  facet normal 0 0 1
    outer loop
      vertex 0 27.5 11
      vertex -3.92419 59.8715 11
      vertex -2.69547 27.3676 11
    endloop
  endfacet
  facet normal -0 0 1
    outer loop
      vertex -7.83157 59.4867 11
      vertex -2.69547 27.3676 11
      vertex -3.92419 59.8715 11
    endloop
  endfacet
  facet normal 0 0 1
    outer loop
      vertex -2.69547 27.3676 11
      vertex -7.83157 59.4867 11
      vertex -5.36498 26.9716 11
    endloop
  endfacet
  facet normal -0 0 1
    outer loop
      vertex -11.7054 58.8471 11
      vertex -5.36498 26.9716 11
      vertex -7.83157 59.4867 11
    endloop
  endfacet
  facet normal -0 0 1
    outer loop
      vertex -15.5291 57.9556 11
      vertex -5.36498 26.9716 11
      vertex -11.7054 58.8471 11
    endloop
  endfacet
  facet normal 0 0 1
    outer loop
      vertex -5.36498 26.9716 11
      vertex -15.5291 57.9556 11
      vertex -7.98283 26.3159 11
    endloop
  endfacet
  facet normal -0 0 1
    outer loop
      vertex -19.2864 56.8158 11
      vertex -7.98283 26.3159 11
      vertex -15.5291 57.9556 11
    endloop
  endfacet
  facet normal 0 0 1
    outer loop
      vertex -7.98283 26.3159 11
      vertex -19.2864 56.8158 11
      vertex -10.5238 25.4067 11
    endloop
  endfacet
  facet normal -0 0 1
    outer loop
      vertex -22.961 55.4328 11
      vertex -10.5238 25.4067 11
      vertex -19.2864 56.8158 11
    endloop
  endfacet
  facet normal -0 0 1
    outer loop
      vertex -26.5373 53.8124 11
      vertex -10.5238 25.4067 11
      vertex -22.961 55.4328 11
    endloop
  endfacet
  facet normal 0 0 1
    outer loop
      vertex -10.5238 25.4067 11
      vertex -26.5373 53.8124 11
      vertex -12.9634 24.2528 11
    endloop
  endfacet
  facet normal -0 0 1
    outer loop
      vertex -30 51.9615 11
      vertex -12.9634 24.2528 11
      vertex -26.5373 53.8124 11
    endloop
  endfacet
  facet normal 0 0 1
    outer loop
      vertex -12.9634 24.2528 11
      vertex -30 51.9615 11
      vertex -15.2782 22.8654 11
    endloop
  endfacet
  facet normal -0 0 1
    outer loop
      vertex -33.3342 49.8882 11
      vertex -15.2782 22.8654 11
      vertex -30 51.9615 11
    endloop
  endfacet
  facet normal -0 0 1
    outer loop
      vertex -36.5257 47.6012 11
      vertex -15.2782 22.8654 11
      vertex -33.3342 49.8882 11
    endloop
  endfacet
  facet normal 0 0 1
    outer loop
      vertex -15.2782 22.8654 11
      vertex -36.5257 47.6012 11
      vertex -17.4458 21.2578 11
    endloop
  endfacet
  facet normal -0 0 1
    outer loop
      vertex -39.5607 45.1104 11
      vertex -17.4458 21.2578 11
      vertex -36.5257 47.6012 11
    endloop
  endfacet
  facet normal 0 0 1
    outer loop
      vertex -17.4458 21.2578 11
      vertex -39.5607 45.1104 11
      vertex -19.4454 19.4454 11
    endloop
  endfacet
  facet normal -0 0 1
    outer loop
      vertex -42.4264 42.4264 11
      vertex -19.4454 19.4454 11
      vertex -39.5607 45.1104 11
    endloop
  endfacet
  facet normal -0 0 1
    outer loop
      vertex -45.1104 39.5607 11
      vertex -19.4454 19.4454 11
      vertex -42.4264 42.4264 11
    endloop
  endfacet
  facet normal 0 0 1
    outer loop
      vertex -19.4454 19.4454 11
      vertex -45.1104 39.5607 11
      vertex -21.2578 17.4458 11
    endloop
  endfacet
  facet normal -0 0 1
    outer loop
      vertex -47.6012 36.5257 11
      vertex -21.2578 17.4458 11
      vertex -45.1104 39.5607 11
    endloop
  endfacet
  facet normal 0 0 1
    outer loop
      vertex -21.2578 17.4458 11
      vertex -47.6012 36.5257 11
      vertex -22.8654 15.2782 11
    endloop
  endfacet
  facet normal -0 0 1
    outer loop
      vertex 21.2578 -17.4458 11
      vertex 47.6012 -36.5257 11
      vertex 22.8654 -15.2782 11
    endloop
  endfacet
  facet normal 0 0 1
    outer loop
      vertex 47.6012 -36.5257 11
      vertex 21.2578 -17.4458 11
      vertex 45.1104 -39.5607 11
    endloop
  endfacet
  facet normal -0 0 1
    outer loop
      vertex 19.4454 -19.4454 11
      vertex 45.1104 -39.5607 11
      vertex 21.2578 -17.4458 11
    endloop
  endfacet
  facet normal 0 0 1
    outer loop
      vertex 45.1104 -39.5607 11
      vertex 19.4454 -19.4454 11
      vertex 42.4264 -42.4264 11
    endloop
  endfacet
  facet normal 0 0 1
    outer loop
      vertex 42.4264 -42.4264 11
      vertex 19.4454 -19.4454 11
      vertex 39.5607 -45.1104 11
    endloop
  endfacet
  facet normal -0 0 1
    outer loop
      vertex 17.4458 -21.2578 11
      vertex 39.5607 -45.1104 11
      vertex 19.4454 -19.4454 11
    endloop
  endfacet
  facet normal 0 0 1
    outer loop
      vertex 39.5607 -45.1104 11
      vertex 17.4458 -21.2578 11
      vertex 36.5257 -47.6012 11
    endloop
  endfacet
  facet normal -0 0 1
    outer loop
      vertex 15.2782 -22.8654 11
      vertex 36.5257 -47.6012 11
      vertex 17.4458 -21.2578 11
    endloop
  endfacet
  facet normal 0 0 1
    outer loop
      vertex 36.5257 -47.6012 11
      vertex 15.2782 -22.8654 11
      vertex 33.3342 -49.8882 11
    endloop
  endfacet
  facet normal 0 0 1
    outer loop
      vertex 33.3342 -49.8882 11
      vertex 15.2782 -22.8654 11
      vertex 30 -51.9615 11
    endloop
  endfacet
  facet normal -0 0 1
    outer loop
      vertex 12.9634 -24.2528 11
      vertex 30 -51.9615 11
      vertex 15.2782 -22.8654 11
    endloop
  endfacet
  facet normal 0 0 1
    outer loop
      vertex 30 -51.9615 11
      vertex 12.9634 -24.2528 11
      vertex 26.5373 -53.8124 11
    endloop
  endfacet
  facet normal -0 0 1
    outer loop
      vertex 10.5238 -25.4067 11
      vertex 26.5373 -53.8124 11
      vertex 12.9634 -24.2528 11
    endloop
  endfacet
  facet normal 0 0 1
    outer loop
      vertex 26.5373 -53.8124 11
      vertex 10.5238 -25.4067 11
      vertex 22.961 -55.4328 11
    endloop
  endfacet
  facet normal 0 0 1
    outer loop
      vertex 22.961 -55.4328 11
      vertex 10.5238 -25.4067 11
      vertex 19.2864 -56.8158 11
    endloop
  endfacet
  facet normal -0 0 1
    outer loop
      vertex 7.98283 -26.3159 11
      vertex 19.2864 -56.8158 11
      vertex 10.5238 -25.4067 11
    endloop
  endfacet
  facet normal 0 0 1
    outer loop
      vertex 19.2864 -56.8158 11
      vertex 7.98283 -26.3159 11
      vertex 15.5291 -57.9556 11
    endloop
  endfacet
  facet normal -0 0 1
    outer loop
      vertex 5.36498 -26.9716 11
      vertex 15.5291 -57.9556 11
      vertex 7.98283 -26.3159 11
    endloop
  endfacet
  facet normal 0 0 1
    outer loop
      vertex 15.5291 -57.9556 11
      vertex 5.36498 -26.9716 11
      vertex 11.7054 -58.8471 11
    endloop
  endfacet
  facet normal 0 0 1
    outer loop
      vertex 11.7054 -58.8471 11
      vertex 5.36498 -26.9716 11
      vertex 7.83157 -59.4867 11
    endloop
  endfacet
  facet normal -0 0 1
    outer loop
      vertex 2.69547 -27.3676 11
      vertex 7.83157 -59.4867 11
      vertex 5.36498 -26.9716 11
    endloop
  endfacet
  facet normal 0 0 1
    outer loop
      vertex 7.83157 -59.4867 11
      vertex 2.69547 -27.3676 11
      vertex 3.92419 -59.8715 11
    endloop
  endfacet
  facet normal -0 0 1
    outer loop
      vertex 0 -27.5 11
      vertex 3.92419 -59.8715 11
      vertex 2.69547 -27.3676 11
    endloop
  endfacet
  facet normal 0 0 1
    outer loop
      vertex 0 -27.5 11
      vertex 0 -60 11
      vertex 3.92419 -59.8715 11
    endloop
  endfacet
  facet normal 0 0 1
    outer loop
      vertex -3.92419 -59.8715 11
      vertex 0 -27.5 11
      vertex -2.69547 -27.3676 11
    endloop
  endfacet
  facet normal 0 0 1
    outer loop
      vertex 0 -27.5 11
      vertex -3.92419 -59.8715 11
      vertex 0 -60 11
    endloop
  endfacet
  facet normal 0 0 1
    outer loop
      vertex -7.83157 -59.4867 11
      vertex -2.69547 -27.3676 11
      vertex -5.36498 -26.9716 11
    endloop
  endfacet
  facet normal 0 0 1
    outer loop
      vertex -2.69547 -27.3676 11
      vertex -7.83157 -59.4867 11
      vertex -3.92419 -59.8715 11
    endloop
  endfacet
  facet normal 0 0 1
    outer loop
      vertex -15.5291 -57.9556 11
      vertex -5.36498 -26.9716 11
      vertex -7.98283 -26.3159 11
    endloop
  endfacet
  facet normal 0 0 1
    outer loop
      vertex -19.2864 -56.8158 11
      vertex -7.98283 -26.3159 11
      vertex -10.5238 -25.4067 11
    endloop
  endfacet
  facet normal 0 0 1
    outer loop
      vertex -5.36498 -26.9716 11
      vertex -11.7054 -58.8471 11
      vertex -7.83157 -59.4867 11
    endloop
  endfacet
  facet normal 0 0 1
    outer loop
      vertex -26.5373 -53.8124 11
      vertex -10.5238 -25.4067 11
      vertex -12.9634 -24.2528 11
    endloop
  endfacet
  facet normal 0 0 1
    outer loop
      vertex -30 -51.9615 11
      vertex -12.9634 -24.2528 11
      vertex -15.2782 -22.8654 11
    endloop
  endfacet
  facet normal 0 0 1
    outer loop
      vertex -5.36498 -26.9716 11
      vertex -15.5291 -57.9556 11
      vertex -11.7054 -58.8471 11
    endloop
  endfacet
  facet normal 0 0 1
    outer loop
      vertex -36.5257 -47.6012 11
      vertex -15.2782 -22.8654 11
      vertex -17.4458 -21.2578 11
    endloop
  endfacet
  facet normal 0 0 1
    outer loop
      vertex -7.98283 -26.3159 11
      vertex -19.2864 -56.8158 11
      vertex -15.5291 -57.9556 11
    endloop
  endfacet
  facet normal 0 0 1
    outer loop
      vertex -39.5607 -45.1104 11
      vertex -17.4458 -21.2578 11
      vertex -19.4454 -19.4454 11
    endloop
  endfacet
  facet normal 0 0 1
    outer loop
      vertex -45.1104 -39.5607 11
      vertex -19.4454 -19.4454 11
      vertex -21.2578 -17.4458 11
    endloop
  endfacet
  facet normal 0 0 1
    outer loop
      vertex -47.6012 -36.5257 11
      vertex -21.2578 -17.4458 11
      vertex -22.8654 -15.2782 11
    endloop
  endfacet
  facet normal 0 0 1
    outer loop
      vertex -10.5238 -25.4067 11
      vertex -22.961 -55.4328 11
      vertex -19.2864 -56.8158 11
    endloop
  endfacet
  facet normal 0 0 1
    outer loop
      vertex -51.9615 -30 11
      vertex -22.8654 -15.2782 11
      vertex -24.2528 -12.9634 11
    endloop
  endfacet
  facet normal 0 0 1
    outer loop
      vertex -53.8124 -26.5373 11
      vertex -24.2528 -12.9634 11
      vertex -25.4067 -10.5238 11
    endloop
  endfacet
  facet normal 0 0 1
    outer loop
      vertex -56.8158 -19.2864 11
      vertex -25.4067 -10.5238 11
      vertex -26.3159 -7.98283 11
    endloop
  endfacet
  facet normal 0 0 1
    outer loop
      vertex -10.5238 -25.4067 11
      vertex -26.5373 -53.8124 11
      vertex -22.961 -55.4328 11
    endloop
  endfacet
  facet normal 0 0 1
    outer loop
      vertex -57.9556 -15.5291 11
      vertex -26.3159 -7.98283 11
      vertex -26.9716 -5.36498 11
    endloop
  endfacet
  facet normal 0 0 1
    outer loop
      vertex -59.4867 -7.83157 11
      vertex -26.9716 -5.36498 11
      vertex -27.3676 -2.69547 11
    endloop
  endfacet
  facet normal 0 0 1
    outer loop
      vertex -59.8715 -3.92419 11
      vertex -27.3676 -2.69547 11
      vertex -27.5 0 11
    endloop
  endfacet
  facet normal -0 0 1
    outer loop
      vertex -49.8882 33.3342 11
      vertex -22.8654 15.2782 11
      vertex -47.6012 36.5257 11
    endloop
  endfacet
  facet normal 0 0 1
    outer loop
      vertex -12.9634 -24.2528 11
      vertex -30 -51.9615 11
      vertex -26.5373 -53.8124 11
    endloop
  endfacet
  facet normal -0 0 1
    outer loop
      vertex -51.9615 30 11
      vertex -22.8654 15.2782 11
      vertex -49.8882 33.3342 11
    endloop
  endfacet
  facet normal 0 0 1
    outer loop
      vertex -15.2782 -22.8654 11
      vertex -33.3342 -49.8882 11
      vertex -30 -51.9615 11
    endloop
  endfacet
  facet normal 0 0 1
    outer loop
      vertex -22.8654 15.2782 11
      vertex -51.9615 30 11
      vertex -24.2528 12.9634 11
    endloop
  endfacet
  facet normal 0 0 1
    outer loop
      vertex -15.2782 -22.8654 11
      vertex -36.5257 -47.6012 11
      vertex -33.3342 -49.8882 11
    endloop
  endfacet
  facet normal -0 0 1
    outer loop
      vertex -53.8124 26.5373 11
      vertex -24.2528 12.9634 11
      vertex -51.9615 30 11
    endloop
  endfacet
  facet normal 0 0 1
    outer loop
      vertex -17.4458 -21.2578 11
      vertex -39.5607 -45.1104 11
      vertex -36.5257 -47.6012 11
    endloop
  endfacet
  facet normal 0 0 1
    outer loop
      vertex -24.2528 12.9634 11
      vertex -53.8124 26.5373 11
      vertex -25.4067 10.5238 11
    endloop
  endfacet
  facet normal 0 0 1
    outer loop
      vertex -19.4454 -19.4454 11
      vertex -42.4264 -42.4264 11
      vertex -39.5607 -45.1104 11
    endloop
  endfacet
  facet normal -0 0 1
    outer loop
      vertex -55.4328 22.961 11
      vertex -25.4067 10.5238 11
      vertex -53.8124 26.5373 11
    endloop
  endfacet
  facet normal 0 0 1
    outer loop
      vertex -19.4454 -19.4454 11
      vertex -45.1104 -39.5607 11
      vertex -42.4264 -42.4264 11
    endloop
  endfacet
  facet normal -0 0 1
    outer loop
      vertex -56.8158 19.2864 11
      vertex -25.4067 10.5238 11
      vertex -55.4328 22.961 11
    endloop
  endfacet
  facet normal 0 0 1
    outer loop
      vertex -21.2578 -17.4458 11
      vertex -47.6012 -36.5257 11
      vertex -45.1104 -39.5607 11
    endloop
  endfacet
  facet normal 0 0 1
    outer loop
      vertex -25.4067 10.5238 11
      vertex -56.8158 19.2864 11
      vertex -26.3159 7.98283 11
    endloop
  endfacet
  facet normal 0 0 1
    outer loop
      vertex -22.8654 -15.2782 11
      vertex -49.8882 -33.3342 11
      vertex -47.6012 -36.5257 11
    endloop
  endfacet
  facet normal -0 0 1
    outer loop
      vertex -57.9556 15.5291 11
      vertex -26.3159 7.98283 11
      vertex -56.8158 19.2864 11
    endloop
  endfacet
  facet normal 0 0 1
    outer loop
      vertex -22.8654 -15.2782 11
      vertex -51.9615 -30 11
      vertex -49.8882 -33.3342 11
    endloop
  endfacet
  facet normal 0 0 1
    outer loop
      vertex -26.3159 7.98283 11
      vertex -57.9556 15.5291 11
      vertex -26.9716 5.36498 11
    endloop
  endfacet
  facet normal 0 0 1
    outer loop
      vertex -24.2528 -12.9634 11
      vertex -53.8124 -26.5373 11
      vertex -51.9615 -30 11
    endloop
  endfacet
  facet normal -0 0 1
    outer loop
      vertex -58.8471 11.7054 11
      vertex -26.9716 5.36498 11
      vertex -57.9556 15.5291 11
    endloop
  endfacet
  facet normal 0 0 1
    outer loop
      vertex -25.4067 -10.5238 11
      vertex -55.4328 -22.961 11
      vertex -53.8124 -26.5373 11
    endloop
  endfacet
  facet normal -0 0 1
    outer loop
      vertex -59.4867 7.83157 11
      vertex -26.9716 5.36498 11
      vertex -58.8471 11.7054 11
    endloop
  endfacet
  facet normal 0 0 1
    outer loop
      vertex -25.4067 -10.5238 11
      vertex -56.8158 -19.2864 11
      vertex -55.4328 -22.961 11
    endloop
  endfacet
  facet normal 0 0 1
    outer loop
      vertex -26.9716 5.36498 11
      vertex -59.4867 7.83157 11
      vertex -27.3676 2.69547 11
    endloop
  endfacet
  facet normal 0 0 1
    outer loop
      vertex -26.3159 -7.98283 11
      vertex -57.9556 -15.5291 11
      vertex -56.8158 -19.2864 11
    endloop
  endfacet
  facet normal -0 0 1
    outer loop
      vertex -59.8715 3.92419 11
      vertex -27.3676 2.69547 11
      vertex -59.4867 7.83157 11
    endloop
  endfacet
  facet normal 0 0 1
    outer loop
      vertex -26.9716 -5.36498 11
      vertex -58.8471 -11.7054 11
      vertex -57.9556 -15.5291 11
    endloop
  endfacet
  facet normal 0 0 1
    outer loop
      vertex -27.3676 2.69547 11
      vertex -59.8715 3.92419 11
      vertex -27.5 0 11
    endloop
  endfacet
  facet normal 0 0 1
    outer loop
      vertex -26.9716 -5.36498 11
      vertex -59.4867 -7.83157 11
      vertex -58.8471 -11.7054 11
    endloop
  endfacet
  facet normal 0 0 1
    outer loop
      vertex -60 0 11
      vertex -27.5 0 11
      vertex -59.8715 3.92419 11
    endloop
  endfacet
  facet normal 0 0 1
    outer loop
      vertex -27.3676 -2.69547 11
      vertex -59.8715 -3.92419 11
      vertex -59.4867 -7.83157 11
    endloop
  endfacet
  facet normal 0 0 1
    outer loop
      vertex -27.5 0 11
      vertex -60 0 11
      vertex -59.8715 -3.92419 11
    endloop
  endfacet
  facet normal 0.999464 0.0327281 -8.12032e-19
    outer loop
      vertex 60 0 11
      vertex 59.8715 3.92419 8
      vertex 59.8715 3.92419 11
    endloop
  endfacet
  facet normal 0.999464 0.0327281 -8.12032e-19
    outer loop
      vertex 59.8715 3.92419 8
      vertex 60 0 11
      vertex 60 0 8
    endloop
  endfacet
  facet normal -0.999464 0.0327281 8.12032e-19
    outer loop
      vertex -60 0 8
      vertex -59.8715 3.92419 11
      vertex -59.8715 3.92419 8
    endloop
  endfacet
  facet normal -0.999464 0.0327281 8.12032e-19
    outer loop
      vertex -59.8715 3.92419 11
      vertex -60 0 8
      vertex -60 0 11
    endloop
  endfacet
  facet normal 0.582478 -0.812846 0
    outer loop
      vertex 33.3342 -49.8882 8
      vertex 36.5257 -47.6012 11
      vertex 33.3342 -49.8882 11
    endloop
  endfacet
  facet normal 0.582478 -0.812846 0
    outer loop
      vertex 36.5257 -47.6012 11
      vertex 33.3342 -49.8882 8
      vertex 36.5257 -47.6012 8
    endloop
  endfacet
  facet normal -0.995186 -0.0980062 -4.83055e-18
    outer loop
      vertex -59.4867 -7.83157 8
      vertex -59.8715 -3.92419 11
      vertex -59.8715 -3.92419 8
    endloop
  endfacet
  facet normal -0.995186 -0.0980062 -4.83055e-18
    outer loop
      vertex -59.8715 -3.92419 11
      vertex -59.4867 -7.83157 8
      vertex -59.4867 -7.83157 11
    endloop
  endfacet
  facet normal -0.849207 -0.528061 -1.88392e-17
    outer loop
      vertex -49.8882 -33.3342 8
      vertex -51.9615 -30 11
      vertex -51.9615 -30 8
    endloop
  endfacet
  facet normal -0.849207 -0.528061 -1.88392e-17
    outer loop
      vertex -51.9615 -30 11
      vertex -49.8882 -33.3342 8
      vertex -49.8882 -33.3342 11
    endloop
  endfacet
  facet normal -0.986642 0.162902 -5.9703e-18
    outer loop
      vertex -59.4867 7.83157 8
      vertex -58.8471 11.7054 11
      vertex -58.8471 11.7054 8
    endloop
  endfacet
  facet normal -0.986642 0.162902 -5.9703e-18
    outer loop
      vertex -58.8471 11.7054 11
      vertex -59.4867 7.83157 8
      vertex -59.4867 7.83157 11
    endloop
  endfacet
  facet normal 0.683589 -0.729867 0
    outer loop
      vertex 39.5607 -45.1104 8
      vertex 42.4264 -42.4264 11
      vertex 39.5607 -45.1104 11
    endloop
  endfacet
  facet normal 0.683589 -0.729867 0
    outer loop
      vertex 42.4264 -42.4264 11
      vertex 39.5607 -45.1104 8
      vertex 42.4264 -42.4264 8
    endloop
  endfacet
  facet normal 0.290293 0.956938 -0
    outer loop
      vertex 19.2864 56.8158 8
      vertex 15.5291 57.9556 11
      vertex 19.2864 56.8158 11
    endloop
  endfacet
  facet normal 0.290293 0.956938 0
    outer loop
      vertex 15.5291 57.9556 11
      vertex 19.2864 56.8158 8
      vertex 15.5291 57.9556 8
    endloop
  endfacet
  facet normal -0.97388 -0.227061 1.62208e-17
    outer loop
      vertex -57.9556 -15.5291 8
      vertex -58.8471 -11.7054 11
      vertex -58.8471 -11.7054 8
    endloop
  endfacet
  facet normal -0.97388 -0.227061 1.62208e-17
    outer loop
      vertex -58.8471 -11.7054 11
      vertex -57.9556 -15.5291 8
      vertex -57.9556 -15.5291 11
    endloop
  endfacet
  facet normal -0.227061 0.97388 0
    outer loop
      vertex -11.7054 58.8471 8
      vertex -15.5291 57.9556 11
      vertex -11.7054 58.8471 11
    endloop
  endfacet
  facet normal -0.227061 0.97388 0
    outer loop
      vertex -15.5291 57.9556 11
      vertex -11.7054 58.8471 8
      vertex -15.5291 57.9556 8
    endloop
  endfacet
  facet normal 0.528061 -0.849207 0
    outer loop
      vertex 30 -51.9615 8
      vertex 33.3342 -49.8882 11
      vertex 30 -51.9615 11
    endloop
  endfacet
  facet normal 0.528061 -0.849207 0
    outer loop
      vertex 33.3342 -49.8882 11
      vertex 30 -51.9615 8
      vertex 33.3342 -49.8882 8
    endloop
  endfacet
  facet normal -0.910864 -0.412707 -1.41287e-17
    outer loop
      vertex -53.8124 -26.5373 8
      vertex -55.4328 -22.961 11
      vertex -55.4328 -22.961 8
    endloop
  endfacet
  facet normal -0.910864 -0.412707 -1.41287e-17
    outer loop
      vertex -55.4328 -22.961 11
      vertex -53.8124 -26.5373 8
      vertex -53.8124 -26.5373 11
    endloop
  endfacet
  facet normal -0.0327281 0.999464 0
    outer loop
      vertex 0 60 8
      vertex -3.92419 59.8715 11
      vertex 0 60 11
    endloop
  endfacet
  facet normal -0.0327281 0.999464 0
    outer loop
      vertex -3.92419 59.8715 11
      vertex 0 60 8
      vertex -3.92419 59.8715 8
    endloop
  endfacet
  facet normal -0.528061 -0.849207 0
    outer loop
      vertex -33.3342 -49.8882 8
      vertex -30 -51.9615 11
      vertex -33.3342 -49.8882 11
    endloop
  endfacet
  facet normal -0.528061 -0.849207 -0
    outer loop
      vertex -30 -51.9615 11
      vertex -33.3342 -49.8882 8
      vertex -30 -51.9615 8
    endloop
  endfacet
  facet normal -0.849207 0.528061 1.88392e-17
    outer loop
      vertex -51.9615 30 8
      vertex -49.8882 33.3342 11
      vertex -49.8882 33.3342 8
    endloop
  endfacet
  facet normal -0.849207 0.528061 1.88392e-17
    outer loop
      vertex -49.8882 33.3342 11
      vertex -51.9615 30 8
      vertex -51.9615 30 11
    endloop
  endfacet
  facet normal 0.97388 -0.227061 -1.62208e-17
    outer loop
      vertex 57.9556 -15.5291 11
      vertex 58.8471 -11.7054 8
      vertex 58.8471 -11.7054 11
    endloop
  endfacet
  facet normal 0.97388 -0.227061 -1.62208e-17
    outer loop
      vertex 58.8471 -11.7054 8
      vertex 57.9556 -15.5291 11
      vertex 57.9556 -15.5291 8
    endloop
  endfacet
  facet normal -0.773005 0.634399 -2.14658e-17
    outer loop
      vertex -47.6012 36.5257 8
      vertex -45.1104 39.5607 11
      vertex -45.1104 39.5607 8
    endloop
  endfacet
  facet normal -0.773005 0.634399 -2.14658e-17
    outer loop
      vertex -45.1104 39.5607 11
      vertex -47.6012 36.5257 8
      vertex -47.6012 36.5257 11
    endloop
  endfacet
  facet normal 0.956938 0.290293 -1.80743e-17
    outer loop
      vertex 57.9556 15.5291 11
      vertex 56.8158 19.2864 8
      vertex 56.8158 19.2864 11
    endloop
  endfacet
  facet normal 0.956938 0.290293 -1.80743e-17
    outer loop
      vertex 56.8158 19.2864 8
      vertex 57.9556 15.5291 11
      vertex 57.9556 15.5291 8
    endloop
  endfacet
  facet normal 0.0327281 0.999464 -0
    outer loop
      vertex 3.92419 59.8715 8
      vertex 0 60 11
      vertex 3.92419 59.8715 11
    endloop
  endfacet
  facet normal 0.0327281 0.999464 0
    outer loop
      vertex 0 60 11
      vertex 3.92419 59.8715 8
      vertex 0 60 8
    endloop
  endfacet
  facet normal 0.162902 -0.986642 0
    outer loop
      vertex 7.83157 -59.4867 8
      vertex 11.7054 -58.8471 11
      vertex 7.83157 -59.4867 11
    endloop
  endfacet
  facet normal 0.162902 -0.986642 0
    outer loop
      vertex 11.7054 -58.8471 11
      vertex 7.83157 -59.4867 8
      vertex 11.7054 -58.8471 8
    endloop
  endfacet
  facet normal 0.910864 0.412707 -1.41287e-17
    outer loop
      vertex 55.4328 22.961 11
      vertex 53.8124 26.5373 8
      vertex 53.8124 26.5373 11
    endloop
  endfacet
  facet normal 0.910864 0.412707 -1.41287e-17
    outer loop
      vertex 53.8124 26.5373 8
      vertex 55.4328 22.961 11
      vertex 55.4328 22.961 8
    endloop
  endfacet
  facet normal 0.35232 -0.93588 -3.79092e-18
    outer loop
      vertex 19.7749 -56.6319 8
      vertex 19.2864 -56.8158 11
      vertex 19.2864 -56.8158 8
    endloop
  endfacet
  facet normal 0.352245 -0.935908 -1.38759e-05
    outer loop
      vertex 19.2864 -56.8158 11
      vertex 19.7749 -56.6319 8
      vertex 22.961 -55.4328 11
    endloop
  endfacet
  facet normal 0.352234 -0.935912 0
    outer loop
      vertex 22.961 -55.4328 11
      vertex 19.7749 -56.6319 8
      vertex 22.961 -55.4328 8
    endloop
  endfacet
  facet normal 0.729867 -0.683589 -1.97415e-17
    outer loop
      vertex 42.4264 -42.4264 11
      vertex 45.1104 -39.5607 8
      vertex 45.1104 -39.5607 11
    endloop
  endfacet
  facet normal 0.729867 -0.683589 -1.97415e-17
    outer loop
      vertex 45.1104 -39.5607 8
      vertex 42.4264 -42.4264 11
      vertex 42.4264 -42.4264 8
    endloop
  endfacet
  facet normal 0.812846 -0.582478 8.41867e-18
    outer loop
      vertex 47.6012 -36.5257 11
      vertex 49.8882 -33.3342 8
      vertex 49.8882 -33.3342 11
    endloop
  endfacet
  facet normal 0.812846 -0.582478 8.41867e-18
    outer loop
      vertex 49.8882 -33.3342 8
      vertex 47.6012 -36.5257 11
      vertex 47.6012 -36.5257 8
    endloop
  endfacet
  facet normal 0.935912 0.352234 0
    outer loop
      vertex 55.4328 22.961 11
      vertex 56.6319 19.7749 8
      vertex 55.4328 22.961 8
    endloop
  endfacet
  facet normal 0.935908 0.352245 -1.38759e-05
    outer loop
      vertex 56.8158 19.2864 11
      vertex 56.6319 19.7749 8
      vertex 55.4328 22.961 11
    endloop
  endfacet
  facet normal 0.93588 0.35232 3.79092e-18
    outer loop
      vertex 56.6319 19.7749 8
      vertex 56.8158 19.2864 11
      vertex 56.8158 19.2864 8
    endloop
  endfacet
  facet normal -0.0327281 -0.999464 0
    outer loop
      vertex -3.92419 -59.8715 8
      vertex 0 -60 11
      vertex -3.92419 -59.8715 11
    endloop
  endfacet
  facet normal -0.0327281 -0.999464 -0
    outer loop
      vertex 0 -60 11
      vertex -3.92419 -59.8715 8
      vertex 0 -60 8
    endloop
  endfacet
  facet normal 0.849207 0.528061 -1.88392e-17
    outer loop
      vertex 51.9615 30 11
      vertex 49.8882 33.3342 8
      vertex 49.8882 33.3342 11
    endloop
  endfacet
  facet normal 0.849207 0.528061 -1.88392e-17
    outer loop
      vertex 49.8882 33.3342 8
      vertex 51.9615 30 11
      vertex 51.9615 30 8
    endloop
  endfacet
  facet normal 0.881916 0.471406 2.47016e-17
    outer loop
      vertex 53.8124 26.5373 11
      vertex 51.9615 30 8
      vertex 51.9615 30 11
    endloop
  endfacet
  facet normal 0.881916 0.471406 2.47016e-17
    outer loop
      vertex 51.9615 30 8
      vertex 53.8124 26.5373 11
      vertex 53.8124 26.5373 8
    endloop
  endfacet
  facet normal 0.910864 -0.412707 1.41287e-17
    outer loop
      vertex 53.8124 -26.5373 11
      vertex 55.4328 -22.961 8
      vertex 55.4328 -22.961 11
    endloop
  endfacet
  facet normal 0.910864 -0.412707 1.41287e-17
    outer loop
      vertex 55.4328 -22.961 8
      vertex 53.8124 -26.5373 11
      vertex 53.8124 -26.5373 8
    endloop
  endfacet
  facet normal 0.412707 0.910864 -0
    outer loop
      vertex 26.5373 53.8124 8
      vertex 22.961 55.4328 11
      vertex 26.5373 53.8124 11
    endloop
  endfacet
  facet normal 0.412707 0.910864 0
    outer loop
      vertex 22.961 55.4328 11
      vertex 26.5373 53.8124 8
      vertex 22.961 55.4328 8
    endloop
  endfacet
  facet normal 0.812846 0.582478 -8.41867e-18
    outer loop
      vertex 49.8882 33.3342 11
      vertex 47.6012 36.5257 8
      vertex 47.6012 36.5257 11
    endloop
  endfacet
  facet normal 0.812846 0.582478 -8.41867e-18
    outer loop
      vertex 47.6012 36.5257 8
      vertex 49.8882 33.3342 11
      vertex 49.8882 33.3342 8
    endloop
  endfacet
  facet normal -0.910864 0.412707 1.41287e-17
    outer loop
      vertex -55.4328 22.961 8
      vertex -53.8124 26.5373 11
      vertex -53.8124 26.5373 8
    endloop
  endfacet
  facet normal -0.910864 0.412707 1.41287e-17
    outer loop
      vertex -53.8124 26.5373 11
      vertex -55.4328 22.961 8
      vertex -55.4328 22.961 11
    endloop
  endfacet
  facet normal -0.0980062 0.995186 0
    outer loop
      vertex -3.92419 59.8715 8
      vertex -7.83157 59.4867 11
      vertex -3.92419 59.8715 11
    endloop
  endfacet
  facet normal -0.0980062 0.995186 0
    outer loop
      vertex -7.83157 59.4867 11
      vertex -3.92419 59.8715 8
      vertex -7.83157 59.4867 8
    endloop
  endfacet
  facet normal 0.352234 0.935912 -1.04198e-17
    outer loop
      vertex 19.7749 56.6319 8
      vertex 22.961 55.4328 11
      vertex 22.961 55.4328 8
    endloop
  endfacet
  facet normal 0.352245 0.935908 -1.38759e-05
    outer loop
      vertex 22.961 55.4328 11
      vertex 19.7749 56.6319 8
      vertex 19.2864 56.8158 11
    endloop
  endfacet
  facet normal 0.35232 0.93588 0
    outer loop
      vertex 19.2864 56.8158 11
      vertex 19.7749 56.6319 8
      vertex 19.2864 56.8158 8
    endloop
  endfacet
  facet normal -0.582478 0.812846 0
    outer loop
      vertex -33.3342 49.8882 8
      vertex -36.5257 47.6012 11
      vertex -33.3342 49.8882 11
    endloop
  endfacet
  facet normal -0.582478 0.812846 0
    outer loop
      vertex -36.5257 47.6012 11
      vertex -33.3342 49.8882 8
      vertex -36.5257 47.6012 8
    endloop
  endfacet
  facet normal 0.582478 0.812846 -0
    outer loop
      vertex 36.5257 47.6012 8
      vertex 33.3342 49.8882 11
      vertex 36.5257 47.6012 11
    endloop
  endfacet
  facet normal 0.582478 0.812846 0
    outer loop
      vertex 33.3342 49.8882 11
      vertex 36.5257 47.6012 8
      vertex 33.3342 49.8882 8
    endloop
  endfacet
  facet normal 0.97388 0.227061 1.62208e-17
    outer loop
      vertex 58.8471 11.7054 11
      vertex 57.9556 15.5291 8
      vertex 57.9556 15.5291 11
    endloop
  endfacet
  facet normal 0.97388 0.227061 1.62208e-17
    outer loop
      vertex 57.9556 15.5291 8
      vertex 58.8471 11.7054 11
      vertex 58.8471 11.7054 8
    endloop
  endfacet
  facet normal 0.471406 0.881916 -0
    outer loop
      vertex 30 51.9615 8
      vertex 26.5373 53.8124 11
      vertex 30 51.9615 11
    endloop
  endfacet
  facet normal 0.471406 0.881916 0
    outer loop
      vertex 26.5373 53.8124 11
      vertex 30 51.9615 8
      vertex 26.5373 53.8124 8
    endloop
  endfacet
  facet normal -0.35232 0.93588 -3.79092e-18
    outer loop
      vertex -19.7749 56.6319 8
      vertex -19.2864 56.8158 11
      vertex -19.2864 56.8158 8
    endloop
  endfacet
  facet normal -0.352245 0.935908 -1.38759e-05
    outer loop
      vertex -19.2864 56.8158 11
      vertex -19.7749 56.6319 8
      vertex -22.961 55.4328 11
    endloop
  endfacet
  facet normal -0.352234 0.935912 0
    outer loop
      vertex -22.961 55.4328 11
      vertex -19.7749 56.6319 8
      vertex -22.961 55.4328 8
    endloop
  endfacet
  facet normal -0.812846 -0.582478 -8.41867e-18
    outer loop
      vertex -47.6012 -36.5257 8
      vertex -49.8882 -33.3342 11
      vertex -49.8882 -33.3342 8
    endloop
  endfacet
  facet normal -0.812846 -0.582478 -8.41867e-18
    outer loop
      vertex -49.8882 -33.3342 11
      vertex -47.6012 -36.5257 8
      vertex -47.6012 -36.5257 11
    endloop
  endfacet
  facet normal 0.956938 -0.290293 1.80743e-17
    outer loop
      vertex 56.8158 -19.2864 11
      vertex 57.9556 -15.5291 8
      vertex 57.9556 -15.5291 11
    endloop
  endfacet
  facet normal 0.956938 -0.290293 1.80743e-17
    outer loop
      vertex 57.9556 -15.5291 8
      vertex 56.8158 -19.2864 11
      vertex 56.8158 -19.2864 8
    endloop
  endfacet
  facet normal 0.986642 -0.162902 -5.9703e-18
    outer loop
      vertex 58.8471 -11.7054 11
      vertex 59.4867 -7.83157 8
      vertex 59.4867 -7.83157 11
    endloop
  endfacet
  facet normal 0.986642 -0.162902 -5.9703e-18
    outer loop
      vertex 59.4867 -7.83157 8
      vertex 58.8471 -11.7054 11
      vertex 58.8471 -11.7054 8
    endloop
  endfacet
  facet normal 0.227061 0.97388 -0
    outer loop
      vertex 15.5291 57.9556 8
      vertex 11.7054 58.8471 11
      vertex 15.5291 57.9556 11
    endloop
  endfacet
  facet normal 0.227061 0.97388 0
    outer loop
      vertex 11.7054 58.8471 11
      vertex 15.5291 57.9556 8
      vertex 11.7054 58.8471 8
    endloop
  endfacet
  facet normal 0.471406 -0.881916 0
    outer loop
      vertex 26.5373 -53.8124 8
      vertex 30 -51.9615 11
      vertex 26.5373 -53.8124 11
    endloop
  endfacet
  facet normal 0.471406 -0.881916 0
    outer loop
      vertex 30 -51.9615 11
      vertex 26.5373 -53.8124 8
      vertex 30 -51.9615 8
    endloop
  endfacet
  facet normal -0.935912 0.352234 1.04198e-17
    outer loop
      vertex -56.6319 19.7749 8
      vertex -55.4328 22.961 11
      vertex -55.4328 22.961 8
    endloop
  endfacet
  facet normal -0.93588 0.35232 0
    outer loop
      vertex -56.8158 19.2864 11
      vertex -56.6319 19.7749 8
      vertex -56.8158 19.2864 8
    endloop
  endfacet
  facet normal -0.935908 0.352245 -1.38759e-05
    outer loop
      vertex -56.6319 19.7749 8
      vertex -56.8158 19.2864 11
      vertex -55.4328 22.961 11
    endloop
  endfacet
  facet normal -0.881916 0.471406 -2.47016e-17
    outer loop
      vertex -53.8124 26.5373 8
      vertex -51.9615 30 11
      vertex -51.9615 30 8
    endloop
  endfacet
  facet normal -0.881916 0.471406 -2.47016e-17
    outer loop
      vertex -51.9615 30 11
      vertex -53.8124 26.5373 8
      vertex -53.8124 26.5373 11
    endloop
  endfacet
  facet normal 0.227061 -0.97388 0
    outer loop
      vertex 11.7054 -58.8471 8
      vertex 15.5291 -57.9556 11
      vertex 11.7054 -58.8471 11
    endloop
  endfacet
  facet normal 0.227061 -0.97388 0
    outer loop
      vertex 15.5291 -57.9556 11
      vertex 11.7054 -58.8471 8
      vertex 15.5291 -57.9556 8
    endloop
  endfacet
  facet normal -0.683589 0.729867 0
    outer loop
      vertex -39.5607 45.1104 8
      vertex -42.4264 42.4264 11
      vertex -39.5607 45.1104 11
    endloop
  endfacet
  facet normal -0.683589 0.729867 0
    outer loop
      vertex -42.4264 42.4264 11
      vertex -39.5607 45.1104 8
      vertex -42.4264 42.4264 8
    endloop
  endfacet
  facet normal -0.999464 -0.0327281 -8.12032e-19
    outer loop
      vertex -59.8715 -3.92419 8
      vertex -60 0 11
      vertex -60 0 8
    endloop
  endfacet
  facet normal -0.999464 -0.0327281 -8.12032e-19
    outer loop
      vertex -60 0 11
      vertex -59.8715 -3.92419 8
      vertex -59.8715 -3.92419 11
    endloop
  endfacet
  facet normal -0.290293 -0.956938 0
    outer loop
      vertex -19.2864 -56.8158 8
      vertex -15.5291 -57.9556 11
      vertex -19.2864 -56.8158 11
    endloop
  endfacet
  facet normal -0.290293 -0.956938 -0
    outer loop
      vertex -15.5291 -57.9556 11
      vertex -19.2864 -56.8158 8
      vertex -15.5291 -57.9556 8
    endloop
  endfacet
  facet normal -0.812846 0.582478 8.41867e-18
    outer loop
      vertex -49.8882 33.3342 8
      vertex -47.6012 36.5257 11
      vertex -47.6012 36.5257 8
    endloop
  endfacet
  facet normal -0.812846 0.582478 8.41867e-18
    outer loop
      vertex -47.6012 36.5257 11
      vertex -49.8882 33.3342 8
      vertex -49.8882 33.3342 11
    endloop
  endfacet
  facet normal -0.97388 0.227061 -1.62208e-17
    outer loop
      vertex -58.8471 11.7054 8
      vertex -57.9556 15.5291 11
      vertex -57.9556 15.5291 8
    endloop
  endfacet
  facet normal -0.97388 0.227061 -1.62208e-17
    outer loop
      vertex -57.9556 15.5291 11
      vertex -58.8471 11.7054 8
      vertex -58.8471 11.7054 11
    endloop
  endfacet
  facet normal 0.849207 -0.528061 1.88392e-17
    outer loop
      vertex 49.8882 -33.3342 11
      vertex 51.9615 -30 8
      vertex 51.9615 -30 11
    endloop
  endfacet
  facet normal 0.849207 -0.528061 1.88392e-17
    outer loop
      vertex 51.9615 -30 8
      vertex 49.8882 -33.3342 11
      vertex 49.8882 -33.3342 8
    endloop
  endfacet
  facet normal -0.683589 -0.729867 0
    outer loop
      vertex -42.4264 -42.4264 8
      vertex -39.5607 -45.1104 11
      vertex -42.4264 -42.4264 11
    endloop
  endfacet
  facet normal -0.683589 -0.729867 -0
    outer loop
      vertex -39.5607 -45.1104 11
      vertex -42.4264 -42.4264 8
      vertex -39.5607 -45.1104 8
    endloop
  endfacet
  facet normal -0.162902 0.986642 0
    outer loop
      vertex -7.83157 59.4867 8
      vertex -11.7054 58.8471 11
      vertex -7.83157 59.4867 11
    endloop
  endfacet
  facet normal -0.162902 0.986642 0
    outer loop
      vertex -11.7054 58.8471 11
      vertex -7.83157 59.4867 8
      vertex -11.7054 58.8471 8
    endloop
  endfacet
  facet normal -0.634399 0.773005 0
    outer loop
      vertex -36.5257 47.6012 8
      vertex -39.5607 45.1104 11
      vertex -36.5257 47.6012 11
    endloop
  endfacet
  facet normal -0.634399 0.773005 0
    outer loop
      vertex -39.5607 45.1104 11
      vertex -36.5257 47.6012 8
      vertex -39.5607 45.1104 8
    endloop
  endfacet
  facet normal -0.582478 -0.812846 0
    outer loop
      vertex -36.5257 -47.6012 8
      vertex -33.3342 -49.8882 11
      vertex -36.5257 -47.6012 11
    endloop
  endfacet
  facet normal -0.582478 -0.812846 -0
    outer loop
      vertex -33.3342 -49.8882 11
      vertex -36.5257 -47.6012 8
      vertex -33.3342 -49.8882 8
    endloop
  endfacet
  facet normal 0.773005 0.634399 2.14658e-17
    outer loop
      vertex 47.6012 36.5257 11
      vertex 45.1104 39.5607 8
      vertex 45.1104 39.5607 11
    endloop
  endfacet
  facet normal 0.773005 0.634399 2.14658e-17
    outer loop
      vertex 45.1104 39.5607 8
      vertex 47.6012 36.5257 11
      vertex 47.6012 36.5257 8
    endloop
  endfacet
  facet normal -0.528061 0.849207 0
    outer loop
      vertex -30 51.9615 8
      vertex -33.3342 49.8882 11
      vertex -30 51.9615 11
    endloop
  endfacet
  facet normal -0.528061 0.849207 0
    outer loop
      vertex -33.3342 49.8882 11
      vertex -30 51.9615 8
      vertex -33.3342 49.8882 8
    endloop
  endfacet
  facet normal 0.683589 0.729867 -0
    outer loop
      vertex 42.4264 42.4264 8
      vertex 39.5607 45.1104 11
      vertex 42.4264 42.4264 11
    endloop
  endfacet
  facet normal 0.683589 0.729867 0
    outer loop
      vertex 39.5607 45.1104 11
      vertex 42.4264 42.4264 8
      vertex 39.5607 45.1104 8
    endloop
  endfacet
  facet normal -0.162902 -0.986642 0
    outer loop
      vertex -11.7054 -58.8471 8
      vertex -7.83157 -59.4867 11
      vertex -11.7054 -58.8471 11
    endloop
  endfacet
  facet normal -0.162902 -0.986642 -0
    outer loop
      vertex -7.83157 -59.4867 11
      vertex -11.7054 -58.8471 8
      vertex -7.83157 -59.4867 8
    endloop
  endfacet
  facet normal 0.0980062 -0.995186 0
    outer loop
      vertex 3.92419 -59.8715 8
      vertex 7.83157 -59.4867 11
      vertex 3.92419 -59.8715 11
    endloop
  endfacet
  facet normal 0.0980062 -0.995186 0
    outer loop
      vertex 7.83157 -59.4867 11
      vertex 3.92419 -59.8715 8
      vertex 7.83157 -59.4867 8
    endloop
  endfacet
  facet normal -0.634399 -0.773005 0
    outer loop
      vertex -39.5607 -45.1104 8
      vertex -36.5257 -47.6012 11
      vertex -39.5607 -45.1104 11
    endloop
  endfacet
  facet normal -0.634399 -0.773005 -0
    outer loop
      vertex -36.5257 -47.6012 11
      vertex -39.5607 -45.1104 8
      vertex -36.5257 -47.6012 8
    endloop
  endfacet
  facet normal 0.995186 -0.0980062 4.83055e-18
    outer loop
      vertex 59.4867 -7.83157 11
      vertex 59.8715 -3.92419 8
      vertex 59.8715 -3.92419 11
    endloop
  endfacet
  facet normal 0.995186 -0.0980062 4.83055e-18
    outer loop
      vertex 59.8715 -3.92419 8
      vertex 59.4867 -7.83157 11
      vertex 59.4867 -7.83157 8
    endloop
  endfacet
  facet normal 0.412707 -0.910864 0
    outer loop
      vertex 22.961 -55.4328 8
      vertex 26.5373 -53.8124 11
      vertex 22.961 -55.4328 11
    endloop
  endfacet
  facet normal 0.412707 -0.910864 0
    outer loop
      vertex 26.5373 -53.8124 11
      vertex 22.961 -55.4328 8
      vertex 26.5373 -53.8124 8
    endloop
  endfacet
  facet normal -0.995186 0.0980062 4.83055e-18
    outer loop
      vertex -59.8715 3.92419 8
      vertex -59.4867 7.83157 11
      vertex -59.4867 7.83157 8
    endloop
  endfacet
  facet normal -0.995186 0.0980062 4.83055e-18
    outer loop
      vertex -59.4867 7.83157 11
      vertex -59.8715 3.92419 8
      vertex -59.8715 3.92419 11
    endloop
  endfacet
  facet normal -0.773005 -0.634399 2.14658e-17
    outer loop
      vertex -45.1104 -39.5607 8
      vertex -47.6012 -36.5257 11
      vertex -47.6012 -36.5257 8
    endloop
  endfacet
  facet normal -0.773005 -0.634399 2.14658e-17
    outer loop
      vertex -47.6012 -36.5257 11
      vertex -45.1104 -39.5607 8
      vertex -45.1104 -39.5607 11
    endloop
  endfacet
  facet normal 0.0980062 0.995186 -0
    outer loop
      vertex 7.83157 59.4867 8
      vertex 3.92419 59.8715 11
      vertex 7.83157 59.4867 11
    endloop
  endfacet
  facet normal 0.0980062 0.995186 0
    outer loop
      vertex 3.92419 59.8715 11
      vertex 7.83157 59.4867 8
      vertex 3.92419 59.8715 8
    endloop
  endfacet
  facet normal -0.986642 -0.162902 5.9703e-18
    outer loop
      vertex -58.8471 -11.7054 8
      vertex -59.4867 -7.83157 11
      vertex -59.4867 -7.83157 8
    endloop
  endfacet
  facet normal -0.986642 -0.162902 5.9703e-18
    outer loop
      vertex -59.4867 -7.83157 11
      vertex -58.8471 -11.7054 8
      vertex -58.8471 -11.7054 11
    endloop
  endfacet
  facet normal 0.773005 -0.634399 -2.14658e-17
    outer loop
      vertex 45.1104 -39.5607 11
      vertex 47.6012 -36.5257 8
      vertex 47.6012 -36.5257 11
    endloop
  endfacet
  facet normal 0.773005 -0.634399 -2.14658e-17
    outer loop
      vertex 47.6012 -36.5257 8
      vertex 45.1104 -39.5607 11
      vertex 45.1104 -39.5607 8
    endloop
  endfacet
  facet normal 0.93588 -0.35232 0
    outer loop
      vertex 56.8158 -19.2864 11
      vertex 56.6319 -19.7749 8
      vertex 56.8158 -19.2864 8
    endloop
  endfacet
  facet normal 0.935908 -0.352245 -1.38759e-05
    outer loop
      vertex 55.4328 -22.961 11
      vertex 56.6319 -19.7749 8
      vertex 56.8158 -19.2864 11
    endloop
  endfacet
  facet normal 0.935912 -0.352234 1.04198e-17
    outer loop
      vertex 56.6319 -19.7749 8
      vertex 55.4328 -22.961 11
      vertex 55.4328 -22.961 8
    endloop
  endfacet
  facet normal -0.956938 0.290293 1.80743e-17
    outer loop
      vertex -57.9556 15.5291 8
      vertex -56.8158 19.2864 11
      vertex -56.8158 19.2864 8
    endloop
  endfacet
  facet normal -0.956938 0.290293 1.80743e-17
    outer loop
      vertex -56.8158 19.2864 11
      vertex -57.9556 15.5291 8
      vertex -57.9556 15.5291 11
    endloop
  endfacet
  facet normal -0.352234 -0.935912 -1.04198e-17
    outer loop
      vertex -19.7749 -56.6319 8
      vertex -22.961 -55.4328 11
      vertex -22.961 -55.4328 8
    endloop
  endfacet
  facet normal -0.352245 -0.935908 -1.38759e-05
    outer loop
      vertex -22.961 -55.4328 11
      vertex -19.7749 -56.6319 8
      vertex -19.2864 -56.8158 11
    endloop
  endfacet
  facet normal -0.35232 -0.93588 -0
    outer loop
      vertex -19.2864 -56.8158 11
      vertex -19.7749 -56.6319 8
      vertex -19.2864 -56.8158 8
    endloop
  endfacet
  facet normal -0.471406 0.881916 0
    outer loop
      vertex -26.5373 53.8124 8
      vertex -30 51.9615 11
      vertex -26.5373 53.8124 11
    endloop
  endfacet
  facet normal -0.471406 0.881916 0
    outer loop
      vertex -30 51.9615 11
      vertex -26.5373 53.8124 8
      vertex -30 51.9615 8
    endloop
  endfacet
  facet normal -0.412707 0.910864 0
    outer loop
      vertex -22.961 55.4328 8
      vertex -26.5373 53.8124 11
      vertex -22.961 55.4328 11
    endloop
  endfacet
  facet normal -0.412707 0.910864 0
    outer loop
      vertex -26.5373 53.8124 11
      vertex -22.961 55.4328 8
      vertex -26.5373 53.8124 8
    endloop
  endfacet
  facet normal 0.290293 -0.956938 0
    outer loop
      vertex 15.5291 -57.9556 8
      vertex 19.2864 -56.8158 11
      vertex 15.5291 -57.9556 11
    endloop
  endfacet
  facet normal 0.290293 -0.956938 0
    outer loop
      vertex 19.2864 -56.8158 11
      vertex 15.5291 -57.9556 8
      vertex 19.2864 -56.8158 8
    endloop
  endfacet
  facet normal -0.412707 -0.910864 0
    outer loop
      vertex -26.5373 -53.8124 8
      vertex -22.961 -55.4328 11
      vertex -26.5373 -53.8124 11
    endloop
  endfacet
  facet normal -0.412707 -0.910864 -0
    outer loop
      vertex -22.961 -55.4328 11
      vertex -26.5373 -53.8124 8
      vertex -22.961 -55.4328 8
    endloop
  endfacet
  facet normal 0.634399 -0.773005 0
    outer loop
      vertex 36.5257 -47.6012 8
      vertex 39.5607 -45.1104 11
      vertex 36.5257 -47.6012 11
    endloop
  endfacet
  facet normal 0.634399 -0.773005 0
    outer loop
      vertex 39.5607 -45.1104 11
      vertex 36.5257 -47.6012 8
      vertex 39.5607 -45.1104 8
    endloop
  endfacet
  facet normal 0.946933 0.32143 2.21437e-18
    outer loop
      vertex 35.2724 -7.65367 8
      vertex 34.4315 -5.17638 2
      vertex 34.4315 -5.17638 8
    endloop
  endfacet
  facet normal 0.946933 0.32143 2.21437e-18
    outer loop
      vertex 34.4315 -5.17638 2
      vertex 35.2724 -7.65367 8
      vertex 35.2724 -7.65367 2
    endloop
  endfacet
  facet normal 0.0654027 0.997859 -0
    outer loop
      vertex 53.75 -20 2
      vertex 51.1395 -19.8289 8
      vertex 53.75 -20 8
    endloop
  endfacet
  facet normal 0.0654027 0.997859 0
    outer loop
      vertex 51.1395 -19.8289 8
      vertex 53.75 -20 2
      vertex 51.1395 -19.8289 2
    endloop
  endfacet
  facet normal 0.659362 0.751826 -0
    outer loop
      vertex 41.5748 -15.8671 2
      vertex 39.6079 -14.1421 8
      vertex 41.5748 -15.8671 8
    endloop
  endfacet
  facet normal 0.659362 0.751826 0
    outer loop
      vertex 39.6079 -14.1421 8
      vertex 41.5748 -15.8671 2
      vertex 39.6079 -14.1421 2
    endloop
  endfacet
  facet normal -0.831474 0.555564 8.13442e-19
    outer loop
      vertex 69.6171 -12.1752 2
      vertex 71.0705 -10 8
      vertex 71.0705 -10 2
    endloop
  endfacet
  facet normal -0.831474 0.555564 8.13442e-19
    outer loop
      vertex 71.0705 -10 8
      vertex 69.6171 -12.1752 2
      vertex 69.6171 -12.1752 8
    endloop
  endfacet
  facet normal 0.555564 0.831474 -0
    outer loop
      vertex 43.75 -17.3205 2
      vertex 41.5748 -15.8671 8
      vertex 43.75 -17.3205 8
    endloop
  endfacet
  facet normal 0.555564 0.831474 0
    outer loop
      vertex 41.5748 -15.8671 8
      vertex 43.75 -17.3205 2
      vertex 41.5748 -15.8671 2
    endloop
  endfacet
  facet normal 0.555564 -0.831474 0
    outer loop
      vertex 41.5748 15.8671 2
      vertex 43.75 17.3205 8
      vertex 41.5748 15.8671 8
    endloop
  endfacet
  facet normal 0.555564 -0.831474 0
    outer loop
      vertex 43.75 17.3205 8
      vertex 41.5748 15.8671 2
      vertex 43.75 17.3205 2
    endloop
  endfacet
  facet normal -0.89687 -0.442294 -8.08043e-18
    outer loop
      vertex 72.2276 7.65367 2
      vertex 71.0705 10 8
      vertex 71.0705 10 2
    endloop
  endfacet
  facet normal -0.89687 -0.442294 -8.08043e-18
    outer loop
      vertex 71.0705 10 8
      vertex 72.2276 7.65367 2
      vertex 72.2276 7.65367 8
    endloop
  endfacet
  facet normal 0.89687 -0.442294 8.08043e-18
    outer loop
      vertex 35.2724 7.65367 8
      vertex 36.4295 10 2
      vertex 36.4295 10 8
    endloop
  endfacet
  facet normal 0.89687 -0.442294 8.08043e-18
    outer loop
      vertex 36.4295 10 2
      vertex 35.2724 7.65367 8
      vertex 35.2724 7.65367 2
    endloop
  endfacet
  facet normal -0.997859 -0.0654022 6.89558e-19
    outer loop
      vertex 73.75 0 2
      vertex 73.5789 2.61052 8
      vertex 73.5789 2.61052 2
    endloop
  endfacet
  facet normal -0.997859 -0.0654022 6.89558e-19
    outer loop
      vertex 73.5789 2.61052 8
      vertex 73.75 0 2
      vertex 73.75 0 8
    endloop
  endfacet
  facet normal 0.321429 0.946934 -0
    outer loop
      vertex 48.5736 -19.3185 2
      vertex 46.0963 -18.4776 8
      vertex 48.5736 -19.3185 8
    endloop
  endfacet
  facet normal 0.321429 0.946934 0
    outer loop
      vertex 46.0963 -18.4776 8
      vertex 48.5736 -19.3185 2
      vertex 46.0963 -18.4776 2
    endloop
  endfacet
  facet normal -0.0654027 -0.997859 0
    outer loop
      vertex 53.75 20 2
      vertex 56.3605 19.8289 8
      vertex 53.75 20 8
    endloop
  endfacet
  facet normal -0.0654027 -0.997859 -0
    outer loop
      vertex 56.3605 19.8289 8
      vertex 53.75 20 2
      vertex 56.3605 19.8289 2
    endloop
  endfacet
  facet normal 0.946933 -0.32143 -2.21437e-18
    outer loop
      vertex 34.4315 5.17638 8
      vertex 35.2724 7.65367 2
      vertex 35.2724 7.65367 8
    endloop
  endfacet
  facet normal 0.946933 -0.32143 -2.21437e-18
    outer loop
      vertex 35.2724 7.65367 2
      vertex 34.4315 5.17638 8
      vertex 34.4315 5.17638 2
    endloop
  endfacet
  facet normal -0.442299 0.896868 0
    outer loop
      vertex 63.75 -17.3205 2
      vertex 61.4037 -18.4776 8
      vertex 63.75 -17.3205 8
    endloop
  endfacet
  facet normal -0.442299 0.896868 0
    outer loop
      vertex 61.4037 -18.4776 8
      vertex 63.75 -17.3205 2
      vertex 61.4037 -18.4776 2
    endloop
  endfacet
  facet normal -0.555564 -0.831474 0
    outer loop
      vertex 63.75 17.3205 2
      vertex 65.9252 15.8671 8
      vertex 63.75 17.3205 8
    endloop
  endfacet
  facet normal -0.555564 -0.831474 -0
    outer loop
      vertex 65.9252 15.8671 8
      vertex 63.75 17.3205 2
      vertex 65.9252 15.8671 2
    endloop
  endfacet
  facet normal 0.980784 -0.195097 -3.09246e-18
    outer loop
      vertex 33.9211 2.61052 8
      vertex 34.4315 5.17638 2
      vertex 34.4315 5.17638 8
    endloop
  endfacet
  facet normal 0.980784 -0.195097 -3.09246e-18
    outer loop
      vertex 34.4315 5.17638 2
      vertex 33.9211 2.61052 8
      vertex 33.9211 2.61052 2
    endloop
  endfacet
  facet normal 0.89687 0.442294 -8.08043e-18
    outer loop
      vertex 36.4295 -10 8
      vertex 35.2724 -7.65367 2
      vertex 35.2724 -7.65367 8
    endloop
  endfacet
  facet normal 0.89687 0.442294 -8.08043e-18
    outer loop
      vertex 35.2724 -7.65367 2
      vertex 36.4295 -10 8
      vertex 36.4295 -10 2
    endloop
  endfacet
  facet normal -0.751826 0.659362 6.69939e-19
    outer loop
      vertex 67.8921 -14.1421 2
      vertex 69.6171 -12.1752 8
      vertex 69.6171 -12.1752 2
    endloop
  endfacet
  facet normal -0.751826 0.659362 6.69939e-19
    outer loop
      vertex 69.6171 -12.1752 8
      vertex 67.8921 -14.1421 2
      vertex 67.8921 -14.1421 8
    endloop
  endfacet
  facet normal 0.751826 -0.659362 1.39782e-17
    outer loop
      vertex 37.8829 12.1752 8
      vertex 39.6079 14.1421 2
      vertex 39.6079 14.1421 8
    endloop
  endfacet
  facet normal 0.751826 -0.659362 1.39782e-17
    outer loop
      vertex 39.6079 14.1421 2
      vertex 37.8829 12.1752 8
      vertex 37.8829 12.1752 2
    endloop
  endfacet
  facet normal -0.442299 -0.896868 0
    outer loop
      vertex 61.4037 18.4776 2
      vertex 63.75 17.3205 8
      vertex 61.4037 18.4776 8
    endloop
  endfacet
  facet normal -0.442299 -0.896868 -0
    outer loop
      vertex 63.75 17.3205 8
      vertex 61.4037 18.4776 2
      vertex 63.75 17.3205 2
    endloop
  endfacet
  facet normal -0.946933 -0.32143 1.24945e-17
    outer loop
      vertex 73.0685 5.17638 2
      vertex 72.2276 7.65367 8
      vertex 72.2276 7.65367 2
    endloop
  endfacet
  facet normal -0.946933 -0.32143 1.24945e-17
    outer loop
      vertex 72.2276 7.65367 8
      vertex 73.0685 5.17638 2
      vertex 73.0685 5.17638 8
    endloop
  endfacet
  facet normal 0.997859 -0.0654022 -1.71252e-19
    outer loop
      vertex 33.75 0 8
      vertex 33.9211 2.61052 2
      vertex 33.9211 2.61052 8
    endloop
  endfacet
  facet normal 0.997859 -0.0654022 -1.71252e-19
    outer loop
      vertex 33.9211 2.61052 2
      vertex 33.75 0 8
      vertex 33.75 0 2
    endloop
  endfacet
  facet normal 0.997859 0.0654022 1.71252e-19
    outer loop
      vertex 33.9211 -2.61052 8
      vertex 33.75 0 2
      vertex 33.75 0 8
    endloop
  endfacet
  facet normal 0.997859 0.0654022 1.71252e-19
    outer loop
      vertex 33.75 0 2
      vertex 33.9211 -2.61052 8
      vertex 33.9211 -2.61052 2
    endloop
  endfacet
  facet normal -0.659362 -0.751826 0
    outer loop
      vertex 65.9252 15.8671 2
      vertex 67.8921 14.1421 8
      vertex 65.9252 15.8671 8
    endloop
  endfacet
  facet normal -0.659362 -0.751826 -0
    outer loop
      vertex 67.8921 14.1421 8
      vertex 65.9252 15.8671 2
      vertex 67.8921 14.1421 2
    endloop
  endfacet
  facet normal -0.997859 0.0654022 -6.89558e-19
    outer loop
      vertex 73.5789 -2.61052 2
      vertex 73.75 0 8
      vertex 73.75 0 2
    endloop
  endfacet
  facet normal -0.997859 0.0654022 -6.89558e-19
    outer loop
      vertex 73.75 0 8
      vertex 73.5789 -2.61052 2
      vertex 73.5789 -2.61052 8
    endloop
  endfacet
  facet normal 0.321429 -0.946934 0
    outer loop
      vertex 46.0963 18.4776 2
      vertex 48.5736 19.3185 8
      vertex 46.0963 18.4776 8
    endloop
  endfacet
  facet normal 0.321429 -0.946934 0
    outer loop
      vertex 48.5736 19.3185 8
      vertex 46.0963 18.4776 2
      vertex 48.5736 19.3185 2
    endloop
  endfacet
  facet normal 0.195094 -0.980784 0
    outer loop
      vertex 48.5736 19.3185 2
      vertex 51.1395 19.8289 8
      vertex 48.5736 19.3185 8
    endloop
  endfacet
  facet normal 0.195094 -0.980784 0
    outer loop
      vertex 51.1395 19.8289 8
      vertex 48.5736 19.3185 2
      vertex 51.1395 19.8289 2
    endloop
  endfacet
  facet normal -0.980784 -0.195097 1.5715e-18
    outer loop
      vertex 73.5789 2.61052 2
      vertex 73.0685 5.17638 8
      vertex 73.0685 5.17638 2
    endloop
  endfacet
  facet normal -0.980784 -0.195097 1.5715e-18
    outer loop
      vertex 73.0685 5.17638 8
      vertex 73.5789 2.61052 2
      vertex 73.5789 2.61052 8
    endloop
  endfacet
  facet normal 0.831474 -0.555564 8.13442e-19
    outer loop
      vertex 36.4295 10 8
      vertex 37.8829 12.1752 2
      vertex 37.8829 12.1752 8
    endloop
  endfacet
  facet normal 0.831474 -0.555564 8.13442e-19
    outer loop
      vertex 37.8829 12.1752 2
      vertex 36.4295 10 8
      vertex 36.4295 10 2
    endloop
  endfacet
  facet normal 0.195094 0.980784 -0
    outer loop
      vertex 51.1395 -19.8289 2
      vertex 48.5736 -19.3185 8
      vertex 51.1395 -19.8289 8
    endloop
  endfacet
  facet normal 0.195094 0.980784 0
    outer loop
      vertex 48.5736 -19.3185 8
      vertex 51.1395 -19.8289 2
      vertex 48.5736 -19.3185 2
    endloop
  endfacet
  facet normal -0.321429 -0.946934 0
    outer loop
      vertex 58.9264 19.3185 2
      vertex 61.4037 18.4776 8
      vertex 58.9264 19.3185 8
    endloop
  endfacet
  facet normal -0.321429 -0.946934 -0
    outer loop
      vertex 61.4037 18.4776 8
      vertex 58.9264 19.3185 2
      vertex 61.4037 18.4776 2
    endloop
  endfacet
  facet normal -0.555564 0.831474 0
    outer loop
      vertex 65.9252 -15.8671 2
      vertex 63.75 -17.3205 8
      vertex 65.9252 -15.8671 8
    endloop
  endfacet
  facet normal -0.555564 0.831474 0
    outer loop
      vertex 63.75 -17.3205 8
      vertex 65.9252 -15.8671 2
      vertex 63.75 -17.3205 2
    endloop
  endfacet
  facet normal -0.195143 -0.980775 0
    outer loop
      vertex 56.3605 19.8289 2
      vertex 56.6319 19.7749 8
      vertex 56.3605 19.8289 8
    endloop
  endfacet
  facet normal -0.195094 -0.980784 -2.29598e-06
    outer loop
      vertex 58.9264 19.3185 2
      vertex 56.6319 19.7749 8
      vertex 56.3605 19.8289 2
    endloop
  endfacet
  facet normal -0.195089 -0.980786 6.10704e-18
    outer loop
      vertex 56.6319 19.7749 8
      vertex 58.9264 19.3185 2
      vertex 58.9264 19.3185 8
    endloop
  endfacet
  facet normal 0.980784 0.195097 3.09246e-18
    outer loop
      vertex 34.4315 -5.17638 8
      vertex 33.9211 -2.61052 2
      vertex 33.9211 -2.61052 8
    endloop
  endfacet
  facet normal 0.980784 0.195097 3.09246e-18
    outer loop
      vertex 33.9211 -2.61052 2
      vertex 34.4315 -5.17638 8
      vertex 34.4315 -5.17638 2
    endloop
  endfacet
  facet normal -0.659362 0.751826 0
    outer loop
      vertex 67.8921 -14.1421 2
      vertex 65.9252 -15.8671 8
      vertex 67.8921 -14.1421 8
    endloop
  endfacet
  facet normal -0.659362 0.751826 0
    outer loop
      vertex 65.9252 -15.8671 8
      vertex 67.8921 -14.1421 2
      vertex 65.9252 -15.8671 2
    endloop
  endfacet
  facet normal -0.89687 0.442294 8.08043e-18
    outer loop
      vertex 71.0705 -10 2
      vertex 72.2276 -7.65367 8
      vertex 72.2276 -7.65367 2
    endloop
  endfacet
  facet normal -0.89687 0.442294 8.08043e-18
    outer loop
      vertex 72.2276 -7.65367 8
      vertex 71.0705 -10 2
      vertex 71.0705 -10 8
    endloop
  endfacet
  facet normal 0.751826 0.659362 -1.39782e-17
    outer loop
      vertex 39.6079 -14.1421 8
      vertex 37.8829 -12.1752 2
      vertex 37.8829 -12.1752 8
    endloop
  endfacet
  facet normal 0.751826 0.659362 -1.39782e-17
    outer loop
      vertex 37.8829 -12.1752 2
      vertex 39.6079 -14.1421 8
      vertex 39.6079 -14.1421 2
    endloop
  endfacet
  facet normal 0.442299 -0.896868 0
    outer loop
      vertex 43.75 17.3205 2
      vertex 46.0963 18.4776 8
      vertex 43.75 17.3205 8
    endloop
  endfacet
  facet normal 0.442299 -0.896868 0
    outer loop
      vertex 46.0963 18.4776 8
      vertex 43.75 17.3205 2
      vertex 46.0963 18.4776 2
    endloop
  endfacet
  facet normal -0.0654027 0.997859 0
    outer loop
      vertex 56.3605 -19.8289 2
      vertex 53.75 -20 8
      vertex 56.3605 -19.8289 8
    endloop
  endfacet
  facet normal -0.0654027 0.997859 0
    outer loop
      vertex 53.75 -20 8
      vertex 56.3605 -19.8289 2
      vertex 53.75 -20 2
    endloop
  endfacet
  facet normal -0.751826 -0.659362 -6.69939e-19
    outer loop
      vertex 69.6171 12.1752 2
      vertex 67.8921 14.1421 8
      vertex 67.8921 14.1421 2
    endloop
  endfacet
  facet normal -0.751826 -0.659362 -6.69939e-19
    outer loop
      vertex 67.8921 14.1421 8
      vertex 69.6171 12.1752 2
      vertex 69.6171 12.1752 8
    endloop
  endfacet
  facet normal -0.980784 0.195097 -1.5715e-18
    outer loop
      vertex 73.0685 -5.17638 2
      vertex 73.5789 -2.61052 8
      vertex 73.5789 -2.61052 2
    endloop
  endfacet
  facet normal -0.980784 0.195097 -1.5715e-18
    outer loop
      vertex 73.5789 -2.61052 8
      vertex 73.0685 -5.17638 2
      vertex 73.0685 -5.17638 8
    endloop
  endfacet
  facet normal -0.195089 0.980786 0
    outer loop
      vertex 58.9264 -19.3185 2
      vertex 56.6319 -19.7749 8
      vertex 58.9264 -19.3185 8
    endloop
  endfacet
  facet normal -0.195094 0.980784 -2.29598e-06
    outer loop
      vertex 56.3605 -19.8289 2
      vertex 56.6319 -19.7749 8
      vertex 58.9264 -19.3185 2
    endloop
  endfacet
  facet normal -0.195143 0.980775 1.88554e-19
    outer loop
      vertex 56.6319 -19.7749 8
      vertex 56.3605 -19.8289 2
      vertex 56.3605 -19.8289 8
    endloop
  endfacet
  facet normal -0.321429 0.946934 0
    outer loop
      vertex 61.4037 -18.4776 2
      vertex 58.9264 -19.3185 8
      vertex 61.4037 -18.4776 8
    endloop
  endfacet
  facet normal -0.321429 0.946934 0
    outer loop
      vertex 58.9264 -19.3185 8
      vertex 61.4037 -18.4776 2
      vertex 58.9264 -19.3185 2
    endloop
  endfacet
  facet normal -0.831474 -0.555564 -8.13442e-19
    outer loop
      vertex 71.0705 10 2
      vertex 69.6171 12.1752 8
      vertex 69.6171 12.1752 2
    endloop
  endfacet
  facet normal -0.831474 -0.555564 -8.13442e-19
    outer loop
      vertex 69.6171 12.1752 8
      vertex 71.0705 10 2
      vertex 71.0705 10 8
    endloop
  endfacet
  facet normal 0.0654027 -0.997859 0
    outer loop
      vertex 51.1395 19.8289 2
      vertex 53.75 20 8
      vertex 51.1395 19.8289 8
    endloop
  endfacet
  facet normal 0.0654027 -0.997859 0
    outer loop
      vertex 53.75 20 8
      vertex 51.1395 19.8289 2
      vertex 53.75 20 2
    endloop
  endfacet
  facet normal -0.946933 0.32143 -1.24945e-17
    outer loop
      vertex 72.2276 -7.65367 2
      vertex 73.0685 -5.17638 8
      vertex 73.0685 -5.17638 2
    endloop
  endfacet
  facet normal -0.946933 0.32143 -1.24945e-17
    outer loop
      vertex 73.0685 -5.17638 8
      vertex 72.2276 -7.65367 2
      vertex 72.2276 -7.65367 8
    endloop
  endfacet
  facet normal 0.442299 0.896868 -0
    outer loop
      vertex 46.0963 -18.4776 2
      vertex 43.75 -17.3205 8
      vertex 46.0963 -18.4776 8
    endloop
  endfacet
  facet normal 0.442299 0.896868 0
    outer loop
      vertex 43.75 -17.3205 8
      vertex 46.0963 -18.4776 2
      vertex 43.75 -17.3205 2
    endloop
  endfacet
  facet normal 0.659362 -0.751826 0
    outer loop
      vertex 39.6079 14.1421 2
      vertex 41.5748 15.8671 8
      vertex 39.6079 14.1421 8
    endloop
  endfacet
  facet normal 0.659362 -0.751826 0
    outer loop
      vertex 41.5748 15.8671 8
      vertex 39.6079 14.1421 2
      vertex 41.5748 15.8671 2
    endloop
  endfacet
  facet normal 0.831474 0.555564 -8.13442e-19
    outer loop
      vertex 37.8829 -12.1752 8
      vertex 36.4295 -10 2
      vertex 36.4295 -10 8
    endloop
  endfacet
  facet normal 0.831474 0.555564 -8.13442e-19
    outer loop
      vertex 36.4295 -10 2
      vertex 37.8829 -12.1752 8
      vertex 37.8829 -12.1752 2
    endloop
  endfacet
  facet normal 0 0 1
    outer loop
      vertex 73.5789 2.61052 2
      vertex 73.5789 -2.61052 2
      vertex 73.75 0 2
    endloop
  endfacet
  facet normal 0 0 1
    outer loop
      vertex 73.0685 5.17638 2
      vertex 73.5789 -2.61052 2
      vertex 73.5789 2.61052 2
    endloop
  endfacet
  facet normal 0 0 1
    outer loop
      vertex 73.0685 5.17638 2
      vertex 73.0685 -5.17638 2
      vertex 73.5789 -2.61052 2
    endloop
  endfacet
  facet normal 0 0 1
    outer loop
      vertex 72.2276 7.65367 2
      vertex 73.0685 -5.17638 2
      vertex 73.0685 5.17638 2
    endloop
  endfacet
  facet normal 0 0 1
    outer loop
      vertex 72.2276 7.65367 2
      vertex 72.2276 -7.65367 2
      vertex 73.0685 -5.17638 2
    endloop
  endfacet
  facet normal 0 0 1
    outer loop
      vertex 71.0705 10 2
      vertex 72.2276 -7.65367 2
      vertex 72.2276 7.65367 2
    endloop
  endfacet
  facet normal 0 0 1
    outer loop
      vertex 71.0705 10 2
      vertex 71.0705 -10 2
      vertex 72.2276 -7.65367 2
    endloop
  endfacet
  facet normal 0 0 1
    outer loop
      vertex 69.6171 12.1752 2
      vertex 71.0705 -10 2
      vertex 71.0705 10 2
    endloop
  endfacet
  facet normal 0 0 1
    outer loop
      vertex 69.6171 12.1752 2
      vertex 69.6171 -12.1752 2
      vertex 71.0705 -10 2
    endloop
  endfacet
  facet normal 0 0 1
    outer loop
      vertex 67.8921 14.1421 2
      vertex 69.6171 -12.1752 2
      vertex 69.6171 12.1752 2
    endloop
  endfacet
  facet normal 0 0 1
    outer loop
      vertex 67.8921 14.1421 2
      vertex 67.8921 -14.1421 2
      vertex 69.6171 -12.1752 2
    endloop
  endfacet
  facet normal 0 0 1
    outer loop
      vertex 65.9252 15.8671 2
      vertex 67.8921 -14.1421 2
      vertex 67.8921 14.1421 2
    endloop
  endfacet
  facet normal 0 0 1
    outer loop
      vertex 65.9252 15.8671 2
      vertex 65.9252 -15.8671 2
      vertex 67.8921 -14.1421 2
    endloop
  endfacet
  facet normal 0 0 1
    outer loop
      vertex 63.75 17.3205 2
      vertex 65.9252 -15.8671 2
      vertex 65.9252 15.8671 2
    endloop
  endfacet
  facet normal 0 0 1
    outer loop
      vertex 63.75 17.3205 2
      vertex 63.75 -17.3205 2
      vertex 65.9252 -15.8671 2
    endloop
  endfacet
  facet normal 0 0 1
    outer loop
      vertex 61.4037 18.4776 2
      vertex 63.75 -17.3205 2
      vertex 63.75 17.3205 2
    endloop
  endfacet
  facet normal 0 0 1
    outer loop
      vertex 61.4037 18.4776 2
      vertex 61.4037 -18.4776 2
      vertex 63.75 -17.3205 2
    endloop
  endfacet
  facet normal 0 0 1
    outer loop
      vertex 58.9264 19.3185 2
      vertex 61.4037 -18.4776 2
      vertex 61.4037 18.4776 2
    endloop
  endfacet
  facet normal 0 0 1
    outer loop
      vertex 58.9264 19.3185 2
      vertex 58.9264 -19.3185 2
      vertex 61.4037 -18.4776 2
    endloop
  endfacet
  facet normal 0 0 1
    outer loop
      vertex 56.3605 19.8289 2
      vertex 58.9264 -19.3185 2
      vertex 58.9264 19.3185 2
    endloop
  endfacet
  facet normal 0 0 1
    outer loop
      vertex 56.3605 19.8289 2
      vertex 56.3605 -19.8289 2
      vertex 58.9264 -19.3185 2
    endloop
  endfacet
  facet normal 0 0 1
    outer loop
      vertex 53.75 20 2
      vertex 56.3605 -19.8289 2
      vertex 56.3605 19.8289 2
    endloop
  endfacet
  facet normal 0 0 1
    outer loop
      vertex 53.75 20 2
      vertex 53.75 -20 2
      vertex 56.3605 -19.8289 2
    endloop
  endfacet
  facet normal -0 0 1
    outer loop
      vertex 51.1395 19.8289 2
      vertex 53.75 -20 2
      vertex 53.75 20 2
    endloop
  endfacet
  facet normal 0 0 1
    outer loop
      vertex 51.1395 19.8289 2
      vertex 51.1395 -19.8289 2
      vertex 53.75 -20 2
    endloop
  endfacet
  facet normal -0 0 1
    outer loop
      vertex 48.5736 19.3185 2
      vertex 51.1395 -19.8289 2
      vertex 51.1395 19.8289 2
    endloop
  endfacet
  facet normal 0 0 1
    outer loop
      vertex 48.5736 19.3185 2
      vertex 48.5736 -19.3185 2
      vertex 51.1395 -19.8289 2
    endloop
  endfacet
  facet normal -0 0 1
    outer loop
      vertex 46.0963 18.4776 2
      vertex 48.5736 -19.3185 2
      vertex 48.5736 19.3185 2
    endloop
  endfacet
  facet normal 0 0 1
    outer loop
      vertex 46.0963 18.4776 2
      vertex 46.0963 -18.4776 2
      vertex 48.5736 -19.3185 2
    endloop
  endfacet
  facet normal -0 0 1
    outer loop
      vertex 43.75 17.3205 2
      vertex 46.0963 -18.4776 2
      vertex 46.0963 18.4776 2
    endloop
  endfacet
  facet normal 0 0 1
    outer loop
      vertex 43.75 17.3205 2
      vertex 43.75 -17.3205 2
      vertex 46.0963 -18.4776 2
    endloop
  endfacet
  facet normal -0 0 1
    outer loop
      vertex 41.5748 15.8671 2
      vertex 43.75 -17.3205 2
      vertex 43.75 17.3205 2
    endloop
  endfacet
  facet normal 0 0 1
    outer loop
      vertex 41.5748 15.8671 2
      vertex 41.5748 -15.8671 2
      vertex 43.75 -17.3205 2
    endloop
  endfacet
  facet normal -0 0 1
    outer loop
      vertex 39.6079 14.1421 2
      vertex 41.5748 -15.8671 2
      vertex 41.5748 15.8671 2
    endloop
  endfacet
  facet normal 0 0 1
    outer loop
      vertex 39.6079 14.1421 2
      vertex 39.6079 -14.1421 2
      vertex 41.5748 -15.8671 2
    endloop
  endfacet
  facet normal -0 0 1
    outer loop
      vertex 37.8829 12.1752 2
      vertex 39.6079 -14.1421 2
      vertex 39.6079 14.1421 2
    endloop
  endfacet
  facet normal 0 0 1
    outer loop
      vertex 37.8829 12.1752 2
      vertex 37.8829 -12.1752 2
      vertex 39.6079 -14.1421 2
    endloop
  endfacet
  facet normal -0 0 1
    outer loop
      vertex 36.4295 10 2
      vertex 37.8829 -12.1752 2
      vertex 37.8829 12.1752 2
    endloop
  endfacet
  facet normal 0 0 1
    outer loop
      vertex 36.4295 10 2
      vertex 36.4295 -10 2
      vertex 37.8829 -12.1752 2
    endloop
  endfacet
  facet normal -0 0 1
    outer loop
      vertex 35.2724 7.65367 2
      vertex 36.4295 -10 2
      vertex 36.4295 10 2
    endloop
  endfacet
  facet normal 0 0 1
    outer loop
      vertex 35.2724 7.65367 2
      vertex 35.2724 -7.65367 2
      vertex 36.4295 -10 2
    endloop
  endfacet
  facet normal -0 0 1
    outer loop
      vertex 34.4315 5.17638 2
      vertex 35.2724 -7.65367 2
      vertex 35.2724 7.65367 2
    endloop
  endfacet
  facet normal 0 0 1
    outer loop
      vertex 34.4315 5.17638 2
      vertex 34.4315 -5.17638 2
      vertex 35.2724 -7.65367 2
    endloop
  endfacet
  facet normal -0 0 1
    outer loop
      vertex 33.9211 2.61052 2
      vertex 34.4315 -5.17638 2
      vertex 34.4315 5.17638 2
    endloop
  endfacet
  facet normal 0 0 1
    outer loop
      vertex 33.9211 2.61052 2
      vertex 33.9211 -2.61052 2
      vertex 34.4315 -5.17638 2
    endloop
  endfacet
  facet normal 0 -0 1
    outer loop
      vertex 33.9211 -2.61052 2
      vertex 33.9211 2.61052 2
      vertex 33.75 0 2
    endloop
  endfacet
  facet normal -0.32143 0.946933 0
    outer loop
      vertex 7.65367 35.2724 2
      vertex 5.17638 34.4315 8
      vertex 7.65367 35.2724 8
    endloop
  endfacet
  facet normal -0.32143 0.946933 0
    outer loop
      vertex 5.17638 34.4315 8
      vertex 7.65367 35.2724 2
      vertex 5.17638 34.4315 2
    endloop
  endfacet
  facet normal -0.997859 0.0654027 -1.75904e-18
    outer loop
      vertex 19.8289 51.1395 2
      vertex 20 53.75 8
      vertex 20 53.75 2
    endloop
  endfacet
  facet normal -0.997859 0.0654027 -1.75904e-18
    outer loop
      vertex 20 53.75 8
      vertex 19.8289 51.1395 2
      vertex 19.8289 51.1395 8
    endloop
  endfacet
  facet normal -0.751826 0.659362 8.31992e-18
    outer loop
      vertex 14.1421 39.6079 2
      vertex 15.8671 41.5748 8
      vertex 15.8671 41.5748 2
    endloop
  endfacet
  facet normal -0.751826 0.659362 8.31992e-18
    outer loop
      vertex 15.8671 41.5748 8
      vertex 14.1421 39.6079 2
      vertex 14.1421 39.6079 8
    endloop
  endfacet
  facet normal -0.555564 -0.831474 0
    outer loop
      vertex 10 71.0705 2
      vertex 12.1752 69.6171 8
      vertex 10 71.0705 8
    endloop
  endfacet
  facet normal -0.555564 -0.831474 -0
    outer loop
      vertex 12.1752 69.6171 8
      vertex 10 71.0705 2
      vertex 12.1752 69.6171 2
    endloop
  endfacet
  facet normal -0.831474 0.555564 -1.37614e-21
    outer loop
      vertex 15.8671 41.5748 2
      vertex 17.3205 43.75 8
      vertex 17.3205 43.75 2
    endloop
  endfacet
  facet normal -0.831474 0.555564 -1.37614e-21
    outer loop
      vertex 17.3205 43.75 8
      vertex 15.8671 41.5748 2
      vertex 15.8671 41.5748 8
    endloop
  endfacet
  facet normal 0.32143 0.946933 -0
    outer loop
      vertex -5.17638 34.4315 2
      vertex -7.65367 35.2724 8
      vertex -5.17638 34.4315 8
    endloop
  endfacet
  facet normal 0.32143 0.946933 0
    outer loop
      vertex -7.65367 35.2724 8
      vertex -5.17638 34.4315 2
      vertex -7.65367 35.2724 2
    endloop
  endfacet
  facet normal 0.442294 -0.89687 0
    outer loop
      vertex -10 71.0705 2
      vertex -7.65367 72.2276 8
      vertex -10 71.0705 8
    endloop
  endfacet
  facet normal 0.442294 -0.89687 0
    outer loop
      vertex -7.65367 72.2276 8
      vertex -10 71.0705 2
      vertex -7.65367 72.2276 2
    endloop
  endfacet
  facet normal 0.195097 0.980784 -0
    outer loop
      vertex -2.61052 33.9211 2
      vertex -5.17638 34.4315 8
      vertex -2.61052 33.9211 8
    endloop
  endfacet
  facet normal 0.195097 0.980784 0
    outer loop
      vertex -5.17638 34.4315 8
      vertex -2.61052 33.9211 2
      vertex -5.17638 34.4315 2
    endloop
  endfacet
  facet normal 0.0654022 -0.997859 0
    outer loop
      vertex -2.61052 73.5789 2
      vertex 0 73.75 8
      vertex -2.61052 73.5789 8
    endloop
  endfacet
  facet normal 0.0654022 -0.997859 0
    outer loop
      vertex 0 73.75 8
      vertex -2.61052 73.5789 2
      vertex 0 73.75 2
    endloop
  endfacet
  facet normal 0.831474 0.555564 1.37614e-21
    outer loop
      vertex -15.8671 41.5748 8
      vertex -17.3205 43.75 2
      vertex -17.3205 43.75 8
    endloop
  endfacet
  facet normal 0.831474 0.555564 1.37614e-21
    outer loop
      vertex -17.3205 43.75 2
      vertex -15.8671 41.5748 8
      vertex -15.8671 41.5748 2
    endloop
  endfacet
  facet normal -0.946934 0.321429 8.55771e-18
    outer loop
      vertex 18.4776 46.0963 2
      vertex 19.3185 48.5736 8
      vertex 19.3185 48.5736 2
    endloop
  endfacet
  facet normal -0.946934 0.321429 8.55771e-18
    outer loop
      vertex 19.3185 48.5736 8
      vertex 18.4776 46.0963 2
      vertex 18.4776 46.0963 8
    endloop
  endfacet
  facet normal 0.997859 -0.0654027 -1.75904e-18
    outer loop
      vertex -20 53.75 8
      vertex -19.8289 56.3605 2
      vertex -19.8289 56.3605 8
    endloop
  endfacet
  facet normal 0.997859 -0.0654027 -1.75904e-18
    outer loop
      vertex -19.8289 56.3605 2
      vertex -20 53.75 8
      vertex -20 53.75 2
    endloop
  endfacet
  facet normal -0.896868 -0.442299 -4.53874e-18
    outer loop
      vertex 18.4776 61.4037 2
      vertex 17.3205 63.75 8
      vertex 17.3205 63.75 2
    endloop
  endfacet
  facet normal -0.896868 -0.442299 -4.53874e-18
    outer loop
      vertex 17.3205 63.75 8
      vertex 18.4776 61.4037 2
      vertex 18.4776 61.4037 8
    endloop
  endfacet
  facet normal 0 0 1
    outer loop
      vertex 19.8289 56.3605 2
      vertex 19.8289 51.1395 2
      vertex 20 53.75 2
    endloop
  endfacet
  facet normal 0 0 1
    outer loop
      vertex 19.3185 58.9264 2
      vertex 19.8289 51.1395 2
      vertex 19.8289 56.3605 2
    endloop
  endfacet
  facet normal 0 0 1
    outer loop
      vertex 19.3185 58.9264 2
      vertex 19.3185 48.5736 2
      vertex 19.8289 51.1395 2
    endloop
  endfacet
  facet normal 0 0 1
    outer loop
      vertex 18.4776 61.4037 2
      vertex 19.3185 48.5736 2
      vertex 19.3185 58.9264 2
    endloop
  endfacet
  facet normal 0 0 1
    outer loop
      vertex 18.4776 61.4037 2
      vertex 18.4776 46.0963 2
      vertex 19.3185 48.5736 2
    endloop
  endfacet
  facet normal 0 0 1
    outer loop
      vertex 17.3205 63.75 2
      vertex 18.4776 46.0963 2
      vertex 18.4776 61.4037 2
    endloop
  endfacet
  facet normal 0 0 1
    outer loop
      vertex 17.3205 63.75 2
      vertex 17.3205 43.75 2
      vertex 18.4776 46.0963 2
    endloop
  endfacet
  facet normal 0 0 1
    outer loop
      vertex 15.8671 65.9252 2
      vertex 17.3205 43.75 2
      vertex 17.3205 63.75 2
    endloop
  endfacet
  facet normal 0 0 1
    outer loop
      vertex 15.8671 65.9252 2
      vertex 15.8671 41.5748 2
      vertex 17.3205 43.75 2
    endloop
  endfacet
  facet normal 0 0 1
    outer loop
      vertex 14.1421 67.8921 2
      vertex 15.8671 41.5748 2
      vertex 15.8671 65.9252 2
    endloop
  endfacet
  facet normal 0 0 1
    outer loop
      vertex 14.1421 67.8921 2
      vertex 14.1421 39.6079 2
      vertex 15.8671 41.5748 2
    endloop
  endfacet
  facet normal 0 0 1
    outer loop
      vertex 12.1752 69.6171 2
      vertex 14.1421 39.6079 2
      vertex 14.1421 67.8921 2
    endloop
  endfacet
  facet normal 0 0 1
    outer loop
      vertex 12.1752 69.6171 2
      vertex 12.1752 37.8829 2
      vertex 14.1421 39.6079 2
    endloop
  endfacet
  facet normal 0 0 1
    outer loop
      vertex 10 71.0705 2
      vertex 12.1752 37.8829 2
      vertex 12.1752 69.6171 2
    endloop
  endfacet
  facet normal 0 0 1
    outer loop
      vertex 10 71.0705 2
      vertex 10 36.4295 2
      vertex 12.1752 37.8829 2
    endloop
  endfacet
  facet normal 0 0 1
    outer loop
      vertex 7.65367 72.2276 2
      vertex 10 36.4295 2
      vertex 10 71.0705 2
    endloop
  endfacet
  facet normal 0 0 1
    outer loop
      vertex 7.65367 72.2276 2
      vertex 7.65367 35.2724 2
      vertex 10 36.4295 2
    endloop
  endfacet
  facet normal 0 0 1
    outer loop
      vertex 5.17638 73.0685 2
      vertex 7.65367 35.2724 2
      vertex 7.65367 72.2276 2
    endloop
  endfacet
  facet normal 0 0 1
    outer loop
      vertex 5.17638 73.0685 2
      vertex 5.17638 34.4315 2
      vertex 7.65367 35.2724 2
    endloop
  endfacet
  facet normal 0 0 1
    outer loop
      vertex 2.61052 73.5789 2
      vertex 5.17638 34.4315 2
      vertex 5.17638 73.0685 2
    endloop
  endfacet
  facet normal 0 0 1
    outer loop
      vertex 2.61052 73.5789 2
      vertex 2.61052 33.9211 2
      vertex 5.17638 34.4315 2
    endloop
  endfacet
  facet normal 0 0 1
    outer loop
      vertex 0 73.75 2
      vertex 2.61052 33.9211 2
      vertex 2.61052 73.5789 2
    endloop
  endfacet
  facet normal 0 0 1
    outer loop
      vertex 0 73.75 2
      vertex 0 33.75 2
      vertex 2.61052 33.9211 2
    endloop
  endfacet
  facet normal -0 0 1
    outer loop
      vertex -2.61052 73.5789 2
      vertex 0 33.75 2
      vertex 0 73.75 2
    endloop
  endfacet
  facet normal 0 0 1
    outer loop
      vertex -2.61052 73.5789 2
      vertex -2.61052 33.9211 2
      vertex 0 33.75 2
    endloop
  endfacet
  facet normal -0 0 1
    outer loop
      vertex -5.17638 73.0685 2
      vertex -2.61052 33.9211 2
      vertex -2.61052 73.5789 2
    endloop
  endfacet
  facet normal 0 0 1
    outer loop
      vertex -5.17638 73.0685 2
      vertex -5.17638 34.4315 2
      vertex -2.61052 33.9211 2
    endloop
  endfacet
  facet normal -0 0 1
    outer loop
      vertex -7.65367 72.2276 2
      vertex -5.17638 34.4315 2
      vertex -5.17638 73.0685 2
    endloop
  endfacet
  facet normal 0 0 1
    outer loop
      vertex -7.65367 72.2276 2
      vertex -7.65367 35.2724 2
      vertex -5.17638 34.4315 2
    endloop
  endfacet
  facet normal -0 0 1
    outer loop
      vertex -10 71.0705 2
      vertex -7.65367 35.2724 2
      vertex -7.65367 72.2276 2
    endloop
  endfacet
  facet normal 0 0 1
    outer loop
      vertex -10 71.0705 2
      vertex -10 36.4295 2
      vertex -7.65367 35.2724 2
    endloop
  endfacet
  facet normal -0 0 1
    outer loop
      vertex -12.1752 69.6171 2
      vertex -10 36.4295 2
      vertex -10 71.0705 2
    endloop
  endfacet
  facet normal 0 0 1
    outer loop
      vertex -12.1752 69.6171 2
      vertex -12.1752 37.8829 2
      vertex -10 36.4295 2
    endloop
  endfacet
  facet normal -0 0 1
    outer loop
      vertex -14.1421 67.8921 2
      vertex -12.1752 37.8829 2
      vertex -12.1752 69.6171 2
    endloop
  endfacet
  facet normal 0 0 1
    outer loop
      vertex -14.1421 67.8921 2
      vertex -14.1421 39.6079 2
      vertex -12.1752 37.8829 2
    endloop
  endfacet
  facet normal -0 0 1
    outer loop
      vertex -15.8671 65.9252 2
      vertex -14.1421 39.6079 2
      vertex -14.1421 67.8921 2
    endloop
  endfacet
  facet normal 0 0 1
    outer loop
      vertex -15.8671 65.9252 2
      vertex -15.8671 41.5748 2
      vertex -14.1421 39.6079 2
    endloop
  endfacet
  facet normal -0 0 1
    outer loop
      vertex -17.3205 63.75 2
      vertex -15.8671 41.5748 2
      vertex -15.8671 65.9252 2
    endloop
  endfacet
  facet normal 0 0 1
    outer loop
      vertex -17.3205 63.75 2
      vertex -17.3205 43.75 2
      vertex -15.8671 41.5748 2
    endloop
  endfacet
  facet normal -0 0 1
    outer loop
      vertex -18.4776 61.4037 2
      vertex -17.3205 43.75 2
      vertex -17.3205 63.75 2
    endloop
  endfacet
  facet normal 0 0 1
    outer loop
      vertex -18.4776 61.4037 2
      vertex -18.4776 46.0963 2
      vertex -17.3205 43.75 2
    endloop
  endfacet
  facet normal -0 0 1
    outer loop
      vertex -19.3185 58.9264 2
      vertex -18.4776 46.0963 2
      vertex -18.4776 61.4037 2
    endloop
  endfacet
  facet normal 0 0 1
    outer loop
      vertex -19.3185 58.9264 2
      vertex -19.3185 48.5736 2
      vertex -18.4776 46.0963 2
    endloop
  endfacet
  facet normal -0 0 1
    outer loop
      vertex -19.8289 56.3605 2
      vertex -19.3185 48.5736 2
      vertex -19.3185 58.9264 2
    endloop
  endfacet
  facet normal 0 0 1
    outer loop
      vertex -19.8289 56.3605 2
      vertex -19.8289 51.1395 2
      vertex -19.3185 48.5736 2
    endloop
  endfacet
  facet normal 0 -0 1
    outer loop
      vertex -19.8289 51.1395 2
      vertex -19.8289 56.3605 2
      vertex -20 53.75 2
    endloop
  endfacet
  facet normal 0.831474 -0.555564 7.19618e-18
    outer loop
      vertex -17.3205 63.75 8
      vertex -15.8671 65.9252 2
      vertex -15.8671 65.9252 8
    endloop
  endfacet
  facet normal 0.831474 -0.555564 7.19618e-18
    outer loop
      vertex -15.8671 65.9252 2
      vertex -17.3205 63.75 8
      vertex -17.3205 63.75 2
    endloop
  endfacet
  facet normal -0.442294 0.89687 0
    outer loop
      vertex 10 36.4295 2
      vertex 7.65367 35.2724 8
      vertex 10 36.4295 8
    endloop
  endfacet
  facet normal -0.442294 0.89687 0
    outer loop
      vertex 7.65367 35.2724 8
      vertex 10 36.4295 2
      vertex 7.65367 35.2724 2
    endloop
  endfacet
  facet normal -0.442294 -0.89687 0
    outer loop
      vertex 7.65367 72.2276 2
      vertex 10 71.0705 8
      vertex 7.65367 72.2276 8
    endloop
  endfacet
  facet normal -0.442294 -0.89687 -0
    outer loop
      vertex 10 71.0705 8
      vertex 7.65367 72.2276 2
      vertex 10 71.0705 2
    endloop
  endfacet
  facet normal 0.946934 0.321429 -8.55771e-18
    outer loop
      vertex -18.4776 46.0963 8
      vertex -19.3185 48.5736 2
      vertex -19.3185 48.5736 8
    endloop
  endfacet
  facet normal 0.946934 0.321429 -8.55771e-18
    outer loop
      vertex -19.3185 48.5736 2
      vertex -18.4776 46.0963 8
      vertex -18.4776 46.0963 2
    endloop
  endfacet
  facet normal 0.896868 -0.442299 4.53874e-18
    outer loop
      vertex -18.4776 61.4037 8
      vertex -17.3205 63.75 2
      vertex -17.3205 63.75 8
    endloop
  endfacet
  facet normal 0.896868 -0.442299 4.53874e-18
    outer loop
      vertex -17.3205 63.75 2
      vertex -18.4776 61.4037 8
      vertex -18.4776 61.4037 2
    endloop
  endfacet
  facet normal -0.896868 0.442299 4.53874e-18
    outer loop
      vertex 17.3205 43.75 2
      vertex 18.4776 46.0963 8
      vertex 18.4776 46.0963 2
    endloop
  endfacet
  facet normal -0.896868 0.442299 4.53874e-18
    outer loop
      vertex 18.4776 46.0963 8
      vertex 17.3205 43.75 2
      vertex 17.3205 43.75 8
    endloop
  endfacet
  facet normal 0.32143 -0.946933 0
    outer loop
      vertex -7.65367 72.2276 2
      vertex -5.17638 73.0685 8
      vertex -7.65367 72.2276 8
    endloop
  endfacet
  facet normal 0.32143 -0.946933 0
    outer loop
      vertex -5.17638 73.0685 8
      vertex -7.65367 72.2276 2
      vertex -5.17638 73.0685 2
    endloop
  endfacet
  facet normal -0.659362 -0.751826 0
    outer loop
      vertex 12.1752 69.6171 2
      vertex 14.1421 67.8921 8
      vertex 12.1752 69.6171 8
    endloop
  endfacet
  facet normal -0.659362 -0.751826 -0
    outer loop
      vertex 14.1421 67.8921 8
      vertex 12.1752 69.6171 2
      vertex 14.1421 67.8921 2
    endloop
  endfacet
  facet normal 0.0654022 0.997859 -0
    outer loop
      vertex 0 33.75 2
      vertex -2.61052 33.9211 8
      vertex 0 33.75 8
    endloop
  endfacet
  facet normal 0.0654022 0.997859 0
    outer loop
      vertex -2.61052 33.9211 8
      vertex 0 33.75 2
      vertex -2.61052 33.9211 2
    endloop
  endfacet
  facet normal -0.0654022 0.997859 0
    outer loop
      vertex 2.61052 33.9211 2
      vertex 0 33.75 8
      vertex 2.61052 33.9211 8
    endloop
  endfacet
  facet normal -0.0654022 0.997859 0
    outer loop
      vertex 0 33.75 8
      vertex 2.61052 33.9211 2
      vertex 0 33.75 2
    endloop
  endfacet
  facet normal 0.751826 -0.659362 -8.65489e-18
    outer loop
      vertex -15.8671 65.9252 8
      vertex -14.1421 67.8921 2
      vertex -14.1421 67.8921 8
    endloop
  endfacet
  facet normal 0.751826 -0.659362 -8.65489e-18
    outer loop
      vertex -14.1421 67.8921 2
      vertex -15.8671 65.9252 8
      vertex -15.8671 65.9252 2
    endloop
  endfacet
  facet normal -0.0654022 -0.997859 0
    outer loop
      vertex 0 73.75 2
      vertex 2.61052 73.5789 8
      vertex 0 73.75 8
    endloop
  endfacet
  facet normal -0.0654022 -0.997859 -0
    outer loop
      vertex 2.61052 73.5789 8
      vertex 0 73.75 2
      vertex 2.61052 73.5789 2
    endloop
  endfacet
  facet normal 0.980784 0.195094 2.94143e-18
    outer loop
      vertex -19.3185 48.5736 8
      vertex -19.8289 51.1395 2
      vertex -19.8289 51.1395 8
    endloop
  endfacet
  facet normal 0.980784 0.195094 2.94143e-18
    outer loop
      vertex -19.8289 51.1395 2
      vertex -19.3185 48.5736 8
      vertex -19.3185 48.5736 2
    endloop
  endfacet
  facet normal 0.195097 -0.980784 0
    outer loop
      vertex -5.17638 73.0685 2
      vertex -2.61052 73.5789 8
      vertex -5.17638 73.0685 8
    endloop
  endfacet
  facet normal 0.195097 -0.980784 0
    outer loop
      vertex -2.61052 73.5789 8
      vertex -5.17638 73.0685 2
      vertex -2.61052 73.5789 2
    endloop
  endfacet
  facet normal 0.659362 0.751826 -0
    outer loop
      vertex -12.1752 37.8829 2
      vertex -14.1421 39.6079 8
      vertex -12.1752 37.8829 8
    endloop
  endfacet
  facet normal 0.659362 0.751826 0
    outer loop
      vertex -14.1421 39.6079 8
      vertex -12.1752 37.8829 2
      vertex -14.1421 39.6079 2
    endloop
  endfacet
  facet normal -0.980784 0.195094 -2.94143e-18
    outer loop
      vertex 19.3185 48.5736 2
      vertex 19.8289 51.1395 8
      vertex 19.8289 51.1395 2
    endloop
  endfacet
  facet normal -0.980784 0.195094 -2.94143e-18
    outer loop
      vertex 19.8289 51.1395 8
      vertex 19.3185 48.5736 2
      vertex 19.3185 48.5736 8
    endloop
  endfacet
  facet normal 0.946934 -0.321429 8.55771e-18
    outer loop
      vertex -19.3185 58.9264 8
      vertex -18.4776 61.4037 2
      vertex -18.4776 61.4037 8
    endloop
  endfacet
  facet normal 0.946934 -0.321429 8.55771e-18
    outer loop
      vertex -18.4776 61.4037 2
      vertex -19.3185 58.9264 8
      vertex -19.3185 58.9264 2
    endloop
  endfacet
  facet normal -0.831474 -0.555564 -7.19618e-18
    outer loop
      vertex 17.3205 63.75 2
      vertex 15.8671 65.9252 8
      vertex 15.8671 65.9252 2
    endloop
  endfacet
  facet normal -0.831474 -0.555564 -7.19618e-18
    outer loop
      vertex 15.8671 65.9252 8
      vertex 17.3205 63.75 2
      vertex 17.3205 63.75 8
    endloop
  endfacet
  facet normal 0.980786 -0.195089 -6.10704e-18
    outer loop
      vertex -19.7749 56.6319 8
      vertex -19.3185 58.9264 2
      vertex -19.3185 58.9264 8
    endloop
  endfacet
  facet normal 0.980775 -0.195143 0
    outer loop
      vertex -19.8289 56.3605 2
      vertex -19.7749 56.6319 8
      vertex -19.8289 56.3605 8
    endloop
  endfacet
  facet normal 0.980784 -0.195094 -2.29598e-06
    outer loop
      vertex -19.7749 56.6319 8
      vertex -19.8289 56.3605 2
      vertex -19.3185 58.9264 2
    endloop
  endfacet
  facet normal -0.751826 -0.659362 8.65489e-18
    outer loop
      vertex 15.8671 65.9252 2
      vertex 14.1421 67.8921 8
      vertex 14.1421 67.8921 2
    endloop
  endfacet
  facet normal -0.751826 -0.659362 8.65489e-18
    outer loop
      vertex 14.1421 67.8921 8
      vertex 15.8671 65.9252 2
      vertex 15.8671 65.9252 8
    endloop
  endfacet
  facet normal -0.997859 -0.0654027 1.75904e-18
    outer loop
      vertex 20 53.75 2
      vertex 19.8289 56.3605 8
      vertex 19.8289 56.3605 2
    endloop
  endfacet
  facet normal -0.997859 -0.0654027 1.75904e-18
    outer loop
      vertex 19.8289 56.3605 8
      vertex 20 53.75 2
      vertex 20 53.75 8
    endloop
  endfacet
  facet normal -0.195097 0.980784 0
    outer loop
      vertex 5.17638 34.4315 2
      vertex 2.61052 33.9211 8
      vertex 5.17638 34.4315 8
    endloop
  endfacet
  facet normal -0.195097 0.980784 0
    outer loop
      vertex 2.61052 33.9211 8
      vertex 5.17638 34.4315 2
      vertex 2.61052 33.9211 2
    endloop
  endfacet
  facet normal -0.659362 0.751826 0
    outer loop
      vertex 14.1421 39.6079 2
      vertex 12.1752 37.8829 8
      vertex 14.1421 39.6079 8
    endloop
  endfacet
  facet normal -0.659362 0.751826 0
    outer loop
      vertex 12.1752 37.8829 8
      vertex 14.1421 39.6079 2
      vertex 12.1752 37.8829 2
    endloop
  endfacet
  facet normal 0.896868 0.442299 -4.53874e-18
    outer loop
      vertex -17.3205 43.75 8
      vertex -18.4776 46.0963 2
      vertex -18.4776 46.0963 8
    endloop
  endfacet
  facet normal 0.896868 0.442299 -4.53874e-18
    outer loop
      vertex -18.4776 46.0963 2
      vertex -17.3205 43.75 8
      vertex -17.3205 43.75 2
    endloop
  endfacet
  facet normal 0.659362 -0.751826 0
    outer loop
      vertex -14.1421 67.8921 2
      vertex -12.1752 69.6171 8
      vertex -14.1421 67.8921 8
    endloop
  endfacet
  facet normal 0.659362 -0.751826 0
    outer loop
      vertex -12.1752 69.6171 8
      vertex -14.1421 67.8921 2
      vertex -12.1752 69.6171 2
    endloop
  endfacet
  facet normal -0.195097 -0.980784 0
    outer loop
      vertex 2.61052 73.5789 2
      vertex 5.17638 73.0685 8
      vertex 2.61052 73.5789 8
    endloop
  endfacet
  facet normal -0.195097 -0.980784 -0
    outer loop
      vertex 5.17638 73.0685 8
      vertex 2.61052 73.5789 2
      vertex 5.17638 73.0685 2
    endloop
  endfacet
  facet normal -0.980786 -0.195089 0
    outer loop
      vertex 19.3185 58.9264 2
      vertex 19.7749 56.6319 8
      vertex 19.3185 58.9264 8
    endloop
  endfacet
  facet normal -0.980784 -0.195094 -2.29598e-06
    outer loop
      vertex 19.8289 56.3605 2
      vertex 19.7749 56.6319 8
      vertex 19.3185 58.9264 2
    endloop
  endfacet
  facet normal -0.980775 -0.195143 -1.88554e-19
    outer loop
      vertex 19.7749 56.6319 8
      vertex 19.8289 56.3605 2
      vertex 19.8289 56.3605 8
    endloop
  endfacet
  facet normal -0.946934 -0.321429 -8.55771e-18
    outer loop
      vertex 19.3185 58.9264 2
      vertex 18.4776 61.4037 8
      vertex 18.4776 61.4037 2
    endloop
  endfacet
  facet normal -0.946934 -0.321429 -8.55771e-18
    outer loop
      vertex 18.4776 61.4037 8
      vertex 19.3185 58.9264 2
      vertex 19.3185 58.9264 8
    endloop
  endfacet
  facet normal 0.555564 -0.831474 0
    outer loop
      vertex -12.1752 69.6171 2
      vertex -10 71.0705 8
      vertex -12.1752 69.6171 8
    endloop
  endfacet
  facet normal 0.555564 -0.831474 0
    outer loop
      vertex -10 71.0705 8
      vertex -12.1752 69.6171 2
      vertex -10 71.0705 2
    endloop
  endfacet
  facet normal 0.997859 0.0654027 1.75904e-18
    outer loop
      vertex -19.8289 51.1395 8
      vertex -20 53.75 2
      vertex -20 53.75 8
    endloop
  endfacet
  facet normal 0.997859 0.0654027 1.75904e-18
    outer loop
      vertex -20 53.75 2
      vertex -19.8289 51.1395 8
      vertex -19.8289 51.1395 2
    endloop
  endfacet
  facet normal 0.555564 0.831474 -0
    outer loop
      vertex -10 36.4295 2
      vertex -12.1752 37.8829 8
      vertex -10 36.4295 8
    endloop
  endfacet
  facet normal 0.555564 0.831474 0
    outer loop
      vertex -12.1752 37.8829 8
      vertex -10 36.4295 2
      vertex -12.1752 37.8829 2
    endloop
  endfacet
  facet normal -0.32143 -0.946933 0
    outer loop
      vertex 5.17638 73.0685 2
      vertex 7.65367 72.2276 8
      vertex 5.17638 73.0685 8
    endloop
  endfacet
  facet normal -0.32143 -0.946933 -0
    outer loop
      vertex 7.65367 72.2276 8
      vertex 5.17638 73.0685 2
      vertex 7.65367 72.2276 2
    endloop
  endfacet
  facet normal 0.751826 0.659362 -8.31992e-18
    outer loop
      vertex -14.1421 39.6079 8
      vertex -15.8671 41.5748 2
      vertex -15.8671 41.5748 8
    endloop
  endfacet
  facet normal 0.751826 0.659362 -8.31992e-18
    outer loop
      vertex -15.8671 41.5748 2
      vertex -14.1421 39.6079 8
      vertex -14.1421 39.6079 2
    endloop
  endfacet
  facet normal -0.555564 0.831474 0
    outer loop
      vertex 12.1752 37.8829 2
      vertex 10 36.4295 8
      vertex 12.1752 37.8829 8
    endloop
  endfacet
  facet normal -0.555564 0.831474 0
    outer loop
      vertex 10 36.4295 8
      vertex 12.1752 37.8829 2
      vertex 10 36.4295 2
    endloop
  endfacet
  facet normal 0.442294 0.89687 -0
    outer loop
      vertex -7.65367 35.2724 2
      vertex -10 36.4295 8
      vertex -7.65367 35.2724 8
    endloop
  endfacet
  facet normal 0.442294 0.89687 0
    outer loop
      vertex -10 36.4295 8
      vertex -7.65367 35.2724 2
      vertex -10 36.4295 2
    endloop
  endfacet
  facet normal -0.659362 0.751826 0
    outer loop
      vertex -39.6079 -14.1421 2
      vertex -41.5748 -15.8671 8
      vertex -39.6079 -14.1421 8
    endloop
  endfacet
  facet normal -0.659362 0.751826 0
    outer loop
      vertex -41.5748 -15.8671 8
      vertex -39.6079 -14.1421 2
      vertex -41.5748 -15.8671 2
    endloop
  endfacet
  facet normal 0.555564 0.831474 -0
    outer loop
      vertex -63.75 -17.3205 2
      vertex -65.9252 -15.8671 8
      vertex -63.75 -17.3205 8
    endloop
  endfacet
  facet normal 0.555564 0.831474 0
    outer loop
      vertex -65.9252 -15.8671 8
      vertex -63.75 -17.3205 2
      vertex -65.9252 -15.8671 2
    endloop
  endfacet
  facet normal 0.321429 0.946934 -0
    outer loop
      vertex -58.9264 -19.3185 2
      vertex -61.4037 -18.4776 8
      vertex -58.9264 -19.3185 8
    endloop
  endfacet
  facet normal 0.321429 0.946934 0
    outer loop
      vertex -61.4037 -18.4776 8
      vertex -58.9264 -19.3185 2
      vertex -61.4037 -18.4776 2
    endloop
  endfacet
  facet normal 0.89687 0.442294 -8.08043e-18
    outer loop
      vertex -71.0705 -10 8
      vertex -72.2276 -7.65367 2
      vertex -72.2276 -7.65367 8
    endloop
  endfacet
  facet normal 0.89687 0.442294 -8.08043e-18
    outer loop
      vertex -72.2276 -7.65367 2
      vertex -71.0705 -10 8
      vertex -71.0705 -10 2
    endloop
  endfacet
  facet normal 0.442299 0.896868 -0
    outer loop
      vertex -61.4037 -18.4776 2
      vertex -63.75 -17.3205 8
      vertex -61.4037 -18.4776 8
    endloop
  endfacet
  facet normal 0.442299 0.896868 0
    outer loop
      vertex -63.75 -17.3205 8
      vertex -61.4037 -18.4776 2
      vertex -63.75 -17.3205 2
    endloop
  endfacet
  facet normal 0.946933 -0.32143 -1.24945e-17
    outer loop
      vertex -73.0685 5.17638 8
      vertex -72.2276 7.65367 2
      vertex -72.2276 7.65367 8
    endloop
  endfacet
  facet normal 0.946933 -0.32143 -1.24945e-17
    outer loop
      vertex -72.2276 7.65367 2
      vertex -73.0685 5.17638 8
      vertex -73.0685 5.17638 2
    endloop
  endfacet
  facet normal 0.0654027 -0.997859 0
    outer loop
      vertex -56.3605 19.8289 2
      vertex -53.75 20 8
      vertex -56.3605 19.8289 8
    endloop
  endfacet
  facet normal 0.0654027 -0.997859 0
    outer loop
      vertex -53.75 20 8
      vertex -56.3605 19.8289 2
      vertex -53.75 20 2
    endloop
  endfacet
  facet normal -0.442299 -0.896868 0
    outer loop
      vertex -46.0963 18.4776 2
      vertex -43.75 17.3205 8
      vertex -46.0963 18.4776 8
    endloop
  endfacet
  facet normal -0.442299 -0.896868 -0
    outer loop
      vertex -43.75 17.3205 8
      vertex -46.0963 18.4776 2
      vertex -43.75 17.3205 2
    endloop
  endfacet
  facet normal 0.442299 -0.896868 0
    outer loop
      vertex -63.75 17.3205 2
      vertex -61.4037 18.4776 8
      vertex -63.75 17.3205 8
    endloop
  endfacet
  facet normal 0.442299 -0.896868 0
    outer loop
      vertex -61.4037 18.4776 8
      vertex -63.75 17.3205 2
      vertex -61.4037 18.4776 2
    endloop
  endfacet
  facet normal 0.997859 -0.0654022 -6.89558e-19
    outer loop
      vertex -73.75 0 8
      vertex -73.5789 2.61052 2
      vertex -73.5789 2.61052 8
    endloop
  endfacet
  facet normal 0.997859 -0.0654022 -6.89558e-19
    outer loop
      vertex -73.5789 2.61052 2
      vertex -73.75 0 8
      vertex -73.75 0 2
    endloop
  endfacet
  facet normal -0.195094 0.980784 0
    outer loop
      vertex -48.5736 -19.3185 2
      vertex -51.1395 -19.8289 8
      vertex -48.5736 -19.3185 8
    endloop
  endfacet
  facet normal -0.195094 0.980784 0
    outer loop
      vertex -51.1395 -19.8289 8
      vertex -48.5736 -19.3185 2
      vertex -51.1395 -19.8289 2
    endloop
  endfacet
  facet normal 0.997859 0.0654022 6.89558e-19
    outer loop
      vertex -73.5789 -2.61052 8
      vertex -73.75 0 2
      vertex -73.75 0 8
    endloop
  endfacet
  facet normal 0.997859 0.0654022 6.89558e-19
    outer loop
      vertex -73.75 0 2
      vertex -73.5789 -2.61052 8
      vertex -73.5789 -2.61052 2
    endloop
  endfacet
  facet normal -0.980784 0.195097 -3.09246e-18
    outer loop
      vertex -34.4315 -5.17638 2
      vertex -33.9211 -2.61052 8
      vertex -33.9211 -2.61052 2
    endloop
  endfacet
  facet normal -0.980784 0.195097 -3.09246e-18
    outer loop
      vertex -33.9211 -2.61052 8
      vertex -34.4315 -5.17638 2
      vertex -34.4315 -5.17638 8
    endloop
  endfacet
  facet normal -0.997859 -0.0654022 1.71252e-19
    outer loop
      vertex -33.75 0 2
      vertex -33.9211 2.61052 8
      vertex -33.9211 2.61052 2
    endloop
  endfacet
  facet normal -0.997859 -0.0654022 1.71252e-19
    outer loop
      vertex -33.9211 2.61052 8
      vertex -33.75 0 2
      vertex -33.75 0 8
    endloop
  endfacet
  facet normal -0.946933 0.32143 -2.21437e-18
    outer loop
      vertex -35.2724 -7.65367 2
      vertex -34.4315 -5.17638 8
      vertex -34.4315 -5.17638 2
    endloop
  endfacet
  facet normal -0.946933 0.32143 -2.21437e-18
    outer loop
      vertex -34.4315 -5.17638 8
      vertex -35.2724 -7.65367 2
      vertex -35.2724 -7.65367 8
    endloop
  endfacet
  facet normal -0.89687 0.442294 8.08043e-18
    outer loop
      vertex -36.4295 -10 2
      vertex -35.2724 -7.65367 8
      vertex -35.2724 -7.65367 2
    endloop
  endfacet
  facet normal -0.89687 0.442294 8.08043e-18
    outer loop
      vertex -35.2724 -7.65367 8
      vertex -36.4295 -10 2
      vertex -36.4295 -10 8
    endloop
  endfacet
  facet normal 0.659362 -0.751826 0
    outer loop
      vertex -67.8921 14.1421 2
      vertex -65.9252 15.8671 8
      vertex -67.8921 14.1421 8
    endloop
  endfacet
  facet normal 0.659362 -0.751826 0
    outer loop
      vertex -65.9252 15.8671 8
      vertex -67.8921 14.1421 2
      vertex -65.9252 15.8671 2
    endloop
  endfacet
  facet normal -0.0654027 0.997859 0
    outer loop
      vertex -51.1395 -19.8289 2
      vertex -53.75 -20 8
      vertex -51.1395 -19.8289 8
    endloop
  endfacet
  facet normal -0.0654027 0.997859 0
    outer loop
      vertex -53.75 -20 8
      vertex -51.1395 -19.8289 2
      vertex -53.75 -20 2
    endloop
  endfacet
  facet normal 0.321429 -0.946934 0
    outer loop
      vertex -61.4037 18.4776 2
      vertex -58.9264 19.3185 8
      vertex -61.4037 18.4776 8
    endloop
  endfacet
  facet normal 0.321429 -0.946934 0
    outer loop
      vertex -58.9264 19.3185 8
      vertex -61.4037 18.4776 2
      vertex -58.9264 19.3185 2
    endloop
  endfacet
  facet normal 0.946933 0.32143 1.24945e-17
    outer loop
      vertex -72.2276 -7.65367 8
      vertex -73.0685 -5.17638 2
      vertex -73.0685 -5.17638 8
    endloop
  endfacet
  facet normal 0.946933 0.32143 1.24945e-17
    outer loop
      vertex -73.0685 -5.17638 2
      vertex -72.2276 -7.65367 8
      vertex -72.2276 -7.65367 2
    endloop
  endfacet
  facet normal 0.980784 0.195097 1.5715e-18
    outer loop
      vertex -73.0685 -5.17638 8
      vertex -73.5789 -2.61052 2
      vertex -73.5789 -2.61052 8
    endloop
  endfacet
  facet normal 0.980784 0.195097 1.5715e-18
    outer loop
      vertex -73.5789 -2.61052 2
      vertex -73.0685 -5.17638 8
      vertex -73.0685 -5.17638 2
    endloop
  endfacet
  facet normal 0.0654027 0.997859 -0
    outer loop
      vertex -53.75 -20 2
      vertex -56.3605 -19.8289 8
      vertex -53.75 -20 8
    endloop
  endfacet
  facet normal 0.0654027 0.997859 0
    outer loop
      vertex -56.3605 -19.8289 8
      vertex -53.75 -20 2
      vertex -56.3605 -19.8289 2
    endloop
  endfacet
  facet normal 0.195089 -0.980786 0
    outer loop
      vertex -58.9264 19.3185 2
      vertex -56.6319 19.7749 8
      vertex -58.9264 19.3185 8
    endloop
  endfacet
  facet normal 0.195094 -0.980784 -2.29598e-06
    outer loop
      vertex -56.3605 19.8289 2
      vertex -56.6319 19.7749 8
      vertex -58.9264 19.3185 2
    endloop
  endfacet
  facet normal 0.195143 -0.980775 1.88554e-19
    outer loop
      vertex -56.6319 19.7749 8
      vertex -56.3605 19.8289 2
      vertex -56.3605 19.8289 8
    endloop
  endfacet
  facet normal 0.980784 -0.195097 -1.5715e-18
    outer loop
      vertex -73.5789 2.61052 8
      vertex -73.0685 5.17638 2
      vertex -73.0685 5.17638 8
    endloop
  endfacet
  facet normal 0.980784 -0.195097 -1.5715e-18
    outer loop
      vertex -73.0685 5.17638 2
      vertex -73.5789 2.61052 8
      vertex -73.5789 2.61052 2
    endloop
  endfacet
  facet normal -0.946933 -0.32143 2.21437e-18
    outer loop
      vertex -34.4315 5.17638 2
      vertex -35.2724 7.65367 8
      vertex -35.2724 7.65367 2
    endloop
  endfacet
  facet normal -0.946933 -0.32143 2.21437e-18
    outer loop
      vertex -35.2724 7.65367 8
      vertex -34.4315 5.17638 2
      vertex -34.4315 5.17638 8
    endloop
  endfacet
  facet normal 0.659362 0.751826 -0
    outer loop
      vertex -65.9252 -15.8671 2
      vertex -67.8921 -14.1421 8
      vertex -65.9252 -15.8671 8
    endloop
  endfacet
  facet normal 0.659362 0.751826 0
    outer loop
      vertex -67.8921 -14.1421 8
      vertex -65.9252 -15.8671 2
      vertex -67.8921 -14.1421 2
    endloop
  endfacet
  facet normal -0.831474 0.555564 8.13442e-19
    outer loop
      vertex -37.8829 -12.1752 2
      vertex -36.4295 -10 8
      vertex -36.4295 -10 2
    endloop
  endfacet
  facet normal -0.831474 0.555564 8.13442e-19
    outer loop
      vertex -36.4295 -10 8
      vertex -37.8829 -12.1752 2
      vertex -37.8829 -12.1752 8
    endloop
  endfacet
  facet normal 0.831474 -0.555564 8.13442e-19
    outer loop
      vertex -71.0705 10 8
      vertex -69.6171 12.1752 2
      vertex -69.6171 12.1752 8
    endloop
  endfacet
  facet normal 0.831474 -0.555564 8.13442e-19
    outer loop
      vertex -69.6171 12.1752 2
      vertex -71.0705 10 8
      vertex -71.0705 10 2
    endloop
  endfacet
  facet normal -0.751826 0.659362 1.39782e-17
    outer loop
      vertex -39.6079 -14.1421 2
      vertex -37.8829 -12.1752 8
      vertex -37.8829 -12.1752 2
    endloop
  endfacet
  facet normal -0.751826 0.659362 1.39782e-17
    outer loop
      vertex -37.8829 -12.1752 8
      vertex -39.6079 -14.1421 2
      vertex -39.6079 -14.1421 8
    endloop
  endfacet
  facet normal -0.442299 0.896868 0
    outer loop
      vertex -43.75 -17.3205 2
      vertex -46.0963 -18.4776 8
      vertex -43.75 -17.3205 8
    endloop
  endfacet
  facet normal -0.442299 0.896868 0
    outer loop
      vertex -46.0963 -18.4776 8
      vertex -43.75 -17.3205 2
      vertex -46.0963 -18.4776 2
    endloop
  endfacet
  facet normal -0.321429 0.946934 0
    outer loop
      vertex -46.0963 -18.4776 2
      vertex -48.5736 -19.3185 8
      vertex -46.0963 -18.4776 8
    endloop
  endfacet
  facet normal -0.321429 0.946934 0
    outer loop
      vertex -48.5736 -19.3185 8
      vertex -46.0963 -18.4776 2
      vertex -48.5736 -19.3185 2
    endloop
  endfacet
  facet normal -0.980784 -0.195097 3.09246e-18
    outer loop
      vertex -33.9211 2.61052 2
      vertex -34.4315 5.17638 8
      vertex -34.4315 5.17638 2
    endloop
  endfacet
  facet normal -0.980784 -0.195097 3.09246e-18
    outer loop
      vertex -34.4315 5.17638 8
      vertex -33.9211 2.61052 2
      vertex -33.9211 2.61052 8
    endloop
  endfacet
  facet normal 0.195143 0.980775 -0
    outer loop
      vertex -56.3605 -19.8289 2
      vertex -56.6319 -19.7749 8
      vertex -56.3605 -19.8289 8
    endloop
  endfacet
  facet normal 0.195094 0.980784 -2.29598e-06
    outer loop
      vertex -58.9264 -19.3185 2
      vertex -56.6319 -19.7749 8
      vertex -56.3605 -19.8289 2
    endloop
  endfacet
  facet normal 0.195089 0.980786 6.10704e-18
    outer loop
      vertex -56.6319 -19.7749 8
      vertex -58.9264 -19.3185 2
      vertex -58.9264 -19.3185 8
    endloop
  endfacet
  facet normal -0.831474 -0.555564 -8.13442e-19
    outer loop
      vertex -36.4295 10 2
      vertex -37.8829 12.1752 8
      vertex -37.8829 12.1752 2
    endloop
  endfacet
  facet normal -0.831474 -0.555564 -8.13442e-19
    outer loop
      vertex -37.8829 12.1752 8
      vertex -36.4295 10 2
      vertex -36.4295 10 8
    endloop
  endfacet
  facet normal 0.555564 -0.831474 0
    outer loop
      vertex -65.9252 15.8671 2
      vertex -63.75 17.3205 8
      vertex -65.9252 15.8671 8
    endloop
  endfacet
  facet normal 0.555564 -0.831474 0
    outer loop
      vertex -63.75 17.3205 8
      vertex -65.9252 15.8671 2
      vertex -63.75 17.3205 2
    endloop
  endfacet
  facet normal -0.555564 -0.831474 0
    outer loop
      vertex -43.75 17.3205 2
      vertex -41.5748 15.8671 8
      vertex -43.75 17.3205 8
    endloop
  endfacet
  facet normal -0.555564 -0.831474 -0
    outer loop
      vertex -41.5748 15.8671 8
      vertex -43.75 17.3205 2
      vertex -41.5748 15.8671 2
    endloop
  endfacet
  facet normal -0.0654027 -0.997859 0
    outer loop
      vertex -53.75 20 2
      vertex -51.1395 19.8289 8
      vertex -53.75 20 8
    endloop
  endfacet
  facet normal -0.0654027 -0.997859 -0
    outer loop
      vertex -51.1395 19.8289 8
      vertex -53.75 20 2
      vertex -51.1395 19.8289 2
    endloop
  endfacet
  facet normal 0.751826 -0.659362 6.69939e-19
    outer loop
      vertex -69.6171 12.1752 8
      vertex -67.8921 14.1421 2
      vertex -67.8921 14.1421 8
    endloop
  endfacet
  facet normal 0.751826 -0.659362 6.69939e-19
    outer loop
      vertex -67.8921 14.1421 2
      vertex -69.6171 12.1752 8
      vertex -69.6171 12.1752 2
    endloop
  endfacet
  facet normal -0.997859 0.0654022 -1.71252e-19
    outer loop
      vertex -33.9211 -2.61052 2
      vertex -33.75 0 8
      vertex -33.75 0 2
    endloop
  endfacet
  facet normal -0.997859 0.0654022 -1.71252e-19
    outer loop
      vertex -33.75 0 8
      vertex -33.9211 -2.61052 2
      vertex -33.9211 -2.61052 8
    endloop
  endfacet
  facet normal -0.195094 -0.980784 0
    outer loop
      vertex -51.1395 19.8289 2
      vertex -48.5736 19.3185 8
      vertex -51.1395 19.8289 8
    endloop
  endfacet
  facet normal -0.195094 -0.980784 -0
    outer loop
      vertex -48.5736 19.3185 8
      vertex -51.1395 19.8289 2
      vertex -48.5736 19.3185 2
    endloop
  endfacet
  facet normal 0.751826 0.659362 -6.69939e-19
    outer loop
      vertex -67.8921 -14.1421 8
      vertex -69.6171 -12.1752 2
      vertex -69.6171 -12.1752 8
    endloop
  endfacet
  facet normal 0.751826 0.659362 -6.69939e-19
    outer loop
      vertex -69.6171 -12.1752 2
      vertex -67.8921 -14.1421 8
      vertex -67.8921 -14.1421 2
    endloop
  endfacet
  facet normal 0.831474 0.555564 -8.13442e-19
    outer loop
      vertex -69.6171 -12.1752 8
      vertex -71.0705 -10 2
      vertex -71.0705 -10 8
    endloop
  endfacet
  facet normal 0.831474 0.555564 -8.13442e-19
    outer loop
      vertex -71.0705 -10 2
      vertex -69.6171 -12.1752 8
      vertex -69.6171 -12.1752 2
    endloop
  endfacet
  facet normal -0.751826 -0.659362 -1.39782e-17
    outer loop
      vertex -37.8829 12.1752 2
      vertex -39.6079 14.1421 8
      vertex -39.6079 14.1421 2
    endloop
  endfacet
  facet normal -0.751826 -0.659362 -1.39782e-17
    outer loop
      vertex -39.6079 14.1421 8
      vertex -37.8829 12.1752 2
      vertex -37.8829 12.1752 8
    endloop
  endfacet
  facet normal -0.659362 -0.751826 0
    outer loop
      vertex -41.5748 15.8671 2
      vertex -39.6079 14.1421 8
      vertex -41.5748 15.8671 8
    endloop
  endfacet
  facet normal -0.659362 -0.751826 -0
    outer loop
      vertex -39.6079 14.1421 8
      vertex -41.5748 15.8671 2
      vertex -39.6079 14.1421 2
    endloop
  endfacet
  facet normal -0.89687 -0.442294 -8.08043e-18
    outer loop
      vertex -35.2724 7.65367 2
      vertex -36.4295 10 8
      vertex -36.4295 10 2
    endloop
  endfacet
  facet normal -0.89687 -0.442294 -8.08043e-18
    outer loop
      vertex -36.4295 10 8
      vertex -35.2724 7.65367 2
      vertex -35.2724 7.65367 8
    endloop
  endfacet
  facet normal 0.89687 -0.442294 8.08043e-18
    outer loop
      vertex -72.2276 7.65367 8
      vertex -71.0705 10 2
      vertex -71.0705 10 8
    endloop
  endfacet
  facet normal 0.89687 -0.442294 8.08043e-18
    outer loop
      vertex -71.0705 10 2
      vertex -72.2276 7.65367 8
      vertex -72.2276 7.65367 2
    endloop
  endfacet
  facet normal -0.555564 0.831474 0
    outer loop
      vertex -41.5748 -15.8671 2
      vertex -43.75 -17.3205 8
      vertex -41.5748 -15.8671 8
    endloop
  endfacet
  facet normal -0.555564 0.831474 0
    outer loop
      vertex -43.75 -17.3205 8
      vertex -41.5748 -15.8671 2
      vertex -43.75 -17.3205 2
    endloop
  endfacet
  facet normal -0.321429 -0.946934 0
    outer loop
      vertex -48.5736 19.3185 2
      vertex -46.0963 18.4776 8
      vertex -48.5736 19.3185 8
    endloop
  endfacet
  facet normal -0.321429 -0.946934 -0
    outer loop
      vertex -46.0963 18.4776 8
      vertex -48.5736 19.3185 2
      vertex -46.0963 18.4776 2
    endloop
  endfacet
  facet normal 0 0 1
    outer loop
      vertex -33.9211 2.61052 2
      vertex -33.9211 -2.61052 2
      vertex -33.75 0 2
    endloop
  endfacet
  facet normal 0 0 1
    outer loop
      vertex -34.4315 5.17638 2
      vertex -33.9211 -2.61052 2
      vertex -33.9211 2.61052 2
    endloop
  endfacet
  facet normal 0 0 1
    outer loop
      vertex -34.4315 5.17638 2
      vertex -34.4315 -5.17638 2
      vertex -33.9211 -2.61052 2
    endloop
  endfacet
  facet normal 0 0 1
    outer loop
      vertex -35.2724 7.65367 2
      vertex -34.4315 -5.17638 2
      vertex -34.4315 5.17638 2
    endloop
  endfacet
  facet normal 0 0 1
    outer loop
      vertex -35.2724 7.65367 2
      vertex -35.2724 -7.65367 2
      vertex -34.4315 -5.17638 2
    endloop
  endfacet
  facet normal 0 0 1
    outer loop
      vertex -36.4295 10 2
      vertex -35.2724 -7.65367 2
      vertex -35.2724 7.65367 2
    endloop
  endfacet
  facet normal 0 0 1
    outer loop
      vertex -36.4295 10 2
      vertex -36.4295 -10 2
      vertex -35.2724 -7.65367 2
    endloop
  endfacet
  facet normal 0 0 1
    outer loop
      vertex -37.8829 12.1752 2
      vertex -36.4295 -10 2
      vertex -36.4295 10 2
    endloop
  endfacet
  facet normal 0 0 1
    outer loop
      vertex -37.8829 12.1752 2
      vertex -37.8829 -12.1752 2
      vertex -36.4295 -10 2
    endloop
  endfacet
  facet normal 0 0 1
    outer loop
      vertex -39.6079 14.1421 2
      vertex -37.8829 -12.1752 2
      vertex -37.8829 12.1752 2
    endloop
  endfacet
  facet normal 0 0 1
    outer loop
      vertex -39.6079 14.1421 2
      vertex -39.6079 -14.1421 2
      vertex -37.8829 -12.1752 2
    endloop
  endfacet
  facet normal 0 0 1
    outer loop
      vertex -41.5748 15.8671 2
      vertex -39.6079 -14.1421 2
      vertex -39.6079 14.1421 2
    endloop
  endfacet
  facet normal 0 0 1
    outer loop
      vertex -41.5748 15.8671 2
      vertex -41.5748 -15.8671 2
      vertex -39.6079 -14.1421 2
    endloop
  endfacet
  facet normal 0 0 1
    outer loop
      vertex -43.75 17.3205 2
      vertex -41.5748 -15.8671 2
      vertex -41.5748 15.8671 2
    endloop
  endfacet
  facet normal 0 0 1
    outer loop
      vertex -43.75 17.3205 2
      vertex -43.75 -17.3205 2
      vertex -41.5748 -15.8671 2
    endloop
  endfacet
  facet normal 0 0 1
    outer loop
      vertex -46.0963 18.4776 2
      vertex -43.75 -17.3205 2
      vertex -43.75 17.3205 2
    endloop
  endfacet
  facet normal 0 0 1
    outer loop
      vertex -46.0963 18.4776 2
      vertex -46.0963 -18.4776 2
      vertex -43.75 -17.3205 2
    endloop
  endfacet
  facet normal 0 0 1
    outer loop
      vertex -48.5736 19.3185 2
      vertex -46.0963 -18.4776 2
      vertex -46.0963 18.4776 2
    endloop
  endfacet
  facet normal 0 0 1
    outer loop
      vertex -48.5736 19.3185 2
      vertex -48.5736 -19.3185 2
      vertex -46.0963 -18.4776 2
    endloop
  endfacet
  facet normal 0 0 1
    outer loop
      vertex -51.1395 19.8289 2
      vertex -48.5736 -19.3185 2
      vertex -48.5736 19.3185 2
    endloop
  endfacet
  facet normal 0 0 1
    outer loop
      vertex -51.1395 19.8289 2
      vertex -51.1395 -19.8289 2
      vertex -48.5736 -19.3185 2
    endloop
  endfacet
  facet normal 0 0 1
    outer loop
      vertex -53.75 20 2
      vertex -51.1395 -19.8289 2
      vertex -51.1395 19.8289 2
    endloop
  endfacet
  facet normal 0 0 1
    outer loop
      vertex -53.75 20 2
      vertex -53.75 -20 2
      vertex -51.1395 -19.8289 2
    endloop
  endfacet
  facet normal -0 0 1
    outer loop
      vertex -56.3605 19.8289 2
      vertex -53.75 -20 2
      vertex -53.75 20 2
    endloop
  endfacet
  facet normal 0 0 1
    outer loop
      vertex -56.3605 19.8289 2
      vertex -56.3605 -19.8289 2
      vertex -53.75 -20 2
    endloop
  endfacet
  facet normal -0 0 1
    outer loop
      vertex -58.9264 19.3185 2
      vertex -56.3605 -19.8289 2
      vertex -56.3605 19.8289 2
    endloop
  endfacet
  facet normal 0 0 1
    outer loop
      vertex -58.9264 19.3185 2
      vertex -58.9264 -19.3185 2
      vertex -56.3605 -19.8289 2
    endloop
  endfacet
  facet normal -0 0 1
    outer loop
      vertex -61.4037 18.4776 2
      vertex -58.9264 -19.3185 2
      vertex -58.9264 19.3185 2
    endloop
  endfacet
  facet normal 0 0 1
    outer loop
      vertex -61.4037 18.4776 2
      vertex -61.4037 -18.4776 2
      vertex -58.9264 -19.3185 2
    endloop
  endfacet
  facet normal -0 0 1
    outer loop
      vertex -63.75 17.3205 2
      vertex -61.4037 -18.4776 2
      vertex -61.4037 18.4776 2
    endloop
  endfacet
  facet normal 0 0 1
    outer loop
      vertex -63.75 17.3205 2
      vertex -63.75 -17.3205 2
      vertex -61.4037 -18.4776 2
    endloop
  endfacet
  facet normal -0 0 1
    outer loop
      vertex -65.9252 15.8671 2
      vertex -63.75 -17.3205 2
      vertex -63.75 17.3205 2
    endloop
  endfacet
  facet normal 0 0 1
    outer loop
      vertex -65.9252 15.8671 2
      vertex -65.9252 -15.8671 2
      vertex -63.75 -17.3205 2
    endloop
  endfacet
  facet normal -0 0 1
    outer loop
      vertex -67.8921 14.1421 2
      vertex -65.9252 -15.8671 2
      vertex -65.9252 15.8671 2
    endloop
  endfacet
  facet normal 0 0 1
    outer loop
      vertex -67.8921 14.1421 2
      vertex -67.8921 -14.1421 2
      vertex -65.9252 -15.8671 2
    endloop
  endfacet
  facet normal -0 0 1
    outer loop
      vertex -69.6171 12.1752 2
      vertex -67.8921 -14.1421 2
      vertex -67.8921 14.1421 2
    endloop
  endfacet
  facet normal 0 0 1
    outer loop
      vertex -69.6171 12.1752 2
      vertex -69.6171 -12.1752 2
      vertex -67.8921 -14.1421 2
    endloop
  endfacet
  facet normal -0 0 1
    outer loop
      vertex -71.0705 10 2
      vertex -69.6171 -12.1752 2
      vertex -69.6171 12.1752 2
    endloop
  endfacet
  facet normal 0 0 1
    outer loop
      vertex -71.0705 10 2
      vertex -71.0705 -10 2
      vertex -69.6171 -12.1752 2
    endloop
  endfacet
  facet normal -0 0 1
    outer loop
      vertex -72.2276 7.65367 2
      vertex -71.0705 -10 2
      vertex -71.0705 10 2
    endloop
  endfacet
  facet normal 0 0 1
    outer loop
      vertex -72.2276 7.65367 2
      vertex -72.2276 -7.65367 2
      vertex -71.0705 -10 2
    endloop
  endfacet
  facet normal -0 0 1
    outer loop
      vertex -73.0685 5.17638 2
      vertex -72.2276 -7.65367 2
      vertex -72.2276 7.65367 2
    endloop
  endfacet
  facet normal 0 0 1
    outer loop
      vertex -73.0685 5.17638 2
      vertex -73.0685 -5.17638 2
      vertex -72.2276 -7.65367 2
    endloop
  endfacet
  facet normal -0 0 1
    outer loop
      vertex -73.5789 2.61052 2
      vertex -73.0685 -5.17638 2
      vertex -73.0685 5.17638 2
    endloop
  endfacet
  facet normal 0 0 1
    outer loop
      vertex -73.5789 2.61052 2
      vertex -73.5789 -2.61052 2
      vertex -73.0685 -5.17638 2
    endloop
  endfacet
  facet normal 0 -0 1
    outer loop
      vertex -73.5789 -2.61052 2
      vertex -73.5789 2.61052 2
      vertex -73.75 0 2
    endloop
  endfacet
  facet normal 0.946934 0.321429 -8.55771e-18
    outer loop
      vertex -18.4776 -61.4037 8
      vertex -19.3185 -58.9264 2
      vertex -19.3185 -58.9264 8
    endloop
  endfacet
  facet normal 0.946934 0.321429 -8.55771e-18
    outer loop
      vertex -19.3185 -58.9264 2
      vertex -18.4776 -61.4037 8
      vertex -18.4776 -61.4037 2
    endloop
  endfacet
  facet normal -0.32143 0.946933 0
    outer loop
      vertex 7.65367 -72.2276 2
      vertex 5.17638 -73.0685 8
      vertex 7.65367 -72.2276 8
    endloop
  endfacet
  facet normal -0.32143 0.946933 0
    outer loop
      vertex 5.17638 -73.0685 8
      vertex 7.65367 -72.2276 2
      vertex 5.17638 -73.0685 2
    endloop
  endfacet
  facet normal 0.751826 -0.659362 8.31992e-18
    outer loop
      vertex -15.8671 -41.5748 8
      vertex -14.1421 -39.6079 2
      vertex -14.1421 -39.6079 8
    endloop
  endfacet
  facet normal 0.751826 -0.659362 8.31992e-18
    outer loop
      vertex -14.1421 -39.6079 2
      vertex -15.8671 -41.5748 8
      vertex -15.8671 -41.5748 2
    endloop
  endfacet
  facet normal -0.442294 -0.89687 0
    outer loop
      vertex 7.65367 -35.2724 2
      vertex 10 -36.4295 8
      vertex 7.65367 -35.2724 8
    endloop
  endfacet
  facet normal -0.442294 -0.89687 -0
    outer loop
      vertex 10 -36.4295 8
      vertex 7.65367 -35.2724 2
      vertex 10 -36.4295 2
    endloop
  endfacet
  facet normal -0.0654022 0.997859 0
    outer loop
      vertex 2.61052 -73.5789 2
      vertex 0 -73.75 8
      vertex 2.61052 -73.5789 8
    endloop
  endfacet
  facet normal -0.0654022 0.997859 0
    outer loop
      vertex 0 -73.75 8
      vertex 2.61052 -73.5789 2
      vertex 0 -73.75 2
    endloop
  endfacet
  facet normal 0.0654022 -0.997859 0
    outer loop
      vertex -2.61052 -33.9211 2
      vertex 0 -33.75 8
      vertex -2.61052 -33.9211 8
    endloop
  endfacet
  facet normal 0.0654022 -0.997859 0
    outer loop
      vertex 0 -33.75 8
      vertex -2.61052 -33.9211 2
      vertex 0 -33.75 2
    endloop
  endfacet
  facet normal -0.442294 0.89687 0
    outer loop
      vertex 10 -71.0705 2
      vertex 7.65367 -72.2276 8
      vertex 10 -71.0705 8
    endloop
  endfacet
  facet normal -0.442294 0.89687 0
    outer loop
      vertex 7.65367 -72.2276 8
      vertex 10 -71.0705 2
      vertex 7.65367 -72.2276 2
    endloop
  endfacet
  facet normal 0.896868 0.442299 -4.53874e-18
    outer loop
      vertex -17.3205 -63.75 8
      vertex -18.4776 -61.4037 2
      vertex -18.4776 -61.4037 8
    endloop
  endfacet
  facet normal 0.896868 0.442299 -4.53874e-18
    outer loop
      vertex -18.4776 -61.4037 2
      vertex -17.3205 -63.75 8
      vertex -17.3205 -63.75 2
    endloop
  endfacet
  facet normal 0.555564 0.831474 -0
    outer loop
      vertex -10 -71.0705 2
      vertex -12.1752 -69.6171 8
      vertex -10 -71.0705 8
    endloop
  endfacet
  facet normal 0.555564 0.831474 0
    outer loop
      vertex -12.1752 -69.6171 8
      vertex -10 -71.0705 2
      vertex -12.1752 -69.6171 2
    endloop
  endfacet
  facet normal -0.946934 0.321429 8.55771e-18
    outer loop
      vertex 18.4776 -61.4037 2
      vertex 19.3185 -58.9264 8
      vertex 19.3185 -58.9264 2
    endloop
  endfacet
  facet normal -0.946934 0.321429 8.55771e-18
    outer loop
      vertex 19.3185 -58.9264 8
      vertex 18.4776 -61.4037 2
      vertex 18.4776 -61.4037 8
    endloop
  endfacet
  facet normal 0.751826 0.659362 8.65489e-18
    outer loop
      vertex -14.1421 -67.8921 8
      vertex -15.8671 -65.9252 2
      vertex -15.8671 -65.9252 8
    endloop
  endfacet
  facet normal 0.751826 0.659362 8.65489e-18
    outer loop
      vertex -15.8671 -65.9252 2
      vertex -14.1421 -67.8921 8
      vertex -14.1421 -67.8921 2
    endloop
  endfacet
  facet normal -0.0654022 -0.997859 0
    outer loop
      vertex 0 -33.75 2
      vertex 2.61052 -33.9211 8
      vertex 0 -33.75 8
    endloop
  endfacet
  facet normal -0.0654022 -0.997859 -0
    outer loop
      vertex 2.61052 -33.9211 8
      vertex 0 -33.75 2
      vertex 2.61052 -33.9211 2
    endloop
  endfacet
  facet normal -0.831474 0.555564 7.19618e-18
    outer loop
      vertex 15.8671 -65.9252 2
      vertex 17.3205 -63.75 8
      vertex 17.3205 -63.75 2
    endloop
  endfacet
  facet normal -0.831474 0.555564 7.19618e-18
    outer loop
      vertex 17.3205 -63.75 8
      vertex 15.8671 -65.9252 2
      vertex 15.8671 -65.9252 8
    endloop
  endfacet
  facet normal -0.659362 -0.751826 0
    outer loop
      vertex 12.1752 -37.8829 2
      vertex 14.1421 -39.6079 8
      vertex 12.1752 -37.8829 8
    endloop
  endfacet
  facet normal -0.659362 -0.751826 -0
    outer loop
      vertex 14.1421 -39.6079 8
      vertex 12.1752 -37.8829 2
      vertex 14.1421 -39.6079 2
    endloop
  endfacet
  facet normal -0.997859 -0.0654027 1.75904e-18
    outer loop
      vertex 20 -53.75 2
      vertex 19.8289 -51.1395 8
      vertex 19.8289 -51.1395 2
    endloop
  endfacet
  facet normal -0.997859 -0.0654027 1.75904e-18
    outer loop
      vertex 19.8289 -51.1395 8
      vertex 20 -53.75 2
      vertex 20 -53.75 8
    endloop
  endfacet
  facet normal 0.946934 -0.321429 8.55771e-18
    outer loop
      vertex -19.3185 -48.5736 8
      vertex -18.4776 -46.0963 2
      vertex -18.4776 -46.0963 8
    endloop
  endfacet
  facet normal 0.946934 -0.321429 8.55771e-18
    outer loop
      vertex -18.4776 -46.0963 2
      vertex -19.3185 -48.5736 8
      vertex -19.3185 -48.5736 2
    endloop
  endfacet
  facet normal -0.896868 -0.442299 -4.53874e-18
    outer loop
      vertex 18.4776 -46.0963 2
      vertex 17.3205 -43.75 8
      vertex 17.3205 -43.75 2
    endloop
  endfacet
  facet normal -0.896868 -0.442299 -4.53874e-18
    outer loop
      vertex 17.3205 -43.75 8
      vertex 18.4776 -46.0963 2
      vertex 18.4776 -46.0963 8
    endloop
  endfacet
  facet normal 0.997859 -0.0654027 -1.75904e-18
    outer loop
      vertex -20 -53.75 8
      vertex -19.8289 -51.1395 2
      vertex -19.8289 -51.1395 8
    endloop
  endfacet
  facet normal 0.997859 -0.0654027 -1.75904e-18
    outer loop
      vertex -19.8289 -51.1395 2
      vertex -20 -53.75 8
      vertex -20 -53.75 2
    endloop
  endfacet
  facet normal -0.896868 0.442299 4.53874e-18
    outer loop
      vertex 17.3205 -63.75 2
      vertex 18.4776 -61.4037 8
      vertex 18.4776 -61.4037 2
    endloop
  endfacet
  facet normal -0.896868 0.442299 4.53874e-18
    outer loop
      vertex 18.4776 -61.4037 8
      vertex 17.3205 -63.75 2
      vertex 17.3205 -63.75 8
    endloop
  endfacet
  facet normal -0.555564 0.831474 0
    outer loop
      vertex 12.1752 -69.6171 2
      vertex 10 -71.0705 8
      vertex 12.1752 -69.6171 8
    endloop
  endfacet
  facet normal -0.555564 0.831474 0
    outer loop
      vertex 10 -71.0705 8
      vertex 12.1752 -69.6171 2
      vertex 10 -71.0705 2
    endloop
  endfacet
  facet normal 0.831474 0.555564 -7.19618e-18
    outer loop
      vertex -15.8671 -65.9252 8
      vertex -17.3205 -63.75 2
      vertex -17.3205 -63.75 8
    endloop
  endfacet
  facet normal 0.831474 0.555564 -7.19618e-18
    outer loop
      vertex -17.3205 -63.75 2
      vertex -15.8671 -65.9252 8
      vertex -15.8671 -65.9252 2
    endloop
  endfacet
  facet normal -0.32143 -0.946933 0
    outer loop
      vertex 5.17638 -34.4315 2
      vertex 7.65367 -35.2724 8
      vertex 5.17638 -34.4315 8
    endloop
  endfacet
  facet normal -0.32143 -0.946933 -0
    outer loop
      vertex 7.65367 -35.2724 8
      vertex 5.17638 -34.4315 2
      vertex 7.65367 -35.2724 2
    endloop
  endfacet
  facet normal 0.980775 0.195143 -1.88554e-19
    outer loop
      vertex -19.7749 -56.6319 8
      vertex -19.8289 -56.3605 2
      vertex -19.8289 -56.3605 8
    endloop
  endfacet
  facet normal 0.980786 0.195089 -0
    outer loop
      vertex -19.3185 -58.9264 2
      vertex -19.7749 -56.6319 8
      vertex -19.3185 -58.9264 8
    endloop
  endfacet
  facet normal 0.980784 0.195094 -2.29598e-06
    outer loop
      vertex -19.7749 -56.6319 8
      vertex -19.3185 -58.9264 2
      vertex -19.8289 -56.3605 2
    endloop
  endfacet
  facet normal 0.659362 0.751826 -0
    outer loop
      vertex -12.1752 -69.6171 2
      vertex -14.1421 -67.8921 8
      vertex -12.1752 -69.6171 8
    endloop
  endfacet
  facet normal 0.659362 0.751826 0
    outer loop
      vertex -14.1421 -67.8921 8
      vertex -12.1752 -69.6171 2
      vertex -14.1421 -67.8921 2
    endloop
  endfacet
  facet normal -0.997859 0.0654027 -1.75904e-18
    outer loop
      vertex 19.8289 -56.3605 2
      vertex 20 -53.75 8
      vertex 20 -53.75 2
    endloop
  endfacet
  facet normal -0.997859 0.0654027 -1.75904e-18
    outer loop
      vertex 20 -53.75 8
      vertex 19.8289 -56.3605 2
      vertex 19.8289 -56.3605 8
    endloop
  endfacet
  facet normal 0.0654022 0.997859 -0
    outer loop
      vertex 0 -73.75 2
      vertex -2.61052 -73.5789 8
      vertex 0 -73.75 8
    endloop
  endfacet
  facet normal 0.0654022 0.997859 0
    outer loop
      vertex -2.61052 -73.5789 8
      vertex 0 -73.75 2
      vertex -2.61052 -73.5789 2
    endloop
  endfacet
  facet normal 0.831474 -0.555564 -1.37614e-21
    outer loop
      vertex -17.3205 -43.75 8
      vertex -15.8671 -41.5748 2
      vertex -15.8671 -41.5748 8
    endloop
  endfacet
  facet normal 0.831474 -0.555564 -1.37614e-21
    outer loop
      vertex -15.8671 -41.5748 2
      vertex -17.3205 -43.75 8
      vertex -17.3205 -43.75 2
    endloop
  endfacet
  facet normal -0.751826 0.659362 -8.65489e-18
    outer loop
      vertex 14.1421 -67.8921 2
      vertex 15.8671 -65.9252 8
      vertex 15.8671 -65.9252 2
    endloop
  endfacet
  facet normal -0.751826 0.659362 -8.65489e-18
    outer loop
      vertex 15.8671 -65.9252 8
      vertex 14.1421 -67.8921 2
      vertex 14.1421 -67.8921 8
    endloop
  endfacet
  facet normal 0.659362 -0.751826 0
    outer loop
      vertex -14.1421 -39.6079 2
      vertex -12.1752 -37.8829 8
      vertex -14.1421 -39.6079 8
    endloop
  endfacet
  facet normal 0.659362 -0.751826 0
    outer loop
      vertex -12.1752 -37.8829 8
      vertex -14.1421 -39.6079 2
      vertex -12.1752 -37.8829 2
    endloop
  endfacet
  facet normal -0.555564 -0.831474 0
    outer loop
      vertex 10 -36.4295 2
      vertex 12.1752 -37.8829 8
      vertex 10 -36.4295 8
    endloop
  endfacet
  facet normal -0.555564 -0.831474 -0
    outer loop
      vertex 12.1752 -37.8829 8
      vertex 10 -36.4295 2
      vertex 12.1752 -37.8829 2
    endloop
  endfacet
  facet normal -0.195097 0.980784 0
    outer loop
      vertex 5.17638 -73.0685 2
      vertex 2.61052 -73.5789 8
      vertex 5.17638 -73.0685 8
    endloop
  endfacet
  facet normal -0.195097 0.980784 0
    outer loop
      vertex 2.61052 -73.5789 8
      vertex 5.17638 -73.0685 2
      vertex 2.61052 -73.5789 2
    endloop
  endfacet
  facet normal 0.980784 -0.195094 -2.94143e-18
    outer loop
      vertex -19.8289 -51.1395 8
      vertex -19.3185 -48.5736 2
      vertex -19.3185 -48.5736 8
    endloop
  endfacet
  facet normal 0.980784 -0.195094 -2.94143e-18
    outer loop
      vertex -19.3185 -48.5736 2
      vertex -19.8289 -51.1395 8
      vertex -19.8289 -51.1395 2
    endloop
  endfacet
  facet normal 0.195097 -0.980784 0
    outer loop
      vertex -5.17638 -34.4315 2
      vertex -2.61052 -33.9211 8
      vertex -5.17638 -34.4315 8
    endloop
  endfacet
  facet normal 0.195097 -0.980784 0
    outer loop
      vertex -2.61052 -33.9211 8
      vertex -5.17638 -34.4315 2
      vertex -2.61052 -33.9211 2
    endloop
  endfacet
  facet normal 0 0 1
    outer loop
      vertex 19.8289 -51.1395 2
      vertex 19.8289 -56.3605 2
      vertex 20 -53.75 2
    endloop
  endfacet
  facet normal 0 0 1
    outer loop
      vertex 19.3185 -48.5736 2
      vertex 19.8289 -56.3605 2
      vertex 19.8289 -51.1395 2
    endloop
  endfacet
  facet normal 0 0 1
    outer loop
      vertex 19.3185 -48.5736 2
      vertex 19.3185 -58.9264 2
      vertex 19.8289 -56.3605 2
    endloop
  endfacet
  facet normal 0 0 1
    outer loop
      vertex 18.4776 -46.0963 2
      vertex 19.3185 -58.9264 2
      vertex 19.3185 -48.5736 2
    endloop
  endfacet
  facet normal 0 0 1
    outer loop
      vertex 18.4776 -46.0963 2
      vertex 18.4776 -61.4037 2
      vertex 19.3185 -58.9264 2
    endloop
  endfacet
  facet normal 0 0 1
    outer loop
      vertex 17.3205 -43.75 2
      vertex 18.4776 -61.4037 2
      vertex 18.4776 -46.0963 2
    endloop
  endfacet
  facet normal 0 0 1
    outer loop
      vertex 17.3205 -43.75 2
      vertex 17.3205 -63.75 2
      vertex 18.4776 -61.4037 2
    endloop
  endfacet
  facet normal 0 0 1
    outer loop
      vertex 15.8671 -41.5748 2
      vertex 17.3205 -63.75 2
      vertex 17.3205 -43.75 2
    endloop
  endfacet
  facet normal 0 0 1
    outer loop
      vertex 15.8671 -41.5748 2
      vertex 15.8671 -65.9252 2
      vertex 17.3205 -63.75 2
    endloop
  endfacet
  facet normal 0 0 1
    outer loop
      vertex 14.1421 -39.6079 2
      vertex 15.8671 -65.9252 2
      vertex 15.8671 -41.5748 2
    endloop
  endfacet
  facet normal 0 0 1
    outer loop
      vertex 14.1421 -39.6079 2
      vertex 14.1421 -67.8921 2
      vertex 15.8671 -65.9252 2
    endloop
  endfacet
  facet normal 0 0 1
    outer loop
      vertex 12.1752 -37.8829 2
      vertex 14.1421 -67.8921 2
      vertex 14.1421 -39.6079 2
    endloop
  endfacet
  facet normal 0 0 1
    outer loop
      vertex 12.1752 -37.8829 2
      vertex 12.1752 -69.6171 2
      vertex 14.1421 -67.8921 2
    endloop
  endfacet
  facet normal 0 0 1
    outer loop
      vertex 10 -36.4295 2
      vertex 12.1752 -69.6171 2
      vertex 12.1752 -37.8829 2
    endloop
  endfacet
  facet normal 0 0 1
    outer loop
      vertex 10 -36.4295 2
      vertex 10 -71.0705 2
      vertex 12.1752 -69.6171 2
    endloop
  endfacet
  facet normal 0 0 1
    outer loop
      vertex 7.65367 -35.2724 2
      vertex 10 -71.0705 2
      vertex 10 -36.4295 2
    endloop
  endfacet
  facet normal 0 0 1
    outer loop
      vertex 7.65367 -35.2724 2
      vertex 7.65367 -72.2276 2
      vertex 10 -71.0705 2
    endloop
  endfacet
  facet normal 0 0 1
    outer loop
      vertex 5.17638 -34.4315 2
      vertex 7.65367 -72.2276 2
      vertex 7.65367 -35.2724 2
    endloop
  endfacet
  facet normal 0 0 1
    outer loop
      vertex 5.17638 -34.4315 2
      vertex 5.17638 -73.0685 2
      vertex 7.65367 -72.2276 2
    endloop
  endfacet
  facet normal 0 0 1
    outer loop
      vertex 2.61052 -33.9211 2
      vertex 5.17638 -73.0685 2
      vertex 5.17638 -34.4315 2
    endloop
  endfacet
  facet normal 0 0 1
    outer loop
      vertex 2.61052 -33.9211 2
      vertex 2.61052 -73.5789 2
      vertex 5.17638 -73.0685 2
    endloop
  endfacet
  facet normal 0 0 1
    outer loop
      vertex 0 -33.75 2
      vertex 2.61052 -73.5789 2
      vertex 2.61052 -33.9211 2
    endloop
  endfacet
  facet normal 0 0 1
    outer loop
      vertex 0 -33.75 2
      vertex 0 -73.75 2
      vertex 2.61052 -73.5789 2
    endloop
  endfacet
  facet normal -0 0 1
    outer loop
      vertex -2.61052 -33.9211 2
      vertex 0 -73.75 2
      vertex 0 -33.75 2
    endloop
  endfacet
  facet normal 0 0 1
    outer loop
      vertex -2.61052 -33.9211 2
      vertex -2.61052 -73.5789 2
      vertex 0 -73.75 2
    endloop
  endfacet
  facet normal -0 0 1
    outer loop
      vertex -5.17638 -34.4315 2
      vertex -2.61052 -73.5789 2
      vertex -2.61052 -33.9211 2
    endloop
  endfacet
  facet normal 0 0 1
    outer loop
      vertex -5.17638 -34.4315 2
      vertex -5.17638 -73.0685 2
      vertex -2.61052 -73.5789 2
    endloop
  endfacet
  facet normal -0 0 1
    outer loop
      vertex -7.65367 -35.2724 2
      vertex -5.17638 -73.0685 2
      vertex -5.17638 -34.4315 2
    endloop
  endfacet
  facet normal 0 0 1
    outer loop
      vertex -7.65367 -35.2724 2
      vertex -7.65367 -72.2276 2
      vertex -5.17638 -73.0685 2
    endloop
  endfacet
  facet normal -0 0 1
    outer loop
      vertex -10 -36.4295 2
      vertex -7.65367 -72.2276 2
      vertex -7.65367 -35.2724 2
    endloop
  endfacet
  facet normal 0 0 1
    outer loop
      vertex -10 -36.4295 2
      vertex -10 -71.0705 2
      vertex -7.65367 -72.2276 2
    endloop
  endfacet
  facet normal -0 0 1
    outer loop
      vertex -12.1752 -37.8829 2
      vertex -10 -71.0705 2
      vertex -10 -36.4295 2
    endloop
  endfacet
  facet normal 0 0 1
    outer loop
      vertex -12.1752 -37.8829 2
      vertex -12.1752 -69.6171 2
      vertex -10 -71.0705 2
    endloop
  endfacet
  facet normal -0 0 1
    outer loop
      vertex -14.1421 -39.6079 2
      vertex -12.1752 -69.6171 2
      vertex -12.1752 -37.8829 2
    endloop
  endfacet
  facet normal 0 0 1
    outer loop
      vertex -14.1421 -39.6079 2
      vertex -14.1421 -67.8921 2
      vertex -12.1752 -69.6171 2
    endloop
  endfacet
  facet normal -0 0 1
    outer loop
      vertex -15.8671 -41.5748 2
      vertex -14.1421 -67.8921 2
      vertex -14.1421 -39.6079 2
    endloop
  endfacet
  facet normal 0 0 1
    outer loop
      vertex -15.8671 -41.5748 2
      vertex -15.8671 -65.9252 2
      vertex -14.1421 -67.8921 2
    endloop
  endfacet
  facet normal -0 0 1
    outer loop
      vertex -17.3205 -43.75 2
      vertex -15.8671 -65.9252 2
      vertex -15.8671 -41.5748 2
    endloop
  endfacet
  facet normal 0 0 1
    outer loop
      vertex -17.3205 -43.75 2
      vertex -17.3205 -63.75 2
      vertex -15.8671 -65.9252 2
    endloop
  endfacet
  facet normal -0 0 1
    outer loop
      vertex -18.4776 -46.0963 2
      vertex -17.3205 -63.75 2
      vertex -17.3205 -43.75 2
    endloop
  endfacet
  facet normal 0 0 1
    outer loop
      vertex -18.4776 -46.0963 2
      vertex -18.4776 -61.4037 2
      vertex -17.3205 -63.75 2
    endloop
  endfacet
  facet normal -0 0 1
    outer loop
      vertex -19.3185 -48.5736 2
      vertex -18.4776 -61.4037 2
      vertex -18.4776 -46.0963 2
    endloop
  endfacet
  facet normal 0 0 1
    outer loop
      vertex -19.3185 -48.5736 2
      vertex -19.3185 -58.9264 2
      vertex -18.4776 -61.4037 2
    endloop
  endfacet
  facet normal -0 0 1
    outer loop
      vertex -19.8289 -51.1395 2
      vertex -19.3185 -58.9264 2
      vertex -19.3185 -48.5736 2
    endloop
  endfacet
  facet normal 0 0 1
    outer loop
      vertex -19.8289 -51.1395 2
      vertex -19.8289 -56.3605 2
      vertex -19.3185 -58.9264 2
    endloop
  endfacet
  facet normal 0 -0 1
    outer loop
      vertex -19.8289 -56.3605 2
      vertex -19.8289 -51.1395 2
      vertex -20 -53.75 2
    endloop
  endfacet
  facet normal 0.997859 0.0654027 1.75904e-18
    outer loop
      vertex -19.8289 -56.3605 8
      vertex -20 -53.75 2
      vertex -20 -53.75 8
    endloop
  endfacet
  facet normal 0.997859 0.0654027 1.75904e-18
    outer loop
      vertex -20 -53.75 2
      vertex -19.8289 -56.3605 8
      vertex -19.8289 -56.3605 2
    endloop
  endfacet
  facet normal -0.946934 -0.321429 -8.55771e-18
    outer loop
      vertex 19.3185 -48.5736 2
      vertex 18.4776 -46.0963 8
      vertex 18.4776 -46.0963 2
    endloop
  endfacet
  facet normal -0.946934 -0.321429 -8.55771e-18
    outer loop
      vertex 18.4776 -46.0963 8
      vertex 19.3185 -48.5736 2
      vertex 19.3185 -48.5736 8
    endloop
  endfacet
  facet normal -0.831474 -0.555564 1.37614e-21
    outer loop
      vertex 17.3205 -43.75 2
      vertex 15.8671 -41.5748 8
      vertex 15.8671 -41.5748 2
    endloop
  endfacet
  facet normal -0.831474 -0.555564 1.37614e-21
    outer loop
      vertex 15.8671 -41.5748 8
      vertex 17.3205 -43.75 2
      vertex 17.3205 -43.75 8
    endloop
  endfacet
  facet normal 0.195097 0.980784 -0
    outer loop
      vertex -2.61052 -73.5789 2
      vertex -5.17638 -73.0685 8
      vertex -2.61052 -73.5789 8
    endloop
  endfacet
  facet normal 0.195097 0.980784 0
    outer loop
      vertex -5.17638 -73.0685 8
      vertex -2.61052 -73.5789 2
      vertex -5.17638 -73.0685 2
    endloop
  endfacet
  facet normal 0.442294 -0.89687 0
    outer loop
      vertex -10 -36.4295 2
      vertex -7.65367 -35.2724 8
      vertex -10 -36.4295 8
    endloop
  endfacet
  facet normal 0.442294 -0.89687 0
    outer loop
      vertex -7.65367 -35.2724 8
      vertex -10 -36.4295 2
      vertex -7.65367 -35.2724 2
    endloop
  endfacet
  facet normal 0.442294 0.89687 -0
    outer loop
      vertex -7.65367 -72.2276 2
      vertex -10 -71.0705 8
      vertex -7.65367 -72.2276 8
    endloop
  endfacet
  facet normal 0.442294 0.89687 0
    outer loop
      vertex -10 -71.0705 8
      vertex -7.65367 -72.2276 2
      vertex -10 -71.0705 2
    endloop
  endfacet
  facet normal 0.32143 -0.946933 0
    outer loop
      vertex -7.65367 -35.2724 2
      vertex -5.17638 -34.4315 8
      vertex -7.65367 -35.2724 8
    endloop
  endfacet
  facet normal 0.32143 -0.946933 0
    outer loop
      vertex -5.17638 -34.4315 8
      vertex -7.65367 -35.2724 2
      vertex -5.17638 -34.4315 2
    endloop
  endfacet
  facet normal 0.32143 0.946933 -0
    outer loop
      vertex -5.17638 -73.0685 2
      vertex -7.65367 -72.2276 8
      vertex -5.17638 -73.0685 8
    endloop
  endfacet
  facet normal 0.32143 0.946933 0
    outer loop
      vertex -7.65367 -72.2276 8
      vertex -5.17638 -73.0685 2
      vertex -7.65367 -72.2276 2
    endloop
  endfacet
  facet normal -0.659362 0.751826 0
    outer loop
      vertex 14.1421 -67.8921 2
      vertex 12.1752 -69.6171 8
      vertex 14.1421 -67.8921 8
    endloop
  endfacet
  facet normal -0.659362 0.751826 0
    outer loop
      vertex 12.1752 -69.6171 8
      vertex 14.1421 -67.8921 2
      vertex 12.1752 -69.6171 2
    endloop
  endfacet
  facet normal 0.896868 -0.442299 4.53874e-18
    outer loop
      vertex -18.4776 -46.0963 8
      vertex -17.3205 -43.75 2
      vertex -17.3205 -43.75 8
    endloop
  endfacet
  facet normal 0.896868 -0.442299 4.53874e-18
    outer loop
      vertex -17.3205 -43.75 2
      vertex -18.4776 -46.0963 8
      vertex -18.4776 -46.0963 2
    endloop
  endfacet
  facet normal -0.980784 -0.195094 2.94143e-18
    outer loop
      vertex 19.8289 -51.1395 2
      vertex 19.3185 -48.5736 8
      vertex 19.3185 -48.5736 2
    endloop
  endfacet
  facet normal -0.980784 -0.195094 2.94143e-18
    outer loop
      vertex 19.3185 -48.5736 8
      vertex 19.8289 -51.1395 2
      vertex 19.8289 -51.1395 8
    endloop
  endfacet
  facet normal -0.195097 -0.980784 0
    outer loop
      vertex 2.61052 -33.9211 2
      vertex 5.17638 -34.4315 8
      vertex 2.61052 -33.9211 8
    endloop
  endfacet
  facet normal -0.195097 -0.980784 -0
    outer loop
      vertex 5.17638 -34.4315 8
      vertex 2.61052 -33.9211 2
      vertex 5.17638 -34.4315 2
    endloop
  endfacet
  facet normal -0.751826 -0.659362 -8.31992e-18
    outer loop
      vertex 15.8671 -41.5748 2
      vertex 14.1421 -39.6079 8
      vertex 14.1421 -39.6079 2
    endloop
  endfacet
  facet normal -0.751826 -0.659362 -8.31992e-18
    outer loop
      vertex 14.1421 -39.6079 8
      vertex 15.8671 -41.5748 2
      vertex 15.8671 -41.5748 8
    endloop
  endfacet
  facet normal 0.555564 -0.831474 0
    outer loop
      vertex -12.1752 -37.8829 2
      vertex -10 -36.4295 8
      vertex -12.1752 -37.8829 8
    endloop
  endfacet
  facet normal 0.555564 -0.831474 0
    outer loop
      vertex -10 -36.4295 8
      vertex -12.1752 -37.8829 2
      vertex -10 -36.4295 2
    endloop
  endfacet
  facet normal -0.980775 0.195143 0
    outer loop
      vertex 19.8289 -56.3605 2
      vertex 19.7749 -56.6319 8
      vertex 19.8289 -56.3605 8
    endloop
  endfacet
  facet normal -0.980784 0.195094 -2.29598e-06
    outer loop
      vertex 19.3185 -58.9264 2
      vertex 19.7749 -56.6319 8
      vertex 19.8289 -56.3605 2
    endloop
  endfacet
  facet normal -0.980786 0.195089 -6.10704e-18
    outer loop
      vertex 19.7749 -56.6319 8
      vertex 19.3185 -58.9264 2
      vertex 19.3185 -58.9264 8
    endloop
  endfacet
endsolid OpenSCAD_Model
